case,condition,box_iou_H0,abs_delta_dice
100,H1,0.9767441860465116,0.0016308474387940475
1004,H1,0.9375,0.004973816154149047
1007,H1,0.9481429572529784,0.04651563004419057
1008,H1,0.96875,0.0012197227666570498
1011,H1,1.0,0.0
1015,H1,0.9545454545454546,0.0005896844394239764
1016,H1,0.979591836734694,0.002205327094477849
102,H1,1.0,0.0
1023,H1,0.9777777777777776,0.00046443492970260625
1027,H1,0.9767441860465116,0.007003207269535183
1029,H1,1.0,0.0
1031,H1,0.967741935483871,0.0035649701134343736
1035,H1,0.9487179487179488,0.1594676311674178
1037,H1,0.9565217391304348,0.0012561292151367365
1039,H1,1.0,0.0
1040,H1,0.8878048780487805,0.0067820398916573765
1041,H1,0.9527696793002915,0.0009486315160548431
1047,H1,0.9824561403508772,0.015082858851067082
1053,H1,0.9782608695652174,0.0005586494063433145
1054,H1,0.9076363636363636,0.0020950259393953674
1057,H1,0.918918918918919,0.24059292755445277
1060,H1,1.0,0.0
1061,H1,0.9655172413793104,0.006571730879369464
1069,H1,0.9836065573770492,0.002366143828510636
1072,H1,1.0,0.0
1073,H1,0.9767441860465116,0.0006276839367178599
1074,H1,1.0,0.0
1078,H1,1.0,0.0
108,H1,0.9208981001727116,0.017652840564582273
1084,H1,1.0,0.0
1085,H1,0.9772727272727272,0.14934735761971174
1089,H1,1.0,0.0
1092,H1,0.9560276679841896,0.00030216249339998225
1093,H1,0.8806306306306306,0.000650524724722823
1096,H1,0.8027681660899654,0.006309104518423814
1103,H1,0.9418702611625948,0.018035912500294904
1107,H1,0.9777777777777776,0.007655607118489116
1111,H1,1.0,0.0
1113,H1,0.9545454545454546,0.003952406835938449
1114,H1,1.0,0.0
1118,H1,0.9302325581395348,6.423679192957277e-05
1120,H1,0.9846153846153848,0.0001163567374559138
1123,H1,1.0,0.0
1124,H1,0.2784602784602785,0.0124142437112054
1125,H1,0.9655172413793104,0.006237568737568755
1126,H1,0.9527065527065528,0.007964917125530824
1130,H1,0.972972972972973,5.575910291777397e-05
1134,H1,0.9642857142857144,0.003710994990122507
1137,H1,0.9523809523809524,0.1968134327417589
1138,H1,0.9696969696969696,0.012093788273638717
114,H1,1.0,0.0
1140,H1,0.972972972972973,0.0061115480462970995
1144,H1,1.0,0.0
1146,H1,1.0,0.0
1148,H1,1.0,0.0
1149,H1,0.7899686520376176,0.121714019731744
1150,H1,0.9375,0.018158941173288645
1156,H1,0.868663594470046,0.09533280381737969
1160,H1,0.4601514605120808,0.12116561003958837
1163,H1,1.0,0.0
1165,H1,0.9510086455331412,0.001333244614183049
1169,H1,1.0,0.0
117,H1,1.0,0.0
1170,H1,1.0,0.0
1177,H1,0.975609756097561,0.0003826000793079043
1178,H1,0.967741935483871,0.07834415857061011
1179,H1,0.9555555555555556,0.0
1189,H1,1.0,0.0
1192,H1,0.9091400757166036,0.002945678399032259
121,H1,0.6602870813397129,0.0026480161987244566
1211,H1,1.0,0.0
122,H1,1.0,0.0
1223,H1,0.935483870967742,0.0005245015390707986
1225,H1,0.9310344827586208,0.07758012313532725
1239,H1,1.0,0.0
124,H1,0.9230769230769232,0.0016283589936977316
1241,H1,0.9787234042553192,0.006479627192000459
1243,H1,1.0,0.0
1246,H1,1.0,0.0
1247,H1,1.0,0.0
1248,H1,1.0,0.0
1249,H1,1.0,0.0
1250,H1,1.0,0.0
1251,H1,1.0,0.0
1252,H1,1.0,0.0
1253,H1,1.0,0.0
1254,H1,1.0,0.0
1267,H1,0.9555555555555556,0.0
1273,H1,1.0,0.0
1279,H1,1.0,0.0
128,H1,0.9818181818181818,0.009002674509204223
1280,H1,1.0,0.0
1281,H1,0.9777777777777776,0.0008607073137261168
1282,H1,0.9666666666666668,0.004683646823510412
1283,H1,1.0,0.0
1293,H1,0.9523809523809524,0.002008404974173761
13,H1,0.9074074074074074,0.0006902303610586413
1309,H1,0.9772727272727272,0.0003212173589931533
131,H1,1.0,0.0
1326,H1,1.0,0.0
1331,H1,0.9767441860465116,0.004296608965561333
1333,H1,0.96875,0.0010580154693600186
1334,H1,1.0,0.0
1341,H1,0.9565217391304348,0.0004965515514889773
1345,H1,0.9772727272727272,0.00047011275689556875
1346,H1,1.0,0.0
1353,H1,1.0,0.0
1355,H1,1.0,0.0
1361,H1,0.8583638583638583,0.006144851308057864
1364,H1,1.0,0.0
1365,H1,0.9518143961927424,9.116445265666684e-05
1367,H1,0.9722222222222222,0.0
1368,H1,1.0,0.0
1370,H1,1.0,0.0
1371,H1,1.0,0.0
1372,H1,1.0,0.0
1373,H1,1.0,0.0
1378,H1,1.0,0.0
138,H1,0.9310344827586208,0.007199298645434338
1380,H1,0.9772727272727272,0.006181171655654127
1381,H1,0.9777777777777776,0.011859841371032132
1384,H1,1.0,0.0
1387,H1,1.0,0.0
1388,H1,1.0,0.0
1397,H1,0.9458858413639734,0.022065271108542173
1398,H1,0.9772727272727272,0.001852098777579303
1399,H1,1.0,0.0
1401,H1,1.0,0.0
1402,H1,0.9490651192778852,0.0015563333313450833
1406,H1,1.0,0.0
1407,H1,0.939149560117302,0.0006663468201929534
1410,H1,0.2829537612146308,0.7229336437718277
1411,H1,1.0,0.0
1425,H1,0.9787234042553192,0.0002685951408170073
1426,H1,0.926829268292683,0.0
1435,H1,1.0,0.0
1436,H1,0.9803921568627452,9.649930461563816e-05
1437,H1,1.0,0.0
1442,H1,0.9433962264150944,0.023761219432197
1457,H1,0.9210526315789472,0.0035700800231267538
1458,H1,0.9182608695652174,0.028726541905853664
1459,H1,0.952921157118548,0.01542624414193261
1461,H1,0.987012987012987,0.0005503746476921423
1464,H1,0.9767441860465116,0.005256885388882915
1465,H1,0.876875,0.0014746063084916106
1466,H1,1.0,0.0
1472,H1,0.975609756097561,0.0014504699431030499
1477,H1,0.9534883720930232,0.0
1480,H1,0.8584169453734671,0.003183576377271624
1481,H1,0.9761904761904762,0.3195870752725116
1482,H1,1.0,0.0
1483,H1,1.0,0.0
1484,H1,0.9666666666666668,0.019631289425057763
1485,H1,1.0,0.0
1488,H1,0.8959349593495934,0.06223991468591927
1490,H1,0.8859357696566998,0.01405167209926117
1491,H1,0.9375,0.027119709759481914
1492,H1,0.9666666666666668,0.011493424823197318
1493,H1,0.9830508474576272,0.0023454065865375906
1495,H1,1.0,0.0
1496,H1,0.9666666666666668,0.011109994504871823
1497,H1,0.9827586206896552,0.0003018275035143736
1498,H1,1.0,0.0
150,H1,0.7032967032967034,0.3059174967542032
1509,H1,0.9636363636363636,0.0008823428938857791
1519,H1,0.96875,0.00023832376773558206
152,H1,0.9555555555555556,0.00039010790257720807
1529,H1,1.0,0.0
1533,H1,0.9003215434083601,0.007878053122692297
1534,H1,0.9772727272727272,0.0019912956484614552
1535,H1,0.9476584022038568,0.0045905713456904085
1536,H1,0.9487179487179488,0.0018514640736275734
1545,H1,0.5925925925925926,0.15084102884380035
1546,H1,0.9576957695769576,0.06462866707715864
1547,H1,0.9787234042553192,0.005675693345314148
1548,H1,1.0,0.0
1551,H1,0.9074074074074074,0.015078591198468216
1552,H1,0.9722222222222222,0.0017256905854449167
1555,H1,0.9836065573770492,0.000266205315886503
1559,H1,0.9772727272727272,0.010342101241006207
156,H1,0.9514637904468412,0.0001853584167101907
1560,H1,0.9411764705882352,0.0009777596170685854
1563,H1,1.0,0.0
1564,H1,0.9714285714285714,0.028690162762413207
1574,H1,1.0,0.0
1575,H1,1.0,0.0
1577,H1,1.0,0.0
1579,H1,1.0,0.0
1583,H1,1.0,0.0
1585,H1,0.953062392673154,0.002360764413844252
1587,H1,0.9215425531914894,0.0015076067986411479
1588,H1,0.7205882352941176,9.391091747046332e-05
1590,H1,0.9195402298850576,0.02070454136648081
1591,H1,0.9767441860465116,0.0007919995205191155
1596,H1,1.0,0.0
16,H1,1.0,0.0
1600,H1,1.0,0.0
1601,H1,0.9615384615384616,0.007188686590734794
1619,H1,0.9772727272727272,0.0003604591486808806
1628,H1,1.0,0.0
1629,H1,0.3871817383669886,0.19651678219430047
1630,H1,0.9772727272727272,0.0006981454780647933
1644,H1,0.9761904761904762,0.0005377688540787462
1645,H1,1.0,0.0
1646,H1,0.8731182795698925,0.0678656468444464
1647,H1,1.0,0.0
1648,H1,0.9236918604651164,0.0003953651531856117
1656,H1,1.0,0.0
1657,H1,1.0,0.0
1665,H1,0.96875,0.01588618485742377
1666,H1,1.0,0.0
167,H1,0.9827586206896552,9.029674276184174e-06
1678,H1,1.0,0.0
1684,H1,1.0,0.0
1685,H1,0.4851727982162764,0.21872368869264536
1686,H1,1.0,0.0
1689,H1,0.9550561797752808,0.0
169,H1,0.95,0.00019326295389199277
1696,H1,0.9696969696969696,0.0004178326312102021
1706,H1,1.0,0.0
1715,H1,0.9666666666666668,0.0020274645041234995
1716,H1,1.0,0.0
1718,H1,1.0,0.0
1727,H1,0.953125,0.0012328673106216659
1728,H1,0.9314151890264304,0.03470277817395673
1729,H1,0.928212162780064,0.029001993571570073
1730,H1,0.9824561403508772,7.357608000146953e-05
1734,H1,0.876358695652174,0.003041568055307975
1735,H1,0.9782608695652174,0.00011274660945137516
1736,H1,0.9743589743589745,0.005945026140670606
174,H1,0.9821428571428572,9.732587607280685e-05
1740,H1,0.9655172413793104,0.0002076225456666414
1744,H1,0.9117647058823528,0.023529599353693476
1746,H1,0.8918918918918919,0.0212751417963144
1752,H1,1.0,0.0
1769,H1,1.0,0.0
1771,H1,1.0,0.0
1773,H1,1.0,0.0
1774,H1,0.9736842105263158,0.006059474506076468
1776,H1,0.9672131147540984,1.7218803677000651e-06
1789,H1,1.0,0.0
1796,H1,0.9629629629629628,0.0005614823133071045
1798,H1,0.8552995391705069,0.004193059215525596
1807,H1,0.9555555555555556,0.013376503766925452
1816,H1,1.0,0.0
1824,H1,0.9772727272727272,8.764775529845892e-05
1825,H1,1.0,0.0
1826,H1,0.9791666666666666,0.0005920266323118373
1827,H1,0.6122685185185185,0.08073677723343664
1829,H1,0.9767441860465116,0.00011326598543415223
183,H1,0.9166666666666666,0.0013168926559458116
1834,H1,0.926829268292683,0.00018029182770418206
1835,H1,1.0,0.0
1843,H1,1.0,0.0
1847,H1,0.7840290381125227,0.026606931929377575
1852,H1,1.0,0.0
1853,H1,0.8627946127946128,0.0
1858,H1,0.9204665959703076,0.03758308799325005
1863,H1,0.9387755102040816,0.0174774642935408
1869,H1,1.0,0.0
1879,H1,1.0,0.0
1880,H1,0.9655172413793104,0.0007810632229584558
1882,H1,1.0,0.0
1886,H1,1.0,0.0
1890,H1,0.8264637497357853,0.042470862488777905
1894,H1,0.775,0.472889329041842
1900,H1,0.954004329004329,0.025666571315707043
1901,H1,1.0,0.0
1902,H1,0.9772727272727272,0.000963576569993907
1910,H1,1.0,0.0
1911,H1,1.0,0.0
1917,H1,0.9555555555555556,0.0005711038027890192
1933,H1,0.8339964633068081,0.23687026282439017
1941,H1,1.0,0.0
1949,H1,0.9682539682539684,0.013097836271680818
1950,H1,1.0,0.0
1951,H1,1.0,0.0
1955,H1,1.0,0.0
1957,H1,1.0,0.0
1978,H1,0.984375,0.0019591106103376
198,H1,0.9444444444444444,0.00034666417463236066
1981,H1,1.0,0.0
1984,H1,1.0,0.0
1986,H1,1.0,0.0
1988,H1,1.0,0.0
2002,H1,1.0,0.0
2003,H1,0.9606237816764132,0.015941459224387833
2006,H1,0.9619883040935672,0.007961201708169385
2007,H1,1.0,0.0
2008,H1,1.0,0.0
2009,H1,1.0,0.0
2014,H1,0.9337474120082816,0.006843257955129078
2026,H1,1.0,0.0
2029,H1,1.0,0.0
2031,H1,0.91005291005291,0.015052151516904755
2039,H1,0.9803921568627452,2.078830709484336e-05
2055,H1,1.0,0.0
2062,H1,1.0,0.0
2064,H1,0.96875,0.0009192430374649341
2065,H1,1.0,0.0
2066,H1,0.95,0.0016538940946251302
2075,H1,0.8043478260869565,0.017070772581634808
2076,H1,0.3444022770398482,0.4476074140952785
2082,H1,0.9777777777777776,0.02211137589389356
2108,H1,0.9821428571428572,0.002652026647644523
211,H1,0.9672131147540984,0.047304409532790026
2110,H1,0.975609756097561,0.0004176423279218522
2118,H1,1.0,0.0
2127,H1,0.9743589743589745,0.007133643174398879
2136,H1,0.9782608695652174,0.003948623059221001
2137,H1,1.0,0.0
2148,H1,0.9655172413793104,0.0002596457458353685
217,H1,0.9838709677419356,0.0012731762253379575
2170,H1,1.0,0.0
2176,H1,1.0,0.0
2178,H1,0.9375,0.0005980529817506408
2182,H1,1.0,0.0
2188,H1,0.9777777777777776,9.138597060676101e-05
2208,H1,0.9733333333333334,0.015733643096746963
2211,H1,0.9787234042553192,0.025576005963363846
2213,H1,0.8853809196980096,0.0008878084764890003
2214,H1,1.0,0.0
2221,H1,0.9705882352941176,0.0010339415308017186
2226,H1,0.9761904761904762,6.52298902060755e-05
2227,H1,0.9545454545454546,0.003722915603549204
223,H1,0.9188220230473751,7.10124092829778e-05
2237,H1,0.9696969696969696,0.0170970359410052
2241,H1,0.9406575781876504,0.01140058024354651
2244,H1,0.9088669950738916,0.05470087579893412
2245,H1,0.9344444444444444,0.04954736891426004
2246,H1,1.0,0.0
2248,H1,0.9307862679955704,0.001359213973058604
2259,H1,0.9289902280130292,0.00039523320557166564
2272,H1,0.9814814814814816,0.00845466966614683
2277,H1,0.9782608695652174,0.001415173958214333
2278,H1,1.0,0.0
228,H1,0.9464285714285714,0.00043985860817952194
2293,H1,0.9245283018867924,0.019930096669263597
2326,H1,0.8630952380952381,0.07281015982178418
233,H1,1.0,0.0
234,H1,0.9390243902439024,0.0026845975707140424
2344,H1,0.9875,0.0001332104220377328
2353,H1,0.9772727272727272,0.0030427210369244895
2364,H1,0.975,0.0007813485370290474
238,H1,0.9782608695652174,0.013461043181790311
2384,H1,1.0,0.0
2386,H1,1.0,0.0
2388,H1,0.9475319295823266,0.03762629805997075
2389,H1,0.9538291401714128,0.00013291684858274255
2392,H1,1.0,0.0
2395,H1,0.915032679738562,0.023334780656888543
2399,H1,0.9098039215686274,0.04348087748296514
2400,H1,0.9373275522270398,0.012183195180780704
2401,H1,0.9343715239154616,0.057571015342958776
2406,H1,0.9787234042553192,0.0003121411669302354
2423,H1,1.0,0.0
2424,H1,0.9591836734693876,0.011781101014811002
2430,H1,0.9140096618357488,0.004397061675623037
2442,H1,0.9531772575250836,0.0031494567781515936
2459,H1,0.9848484848484848,0.0024171722198387258
246,H1,1.0,0.0
2472,H1,0.975609756097561,0.0004914359869953033
2474,H1,0.9543230016313212,0.0014873168734972353
2486,H1,0.9328042328042327,0.009981519486995993
2489,H1,0.5971826527382083,0.0796827707883524
25,H1,0.9791666666666666,0.0008831640281518061
2503,H1,0.975,0.03596358381436082
2504,H1,0.9072426937738246,0.055245389552844304
2511,H1,0.8637037037037038,0.12692955276364448
2520,H1,0.9382716049382716,0.005072497484519434
2522,H1,0.9777777777777776,3.443332325481219e-05
2523,H1,1.0,0.0
2532,H1,0.816,0.0560342886800268
2533,H1,0.9395050412465628,0.00789714000531938
2537,H1,0.9244314013206164,0.02504464812706353
2542,H1,0.9610983981693364,3.392324063355989e-05
2545,H1,0.9444444444444444,0.0007343112659212725
2555,H1,0.9607843137254902,0.0
2556,H1,0.9552845528455284,0.004587463134396841
2557,H1,0.9579606440071556,0.001193532559930599
256,H1,0.9473684210526316,3.052734389241696e-05
2565,H1,0.9761904761904762,0.0031917603147585405
2575,H1,1.0,0.0
2577,H1,0.9772727272727272,0.001220015271647612
2581,H1,0.9510086455331412,0.027162688171505578
2582,H1,0.98,0.007426803652315628
2589,H1,0.9767441860465116,0.0974328443169245
2590,H1,1.0,0.0
2591,H1,0.9629629629629628,0.04951877240298608
2592,H1,1.0,0.0
2593,H1,0.9544468546637744,0.0027577430614091902
2594,H1,1.0,0.0
2602,H1,1.0,0.0
2605,H1,0.9,0.007666430535909319
2608,H1,1.0,0.0
2609,H1,0.9642857142857144,0.00728330008497069
262,H1,1.0,0.0
2623,H1,1.0,0.0
263,H1,0.8908432488360062,0.0018204930589887924
2656,H1,0.9583333333333334,0.008562401400650343
2660,H1,1.0,0.0
2680,H1,1.0,0.0
2685,H1,0.96875,0.0
2701,H1,0.9491525423728814,0.0003155183251235538
2703,H1,0.9217054263565893,0.019287685628085582
2705,H1,0.9544008483563096,0.010528739897112449
2706,H1,0.9782608695652174,0.0021871744244951197
2716,H1,0.9071911493546404,0.03872825204457164
2720,H1,0.7261904761904762,0.01967123356919731
2721,H1,0.95,0.003569756659630996
2723,H1,1.0,0.0
2740,H1,1.0,0.0
2752,H1,0.9344444444444444,0.04550311598241774
2754,H1,1.0,0.0
2766,H1,0.9777777777777776,0.009768004559273846
2768,H1,0.9261802575107296,0.0025011252549971275
2771,H1,1.0,0.0
2781,H1,0.9550387596899224,0.01891074945335325
2782,H1,0.9772727272727272,0.0003238519748089974
2784,H1,0.9519230769230768,0.2244215221633677
2787,H1,0.9807692307692308,0.009258251932282802
2794,H1,1.0,0.0
28,H1,1.0,0.0
2801,H1,1.0,0.0
2807,H1,0.9531163816878102,0.0006607704734381548
2810,H1,1.0,0.0
2816,H1,0.8258928571428571,0.0
2825,H1,0.9666666666666668,0.0
2827,H1,1.0,0.0
2835,H1,1.0,0.0
284,H1,1.0,0.0
2846,H1,0.96875,0.0009640077389178048
2866,H1,0.9121367521367522,0.0060335114426141034
2871,H1,0.9777777777777776,0.001285184967904418
2875,H1,1.0,0.0
2877,H1,1.0,0.0
2878,H1,0.936613055818354,8.156149748339558e-05
2882,H1,0.7989130434782609,0.11000809129209554
2883,H1,0.979591836734694,0.0007014873769154439
2884,H1,0.907258064516129,0.0031163844680449637
2885,H1,0.9204545454545454,0.07512040497899442
2886,H1,0.9836065573770492,0.006245034643513003
2891,H1,0.9696969696969696,0.00011617067706315432
2895,H1,1.0,0.0
2897,H1,0.9384404924760602,0.00019088997676119934
2898,H1,0.9565217391304348,0.0007139145052579288
2910,H1,0.9672131147540984,0.0
2912,H1,0.9833333333333332,5.078377815825874e-05
2916,H1,1.0,0.0
2920,H1,0.961552818215752,0.03408833723850602
2924,H1,0.91581868640148,0.029165001428364867
2927,H1,0.9736842105263158,0.00129160072880119
2933,H1,1.0,0.0
2940,H1,0.8976063829787234,0.0050749333138842
2941,H1,0.9757638072855463,0.0005160611144948701
2943,H1,0.979591836734694,0.0005557941254238363
2947,H1,0.9743589743589745,0.009382501800105358
2951,H1,1.0,0.0
2955,H1,0.8918918918918919,0.003919586229124028
2957,H1,0.9337779895188184,0.02108467583728102
2958,H1,1.0,0.0
2959,H1,1.0,0.0
296,H1,0.9005847953216374,0.1385260746404966
2961,H1,0.9772727272727272,0.0016831710074693973
2968,H1,0.9014799154334038,0.0006410057934238544
2969,H1,0.8928571428571429,0.026428120430679214
2977,H1,1.0,0.0
2978,H1,0.972972972972973,0.001353633131883969
2979,H1,1.0,0.0
2980,H1,0.9655172413793104,0.00012602372621839386
2981,H1,0.967741935483871,0.000396444893753789
2982,H1,0.9333333333333332,0.9040152963671128
2984,H1,0.96875,0.001944215308347652
2990,H1,0.9534883720930232,0.002576376641668543
2991,H1,0.9411764705882352,0.00016274268890803523
3001,H1,1.0,0.0
3008,H1,0.9830508474576272,0.00014325151273919534
3015,H1,0.9160493827160494,2.155162387762477e-05
3016,H1,0.9015501767745444,0.012599608933465567
3018,H1,0.9333333333333332,0.003635305070544881
3021,H1,1.0,0.0
3031,H1,0.9418758256274768,0.04261967364198832
3039,H1,0.0,0.7478684531059683
304,H1,0.9636363636363636,0.011074388356937637
3045,H1,0.9399644760213144,0.0008384942792265537
3046,H1,0.5461672473867596,0.09958005441303186
3047,H1,0.9402843601895736,0.0006642953844083754
3051,H1,1.0,0.0
3056,H1,0.832983193277311,0.005170524351292283
3063,H1,0.95,0.002138521979097918
311,H1,1.0,0.0
32,H1,0.979591836734694,0.008039521535547878
321,H1,0.8651026392961877,0.009624138791713421
323,H1,0.941991341991342,0.00011937296750808013
324,H1,0.9035202086049544,0.2667827240865225
332,H1,0.9215686274509804,0.0
333,H1,1.0,0.0
350,H1,0.9761904761904762,0.0005151742225553146
351,H1,0.9736842105263158,0.0004600874166091895
354,H1,0.9838709677419356,0.0021585922717006767
404,H1,0.960691823899371,0.00043401698657363763
41,H1,1.0,0.0
415,H1,0.984126984126984,0.0023038634589330753
429,H1,0.9609375,0.00017270283630621552
442,H1,0.9782608695652174,0.0001173894622519267
443,H1,0.990990990990991,0.001037174384545203
445,H1,1.0,0.0
452,H1,0.5543836519446276,0.02402260320714411
457,H1,0.9682539682539684,0.4717733831301947
472,H1,0.9412280701754386,2.9913051608043695e-05
473,H1,1.0,0.0
475,H1,0.975,3.8281312246035704e-05
482,H1,0.9432565789473684,0.014126578323856886
483,H1,1.0,0.0
484,H1,1.0,0.0
486,H1,1.0,0.0
494,H1,1.0,0.0
500,H1,1.0,0.0
506,H1,0.9545454545454546,0.0037071438643312415
507,H1,0.9879518072289156,3.7870256851535444e-06
518,H1,0.9318181818181818,0.0009944423180591189
519,H1,1.0,0.0
543,H1,0.8955223880597015,0.0007943993758333656
55,H1,0.9117647058823528,0.09451838103068244
550,H1,1.0,0.0
551,H1,1.0,0.0
558,H1,0.9772727272727272,0.0002645049694464108
56,H1,1.0,0.0
561,H1,0.9629629629629628,0.026128774427100154
562,H1,0.9365079365079364,0.00033339216127892257
563,H1,0.8171912832929782,0.005005240376274811
579,H1,0.9666666666666668,0.821656050955414
581,H1,0.9531772575250836,0.008471272468733582
589,H1,0.95,0.0002633307221487913
590,H1,1.0,0.0
592,H1,0.4003228410008071,0.030299673910704206
593,H1,0.9863013698630136,0.00011113484989400124
601,H1,0.9722222222222222,0.00036649105877761823
604,H1,0.9433962264150944,0.0006112184770810103
614,H1,1.0,0.0
616,H1,0.9761904761904762,2.4917357431042397e-05
621,H1,0.9767441860465116,0.0002888897466222229
623,H1,0.9593427427849168,0.04659942270391515
630,H1,1.0,0.0
633,H1,0.944184231069477,0.0
66,H1,1.0,0.0
67,H1,0.975609756097561,0.00020080911970354887
670,H1,1.0,0.0
675,H1,0.9604743083003952,0.001897554503585419
681,H1,0.9803921568627452,0.0013675934647533472
687,H1,1.0,0.0
694,H1,0.9491525423728814,0.002038518251210597
695,H1,1.0,0.0
7,H1,0.9428571428571428,0.06932333279010472
70,H1,1.0,0.0
712,H1,0.9736842105263158,0.020907658189585288
713,H1,1.0,0.0
714,H1,1.0,0.0
723,H1,0.9565217391304348,0.0
727,H1,1.0,0.0
729,H1,0.951219512195122,0.003660180161831894
761,H1,0.9696969696969696,0.00041522471429000785
762,H1,0.967741935483871,0.0008878007107515629
764,H1,0.9777777777777776,0.005127815795372803
769,H1,0.3846153846153846,0.24082544156437136
776,H1,1.0,0.0
780,H1,1.0,0.0
781,H1,0.96018018018018,0.0031886347257018
782,H1,0.965601217656012,0.002500618925924236
794,H1,0.579747935680139,0.04153299501620222
828,H1,1.0,0.0
837,H1,0.8621621621621621,0.09982969186256319
847,H1,0.9433526011560692,0.0001119514121538101
856,H1,1.0,0.0
86,H1,0.6794871794871795,0.09047900850541468
865,H1,0.9536859413537956,0.024104447520045813
867,H1,0.9714285714285714,0.016531260389431646
868,H1,0.9791666666666666,0.010228835680747728
900,H1,0.979591836734694,0.0006871450007146507
915,H1,0.5711371749107598,0.08691933809875196
921,H1,1.0,0.0
922,H1,1.0,0.0
929,H1,0.9347826086956522,0.009035154368348675
93,H1,0.8815426997245179,0.008080881692344666
933,H1,0.967741935483871,0.05199664117965985
935,H1,0.9772727272727272,9.981677468795525e-06
939,H1,1.0,0.0
942,H1,0.9444444444444444,0.009522056232493137
943,H1,1.0,0.0
944,H1,1.0,0.0
945,H1,1.0,0.0
954,H1,0.9629629629629628,0.0016096825960725258
956,H1,1.0,0.0
958,H1,1.0,0.0
960,H1,1.0,0.0
963,H1,1.0,0.0
982,H1,0.9696969696969696,0.00014261725773534462
99,H1,1.0,0.0
992,H1,1.0,0.0
994,H1,0.975609756097561,0.0070020606176255384
100,H2,0.9234268385140256,0.0010512030209957057
1004,H2,0.9375,0.004973816154149047
1007,H2,0.9256661991584852,0.04548041323329077
1008,H2,0.9375,0.2182120184486639
1011,H2,1.0,0.0
1015,H2,1.0,0.0
1016,H2,1.0,0.0
102,H2,0.868421052631579,0.03157450552888608
1023,H2,0.9777777777777776,0.00046443492970260625
1027,H2,0.9761904761904762,0.0022402803325722864
1029,H2,1.0,0.0
1031,H2,0.967741935483871,0.0035649701134343736
1035,H2,0.907469342251951,0.04382260110315761
1037,H2,0.9483344663494222,0.0006466574581921458
1039,H2,0.9438202247191012,0.008379823858921331
1040,H2,0.8878048780487805,0.0067820398916573765
1041,H2,0.8636363636363636,0.003039423302465649
1047,H2,0.9448727833461836,0.010881825600209116
1053,H2,0.9782608695652174,0.0005586494063433145
1054,H2,0.9443636363636364,0.0005220993150506503
1057,H2,0.9714285714285714,0.05089729379398655
1060,H2,1.0,0.0
1061,H2,0.9655172413793104,0.006571730879369464
1069,H2,0.9836065573770492,0.002366143828510636
1072,H2,0.9333333333333332,0.0005830734711758656
1073,H2,0.9767441860465116,0.0006276839367178599
1074,H2,0.821353065539112,0.00422584569547102
1078,H2,1.0,0.0
108,H2,0.9208981001727116,0.017652840564582273
1084,H2,0.9655172413793104,0.007800804888702287
1085,H2,0.9555555555555556,0.28778457260818624
1089,H2,1.0,0.0
1092,H2,0.9560276679841896,0.00030216249339998225
1093,H2,0.8547297297297297,0.0010438470468647765
1096,H2,0.8823529411764706,0.0007167875638125487
1103,H2,0.9209225700164744,0.018567212510294473
1107,H2,0.9555555555555556,0.019897206496506004
1111,H2,0.90625,0.07696161063249674
1113,H2,1.0,0.0
1114,H2,1.0,0.0
1118,H2,0.9317443120260022,0.0005499094485589273
1120,H2,0.9127011297500855,0.0018878725178816946
1123,H2,0.9437689969604864,0.0023100054802296377
1124,H2,0.2620802620802621,0.0120967741935483
1125,H2,0.8931034482758621,0.008549280956401728
1126,H2,0.9527065527065528,0.007964917125530824
1130,H2,0.972972972972973,5.575910291777397e-05
1134,H2,0.9310344827586208,0.0015386296718360448
1137,H2,0.9523809523809524,0.1968134327417589
1138,H2,0.9202614379084968,0.023645364697473248
114,H2,0.9393939393939394,3.665911209482786e-05
1140,H2,0.972972972972973,0.0061115480462970995
1144,H2,1.0,0.0
1146,H2,1.0,0.0
1148,H2,1.0,0.0
1149,H2,0.9545454545454546,0.0007799092747444725
1150,H2,0.7737104825291181,0.017501262778023885
1156,H2,0.7854166666666667,0.09283016094234692
1160,H2,0.4125495852866931,0.1207401573641077
1163,H2,1.0,0.0
1165,H2,0.9510086455331412,0.001333244614183049
1169,H2,1.0,0.0
117,H2,0.9555555555555556,0.00013688604223582868
1170,H2,0.8724637681159421,0.009011436835634767
1177,H2,0.8665183537263627,0.0008424247358517212
1178,H2,0.967741935483871,0.07834415857061011
1179,H2,0.9347826086956522,0.0
1189,H2,1.0,0.0
1192,H2,0.8742316784869977,0.004101201220638617
121,H2,0.6507387613957875,0.0024571599406237876
1211,H2,1.0,0.0
122,H2,0.9767441860465116,6.521231489586832e-06
1223,H2,0.754054054054054,0.0038860497935516713
1225,H2,0.9310344827586208,0.07758012313532725
1239,H2,0.8874458874458875,0.007413893999419052
124,H2,0.9230769230769232,0.0016283589936977316
1241,H2,1.0,0.0
1243,H2,1.0,0.0
1246,H2,1.0,0.0
1247,H2,1.0,0.0
1248,H2,1.0,0.0
1249,H2,1.0,0.0
1250,H2,1.0,0.0
1251,H2,1.0,0.0
1252,H2,1.0,0.0
1253,H2,1.0,0.0
1254,H2,0.84,0.011640211640211784
1267,H2,0.9375,0.0
1273,H2,1.0,0.0
1279,H2,0.889922480620155,0.05325212766769005
128,H2,0.9464285714285714,0.00686361771126931
1280,H2,0.0,0.8217479854777295
1281,H2,0.9777777777777776,0.0008607073137261168
1282,H2,0.9666666666666668,0.004683646823510412
1283,H2,0.8918518518518519,0.0069934937961444454
1293,H2,0.9302325581395348,0.007789926535032299
13,H2,0.98,7.805509425917734e-06
1309,H2,0.9333333333333332,0.000643131501845251
131,H2,0.9782608695652174,0.0
1326,H2,1.0,0.0
1331,H2,0.9767441860465116,0.004296608965561333
1333,H2,0.96875,0.0010580154693600186
1334,H2,1.0,0.0
1341,H2,0.9565217391304348,0.0004965515514889773
1345,H2,0.9772727272727272,0.00047011275689556875
1346,H2,0.8843537414965986,0.023330079122972136
1353,H2,0.9328512396694216,0.0014627209948987474
1355,H2,1.0,0.0
1361,H2,0.8174418604651162,0.014126993171577285
1364,H2,1.0,0.0
1365,H2,0.848989898989899,0.0041355234150788345
1367,H2,0.9722222222222222,0.0
1368,H2,0.84,0.009559829373784745
1370,H2,1.0,0.0
1371,H2,1.0,0.0
1372,H2,1.0,0.0
1373,H2,0.96875,0.001344586980587592
1378,H2,1.0,0.0
138,H2,1.0,0.0
1380,H2,0.8922610015174507,0.011737587948147055
1381,H2,0.9555555555555556,0.01967772622217534
1384,H2,0.9375,0.06323455738716455
1387,H2,1.0,0.0
1388,H2,0.9444444444444444,0.0010640881294567972
1397,H2,0.8833580980683506,0.017792281196234216
1398,H2,0.9772727272727272,0.001852098777579303
1399,H2,1.0,0.0
1401,H2,0.0,0.8444546709618039
1402,H2,0.9171195652173914,0.008811249357202733
1406,H2,0.96875,0.13681588857829735
1407,H2,0.939149560117302,0.0006663468201929534
1410,H2,0.2709662716499544,0.7229336437718277
1411,H2,0.9285714285714286,0.009227260310993413
1425,H2,0.9549689440993788,0.0008765653333588919
1426,H2,1.0,0.0
1435,H2,1.0,0.0
1436,H2,0.9803921568627452,9.649930461563816e-05
1437,H2,1.0,0.0
1442,H2,0.7714508580343213,0.09826762223881513
1457,H2,0.9047619047619048,0.004926539238733207
1458,H2,0.9182608695652174,0.028726541905853664
1459,H2,0.952921157118548,0.01542624414193261
1461,H2,0.9127450980392156,0.12254276431003414
1464,H2,0.8939692550256209,0.019908595350401903
1465,H2,1.0,0.0
1466,H2,0.9144411473788328,0.12692955483516577
1472,H2,0.9172473867595818,0.02654753339796101
1477,H2,0.8809917355371901,0.0006546258596782373
1480,H2,0.8584169453734671,0.003183576377271624
1481,H2,0.7481751824817519,0.2975156236415116
1482,H2,1.0,0.0
1483,H2,1.0,0.0
1484,H2,0.9666666666666668,0.019631289425057763
1485,H2,1.0,0.0
1488,H2,0.751219512195122,0.11611860804509266
1490,H2,0.8724637681159421,0.026489195071840776
1491,H2,0.9142857142857144,0.007688791125697592
1492,H2,0.9666666666666668,0.011493424823197318
1493,H2,0.9655172413793104,0.0017744145938763944
1495,H2,1.0,0.0
1496,H2,0.9666666666666668,0.011109994504871823
1497,H2,0.9827586206896552,0.0003018275035143736
1498,H2,0.8837209302325582,0.01428064465952128
150,H2,0.7032967032967034,0.3059174967542032
1509,H2,0.8988476312419974,0.0065000124366656475
1519,H2,0.9197860962566844,0.002528186818216982
152,H2,0.9555555555555556,0.00039010790257720807
1529,H2,0.9777777777777776,0.0062089398347285885
1533,H2,0.8857808857808858,0.005567812545155815
1534,H2,1.0,0.0
1535,H2,0.809469480889903,0.04047190208256468
1536,H2,0.8717948717948718,0.009610775494123036
1545,H2,0.3328042328042328,0.27771271811698983
1546,H2,0.9576957695769576,0.06462866707715864
1547,H2,0.9787234042553192,0.005675693345314148
1548,H2,0.9333333333333332,0.003088304169329925
1551,H2,0.901466275659824,0.20816859021283107
1552,H2,0.9722222222222222,0.0017256905854449167
1555,H2,0.9601873536299764,0.002123813593488233
1559,H2,0.9772727272727272,0.010342101241006207
156,H2,0.5905451185709886,0.0029424313798204205
1560,H2,0.8417329796640142,0.003623356244100817
1563,H2,1.0,0.0
1564,H2,0.9714285714285714,0.028690162762413207
1574,H2,0.972972972972973,0.00021989502390240556
1575,H2,1.0,0.0
1577,H2,1.0,0.0
1579,H2,1.0,0.0
1583,H2,0.0,0.749110115971983
1585,H2,0.9782608695652174,0.0013540210633462557
1587,H2,0.9215425531914894,0.0015076067986411479
1588,H2,0.7205882352941176,9.391091747046332e-05
1590,H2,0.9195402298850576,0.02070454136648081
1591,H2,0.9767441860465116,0.0007919995205191155
1596,H2,0.9302325581395348,0.0005137902956191542
16,H2,1.0,0.0
1600,H2,0.9534883720930232,0.10362755176375626
1601,H2,0.8461538461538461,0.08457423408872489
1619,H2,0.9772727272727272,0.0003604591486808806
1628,H2,1.0,0.0
1629,H2,0.3871817383669886,0.19651678219430047
1630,H2,0.8853644963828603,0.002784759537665993
1644,H2,0.9761904761904762,0.0005377688540787462
1645,H2,1.0,0.0
1646,H2,0.8731182795698925,0.0678656468444464
1647,H2,1.0,0.0
1648,H2,0.8362369337979094,0.0009695333513488613
1656,H2,1.0,0.0
1657,H2,0.9011494252873564,0.041995094721005155
1665,H2,0.96875,0.01588618485742377
1666,H2,1.0,0.0
167,H2,0.9767441860465116,0.00020498929423540257
1678,H2,0.8635394456289979,0.0006206432155539954
1684,H2,1.0,0.0
1685,H2,0.4851727982162764,0.21872368869264536
1686,H2,0.9275265957446808,0.00013808793439640255
1689,H2,0.9550561797752808,0.0
169,H2,0.95,0.00019326295389199277
1696,H2,0.9696969696969696,0.0004178326312102021
1706,H2,1.0,0.0
1715,H2,1.0,0.0
1716,H2,0.875669244497323,0.1409382286039702
1718,H2,0.9830508474576272,0.00045516613563945096
1727,H2,0.953125,0.0012328673106216659
1728,H2,0.9838709677419356,0.0013554186115750655
1729,H2,0.7954545454545454,0.07804389250151067
1730,H2,0.9824561403508772,7.357608000146953e-05
1734,H2,1.0,0.0
1735,H2,0.9782608695652174,0.00011274660945137516
1736,H2,0.8974358974358975,0.04200362776172906
174,H2,0.9821428571428572,9.732587607280685e-05
1740,H2,0.9655172413793104,0.0002076225456666414
1744,H2,0.9411764705882352,0.052831013477903865
1746,H2,0.8648648648648649,0.02460514512631773
1752,H2,1.0,0.0
1769,H2,0.7743271221532091,0.0019066835253499503
1771,H2,1.0,0.0
1773,H2,0.8969072164948454,0.0019148615268752556
1774,H2,0.8961593172119487,0.009118281089687152
1776,H2,0.9672131147540984,1.7218803677000651e-06
1789,H2,1.0,0.0
1796,H2,0.9629629629629628,0.0005614823133071045
1798,H2,0.6888888888888889,0.008359697294212487
1807,H2,0.9555555555555556,0.013376503766925452
1816,H2,1.0,0.0
1824,H2,0.9772727272727272,8.764775529845892e-05
1825,H2,1.0,0.0
1826,H2,0.9791666666666666,0.0005920266323118373
1827,H2,0.6122685185185185,0.08073677723343664
1829,H2,0.9327603640040444,1.6230970692143742e-05
183,H2,0.8888888888888888,0.000665730576291601
1834,H2,0.8634510869565217,0.001554987140780617
1835,H2,1.0,0.0
1843,H2,1.0,0.0
1847,H2,0.7840290381125227,0.026606931929377575
1852,H2,1.0,0.0
1853,H2,0.8828596037898363,0.0
1858,H2,0.9358874120406568,0.02370696933321459
1863,H2,0.9192006950477846,0.017384374955648818
1869,H2,1.0,0.0
1879,H2,1.0,0.0
1880,H2,1.0,0.0
1882,H2,0.9285714285714286,0.0044030283040454865
1886,H2,1.0,0.0
1890,H2,0.9240812379110253,0.03159081525641971
1894,H2,0.775,0.472889329041842
1900,H2,0.8931750741839762,0.021529886819977695
1901,H2,1.0,0.0
1902,H2,0.9772727272727272,0.000963576569993907
1910,H2,0.9166666666666666,0.001858361599342051
1911,H2,1.0,0.0
1917,H2,0.8444444444444444,0.0014219584043944078
1933,H2,0.7376215738284704,0.22223317410385457
1941,H2,0.8653846153846154,0.02475642469577166
1949,H2,0.979591836734694,7.745863402774944e-05
1950,H2,0.9333333333333332,0.0002531645569621155
1951,H2,0.9333333333333332,0.0001266697014615792
1955,H2,0.9353448275862069,0.03288543140028288
1957,H2,1.0,0.0
1978,H2,0.984375,0.0019591106103376
198,H2,0.9444444444444444,0.00034666417463236066
1981,H2,0.8055555555555556,0.005106743455364993
1984,H2,1.0,0.0
1986,H2,0.96875,0.0012030566554300792
1988,H2,1.0,0.0
2002,H2,1.0,0.0
2003,H2,0.5227272727272727,0.06883621433550535
2006,H2,0.8922033898305085,0.007274424694657555
2007,H2,0.9583333333333334,0.005010308100367844
2008,H2,0.9437737150741636,0.01127326768945558
2009,H2,0.9332980412916888,0.028525074666017836
2014,H2,0.8971704623878537,0.018582077130902874
2026,H2,1.0,0.0
2029,H2,0.908203125,0.047595290030431725
2031,H2,0.8863636363636364,0.03131942425836942
2039,H2,0.9803921568627452,2.078830709484336e-05
2055,H2,0.9787234042553192,0.01529266041982491
2062,H2,1.0,0.0
2064,H2,0.96875,0.0009192430374649341
2065,H2,1.0,0.0
2066,H2,0.95,0.0016538940946251302
2075,H2,0.8043478260869565,0.017070772581634808
2076,H2,0.3444022770398482,0.4476074140952785
2082,H2,0.9777777777777776,0.02211137589389356
2108,H2,0.9821428571428572,0.002652026647644523
211,H2,0.968220890856994,0.0218552308221458
2110,H2,0.975609756097561,0.0004176423279218522
2118,H2,1.0,0.0
2127,H2,0.95,0.08311096899395759
2136,H2,0.9627329192546584,0.0008303024827474581
2137,H2,0.9375,0.011366065385184365
2148,H2,1.0,0.0
217,H2,0.9838709677419356,0.0012731762253379575
2170,H2,0.8770161290322581,0.002541869555725773
2176,H2,0.9333333333333332,0.03705894200747406
2178,H2,0.9375,0.0005980529817506408
2182,H2,1.0,0.0
2188,H2,0.9777777777777776,9.138597060676101e-05
2208,H2,0.9452054794520548,0.02764192441088964
2211,H2,0.9183673469387756,0.03790149541854537
2213,H2,0.0,0.0006743615690472003
2214,H2,1.0,0.0
2221,H2,0.927478376580173,0.006822668750251837
2226,H2,0.9534883720930232,0.0004750757159182051
2227,H2,0.8456659619450317,0.025337200309883512
223,H2,0.6754518072289156,0.002320266682999006
2237,H2,0.9696969696969696,0.0170970359410052
2241,H2,0.9406575781876504,0.01140058024354651
2244,H2,0.9088669950738916,0.05470087579893412
2245,H2,0.9666666666666668,0.005111378546054146
2246,H2,1.0,0.0
2248,H2,0.9307862679955704,0.001359213973058604
2259,H2,0.9289902280130292,0.00039523320557166564
2272,H2,0.8703703703703703,0.048923294961672914
2277,H2,0.9782608695652174,0.001415173958214333
2278,H2,1.0,0.0
228,H2,0.5454545454545454,0.027570934862111596
2293,H2,0.9245283018867924,0.019930096669263597
2326,H2,0.8630952380952381,0.07281015982178418
233,H2,0.9464090411957712,7.204404217542315e-05
234,H2,0.8790737564322469,0.005581096030229604
2344,H2,0.6170886075949367,0.0775359555880657
2353,H2,0.9772727272727272,0.0030427210369244895
2364,H2,0.9172413793103448,0.00120502182814064
238,H2,0.9782608695652174,0.013461043181790311
2384,H2,1.0,0.0
2386,H2,1.0,0.0
2388,H2,0.9206349206349206,0.00885694239642576
2389,H2,0.3735177865612648,0.21759521537356163
2392,H2,1.0,0.0
2395,H2,0.8375350140056023,0.024775163151290802
2399,H2,0.9098039215686274,0.04348087748296514
2400,H2,0.910524241229799,0.014410511959151107
2401,H2,0.9343715239154616,0.057571015342958776
2406,H2,0.9465277777777776,0.00020433877699133074
2423,H2,0.9192006950477846,0.05083691819992331
2424,H2,0.9591836734693876,0.011781101014811002
2430,H2,0.8521739130434782,0.005043849178639315
2442,H2,0.9531772575250836,0.0031494567781515936
2459,H2,0.9211030256606664,0.011534843803086114
246,H2,1.0,0.0
2472,H2,0.8842224744608399,0.0008104929926787685
2474,H2,0.7405555555555555,0.01270106868248777
2486,H2,0.9139676113360324,0.005848272545518229
2489,H2,0.7792207792207793,0.026322071128301983
25,H2,0.9791666666666666,0.0008831640281518061
2503,H2,0.975,0.03596358381436082
2504,H2,0.6653225806451613,0.05205011727950204
2511,H2,0.8637037037037038,0.12692955276364448
2520,H2,0.9382716049382716,0.005072497484519434
2522,H2,0.9777777777777776,3.443332325481219e-05
2523,H2,0.9089989888776542,0.00044855359017159646
2532,H2,0.6807272727272727,0.17243908115255968
2533,H2,0.935897435897436,0.009541954541367859
2537,H2,0.905823148813803,0.10332879984981869
2542,H2,0.9610983981693364,3.392324063355989e-05
2545,H2,0.9444444444444444,0.0007343112659212725
2555,H2,0.0045191357152944,0.129652574713783
2556,H2,0.907520325203252,0.005510433436013096
2557,H2,0.9579606440071556,0.001193532559930599
256,H2,0.9473684210526316,3.052734389241696e-05
2565,H2,0.9761904761904762,0.0031917603147585405
2575,H2,0.9833333333333332,0.002431432232788744
2577,H2,0.9120992761116856,0.015553653998050199
2581,H2,0.9510086455331412,0.027162688171505578
2582,H2,0.98,0.007426803652315628
2589,H2,0.9534883720930232,0.191479369681625
2590,H2,1.0,0.0
2591,H2,0.9629629629629628,0.04951877240298608
2592,H2,1.0,0.0
2593,H2,0.9544468546637744,0.0027577430614091902
2594,H2,0.8321325648414986,0.01118982282342329
2602,H2,1.0,0.0
2605,H2,0.9310344827586208,0.0033567798581417008
2608,H2,1.0,0.0
2609,H2,0.5479082321187584,0.515034929055715
262,H2,0.944313725490196,0.0003309286789942023
2623,H2,1.0,0.0
263,H2,0.8908432488360062,0.0018204930589887924
2656,H2,0.8730964467005076,0.03378740602305219
2660,H2,1.0,0.0
2680,H2,1.0,0.0
2685,H2,0.9117647058823528,0.00038859936793744776
2701,H2,0.9491525423728814,0.0003155183251235538
2703,H2,0.9534883720930232,0.00047284276028680683
2705,H2,0.9302325581395348,0.00858049803891714
2706,H2,0.9565217391304348,0.0019219708664689472
2716,H2,0.9071911493546404,0.03872825204457164
2720,H2,0.8511371467953136,0.0009776351061177024
2721,H2,0.9337606837606838,0.0177849183614619
2723,H2,1.0,0.0
2740,H2,1.0,0.0
2752,H2,0.9344444444444444,0.04550311598241774
2754,H2,0.8939068100358423,0.2623371480871983
2766,H2,0.9777777777777776,0.009768004559273846
2768,H2,0.9261802575107296,0.0025011252549971275
2771,H2,1.0,0.0
2781,H2,0.9550387596899224,0.01891074945335325
2782,H2,0.9772727272727272,0.0003238519748089974
2784,H2,0.9519230769230768,0.2244215221633677
2787,H2,0.9807692307692308,0.009258251932282802
2794,H2,1.0,0.0
28,H2,1.0,0.0
2801,H2,0.917094017094017,0.0016778811621861456
2807,H2,0.9531163816878102,0.0006607704734381548
2810,H2,1.0,0.0
2816,H2,0.8035714285714286,0.0
2825,H2,0.9666666666666668,0.0
2827,H2,1.0,0.0
2835,H2,0.5878378378378378,0.09035938691274292
284,H2,1.0,0.0
2846,H2,0.96875,0.0009640077389178048
2866,H2,0.9121367521367522,0.0060335114426141034
2871,H2,0.9777777777777776,0.001285184967904418
2875,H2,0.8379310344827586,0.001815898777299707
2877,H2,0.956772334293948,0.003401661524784161
2878,H2,0.936613055818354,8.156149748339558e-05
2882,H2,0.7989130434782609,0.11000809129209554
2883,H2,0.979591836734694,0.0007014873769154439
2884,H2,0.907258064516129,0.0031163844680449637
2885,H2,0.4799612152553329,0.3372489431895373
2886,H2,0.893037336024218,0.04282504278417465
2891,H2,0.9290322580645162,0.0007352008941907684
2895,H2,1.0,0.0
2897,H2,0.8974008207934336,0.0006222184463510194
2898,H2,0.9565217391304348,0.0007139145052579288
2910,H2,0.5559515324305061,0.0
2912,H2,0.2304025423728813,0.19391856271281804
2916,H2,1.0,0.0
2920,H2,0.9827586206896552,0.0028067435574762323
2924,H2,0.9357277882797732,0.026577650521048657
2927,H2,0.8756281407035176,0.025420637605439667
2933,H2,0.975609756097561,0.00705692113814127
2940,H2,0.8976063829787234,0.0050749333138842
2941,H2,0.9757638072855463,0.0005160611144948701
2943,H2,0.9183673469387756,0.00410342682958198
2947,H2,0.9743589743589745,0.009382501800105358
2951,H2,0.967741935483871,0.011914824783134992
2955,H2,0.8918918918918919,0.003919586229124028
2957,H2,0.9337779895188184,0.02108467583728102
2958,H2,0.9578995020371208,0.0018670707287793409
2959,H2,1.0,0.0
296,H2,0.9005847953216374,0.1385260746404966
2961,H2,0.9318181818181818,0.018807639237209517
2968,H2,0.9014799154334038,0.0006410057934238544
2969,H2,0.6592203241349102,0.07157746285085298
2977,H2,1.0,0.0
2978,H2,0.972972972972973,0.001353633131883969
2979,H2,0.9,0.0021112955356351604
2980,H2,0.944313725490196,0.0001259048546016217
2981,H2,0.967741935483871,0.000396444893753789
2982,H2,0.9526041666666668,0.028181211956070484
2984,H2,0.96875,0.001944215308347652
2990,H2,0.8710622710622711,0.17588023822479215
2991,H2,0.9852941176470588,0.0003653412702938619
3001,H2,0.96875,0.0022641046124568
3008,H2,0.8870967741935484,0.024004167408217647
3015,H2,0.7098765432098766,0.0015162888284634413
3016,H2,0.9015501767745444,0.012599608933465567
3018,H2,0.9148936170212766,0.005780163332300692
3021,H2,1.0,0.0
3031,H2,0.8857142857142857,0.04298830373559759
3039,H2,0.0,0.7478684531059683
304,H2,0.9642739000992392,0.006386285772812861
3045,H2,0.811046511627907,0.002340625759177928
3046,H2,0.4442508710801394,0.11371093151845624
3047,H2,0.9411764705882352,0.001418457574269616
3051,H2,0.7149643705463183,0.027755521384226434
3056,H2,0.711864406779661,0.10139481560119212
3063,H2,0.8,0.0063389371292025265
311,H2,1.0,0.0
32,H2,0.979591836734694,0.008039521535547878
321,H2,0.8651026392961877,0.009624138791713421
323,H2,1.0,0.0
324,H2,0.9166666666666666,0.2637167671314149
332,H2,0.8553971486761711,0.0090111453640028
333,H2,1.0,0.0
350,H2,0.8771566597653554,0.0011885180856743283
351,H2,0.9736842105263158,0.0004600874166091895
354,H2,1.0,0.0
404,H2,0.960691823899371,0.00043401698657363763
41,H2,0.9696969696969696,0.0
415,H2,0.8962085308056872,0.01685910947667224
429,H2,0.9609375,0.00017270283630621552
442,H2,0.9787234042553192,0.0005187024965523923
443,H2,0.990990990990991,0.001037174384545203
445,H2,1.0,0.0
452,H2,0.5543836519446276,0.02402260320714411
457,H2,0.935483870967742,0.0010847200029806
472,H2,0.9736842105263158,0.00046819495995598093
473,H2,1.0,0.0
475,H2,0.975,3.8281312246035704e-05
482,H2,0.9432565789473684,0.014126578323856886
483,H2,1.0,0.0
484,H2,1.0,0.0
486,H2,1.0,0.0
494,H2,1.0,0.0
500,H2,1.0,0.0
506,H2,0.7828947368421053,0.005189449697666437
507,H2,0.9879518072289156,3.7870256851535444e-06
518,H2,0.5406976744186046,0.0009800851990817705
519,H2,1.0,0.0
543,H2,0.8955223880597015,0.0007943993758333656
55,H2,0.78625,0.06690186414277866
550,H2,0.9767441860465116,0.0015231058396526498
551,H2,0.90625,0.002039184075042777
558,H2,0.9431356620633632,0.0018484142218792021
56,H2,0.9364583333333332,0.0010611629084686935
561,H2,0.9818181818181818,0.011835370804527456
562,H2,0.9627329192546584,0.017047199733640772
563,H2,0.7636887608069164,0.035021318095214915
579,H2,0.9666666666666668,0.821656050955414
581,H2,0.9531772575250836,0.008471272468733582
589,H2,0.95,0.0002633307221487913
590,H2,1.0,0.0
592,H2,0.9376971608832808,0.0064509497185579745
593,H2,0.9102005231037488,0.0004235454983407827
601,H2,0.9722222222222222,0.00036649105877761823
604,H2,0.9433962264150944,0.0006112184770810103
614,H2,1.0,0.0
616,H2,0.9761904761904762,2.4917357431042397e-05
621,H2,0.9375968992248062,0.00025951905187604485
623,H2,0.9702970297029704,0.012809859716133132
630,H2,0.9138187221396732,0.020167337477558722
633,H2,0.944184231069477,0.0
66,H2,0.8275862068965517,0.004032579228658961
67,H2,0.9302325581395348,0.00011324955893399213
670,H2,1.0,0.0
675,H2,0.9604743083003952,0.001897554503585419
681,H2,0.9803921568627452,0.0013675934647533472
687,H2,1.0,0.0
694,H2,0.864406779661017,0.007133547503628601
695,H2,1.0,0.0
7,H2,0.9428571428571428,0.06932333279010472
70,H2,0.9118541033434652,0.02896373018794196
712,H2,0.9473684210526316,0.02554806697421297
713,H2,1.0,0.0
714,H2,1.0,0.0
723,H2,0.9565217391304348,0.0
727,H2,0.8809370988446726,0.04545854425913676
729,H2,0.951219512195122,0.003660180161831894
761,H2,0.9696969696969696,0.00041522471429000785
762,H2,0.967741935483871,0.0008878007107515629
764,H2,0.9777777777777776,0.005127815795372803
769,H2,0.365625,0.22589424920199264
776,H2,1.0,0.0
780,H2,0.979591836734694,0.05850814705641527
781,H2,0.9608725761772852,0.006546226758998297
782,H2,0.6996597587380142,0.027133759460942986
794,H2,0.8793103448275862,0.01658635493809535
828,H2,1.0,0.0
837,H2,0.8621621621621621,0.09982969186256319
847,H2,0.9433526011560692,0.0001119514121538101
856,H2,0.9555555555555556,0.014711356035801981
86,H2,0.6794871794871795,0.09047900850541468
865,H2,0.9536859413537956,0.024104447520045813
867,H2,0.9714285714285714,0.016531260389431646
868,H2,0.9,0.0168209573903777
900,H2,0.979591836734694,0.0006871450007146507
915,H2,0.5711371749107598,0.08691933809875196
921,H2,0.9777777777777776,0.01208681480790419
922,H2,1.0,0.0
929,H2,0.8887733887733887,0.023354415896154945
93,H2,0.8,0.0019594191211175227
933,H2,0.967741935483871,0.05199664117965985
935,H2,0.9772727272727272,9.981677468795525e-06
939,H2,1.0,0.0
942,H2,0.9444444444444444,0.009522056232493137
943,H2,1.0,0.0
944,H2,1.0,0.0
945,H2,1.0,0.0
954,H2,1.0,0.0
956,H2,1.0,0.0
958,H2,0.9352657004830918,0.01421611667372269
960,H2,1.0,0.0
963,H2,0.9091400757166036,0.011778037996147961
982,H2,0.9696969696969696,0.00014261725773534462
99,H2,0.9435736677115988,0.001328134877413012
992,H2,1.0,0.0
994,H2,0.975609756097561,0.0070020606176255384
100,L3,0.9234268385140256,0.0010512030209957057
1004,L3,0.9121621621621622,0.010627079937149397
1007,L3,0.8731241473396999,0.025003933195117956
1008,L3,0.967741935483871,0.2282295737007215
1011,L3,1.0,0.0
1015,L3,0.9777777777777776,1.2606803261316912e-05
1016,L3,0.979591836734694,0.002205327094477849
102,L3,0.868421052631579,0.03157450552888608
1023,L3,0.9352657004830918,0.003706096936324177
1027,L3,0.9761904761904762,0.0022402803325722864
1029,L3,1.0,0.0
1031,L3,0.9473684210526316,0.003278725322844789
1035,L3,0.9361702127659576,0.8847168222820238
1037,L3,0.9483344663494222,0.0006466574581921458
1039,L3,1.0,0.0
1040,L3,0.8760852407261247,0.006318807590909525
1041,L3,0.7901701323251418,0.004059563267540867
1047,L3,0.9238597813795704,0.017511042070236016
1053,L3,0.9767441860465116,4.8507020945942614e-05
1054,L3,0.707906488048332,0.01664468495717253
1057,L3,0.9714285714285714,0.05089729379398655
1060,L3,0.9241274658573596,0.0012381506518115426
1061,L3,1.0,0.0
1069,L3,0.9821428571428572,0.006924937222666516
1072,L3,0.9333333333333332,0.0005830734711758656
1073,L3,0.8421926910299004,0.039979223093474014
1074,L3,0.845137420718816,0.008828647576684112
1078,L3,0.9782608695652174,0.0005595280647282541
108,L3,0.9630652399033482,0.016101687003221232
1084,L3,0.9655172413793104,0.007800804888702287
1085,L3,0.9555555555555556,0.28778457260818624
1089,L3,0.9629629629629628,0.024674610126516727
1092,L3,0.9560276679841896,0.00030216249339998225
1093,L3,0.925,0.0009910617703199343
1096,L3,0.8858131487889274,0.035081700221369694
1103,L3,1.0,0.0
1107,L3,0.9544973544973544,0.008347621459559695
1111,L3,0.90625,0.07696161063249674
1113,L3,1.0,0.0
1114,L3,1.0,0.0
1118,L3,0.9105346744309158,0.0006850869630345979
1120,L3,0.9127011297500855,0.0018878725178816946
1123,L3,0.9642857142857144,0.004158153416725541
1124,L3,0.2620802620802621,0.0120967741935483
1125,L3,0.8931034482758621,0.008549280956401728
1126,L3,0.9777777777777776,0.0017024895599851986
1130,L3,0.945945945945946,0.00029406312895885467
1134,L3,0.9642857142857144,0.003700055995981222
1137,L3,0.9523809523809524,0.1968134327417589
1138,L3,0.8233918128654971,0.20146186497864182
114,L3,0.9117647058823528,3.665911209482786e-05
1140,L3,1.0,0.0
1144,L3,0.9767441860465116,0.00046458275157823525
1146,L3,0.9642857142857144,0.00027361811597692576
1148,L3,0.9375,0.004034409732936894
1149,L3,0.9655172413793104,0.0004677267453166989
1150,L3,0.8157894736842105,0.00094373092382527
1156,L3,0.7854166666666667,0.09283016094234692
1160,L3,0.4543815362423368,0.12096117407179896
1163,L3,0.9375,0.026232768683637886
1165,L3,0.9041095890410958,0.0043515284123383235
1169,L3,1.0,0.0
117,L3,0.9560493827160492,7.77373764736522e-05
1170,L3,0.8724637681159421,0.009011436835634767
1177,L3,0.8665183537263627,0.0008424247358517212
1178,L3,0.967741935483871,0.07834415857061011
1179,L3,0.9347826086956522,0.0
1189,L3,1.0,0.0
1192,L3,0.8742316784869977,0.004101201220638617
121,L3,0.6367924528301887,0.0029466098438569732
1211,L3,1.0,0.0
122,L3,0.8948863636363636,0.000451095294246584
1223,L3,0.9393939393939394,6.0159163959516704e-05
1225,L3,0.9310344827586208,0.07758012313532725
1239,L3,0.8513708513708513,0.007335183574010529
124,L3,0.8311345646437994,0.0005441589908480315
1241,L3,1.0,0.0
1243,L3,0.9655172413793104,0.027820285785778998
1246,L3,1.0,0.0
1247,L3,1.0,0.0
1248,L3,0.912121212121212,0.00014897630314036903
1249,L3,1.0,0.0
1250,L3,1.0,0.0
1251,L3,1.0,0.0
1252,L3,1.0,0.0
1253,L3,1.0,0.0
1254,L3,0.84,0.011640211640211784
1267,L3,0.9782608695652174,0.0
1273,L3,1.0,0.0
1279,L3,0.944186046511628,0.03524140240631124
128,L3,0.9821428571428572,0.008076667436730633
1280,L3,0.7901234567901234,0.02252196502255588
1281,L3,0.9777777777777776,0.00012285501319420078
1282,L3,0.9666666666666668,0.004683646823510412
1283,L3,0.8918518518518519,0.0069934937961444454
1293,L3,0.9090909090909092,0.009654676144538632
13,L3,0.9271232876712328,0.0012587799590032533
1309,L3,0.9333333333333332,0.000643131501845251
131,L3,0.9578804347826086,0.0011370165611810368
1326,L3,1.0,0.0
1331,L3,0.901818181818182,0.00024781335910117885
1333,L3,0.9696969696969696,0.0005042331676942124
1334,L3,1.0,0.0
1341,L3,0.9272603670972128,0.002333198563215344
1345,L3,0.9772727272727272,0.00047011275689556875
1346,L3,0.8843537414965986,0.023330079122972136
1353,L3,1.0,0.0
1355,L3,1.0,0.0
1361,L3,0.3542454018644494,0.1791314101130077
1364,L3,1.0,0.0
1365,L3,0.848989898989899,0.00943057234129574
1367,L3,1.0,0.0
1368,L3,0.84,0.009559829373784745
1370,L3,1.0,0.0
1371,L3,1.0,0.0
1372,L3,0.9428571428571428,0.0
1373,L3,0.90625,0.015261378373150558
1378,L3,1.0,0.0
138,L3,1.0,0.0
1380,L3,0.8922610015174507,0.011737587948147055
1381,L3,0.9347826086956522,0.04515868230456943
1384,L3,0.9375,0.06323455738716455
1387,L3,0.9565217391304348,0.028301747359008478
1388,L3,0.918918918918919,0.0005153523951683114
1397,L3,0.8415178571428571,0.015703734523854762
1398,L3,1.0,0.0
1399,L3,1.0,0.0
1401,L3,0.0,0.8444546709618039
1402,L3,0.8668478260869565,0.0132583925663039
1406,L3,1.0,0.0
1407,L3,0.8950843727072634,0.09706004035900945
1410,L3,0.2709662716499544,0.7229336437718277
1411,L3,1.0,0.0
1425,L3,0.9549689440993788,0.0008765653333588919
1426,L3,0.9761904761904762,0.00021978692410751233
1435,L3,0.9314896291640478,0.0011197960024120768
1436,L3,0.9221772379667116,0.00035709526982008466
1437,L3,0.949404761904762,0.007708761632169159
1442,L3,0.7889908256880734,0.06687169108242907
1457,L3,0.95,0.003515331451266035
1458,L3,0.96,0.01730812087535183
1459,L3,0.9302325581395348,0.01822942289220475
1461,L3,0.8568798895536125,0.17495767696363457
1464,L3,0.910524241229799,0.020188647283404082
1465,L3,0.915,0.0002956844912047618
1466,L3,0.8732673267326733,0.15599489336719286
1472,L3,0.9172473867595818,0.02654753339796101
1477,L3,0.8168582375478928,0.00032710713736516794
1480,L3,0.9319955406911928,0.000355847282546784
1481,L3,0.6666666666666666,0.5991746376855775
1482,L3,0.9767441860465116,0.001942839642103178
1483,L3,0.9411764705882352,0.005362707838418079
1484,L3,0.9666666666666668,0.019631289425057763
1485,L3,0.9090909090909092,0.33254937069869683
1488,L3,0.8252032520325203,0.10400456592902596
1490,L3,0.892292490118577,0.020071970772677417
1491,L3,0.8888888888888888,0.0003002793262910086
1492,L3,1.0,0.0
1493,L3,0.8565234528971226,0.28337370165361286
1495,L3,0.9565217391304348,0.0013398533730591966
1496,L3,0.8389830508474576,0.009118867573055911
1497,L3,0.9661016949152542,0.0013846098781135074
1498,L3,0.9047619047619048,0.011275339957778574
150,L3,0.6947248143210817,0.29557459439149125
1509,L3,0.8880820162323794,0.009948853512653733
1519,L3,0.850632911392405,0.004848376806661836
152,L3,0.9545454545454546,1.6593025106814707e-05
1529,L3,0.9777777777777776,0.0062089398347285885
1533,L3,0.8837209302325582,0.00889641705399391
1534,L3,0.9772727272727272,0.0019912956484614552
1535,L3,0.809469480889903,0.041997894418820736
1536,L3,0.8974358974358975,0.006114608812572864
1545,L3,0.3579365079365079,0.2900466281389148
1546,L3,0.9487179487179488,0.10692510147010414
1547,L3,1.0,0.0
1548,L3,0.9555555555555556,0.002374630643195763
1551,L3,0.9314586994727592,0.1851642945200348
1552,L3,0.9722222222222222,0.0017256905854449167
1555,L3,0.9227306826706676,0.0010635702497251431
1559,L3,0.9772727272727272,0.010342101241006207
156,L3,0.6145833333333334,0.0028551499025507576
1560,L3,0.80067283431455,0.005310707067437637
1563,L3,0.909919028340081,0.012601951357495533
1564,L3,0.9714285714285714,0.028690162762413207
1574,L3,0.9736842105263158,0.00031684760825423375
1575,L3,0.91899852724595,0.0027836534593962403
1577,L3,1.0,0.0
1579,L3,0.9777777777777776,0.0037435015351542367
1583,L3,0.0,0.749110115971983
1585,L3,0.9253819036427732,0.0032884355941290577
1587,L3,0.8238031914893617,0.1639376677528258
1588,L3,0.8080065359477124,0.003135605971945954
1590,L3,0.8925170068027211,0.014444723186817554
1591,L3,0.9258997882851094,0.0035788869732289452
1596,L3,0.8109756097560976,0.004450261374796871
16,L3,1.0,0.0
1600,L3,0.9534883720930232,0.10362755176375626
1601,L3,0.8821428571428571,0.02432587175334
1619,L3,0.9772727272727272,0.0003604591486808806
1628,L3,0.9767441860465116,0.003525088127203202
1629,L3,0.3814878892733564,0.19651678219430047
1630,L3,0.9055207740466704,0.002294205808513583
1644,L3,1.0,0.0
1645,L3,1.0,0.0
1646,L3,0.8731182795698925,0.0678656468444464
1647,L3,1.0,0.0
1648,L3,0.82930200414651,0.001167830136638015
1656,L3,1.0,0.0
1657,L3,0.843010752688172,0.046187242114928195
1665,L3,0.96875,0.01588618485742377
1666,L3,1.0,0.0
167,L3,0.9767441860465116,0.00020498929423540257
1678,L3,0.8948863636363636,0.001044233149830598
1684,L3,1.0,0.0
1685,L3,0.2577480490523969,0.7866006469087787
1686,L3,0.8994197292069632,0.00015595906169640905
1689,L3,0.9662921348314608,0.0
169,L3,0.9827586206896552,0.0001753594271289849
1696,L3,0.8888888888888888,0.002139009024687999
1706,L3,1.0,0.0
1715,L3,1.0,0.0
1716,L3,0.9274673008323424,0.1447785240514452
1718,L3,1.0,0.0
1727,L3,0.96875,0.0013877342357896394
1728,L3,0.953125,0.005001773906962548
1729,L3,0.8076923076923077,0.07798043394922582
1730,L3,0.9491525423728814,0.0011729190910406695
1734,L3,0.9787234042553192,0.0005985304840392391
1735,L3,0.9473684210526316,0.00016166356925939596
1736,L3,0.8212669683257918,0.09691567582185312
174,L3,0.9821428571428572,0.000448602863968417
1740,L3,0.9655172413793104,0.0002076225456666414
1744,L3,0.9117647058823528,0.023529599353693476
1746,L3,0.8918918918918919,0.0212751417963144
1752,L3,1.0,0.0
1769,L3,0.717391304347826,0.0029458630544627606
1771,L3,1.0,0.0
1773,L3,0.9164325842696628,0.0015898720005598221
1774,L3,0.8712660028449503,0.007032907853041892
1776,L3,0.8852459016393442,1.296445662230005e-05
1789,L3,1.0,0.0
1796,L3,0.9097770154373928,0.13382461551690839
1798,L3,0.7306397306397306,0.005985411328036205
1807,L3,0.9555555555555556,0.013376503766925452
1816,L3,1.0,0.0
1824,L3,0.9368191721132898,0.0025584046666766724
1825,L3,1.0,0.0
1826,L3,0.9791666666666666,0.0005920266323118373
1827,L3,0.6122685185185185,0.08073677723343664
1829,L3,0.9327603640040444,1.6230970692143742e-05
183,L3,0.8055555555555556,0.002569751278286403
1834,L3,0.8826388888888889,0.00124440715883678
1835,L3,1.0,0.0
1843,L3,0.84,0.05104942450914007
1847,L3,0.7840290381125227,0.026606931929377575
1852,L3,1.0,0.0
1853,L3,0.8134920634920635,0.0
1858,L3,0.984375,0.002761238444120906
1863,L3,0.9192006950477846,0.017384374955648818
1869,L3,1.0,0.0
1879,L3,1.0,0.0
1880,L3,1.0,0.0
1882,L3,0.922420480993018,0.019996441536512255
1886,L3,1.0,0.0
1890,L3,0.945357833655706,0.021881626284005085
1894,L3,0.9452697419859264,0.0
1900,L3,0.9338159255429164,0.0043966072867974715
1901,L3,0.9378806333739342,0.0032705620168630434
1902,L3,0.9555555555555556,0.003270351972158858
1910,L3,0.9166666666666666,0.001858361599342051
1911,L3,1.0,0.0
1917,L3,0.8026455026455026,0.0027633075170347965
1933,L3,0.0,0.5503399868392191
1941,L3,0.7884615384615384,0.06552299268948103
1949,L3,1.0,0.0
1950,L3,0.9333333333333332,0.0002531645569621155
1951,L3,1.0,0.0
1955,L3,0.96875,0.00827591935910943
1957,L3,1.0,0.0
1978,L3,0.964181048518398,0.015548781521462662
198,L3,0.9444444444444444,0.00034666417463236066
1981,L3,0.7795698924731183,0.0011878544644452482
1984,L3,0.9777777777777776,0.0004269059521856411
1986,L3,1.0,0.0
1988,L3,1.0,0.0
2002,L3,0.9787234042553192,0.006809272764798813
2003,L3,0.5227272727272727,0.06883621433550535
2006,L3,0.9293785310734464,0.016481696761488585
2007,L3,0.9379247847757136,0.004961381416873967
2008,L3,0.8733172247152227,0.035177387700158325
2009,L3,0.9550026469031232,0.028022759617093218
2014,L3,0.9337474120082816,0.015524672916079507
2026,L3,0.984126984126984,0.0016681839008858557
2029,L3,0.908203125,0.047595290030431725
2031,L3,0.8636363636363636,0.031584684917127626
2039,L3,0.9365981635330128,9.037270614242754e-05
2055,L3,0.9787234042553192,0.01529266041982491
2062,L3,1.0,0.0
2064,L3,0.96875,0.0009192430374649341
2065,L3,1.0,0.0
2066,L3,1.0,0.0
2075,L3,0.9148936170212766,0.0018272512105296235
2076,L3,0.9698642742121004,0.0
2082,L3,0.9777777777777776,0.02211137589389356
2108,L3,0.9063504823151124,0.06432874365607799
211,L3,1.0,0.0
2110,L3,1.0,0.0
2118,L3,0.9333333333333332,0.0020071559060633737
2127,L3,0.9047619047619048,0.029299895085791117
2136,L3,0.9682539682539684,0.013405972332941829
2137,L3,1.0,0.0
2148,L3,1.0,0.0
217,L3,0.9516129032258064,0.0030800318104163837
2170,L3,1.0,0.0
2176,L3,0.9666666666666668,0.0056201766702213
2178,L3,0.91876629018245,0.00015575805388812203
2182,L3,0.9782608695652174,0.001104173835392963
2188,L3,1.0,0.0
2208,L3,0.8904109589041096,0.07785009637222384
2211,L3,0.9183673469387756,0.03790149541854537
2213,L3,0.0,0.0006743615690472003
2214,L3,1.0,0.0
2221,L3,0.8760736196319019,0.0014775290327047053
2226,L3,0.9302325581395348,0.0005401587042557221
2227,L3,0.8456659619450317,0.025337200309883512
223,L3,0.6814814814814815,0.028026324850864204
2237,L3,0.9696969696969696,0.0170970359410052
2241,L3,0.9395424836601308,0.0032832126568421716
2244,L3,0.9195402298850576,0.020672692894519007
2245,L3,0.9666666666666668,0.005111378546054146
2246,L3,1.0,0.0
2248,L3,0.9534883720930232,0.004413991541482476
2259,L3,0.9175531914893617,0.002375065022938716
2272,L3,0.8703703703703703,0.048923294961672914
2277,L3,0.9239130434782608,0.027339791020831727
2278,L3,1.0,0.0
228,L3,0.5933441558441559,0.0514101504941461
2293,L3,0.8972884141331142,0.04544987884156482
2326,L3,0.9655172413793104,0.014682250674450392
233,L3,0.9168285361116016,1.94376751520009e-05
234,L3,0.8627946127946128,0.006199720867803404
2344,L3,0.5969936708860759,0.07209334964971592
2353,L3,0.8970792767732962,0.003651720106958578
2364,L3,0.8689655172413793,0.00012674208643814744
238,L3,0.9291294642857144,0.3843749177973369
2384,L3,1.0,0.0
2386,L3,1.0,0.0
2388,L3,0.854526958290946,0.03554218581702395
2389,L3,0.4189723320158103,0.21288924556409938
2392,L3,1.0,0.0
2395,L3,0.9217625899280576,0.029219369463451828
2399,L3,0.576271186440678,0.18623286285063811
2400,L3,0.8912037037037037,0.00023212418511453503
2401,L3,0.906148867313916,0.059716957393443015
2406,L3,0.9465277777777776,0.00020433877699133074
2423,L3,0.9192006950477846,0.05083691819992331
2424,L3,0.9623400365630712,0.016677443014837978
2430,L3,0.8318840579710145,0.0004932201835712302
2442,L3,0.9531772575250836,0.0031494567781515936
2459,L3,0.9069767441860463,0.033967038089363744
246,L3,0.967741935483871,0.004859147045428891
2472,L3,0.8609534619750284,0.0005978474972601067
2474,L3,0.7405555555555555,0.01270106868248777
2486,L3,0.8936170212765957,0.0023819231862869383
2489,L3,0.7606679035250464,0.027048163381106716
25,L3,1.0,0.0
2503,L3,1.0,0.0
2504,L3,0.545583372697213,0.1508522922433364
2511,L3,0.88,0.09007066409263009
2520,L3,0.9390243902439024,0.005168866046492582
2522,L3,0.921904761904762,0.0005035900900399737
2523,L3,0.9089989888776542,0.00044855359017159646
2532,L3,0.6981818181818182,0.08499862799482216
2533,L3,0.906812149808316,0.004782526625562333
2537,L3,0.8584005869405723,0.12173565083169613
2542,L3,0.8527841342486652,0.0004266251965420187
2545,L3,0.796875,0.002162783723720474
2555,L3,0.014899957428693,0.137330937293105
2556,L3,0.907520325203252,0.005510433436013096
2557,L3,0.915032679738562,0.0006916504865260853
256,L3,0.9,4.577816221984499e-05
2565,L3,1.0,0.0
2575,L3,0.9624113475177304,0.0013137351882526183
2577,L3,0.912121212121212,0.019215817095213472
2581,L3,0.9178470254957508,0.032477925440253075
2582,L3,0.9433962264150944,0.012743878322908131
2589,L3,1.0,0.0
2590,L3,1.0,0.0
2591,L3,1.0,0.0
2592,L3,0.967741935483871,0.020372174787461006
2593,L3,0.9322033898305084,0.006287993845018436
2594,L3,0.8321325648414986,0.01118982282342329
2602,L3,0.9782608695652174,0.0023755605332725915
2605,L3,0.90625,0.02455684204782682
2608,L3,0.9772727272727272,0.02263189201828375
2609,L3,0.9333333333333332,0.020584248188808385
262,L3,0.9772727272727272,0.00015215773105348163
2623,L3,0.9696969696969696,0.0029815757525114006
263,L3,0.891765924391507,0.0013427810944859342
2656,L3,0.9355983772819472,0.013478428713443624
2660,L3,0.9833333333333332,0.006136059564114338
2680,L3,0.975,0.002702771130692838
2685,L3,0.9117647058823528,0.00038859936793744776
2701,L3,0.9031710079275198,0.00010515289736678923
2703,L3,0.8992248062015504,0.14892889957578248
2705,L3,0.9523809523809524,0.0077483303534178205
2706,L3,0.9782608695652174,0.0021871744244951197
2716,L3,0.8723404255319149,0.027363384770334398
2720,L3,0.826461259628455,0.0012037505391317982
2721,L3,0.9230769230769232,0.014860130033322538
2723,L3,0.9782608695652174,0.010573664867586818
2740,L3,1.0,0.0
2752,L3,0.9344444444444444,0.04550311598241774
2754,L3,0.8731182795698925,0.2598881490471975
2766,L3,0.9777777777777776,0.009768004559273846
2768,L3,0.877057508636456,0.11812041473671198
2771,L3,0.984375,0.01047567828530005
2781,L3,1.0,0.0
2782,L3,0.9545454545454546,0.0003381067336415411
2784,L3,0.8538812785388128,0.5847551517837358
2787,L3,0.8566784069357898,0.029141518466386573
2794,L3,0.8731182795698925,0.019750257372230573
28,L3,0.9655172413793104,0.02926165446752005
2801,L3,0.9294871794871796,0.001977990559273557
2807,L3,0.934054054054054,0.0007375419650021975
2810,L3,0.96875,0.0018976954026912463
2816,L3,0.8258928571428571,0.0
2825,L3,0.9666666666666668,0.0
2827,L3,0.975609756097561,0.0019533224642460656
2835,L3,1.0,0.0
284,L3,1.0,0.0
2846,L3,0.96875,0.0009640077389178048
2866,L3,0.9121367521367522,0.0060335114426141034
2871,L3,0.9888888888888888,0.00014270578186859062
2875,L3,0.8379310344827586,0.001815898777299707
2877,L3,1.0,0.0
2878,L3,0.8958333333333334,0.004768296353235391
2882,L3,0.7374581939799331,0.15433215341992956
2883,L3,0.9791666666666666,0.0006253050268423266
2884,L3,0.907258064516129,0.0031163844680449637
2885,L3,0.4799612152553329,0.3372489431895373
2886,L3,0.9239653512993262,0.009380766266254392
2891,L3,0.9290322580645162,0.0007352008941907684
2895,L3,0.9,0.0034441108907592444
2897,L3,0.9534883720930232,0.0005660723240887844
2898,L3,0.9574468085106383,0.00020016788434429333
2910,L3,0.8328581610833927,0.0
2912,L3,0.746822033898305,0.025199004372860268
2916,L3,1.0,0.0
2920,L3,0.9827586206896552,0.0028067435574762323
2924,L3,0.8967391304347826,0.04387073029254107
2927,L3,0.9008160703075956,0.01324262439124746
2933,L3,1.0,0.0
2940,L3,0.946704067321178,0.003713617371296097
2941,L3,1.0,0.0
2943,L3,0.9591836734693876,0.001111022916708615
2947,L3,0.9193548387096774,0.015571653920740558
2951,L3,0.9772727272727272,0.04600949029485557
2955,L3,0.8072072072072072,0.009100029459835346
2957,L3,0.8793565683646113,0.06893329993826902
2958,L3,0.9578995020371208,0.0018670707287793409
2959,L3,0.9787234042553192,0.0005330791371743748
296,L3,0.9169590643274854,0.058464255161009504
2961,L3,0.9090909090909092,0.025460898123255027
2968,L3,0.9285714285714286,5.379501131419495e-05
2969,L3,0.6592203241349102,0.07157746285085298
2977,L3,1.0,0.0
2978,L3,1.0,0.0
2979,L3,0.975,0.001718298445304245
2980,L3,0.9223529411764706,0.00016774784855977387
2981,L3,0.967741935483871,0.000396444893753789
2982,L3,0.85,0.9040152963671128
2984,L3,0.9777777777777776,0.003494847873448448
2990,L3,0.9160246533127888,0.1577091484172508
2991,L3,0.8791534391534391,0.0018297963054947353
3001,L3,0.96875,0.0022641046124568
3008,L3,0.918032786885246,0.024983080369385346
3015,L3,0.6962962962962963,0.0010408479630980016
3016,L3,0.887680174054936,0.011040703091109605
3018,L3,0.9148936170212766,0.005780163332300692
3021,L3,1.0,0.0
3031,L3,0.8165178571428572,0.05830153078574429
3039,L3,0.7597402597402597,0.033181482873545165
304,L3,0.9642739000992392,0.006386285772812861
3045,L3,0.8928052325581395,0.0010175340150204715
3046,L3,0.8937282229965157,0.05089473177365156
3047,L3,0.7283072546230441,0.001119858262715434
3051,L3,0.6,0.042901217765414335
3056,L3,0.2686449579831932,0.024795034501000457
3063,L3,0.85,0.0056280751438394505
311,L3,0.9649122807017544,0.00040262238880706125
32,L3,0.9174397031539888,0.008477734197442355
321,L3,1.0,0.0
323,L3,0.9181240063593004,0.00015642781654634508
324,L3,0.9402985074626866,0.004024981156689367
332,L3,0.8553971486761711,0.0090111453640028
333,L3,0.9743589743589745,0.00103992411489362
350,L3,0.8850974930362117,0.0011885180856743283
351,L3,0.9029761904761904,0.0002163934606638218
354,L3,0.945719489981785,0.00806424015553342
404,L3,0.9791666666666666,0.0007305452651261701
41,L3,0.9696969696969696,0.0
415,L3,0.857207615593835,0.02550576076407085
429,L3,0.9617173524150268,5.349617667183004e-06
442,L3,0.9574468085106383,0.0006190767899345584
443,L3,1.0,0.0
445,L3,0.9882352941176472,0.0005967770708651399
452,L3,0.5543836519446276,0.02402260320714411
457,L3,0.891633064516129,0.0016179601578731996
472,L3,0.9736842105263158,0.00046819495995598093
473,L3,1.0,0.0
475,L3,0.9,0.0003750350621962717
482,L3,0.9177631578947368,0.014879575776035492
483,L3,1.0,0.0
484,L3,1.0,0.0
486,L3,0.9830508474576272,0.0
494,L3,1.0,0.0
500,L3,0.9714285714285714,0.0006594672346195152
506,L3,0.7248939179632249,0.0011722309721009516
507,L3,0.8708272859216255,0.0006354692807293283
518,L3,0.5734672304439746,0.00012837160114542723
519,L3,1.0,0.0
543,L3,0.8597134288570476,0.00018554596901398934
55,L3,0.78625,0.06690186414277866
550,L3,0.9333333333333332,0.0007847943408803015
551,L3,0.90625,0.002039184075042777
558,L3,0.9772727272727272,0.0002645049694464108
56,L3,0.9666666666666668,0.00023303172170552333
561,L3,0.9473684210526316,0.031059293743811556
562,L3,0.9627329192546584,0.017047199733640772
563,L3,0.7268239166209545,0.09491807618907744
579,L3,0.8709677419354839,0.0
581,L3,0.8338907469342252,0.05420135205877996
589,L3,0.6219512195121951,0.10267427440215704
590,L3,1.0,0.0
592,L3,0.9604651162790696,0.010110570365061355
593,L3,0.9233183856502242,9.057483975838387e-06
601,L3,0.9444444444444444,0.0007196840227894352
604,L3,0.9433962264150944,0.0006112184770810103
614,L3,0.9433962264150944,0.0003018586917498123
616,L3,0.888477801268499,0.22064010624422314
621,L3,0.9217054263565893,4.170152231741664e-05
623,L3,0.5329681904360649,0.06060356208536932
630,L3,0.9138187221396732,0.020167337477558722
633,L3,0.8899297423887588,2.1159272064252832e-05
66,L3,0.8050914876690533,0.0014789568316575519
67,L3,0.9458428680396644,0.0008912255419040171
670,L3,1.0,0.0
675,L3,0.9604743083003952,0.001897554503585419
681,L3,0.9803921568627452,0.0013675934647533472
687,L3,1.0,0.0
694,L3,0.864406779661017,0.007133547503628601
695,L3,1.0,0.0
7,L3,0.94996751137102,0.029545104926615218
70,L3,0.9088555152770584,0.014928147040762618
712,L3,0.9736842105263158,0.020907658189585288
713,L3,1.0,0.0
714,L3,0.825,0.0018126682854799903
723,L3,0.9463379260333576,0.000484167843428418
727,L3,0.8475120385232745,0.05117916026419933
729,L3,0.975,0.001162061387880886
761,L3,1.0,0.0
762,L3,0.9365244536940688,0.0015168206211757518
764,L3,0.9565217391304348,0.0005972910755476235
769,L3,0.4040865384615384,0.2590786904352246
776,L3,1.0,0.0
780,L3,0.979591836734694,0.05850814705641527
781,L3,0.9006815968841285,0.02165384539950599
782,L3,0.7175997525518094,0.02439002653520128
794,L3,0.896551724137931,0.021721436334150357
828,L3,1.0,0.0
837,L3,1.0,0.0
847,L3,0.9063309885227694,0.00047786420374740235
856,L3,0.9555555555555556,0.014711356035801981
86,L3,0.9013140943055914,0.011950419875397356
865,L3,0.9317990457479652,0.007885412088543209
867,L3,0.9714285714285714,0.016531260389431646
868,L3,0.92,0.02697880938040298
900,L3,0.9578231292517008,0.007824645491677384
915,L3,0.5568587455379909,0.09150632567630712
921,L3,0.9777777777777776,0.01208681480790419
922,L3,1.0,0.0
929,L3,0.868020304568528,0.033504506865661865
93,L3,0.8,0.0019594191211175227
933,L3,1.0,0.0
935,L3,0.8875444839857651,0.0003770404019441953
939,L3,0.0,0.8156206415620642
942,L3,0.9166666666666666,0.014611141533214078
943,L3,0.9022222222222224,0.00013190892630843276
944,L3,0.9375,5.56685420779468e-05
945,L3,1.0,0.0
954,L3,0.9629629629629628,0.0016096825960725258
956,L3,1.0,0.0
958,L3,1.0,0.0
960,L3,1.0,0.0
963,L3,1.0,0.0
982,L3,0.794044665012407,0.005815271169262837
99,L3,0.9555555555555556,0.0015781891424563321
992,L3,0.9545454545454546,0.00307170250506561
994,L3,0.926829268292683,0.016090462429853125
100,L4,1.0,0.0
1004,L4,0.8324074074074074,0.02894777523870673
1007,L4,0.8441558441558441,0.04327928407592008
1008,L4,0.8961593172119487,0.35365400863242014
1011,L4,0.6727272727272727,0.01871310052093389
1015,L4,0.9259796806966618,0.011232251404822202
1016,L4,0.8018181818181818,0.0005770437912379078
102,L4,0.7531572904707233,0.06505744012810855
1023,L4,0.8295397066262014,0.006773930879518608
1027,L4,0.7517006802721088,0.01892301895987125
1029,L4,1.0,0.0
1031,L4,0.9032258064516128,0.005397494567075611
1035,L4,0.9129014697876974,0.05918374770853485
1037,L4,0.9347826086956522,0.0018239634459646936
1039,L4,0.7880434782608695,0.0006405472044413996
1040,L4,0.7739837398373983,0.008158286360498646
1041,L4,0.8853644963828603,0.0028408590520599963
1047,L4,1.0,0.0
1053,L4,0.855787476280835,0.0009780447636317247
1054,L4,0.7669816893089191,0.013529178104770834
1057,L4,0.7675489067894131,0.14433845545878732
1060,L4,0.8588957055214724,0.005457920349667078
1061,L4,0.4646050670640834,0.133102838558934
1069,L4,0.8803222094361335,0.12430466490902137
1072,L4,0.8044543429844098,0.004964387504883538
1073,L4,0.6861702127659575,0.291875664277085
1074,L4,0.6775178026449644,0.09720494297051108
1078,L4,0.9130434782608696,0.004715502008131867
108,L4,0.9631881121242823,0.0005471386003267353
1084,L4,0.9032258064516128,0.041574608300327595
1085,L4,0.8735398679532758,0.2748235094301854
1089,L4,0.8694267515923567,0.0528533289107227
1092,L4,0.9772727272727272,0.0001670200798031818
1093,L4,0.8806306306306306,0.00034485170830023115
1096,L4,0.8529411764705882,0.005721314659950738
1103,L4,0.8306709265175719,0.020211777459381075
1107,L4,0.9761904761904762,0.0013597238592910066
1111,L4,1.0,0.0
1113,L4,0.681060606060606,0.060630901479183597
1114,L4,0.8421052631578947,0.004390930291257478
1118,L4,0.8888888888888888,0.00021426741175067932
1120,L4,0.9846153846153848,0.0001163567374559138
1123,L4,0.7051851851851851,0.0028193912326076598
1124,L4,0.2620802620802621,0.0120967741935483
1125,L4,0.8818897637795275,0.001790993559286247
1126,L4,0.8901273885350318,0.009403990537109719
1130,L4,0.7837837837837838,0.008826309579935243
1134,L4,0.8689655172413793,0.007825852660025778
1137,L4,0.6498176133402814,0.2149985181808406
1138,L4,0.917941585535466,0.13918401438729872
114,L4,0.75,0.000194799798038936
1140,L4,0.868421052631579,0.0817681790912822
1144,L4,0.9545454545454546,0.0005017674031758679
1146,L4,0.9221604447974584,0.00027361811597692576
1148,L4,1.0,0.0
1149,L4,0.7241379310344828,0.12507858246691128
1150,L4,0.9375,0.018158941173288645
1156,L4,0.8735971647962197,0.09641765372167382
1160,L4,0.9833333333333332,0.24003630287295397
1163,L4,0.935483870967742,0.0627844766019493
1165,L4,0.7152496626180836,0.012274932745134692
1169,L4,0.9237536656891496,0.000901321073848993
117,L4,0.9134948096885812,0.00030532401602390014
1170,L4,0.6951827242524917,0.03293269614972749
1177,L4,0.8475452196382429,0.0051707293335527815
1178,L4,0.9393939393939394,0.06646590413088141
1179,L4,0.6984011627906976,0.0
1189,L4,1.0,0.0
1192,L4,0.7226185480486781,0.02859232977449
121,L4,0.645933014354067,0.0029466098438569732
1211,L4,0.8403499179879715,0.0020640634240678413
122,L4,0.7677606979642708,0.00020783416582559333
1223,L4,0.96875,0.000292137358009148
1225,L4,0.9310344827586208,0.07758012313532725
1239,L4,0.7911255411255411,0.005690956008212011
124,L4,0.7599293909973521,0.0025520096106264045
1241,L4,0.9634308510638298,0.008398467680211186
1243,L4,1.0,0.0
1246,L4,1.0,0.0
1247,L4,0.9787234042553192,0.0
1248,L4,0.9772727272727272,0.00016146300834318783
1249,L4,0.8333333333333334,0.00883691016834287
1250,L4,0.9310344827586208,0.09078551213475794
1251,L4,0.9666666666666668,0.0007079111525312154
1252,L4,0.9642857142857144,0.0006247783525695771
1253,L4,0.9655172413793104,0.000270153953664809
1254,L4,1.0,0.0
1267,L4,0.9125925925925926,0.0
1273,L4,0.0,0.8656814449917898
1279,L4,1.0,0.0
128,L4,0.5365507452093683,0.05200694348575363
1280,L4,0.0,0.8217479854777295
1281,L4,0.678269517652909,0.02292490313692208
1282,L4,0.9253081943437274,0.0048390836406062565
1283,L4,0.4186046511627907,0.009577662769152173
1293,L4,0.8536197295147175,0.024185842022578563
13,L4,0.7910809500727096,0.005346563369558854
1309,L4,0.9560276679841896,0.0006422027920953699
131,L4,0.9182948490230906,0.003493829559876427
1326,L4,0.9333333333333332,0.0024909402353768817
1331,L4,0.0,0.4909182643794147
1333,L4,0.875,0.006125138848696365
1334,L4,0.8536585365853658,0.0001636394329959101
1341,L4,0.9075182967398536,0.0003549212459802442
1345,L4,0.9772727272727272,0.00047011275689556875
1346,L4,0.8441558441558441,0.024912924145426008
1353,L4,0.4817275747508305,0.21086913348333292
1355,L4,1.0,0.0
1361,L4,0.577524893314367,0.16159604388244098
1364,L4,0.9666666666666668,0.0018092781285101722
1365,L4,0.4830458060678168,0.147361041593706
1367,L4,0.8571428571428571,0.0020556234258571893
1368,L4,0.9310344827586208,0.005073027493045501
1370,L4,1.0,0.0
1371,L4,0.9,0.02272150992287103
1372,L4,0.9428571428571428,0.0
1373,L4,0.9411764705882352,0.0005366505067534444
1378,L4,0.2244015957446808,0.4772793902081501
138,L4,1.0,0.0
1380,L4,0.8160994764397905,0.042149433528989255
1381,L4,0.8222222222222222,0.015256908845630135
1384,L4,0.94,0.04085864848323961
1387,L4,0.806282722513089,0.029629800975230602
1388,L4,0.8622994652406417,0.05900136549960988
1397,L4,0.9458858413639734,0.022065271108542173
1398,L4,0.9565217391304348,0.003561657878049407
1399,L4,0.7928913192071086,0.07635009831652895
1401,L4,0.8664047151277013,0.22594351567132454
1402,L4,0.9324048913043478,0.004768423375954289
1406,L4,0.96875,0.13681588857829735
1407,L4,0.6557377049180327,0.0754892323929981
1410,L4,0.2640901771336554,0.7229336437718277
1411,L4,0.543904958677686,0.17743579846300128
1425,L4,1.0,0.0
1426,L4,0.9444003177124702,0.0
1435,L4,0.5886571056062582,0.05398209073507365
1436,L4,0.7447619047619047,0.0010259955750840932
1437,L4,0.854419410745234,0.006725932159298065
1442,L4,0.7116279069767442,0.004612562789026442
1457,L4,0.8575317604355717,0.008334293984559982
1458,L4,0.8791458427987279,0.006685491389527787
1459,L4,0.45,0.3991981739664941
1461,L4,0.9174311926605504,0.07526259364036425
1464,L4,0.8153204398938187,0.06566977765518267
1465,L4,0.8978840846366145,0.00012080161790040123
1466,L4,0.8546511627906976,0.1471194199014726
1472,L4,0.628099173553719,0.08711196292166923
1477,L4,0.8951198630136986,0.00018921318750664273
1480,L4,0.8461538461538461,0.0039015593984593755
1481,L4,0.6446540880503144,0.6567258603272167
1482,L4,0.8604651162790697,0.03152613593249465
1483,L4,0.8881179531656548,0.07052827235108272
1484,L4,0.8759439050701187,0.02391009170478986
1485,L4,0.7427055702917772,0.9462345889287328
1488,L4,0.7780487804878049,0.1160375880499166
1490,L4,0.9772727272727272,0.001411881969332951
1491,L4,0.875,0.031850669571133305
1492,L4,0.9051724137931034,0.024066950871977633
1493,L4,0.9438567941415784,0.0011078863773061887
1495,L4,1.0,0.0
1496,L4,0.5717514124293785,0.050910316731265004
1497,L4,0.9284099472494348,0.002116310394025489
1498,L4,1.0,0.0
150,L4,0.5951579284912618,0.3704382995252674
1509,L4,0.802118804388952,0.0716626254878796
1519,L4,0.9258997882851094,0.0001950197708762147
152,L4,0.8361111111111111,0.0007372244934362726
1529,L4,0.9053497942386832,0.01496483229356893
1533,L4,0.7032835820895522,0.0055345771543535704
1534,L4,0.9772727272727272,0.0019912956484614552
1535,L4,0.8154269972451791,0.014535361772066713
1536,L4,0.7979274611398963,0.0042441097074630285
1545,L4,0.7936507936507936,0.021336511187598717
1546,L4,0.5494505494505495,0.3882919218185438
1547,L4,0.9787234042553192,0.005675693345314148
1548,L4,1.0,0.0
1551,L4,0.7704918032786885,0.04465481393107085
1552,L4,0.8852071005917159,0.005791509196937827
1555,L4,0.8735795454545454,0.0026526925499834597
1559,L4,0.8338557993730408,0.007708720476818809
156,L4,0.7596302003081664,0.14030451807082644
1560,L4,0.8638838475499092,0.003623356244100817
1563,L4,0.8731182795698925,0.2258293153369042
1564,L4,0.8533333333333334,0.056275565294243934
1574,L4,0.7567567567567568,0.009429790572661245
1575,L4,0.703125,0.011270776112274672
1577,L4,0.7066950053134963,0.06700044112492809
1579,L4,0.9772727272727272,0.0021298456650266084
1583,L4,0.8,0.018453437990009425
1585,L4,0.7831962397179788,0.1455024526970834
1587,L4,0.8359659781287971,0.05626576374632464
1588,L4,0.4852941176470588,0.2944639211194662
1590,L4,0.8978658536585366,0.018674127041706234
1591,L4,0.7475177304964539,0.3034500606425795
1596,L4,0.9302325581395348,0.0005137902956191542
16,L4,1.0,0.0
1600,L4,0.926829268292683,0.0417163820443629
1601,L4,0.9291497975708504,0.04638174024093644
1619,L4,1.0,0.0
1628,L4,0.9523809523809524,0.0033909808784180484
1629,L4,0.8109756097560976,0.16503057875754246
1630,L4,0.925,0.0033972143939026145
1644,L4,0.9318181818181818,0.0003136564562170596
1645,L4,0.8711111111111111,0.011528785024481736
1646,L4,0.843010752688172,0.07399724905768412
1647,L4,0.87890625,0.0
1648,L4,0.8780487804878049,0.0
1656,L4,0.8689655172413793,0.027550508563166765
1657,L4,1.0,0.0
1665,L4,0.5308219178082192,0.19995923280759031
1666,L4,1.0,0.0
167,L4,0.8439716312056738,2.7099648058137582e-05
1678,L4,0.875,0.0013054307708494362
1684,L4,0.886117136659436,0.032887655146934036
1685,L4,0.2428093645484949,0.7910739191073919
1686,L4,0.5911016949152542,0.0007999093050750083
1689,L4,0.85553772070626,0.0
169,L4,0.5164930555555556,0.001382697149675427
1696,L4,0.9161931818181818,0.0010486114305860994
1706,L4,1.0,0.0
1715,L4,0.9666666666666668,0.0020274645041234995
1716,L4,1.0,0.0
1718,L4,0.8793103448275862,0.0004599225286970876
1727,L4,0.7779030439684329,0.14969455781383167
1728,L4,0.8992974238875878,0.03640327440967639
1729,L4,0.9238900634249472,0.010625524015227095
1730,L4,0.7546875,0.12726280002980617
1734,L4,0.9787234042553192,0.0005985304840392391
1735,L4,0.8043478260869565,0.0005614111516609732
1736,L4,0.8212669683257918,0.09691567582185312
174,L4,0.8211027370091234,0.0022105255718170014
1740,L4,0.9322235434007136,0.0006231667331040303
1744,L4,0.9714285714285714,0.00783914078762582
1746,L4,0.8108108108108109,0.05559673075049121
1752,L4,0.9642857142857144,0.004638924839001857
1769,L4,0.8360655737704918,0.001278309296799618
1771,L4,0.8378378378378378,0.00039461526615680587
1773,L4,0.9463379260333576,0.0007027956687902792
1774,L4,0.9487179487179488,0.011528429425421871
1776,L4,0.4339440694310511,0.0006419858763107
1789,L4,1.0,0.0
1796,L4,0.5,0.010274202738110083
1798,L4,0.8516129032258064,0.004858766182808005
1807,L4,0.9130434782608696,0.0442690358586183
1816,L4,1.0,0.0
1824,L4,0.8277634961439588,0.32138865417812823
1825,L4,0.8741721854304636,0.04756538146605438
1826,L4,0.9008088548318434,0.03510401411454256
1827,L4,0.8489314664701547,0.0021363521578972033
1829,L4,0.6916076845298281,0.0036510174948631846
183,L4,0.9166666666666666,0.0013168926559458116
1834,L4,0.7073170731707317,0.004534811554953833
1835,L4,0.8814520703346569,0.0016963018214191106
1843,L4,1.0,0.0
1847,L4,0.9743589743589745,0.00044575763314935735
1852,L4,0.9655172413793104,4.229950694634166e-05
1853,L4,0.7683658170914542,0.0
1858,L4,0.8108552631578947,0.10715792609547892
1863,L4,0.9791666666666666,0.010592746099024497
1869,L4,0.5730337078651685,0.2239835880509239
1879,L4,0.9642857142857144,0.00027956228863945665
1880,L4,0.9642857142857144,0.001225170487027083
1882,L4,0.8098404255319149,0.03030625911011675
1886,L4,0.9375,0.0419359864672364
1890,L4,0.4941972920696325,0.2758345491809861
1894,L4,0.975609756097561,0.0
1900,L4,0.823051948051948,0.06096077681152534
1901,L4,0.9427527405602923,0.0034225095663000804
1902,L4,0.8941398865784499,0.009899949073959746
1910,L4,0.7980295566502463,0.0026162777881317822
1911,L4,0.8668252080856124,0.00026779566699242086
1917,L4,0.8554396423248882,0.0014461127319591593
1933,L4,0.0,0.5503399868392191
1941,L4,0.7647058823529411,0.03420508482796614
1949,L4,0.6373024236037935,0.014141798127640381
1950,L4,1.0,0.0
1951,L4,0.9375,6.814437466096113e-05
1955,L4,0.9089989888776542,0.026792106222900625
1957,L4,0.9772727272727272,5.4956171322229075e-05
1978,L4,0.5189271447593684,0.007533566065709207
198,L4,0.9487179487179488,0.0001734342276151768
1981,L4,0.9,0.016460082504246465
1984,L4,0.9451851851851852,0.03214554638831202
1986,L4,1.0,0.0
1988,L4,0.8463949843260188,0.07419317306790307
2002,L4,0.9523809523809524,0.012937749522896724
2003,L4,0.5531655844155844,0.03863744179959161
2006,L4,0.8639551192145862,0.04053024874584055
2007,L4,0.9583144540099684,0.001831676340023014
2008,L4,0.6636171710063336,0.23990196968042388
2009,L4,0.9550026469031232,0.028022759617093218
2014,L4,0.9565217391304348,0.0013093384547698816
2026,L4,0.0,0.8977212506624271
2029,L4,0.8212890625,0.06888929135174615
2031,L4,0.8017777777777778,0.007052629388449638
2039,L4,0.8447611710323575,0.00389281428358057
2055,L4,0.9782608695652174,0.006685887198323637
2062,L4,0.9555555555555556,0.000694468505627599
2064,L4,0.8054794520547945,0.014254898135332317
2065,L4,0.9452363090772692,0.009452602611071281
2066,L4,0.4960727573377428,0.27883339306132116
2075,L4,0.0331220609282355,0.4209632740595121
2076,L4,0.3657182512144344,0.6045569408767203
2082,L4,0.8804347826086957,0.02843837406104488
2108,L4,0.9772727272727272,0.031677477726807624
211,L4,0.9682457053617908,0.0032807285479948822
2110,L4,0.9436507936507936,0.0020834942940377577
2118,L4,0.849609375,0.0016520429982017637
2127,L4,0.8223519599666389,0.04104751240986099
2136,L4,0.9178221170104836,0.004447834565657505
2137,L4,0.8157894736842105,0.07034912602743248
2148,L4,0.8846726190476191,0.00384240910114797
217,L4,0.9375,0.19665096711089913
2170,L4,0.96875,0.0003272412175704398
2176,L4,0.7988980716253443,0.06123421033436194
2178,L4,0.4207317073170731,0.08100376404299225
2182,L4,0.9583333333333334,0.006174970186295425
2188,L4,0.6216640502354788,0.0009266261807115983
2208,L4,0.8783783783783784,0.10776128576422783
2211,L4,0.9383680555555556,0.010107090624982606
2213,L4,0.8005494505494506,0.010577622745275399
2214,L4,0.7862407862407862,0.003910378355527433
2221,L4,0.8363514419852448,0.005185092053446416
2226,L4,0.8174386920980926,0.007858435203573766
2227,L4,0.822508896797153,0.015609452195512352
223,L4,0.5759229534510434,0.0345429665006628
2237,L4,0.7922192749778957,0.05650510204081638
2241,L4,0.8742857142857143,0.01188029344199859
2244,L4,1.0,0.0
2245,L4,0.8285714285714286,0.03167567177659347
2246,L4,0.9642857142857144,0.0006892031774806684
2248,L4,0.9534883720930232,0.004413991541482476
2259,L4,0.9791666666666666,0.0007897350621119958
2272,L4,0.8488843813387424,0.028995371785527913
2277,L4,0.6600517687661778,0.1630045917903904
2278,L4,0.1531531531531531,0.489451095921091
228,L4,0.6178640776699029,0.02382633588688776
2293,L4,0.3613049829573121,0.2766253654554522
2326,L4,0.8164447017950203,0.08686722798295843
233,L4,0.9168285361116016,1.94376751520009e-05
234,L4,0.8209876543209876,0.0010951394759247668
2344,L4,0.5012658227848101,0.12685848865593663
2353,L4,0.8611481975967957,0.011521567476376116
2364,L4,0.8206896551724138,0.006798166239378012
238,L4,0.7658119658119659,0.8151237723104419
2384,L4,0.9343715239154616,0.033835395043292804
2386,L4,0.9276353276353276,0.028885903505190602
2388,L4,0.7172720146328717,0.18529380532086615
2389,L4,0.8540458784976053,0.011062154300015892
2392,L4,0.6145092460881935,0.27127016035445506
2395,L4,0.3290322580645161,0.14546194260183554
2399,L4,0.5483870967741935,0.19702591362103827
2400,L4,0.8766704849179076,0.02929313199358541
2401,L4,0.5011148272017837,0.32184889207652584
2406,L4,0.9270326615705352,0.00013261766213323867
2423,L4,0.8827701293283271,0.06433777251203177
2424,L4,0.7144,0.07752924457008015
2430,L4,0.8309178743961353,0.004710893448558351
2442,L4,0.7259684361549498,0.004388924285662732
2459,L4,0.6582278481012658,0.07286703416530582
246,L4,1.0,0.0
2472,L4,0.8879492600422833,0.002557352867723073
2474,L4,0.7232772653282691,0.01169212366603567
2486,L4,0.7608695652173914,0.02410141522414333
2489,L4,0.6649934932143521,0.07623326897012306
25,L4,0.8563829787234043,0.042306170715690206
2503,L4,0.8365679264555669,0.02294330992158089
2504,L4,0.3819444444444444,0.2790051883126431
2511,L4,0.8921161825726142,0.02697472501255821
2520,L4,0.9092261904761904,0.006811743625881661
2522,L4,0.75625,0.00038535806205919343
2523,L4,0.3077943615257048,0.0007679627760024399
2532,L4,0.7198774676650783,0.042475646927551125
2533,L4,0.7890851568679146,0.008087654025971225
2537,L4,0.6760912698412699,0.11908450831455697
2542,L4,0.4958083832335329,0.6240346931392364
2545,L4,0.723404255319149,0.0020000594723352805
2555,L4,0.1730646871686108,0.1208697958101299
2556,L4,0.7931034482758621,0.022674565114359835
2557,L4,0.9570494864612512,0.000597784486975228
256,L4,0.910465819721718,0.0011081697605291874
2565,L4,0.3117408906882591,0.47527109916033045
2575,L4,0.9473864024598564,0.04895180419339773
2577,L4,0.9767441860465116,0.0007777174655230201
2581,L4,0.9016393442622952,0.0641535713003556
2582,L4,0.7301587301587301,0.08597309913231077
2589,L4,0.8837209302325582,0.32841065868867175
2590,L4,0.8285714285714286,0.050370530016855874
2591,L4,0.7428571428571429,0.35188019539979615
2592,L4,0.967741935483871,0.020372174787461006
2593,L4,0.8916537065837221,0.011045979482268153
2594,L4,0.8477443609022557,0.0049457000462937994
2602,L4,0.2658602150537634,0.158478226589007
2605,L4,0.21240234375,0.2659728607610928
2608,L4,0.8353376503237743,0.08319283233940167
2609,L4,0.4605785592739648,0.5781156967112115
262,L4,0.9025326170376056,0.0003309286789942023
2623,L4,0.2666666666666666,0.44149933257101154
263,L4,0.8893594494441504,0.002201332367817166
2656,L4,0.6372354497354498,0.2151337064916758
2660,L4,0.9231292517006804,0.00044930061482351125
2680,L4,0.6842105263157895,0.007625798124898275
2685,L4,0.8273155416012559,0.0019393052687439738
2701,L4,0.9666666666666668,0.00021032567052936546
2703,L4,0.90625,0.005878701494541283
2705,L4,0.6603081438004402,0.04214963282068729
2706,L4,0.5050268880056115,0.2906703793295233
2716,L4,0.2666666666666666,0.30159842569071105
2720,L4,0.7941176470588235,0.11706091740911129
2721,L4,0.7064150943396227,0.7692751949177015
2723,L4,0.9151785714285714,0.014499384760960798
2740,L4,0.5432380952380952,0.19802453646069262
2752,L4,0.9365244536940688,0.10112882351331165
2754,L4,0.9247311827956988,0.2597036470013473
2766,L4,1.0,0.0
2768,L4,0.6452173913043479,0.2511256316097876
2771,L4,0.8748855660665242,0.0876895229957233
2781,L4,0.9148936170212766,0.027258412285069866
2782,L4,0.8951902368987796,0.00193169776526525
2784,L4,0.4259549973835688,0.6597896711099203
2787,L4,0.6623376623376623,0.10597209862412482
2794,L4,0.8731182795698925,0.019750257372230573
28,L4,0.9655172413793104,0.02926165446752005
2801,L4,0.9058823529411764,0.030156685070789446
2807,L4,0.8429268292682927,0.002366407688457195
2810,L4,0.5327050997782705,0.17578032716517578
2816,L4,0.9456845238095238,0.0
2825,L4,0.907258064516129,0.0008091845960207511
2827,L4,0.9115612648221344,0.20453539555005085
2835,L4,0.5058139534883721,0.14839400480256792
284,L4,0.8711111111111111,0.002431246458550196
2846,L4,0.5,0.2072648944688842
2866,L4,0.6555987283645355,0.051412858930495076
2871,L4,0.958408273381295,0.003646757538682044
2875,L4,0.9310344827586208,0.0007473144945723265
2877,L4,0.968470588235294,0.021145503363500517
2878,L4,0.7539543057996485,0.03087547385337286
2882,L4,0.6380208333333334,0.16952014990867903
2883,L4,0.8421052631578947,0.007108052426124334
2884,L4,0.7081038552321007,0.001823342235701353
2885,L4,0.3562895291637385,0.16817258445421268
2886,L4,0.7993447993447993,0.024200664923347492
2891,L4,0.7078189300411523,0.0002964663849568394
2895,L4,0.8419354838709677,0.01301520618297669
2897,L4,0.8669783255418615,0.0013396550543027796
2898,L4,0.9375,0.0005122010191300763
2910,L4,0.4903022890092608,0.0146799431009957
2912,L4,0.5229192632599363,0.4129669494293504
2916,L4,0.9777777777777776,0.017065253386978063
2920,L4,0.914206321639458,0.07120348299084356
2924,L4,0.7184325108853411,0.12527369925823306
2927,L4,0.5559380378657487,0.0073302914727744195
2933,L4,0.8717008797653959,0.060127469603784456
2940,L4,0.1799280287884846,0.8402625628076131
2941,L4,0.8847303443794672,0.001289506211522795
2943,L4,0.3481618782823602,0.5656417861081606
2947,L4,0.6930091185410334,0.044368147576603234
2951,L4,0.9203508771929824,0.02190945650798548
2955,L4,0.8525345622119815,0.004492080092941553
2957,L4,0.3085955140749661,0.36533296502100016
2958,L4,0.9387755102040816,0.006511095271613865
2959,L4,0.7747368421052632,0.010684020705440389
296,L4,0.6690058479532164,0.3505226661530142
2961,L4,0.9772727272727272,0.0016831710074693973
2968,L4,0.6029694803409403,0.008620240655066391
2969,L4,0.7680525164113785,0.01972808817688332
2977,L4,0.0,0.914538822303283
2978,L4,0.6607142857142857,0.008379712800631989
2979,L4,0.9090909090909092,0.0019415803336664261
2980,L4,0.8744740532959326,0.003008289275031606
2981,L4,0.9384765625,0.0040951523544587864
2982,L4,0.7911458333333333,0.9040152963671128
2984,L4,0.6789447486311598,0.016713807288563642
2990,L4,0.6427027027027027,0.2122506033435443
2991,L4,0.7889838556505223,0.002916522218558093
3001,L4,0.9393939393939394,0.0011913017124865
3008,L4,0.8571428571428571,0.023214177115880252
3015,L4,0.8688524590163934,0.0001014864189664566
3016,L4,0.8571428571428571,0.10670344644435137
3018,L4,0.9366327474560592,0.002755923588701359
3021,L4,0.9298469387755102,0.001216392316978232
3031,L4,0.5989304812834224,0.1780410816752954
3039,L4,0.6054054054054054,0.6412017864393017
304,L4,0.8679135008766803,0.08160880604852683
3045,L4,0.6170842824601367,0.0038887879215884213
3046,L4,0.8459837877671333,0.0157951060042818
3047,L4,0.2160337552742616,0.023521404013566838
3051,L4,0.8321479374110953,0.0015101635967204041
3056,L4,0.7257646448937273,0.11639304338407053
3063,L4,0.9302325581395348,0.0008765126794363365
311,L4,0.8569909622541202,0.0039066398508641464
32,L4,0.8260536398467433,0.26063271838331736
321,L4,0.8787269681742044,0.008656584609587847
323,L4,0.8088235294117647,0.0005435678466091387
324,L4,0.7384615384615385,0.33852741841647704
332,L4,0.9472259810554804,0.0
333,L4,0.8856181665264928,0.0347969301136678
350,L4,0.8589385474860335,0.0011885180856743283
351,L4,0.8208874458874459,0.0008649770323749806
354,L4,0.8870351060132082,0.012463858542968942
404,L4,0.8728571428571429,0.006755501507659578
41,L4,0.8229665071770335,0.0011109719961603925
415,L4,0.7397727272727272,0.09611831357114653
429,L4,0.5178571428571429,0.07672469266482895
442,L4,0.8816173405585661,0.0005513554007886556
443,L4,0.6613230145568454,0.004781272133190018
445,L4,0.9313019390581716,0.0044949661178183
452,L4,0.5735003295978905,0.02276140765690393
457,L4,0.7398867313915858,0.9760429489565283
472,L4,0.8482142857142857,0.0016212267831103855
473,L4,0.9696969696969696,0.0004780953360263851
475,L4,0.9393939393939394,0.0002596598518136428
482,L4,0.8188552188552188,0.0008508242247386999
483,L4,0.9344444444444444,0.007623539180282801
484,L4,1.0,0.0
486,L4,0.8459972862957937,9.452065041481994e-05
494,L4,1.0,0.0
500,L4,1.0,0.0
506,L4,0.9570494864612512,0.0012176610425151946
507,L4,0.90524379024839,0.0006273563343591748
518,L4,0.1957040572792363,0.8254336358992036
519,L4,1.0,0.0
543,L4,0.8269230769230769,0.0005904204492815923
55,L4,0.7483640690065437,0.07252634960773541
550,L4,0.9767441860465116,0.0015231058396526498
551,L4,0.90625,0.002039184075042777
558,L4,0.8581907090464548,0.002146755821431978
56,L4,0.8205128205128205,0.005768497330282285
561,L4,0.927211646136618,0.03478934777451148
562,L4,0.9782608695652174,0.0005782853838369739
563,L4,0.6666666666666666,0.005029738852119547
579,L4,0.7444852941176471,0.3059556247567147
581,L4,0.7419786096256684,0.0040634233698854105
589,L4,0.8903118040089086,0.00043181173844020204
590,L4,0.9331797235023042,0.048020260092164424
592,L4,0.8688639551192145,0.08732655753867569
593,L4,0.9466666666666668,0.0004056530131658631
601,L4,0.8811475409836066,0.0003808407887622156
604,L4,0.9246575342465754,0.0006112184770810103
614,L4,0.8212019410227697,0.00013328595704331647
616,L4,0.8536585365853658,0.0017273383839804257
621,L4,0.8713272543059777,0.001163030885258598
623,L4,0.4356435643564356,0.013006159570923548
630,L4,0.9143686502177067,0.030786602077980896
633,L4,0.9020332717190388,0.0004002660623414478
66,L4,0.728,0.0049324596313725655
67,L4,0.8619528619528619,0.0013074922479511253
670,L4,0.6830818109610802,0.0012584591543316481
675,L4,0.647721454173067,0.49107900289879797
681,L4,0.9495215311004784,0.0055616014297503735
687,L4,0.9028094153378892,0.0004339774665234053
694,L4,0.8855005753739931,0.0043998723384593985
695,L4,0.9310344827586208,0.005907444668008077
7,L4,0.0027063599458728,0.7928440739987802
70,L4,0.7985803016858918,0.07836600794525983
712,L4,1.0,0.0
713,L4,1.0,0.0
714,L4,0.8372093023255814,0.0003016064312544309
723,L4,0.8152173913043478,0.00037653497167156047
727,L4,0.6557050323866468,0.12417977791649015
729,L4,0.9069767441860463,0.007917151593512473
761,L4,0.464,0.09711638623572272
762,L4,0.0,0.9526157217200768
764,L4,0.7101200686106347,0.14035974189310174
769,L4,0.8460850111856824,0.03803742004081567
776,L4,0.8951115329852871,0.0022309086969136693
780,L4,0.4112388250319285,0.5525752824504659
781,L4,0.900974025974026,0.027288123262217023
782,L4,0.7534797401793999,0.024400546069266893
794,L4,0.9141234918381832,0.019844495812987972
828,L4,0.9310344827586208,0.006429849590402603
837,L4,0.9181141439205956,0.04798665128947566
847,L4,0.9074074074074074,0.0006171680857720574
856,L4,0.935244686109738,0.018436930925775363
86,L4,0.681207400194742,0.07393593391833786
865,L4,0.8345902463549523,0.08161729058016531
867,L4,0.947565543071161,0.003785671489594855
868,L4,0.7182724252491695,0.1442202318435477
900,L4,0.882,0.036424647234970076
915,L4,0.5912518853695324,0.08092536335477729
921,L4,0.8945331398161587,0.16576411687293438
922,L4,0.9555555555555556,0.010211312563840669
929,L4,0.95,0.015787862953658194
93,L4,0.7441860465116279,0.000975580534601006
933,L4,0.967741935483871,0.05199664117965985
935,L4,0.9310344827586208,0.006378560342754858
939,L4,0.0,0.8141097424412094
942,L4,0.8947368421052632,0.00024269759957895598
943,L4,0.8731182795698925,0.0004611443680142546
944,L4,1.0,0.0
945,L4,1.0,0.0
954,L4,0.9333333333333332,0.012894966168588484
956,L4,1.0,0.0
958,L4,0.9352657004830918,0.01421611667372269
960,L4,0.967741935483871,0.005597313187354236
963,L4,0.8226068144943213,0.06268844357032788
982,L4,0.93841642228739,0.0016549723998475763
99,L4,0.9555555555555556,0.0015781891424563321
992,L4,0.8368121442125237,0.0016975868321942311
994,L4,0.8760852407261247,0.018043382153870913
100,L5,0.7441860465116279,0.013752118751778064
1004,L5,0.8037037037037037,0.021042438074541425
1007,L5,1.0,0.0
1008,L5,0.9253731343283582,0.009656118561947369
1011,L5,0.848989898989899,0.0025777505112383192
1015,L5,0.9256661991584852,0.009787495835037574
1016,L5,0.9607843137254902,0.00727270578485173
102,L5,0.8947368421052632,0.01993657501031887
1023,L5,0.8502781992918563,0.006033662584540189
1027,L5,0.81859410430839,0.040915964065624366
1029,L5,0.0,0.4676258992805755
1031,L5,0.0,0.8929537140130428
1035,L5,0.9487179487179488,0.1594676311674178
1037,L5,0.927891156462585,0.0005858473253738117
1039,L5,0.8583509513742071,0.006843731304863487
1040,L5,0.751219512195122,0.008560675607512391
1041,L5,0.8089136490250697,0.002117041286345933
1047,L5,0.9294653014789532,0.014811665900422821
1053,L5,0.9559939301972686,4.8507020945942614e-05
1054,L5,0.6620125180548868,0.031326273234571156
1057,L5,0.9142857142857144,0.05304567762395351
1060,L5,0.8488767869298843,0.001325380383693453
1061,L5,0.8083400160384924,0.10425527226250031
1069,L5,0.7992388201712655,0.028239222859365087
1072,L5,0.9069767441860463,0.19732037880736308
1073,L5,0.4186046511627907,0.34483869679624257
1074,L5,0.9534883720930232,0.0004124829301432875
1078,L5,0.8969359331476323,0.0032515404322959185
108,L5,0.9276782696857048,0.016278376766324043
1084,L5,0.8730512249443207,0.07849612883937829
1085,L5,0.9144303797468356,0.29432855059737195
1089,L5,1.0,0.0
1092,L5,0.9560276679841896,0.00030216249339998225
1093,L5,0.8112488083889419,0.324141610568605
1096,L5,0.918918918918919,0.02026988017155129
1103,L5,0.9008863819500404,0.014874775237754267
1107,L5,0.8064348728593669,0.06737161896930649
1111,L5,0.0,0.8713924050632912
1113,L5,0.9148936170212766,0.004346540099422591
1114,L5,0.979591836734694,0.000308029265921439
1118,L5,0.93058568329718,0.0009725261366400062
1120,L5,0.8710330857528696,0.0020763069022976532
1123,L5,0.9083750894774516,0.0015301844851248747
1124,L5,0.2457002457002457,0.0094339622641509
1125,L5,0.8931034482758621,0.008549280956401728
1126,L5,0.908385093167702,0.01445868427618302
1130,L5,0.8614864864864865,0.023671847577671823
1134,L5,0.8689655172413793,0.007825852660025778
1137,L5,0.9342770475227502,0.004528346293898755
1138,L5,0.9777777777777776,0.002927754550412165
114,L5,0.8823529411764706,3.665911209482786e-05
1140,L5,1.0,0.0
1144,L5,0.9767441860465116,0.00046458275157823525
1146,L5,0.9772727272727272,0.0
1148,L5,0.6976744186046512,0.00024197206145004646
1149,L5,0.924924924924925,0.0
1150,L5,0.7251461988304093,0.039284423890553755
1156,L5,0.7600806451612904,0.05792239598152865
1160,L5,0.8803174603174603,0.36339114587113996
1163,L5,0.8787878787878788,0.0605239533758225
1165,L5,0.5803964757709251,0.05401323014743853
1169,L5,0.8915032679738563,0.004084965431473742
117,L5,0.9134948096885812,4.898771223815768e-05
1170,L5,0.8361111111111111,0.01780321713463784
1177,L5,0.5853658536585366,0.18192011373469275
1178,L5,0.967741935483871,0.07834415857061011
1179,L5,0.8509585652442795,0.0
1189,L5,1.0,0.0
1192,L5,1.0,0.0
121,L5,0.3478186190312607,0.5229451431772287
1211,L5,0.8387096774193549,0.001132249785577466
122,L5,0.9355983772819472,0.0
1223,L5,0.164021164021164,0.5512318305001233
1225,L5,0.703030303030303,0.08569238417387737
1239,L5,0.9022366522366524,0.004954659520951643
124,L5,0.7321428571428571,0.07137989521625954
1241,L5,0.9696969696969696,0.002175908952476824
1243,L5,0.935483870967742,0.009066361855669336
1246,L5,1.0,0.0
1247,L5,1.0,0.0
1248,L5,0.8630824372759857,0.00014897630314036903
1249,L5,0.9761904761904762,0.0015882210650945972
1250,L5,0.8709677419354839,0.08880358385798548
1251,L5,0.9666666666666668,0.0007079111525312154
1252,L5,1.0,0.0
1253,L5,0.935483870967742,0.00026999629159640826
1254,L5,0.7390029325513197,0.019319023845097982
1267,L5,0.0,0.0
1273,L5,1.0,0.0
1279,L5,0.8162790697674419,0.07886190810837745
128,L5,0.8727272727272727,0.05826484796329645
1280,L5,0.0,0.8217479854777295
1281,L5,0.91581868640148,0.00159510748431968
1282,L5,0.9666666666666668,0.004683646823510412
1283,L5,0.8918518518518519,0.0069934937961444454
1293,L5,0.925,0.037781523643122705
13,L5,0.707945205479452,0.0024414224491299263
1309,L5,1.0,0.0
131,L5,0.9565217391304348,7.980172160881871e-05
1326,L5,0.84375,0.005475416959506596
1331,L5,0.0,0.4909182643794147
1333,L5,0.96875,0.0010580154693600186
1334,L5,1.0,0.0
1341,L5,0.9068027210884354,0.002896627246903205
1345,L5,0.9333333333333332,0.0005239378487493784
1346,L5,0.0,0.652086137281292
1353,L5,0.8724637681159421,0.003142089060384712
1355,L5,0.9333333333333332,0.02745005610500506
1361,L5,0.3379807692307692,0.3263026489851544
1364,L5,0.9666666666666668,0.0018092781285101722
1365,L5,0.7938044530493708,0.005869076389618533
1367,L5,1.0,0.0
1368,L5,0.84,0.009559829373784745
1370,L5,0.9655172413793104,0.015095630171781615
1371,L5,0.9,0.02272150992287103
1372,L5,0.9722222222222222,0.0002703706071374157
1373,L5,0.90625,0.015261378373150558
1378,L5,0.9265614275909404,0.009463298254127173
138,L5,0.9148936170212766,0.0016448093471026493
1380,L5,0.8357142857142857,0.061243940211897274
1381,L5,0.9347826086956522,0.04515868230456943
1384,L5,0.660377358490566,0.0018637007140678286
1387,L5,0.9565217391304348,0.028301747359008478
1388,L5,0.7157894736842105,0.018907463883621634
1397,L5,0.8222222222222222,0.015120056957158678
1398,L5,0.9777777777777776,0.0013619885240819807
1399,L5,0.9375,0.015766797872785565
1401,L5,0.0,0.8444546709618039
1402,L5,0.6847826086956522,0.314940510454136
1406,L5,0.8480243161094225,0.10052992055665816
1407,L5,0.7324185248713551,0.5393338189161855
1410,L5,0.2616226071103008,0.7229336437718277
1411,L5,0.9743589743589745,0.003972042567941925
1425,L5,0.9127789046653144,0.0015607268873167879
1426,L5,0.9017595307917888,0.0013170581723638275
1435,L5,0.838189708617483,0.008528011616986908
1436,L5,0.9345794392523364,0.0005213164051395269
1437,L5,0.8848553601815088,0.026040526330267544
1442,L5,0.783083771752327,0.09936686065530087
1457,L5,0.7226765799256506,0.1676820933016372
1458,L5,0.8006206361520558,0.024562161112653857
1459,L5,0.8682170542635659,0.02806850310693154
1461,L5,0.8113289760348584,0.18014497821880238
1464,L5,0.9601891998423334,0.0038327896896519498
1465,L5,0.905625,0.0012318693647753731
1466,L5,0.8581560283687943,0.056950923131198206
1472,L5,0.8702090592334495,0.10050660506481202
1477,L5,0.8247582205029014,0.0014669094980618302
1480,L5,0.7119741100323624,0.015177460817646482
1481,L5,0.8709844559585492,0.031346847344820294
1482,L5,1.0,0.0
1483,L5,0.8924640135478408,0.0005418689721923275
1484,L5,0.7969639468690702,0.0009598135787691753
1485,L5,0.7427055702917772,0.9462345889287328
1488,L5,0.848780487804878,0.10175962308639452
1490,L5,0.7658314350797266,0.03363082066715717
1491,L5,0.9696969696969696,0.002243108687418005
1492,L5,0.9022222222222224,0.023571063039644347
1493,L5,0.8432624113475178,0.1474608571620224
1495,L5,1.0,0.0
1496,L5,0.9513571620532116,0.053923530715578205
1497,L5,0.5159914712153518,0.1618362283759761
1498,L5,0.9047619047619048,0.011275339957778574
150,L5,0.5909973521624007,0.31050502946605296
1509,L5,0.8755573571139035,0.0026538198922690936
1519,L5,0.8067226890756303,0.014861873443109075
152,L5,0.7940298507462686,0.0005481704810196275
1529,L5,1.0,0.0
1533,L5,0.7492211838006231,0.17920631424058792
1534,L5,1.0,0.0
1535,L5,0.7078651685393258,0.05188808321445515
1536,L5,0.7520661157024794,0.033305059355898115
1545,L5,0.4973544973544973,0.1663602467717088
1546,L5,0.8524590163934426,0.03161801885980253
1547,L5,0.9375,0.005426413127627261
1548,L5,0.8998628257887518,0.04755081234789926
1551,L5,0.7424242424242424,0.19689020171941718
1552,L5,0.7896117523609654,0.013396695498712918
1555,L5,0.8282828282828283,0.009324163003858299
1559,L5,0.9039039039039038,0.021396110288854464
156,L5,0.9244011976047904,0.00024146282616277492
1560,L5,0.677115987460815,0.0008355121063999826
1563,L5,0.775,0.015019044312270968
1564,L5,0.9406858202038924,0.02656110097395059
1574,L5,0.972972972972973,0.00021989502390240556
1575,L5,0.8465608465608465,0.0004672277293688021
1577,L5,0.9333333333333332,0.00117719061650845
1579,L5,0.9322997416020672,0.006812404151474105
1583,L5,0.7899641577060932,0.019845271485649296
1585,L5,0.7798270893371758,0.09056832474431042
1587,L5,0.6316489361702128,0.20753128420716072
1588,L5,0.832807570977918,0.0027027499054610438
1590,L5,0.8292682926829268,0.007176404821855997
1591,L5,0.748792270531401,0.4830734817018991
1596,L5,0.9523809523809524,0.0005137902956191542
16,L5,0.96875,0.018087438435332226
1600,L5,0.9318181818181818,0.11530659770097207
1601,L5,0.8666666666666667,0.025156111806069914
1619,L5,0.9333333333333332,0.00157284105596589
1628,L5,0.909382518043304,0.009969432758265895
1629,L5,0.8673913043478261,0.13378845883914436
1630,L5,0.925,0.0033972143939026145
1644,L5,0.9761904761904762,0.0005377688540787462
1645,L5,1.0,0.0
1646,L5,0.9043010752688172,0.05538718984097124
1647,L5,0.908203125,0.0
1648,L5,0.8362369337979094,0.0009695333513488613
1656,L5,1.0,0.0
1657,L5,0.9655172413793104,0.01026955010695807
1665,L5,0.96875,0.01588618485742377
1666,L5,0.9642857142857144,0.15008923777379835
167,L5,0.9767441860465116,0.00020498929423540257
1678,L5,0.8608695652173913,0.0007853243328084236
1684,L5,0.0,0.4897400820793434
1685,L5,0.2465392221489782,0.7910739191073919
1686,L5,0.7473972602739726,0.0008633470449728176
1689,L5,0.978021978021978,0.0
169,L5,0.9356060606060606,0.0002881190467496353
1696,L5,0.9772727272727272,0.000261844297315017
1706,L5,0.9285714285714286,0.031288163902777666
1715,L5,1.0,0.0
1716,L5,0.8905380333951762,0.004885150458547094
1718,L5,0.9206349206349206,0.000740512718282571
1727,L5,0.9175531914893617,0.0021467371930270485
1728,L5,0.915356306457009,0.036016513664907435
1729,L5,0.7954545454545454,0.08128606266994498
1730,L5,0.5222523905087947,0.009472110260227873
1734,L5,0.8788282290279628,0.002224247858468753
1735,L5,0.9782608695652174,0.00011274660945137516
1736,L5,0.9457013574660632,0.007778373668751115
174,L5,0.9285714285714286,0.00022434842086704876
1740,L5,0.6534576534576535,0.008561160097486198
1744,L5,0.8823529411764706,0.012442872243468517
1746,L5,0.8378378378378378,0.03571999746679677
1752,L5,0.9642857142857144,0.004638924839001857
1769,L5,0.7023474178403756,0.0031918760941728186
1771,L5,0.972972972972973,0.0
1773,L5,0.8594073053066851,0.0018925092574000324
1774,L5,1.0,0.0
1776,L5,0.8592092574734812,0.0002037737816569
1789,L5,1.0,0.0
1796,L5,0.8743754461099215,0.7714766984839978
1798,L5,0.5633351149118119,0.008144384751377465
1807,L5,0.9333333333333332,0.04549703198724675
1816,L5,0.8711111111111111,0.002079745040833192
1824,L5,0.9188835586567816,0.0022968759541069916
1825,L5,0.8797814207650273,0.22322735076639721
1826,L5,0.8885030864197531,0.01122558824264741
1827,L5,0.8603945371775418,0.02026696241268422
1829,L5,0.8956310679611651,0.00033957820014662854
183,L5,0.8888888888888888,0.000665730576291601
1834,L5,0.8333333333333334,0.0012195292407469749
1835,L5,0.8904040404040404,0.5904191040514437
1843,L5,0.84,0.05104942450914007
1847,L5,0.8575317604355717,0.0185329296205321
1852,L5,0.9310344827586208,0.006441844680859621
1853,L5,0.0,0.0
1858,L5,0.8571820175438597,0.09568449517889166
1863,L5,0.920033319450229,0.03838116144218462
1869,L5,0.9153846153846154,0.006391637841554498
1879,L5,0.8668252080856124,0.006747995176838328
1880,L5,1.0,0.0
1882,L5,0.9523809523809524,0.0017771071517485026
1886,L5,0.967741935483871,0.011816443480747174
1890,L5,0.7994470228103091,0.07008456448299832
1894,L5,0.7769423558897243,0.0
1900,L5,0.8368860055607044,0.04140429763016196
1901,L5,0.8206039076376554,0.04554774878705625
1902,L5,0.5090126446058649,0.11163705584926664
1910,L5,0.7431192660550459,0.00741605472917839
1911,L5,1.0,0.0
1917,L5,0.8677248677248677,0.0005646387190008095
1933,L5,0.0,0.5503399868392191
1941,L5,0.8828522920203735,0.01847885947015493
1949,L5,0.8888888888888888,0.021660275923994443
1950,L5,0.9333333333333332,0.0002531645569621155
1951,L5,0.9090909090909092,0.00010925999204436376
1955,L5,0.9071358748778104,0.0037762536361453103
1957,L5,0.9772727272727272,5.4956171322229075e-05
1978,L5,0.8980891719745223,0.021962182379421935
198,L5,0.7662538699690402,0.08760269563280842
1981,L5,0.9166666666666666,0.011520874649349033
1984,L5,0.9777777777777776,0.0004269059521856411
1986,L5,0.96875,0.0012030566554300792
1988,L5,0.6650246305418719,0.3666194934881144
2002,L5,0.8737864077669902,0.0155945870738875
2003,L5,0.5227272727272727,0.06883621433550535
2006,L5,0.7704918032786885,0.06830481640186592
2007,L5,0.9375,0.015299823633156961
2008,L5,0.9136855923859534,0.006282440031350922
2009,L5,0.9322033898305084,0.018994115227230823
2014,L5,0.3864734299516908,0.2792300958449936
2026,L5,0.779891304347826,0.3361513406051908
2029,L5,0.8641114982578397,0.002840929758830102
2031,L5,0.8046554084892743,0.006356876296848557
2039,L5,0.8170640834575261,0.005089159190349579
2055,L5,0.8340425531914893,0.04354195720608145
2062,L5,0.9772727272727272,0.0002527869147891382
2064,L5,0.9462209302325582,0.001462834727747775
2065,L5,0.9761904761904762,0.0032258827389777256
2066,L5,1.0,0.0
2075,L5,0.2558073654390935,0.4200432339123057
2076,L5,0.6321660985435389,0.0001014919313914
2082,L5,0.8779739063699156,0.006482600655565385
2108,L5,0.8482844150475403,0.14537987393619223
211,L5,0.8801799668482122,0.2102839524908957
2110,L5,0.9210097719869706,0.0
2118,L5,0.935483870967742,0.0010015453348888315
2127,L5,0.7386363636363636,0.348667028482686
2136,L5,0.9334664005322688,0.00415884445430148
2137,L5,0.5760743321718932,0.10184020475045197
2148,L5,0.9761904761904762,0.00034325468188356467
217,L5,0.9516129032258064,0.0043850012860300325
2170,L5,1.0,0.0
2176,L5,0.967741935483871,0.021065470860336832
2178,L5,0.3125605424604455,0.10248563921005027
2182,L5,0.9787234042553192,0.004671153538168715
2188,L5,0.9347826086956522,0.0005479889726870413
2208,L5,0.8734177215189873,0.06574533637720037
2211,L5,0.5699339207048458,0.1240268562582949
2213,L5,0.6332029552368535,0.018896524216821302
2214,L5,0.967741935483871,0.003532029764875877
2221,L5,0.9491638795986622,0.0008850164377482983
2226,L5,0.9342770475227502,0.0005286383048326293
2227,L5,0.7040169133192389,0.024315671387079574
223,L5,0.7100401606425703,0.0005305592371441792
2237,L5,0.8648648648648649,0.04908094163173171
2241,L5,0.7310327328089318,0.051280512899226194
2244,L5,0.9761904761904762,0.001909535068603807
2245,L5,0.9375,0.008648114793843198
2246,L5,1.0,0.0
2248,L5,0.9767441860465116,0.0019487866648504326
2259,L5,0.6427350427350428,0.021750355312953995
2272,L5,0.8051948051948052,0.04816984383157141
2277,L5,0.8823529411764706,0.016107558438604896
2278,L5,1.0,0.0
228,L5,0.944313725490196,0.0001377856390725185
2293,L5,0.9036658141517476,0.007160220016947716
2326,L5,0.8113095238095238,0.13588711158214983
233,L5,0.8627450980392157,0.0013072841651388112
234,L5,0.8202247191011236,0.00234827808161997
2344,L5,0.544396358752425,0.18038939199660875
2353,L5,0.4680851063829787,0.25646646950581964
2364,L5,0.8615384615384616,0.002213176016428342
238,L5,0.8524216524216525,0.6561718087702624
2384,L5,0.9032258064516128,0.034450597646073056
2386,L5,0.9282380396732788,0.02202441047500736
2388,L5,0.7183734939759037,0.18230136555637866
2389,L5,0.458498023715415,0.1382125881086117
2392,L5,0.526829268292683,0.3227566154338529
2395,L5,0.9050772626931568,0.0332870744353998
2399,L5,0.7676470588235295,0.06594807060729871
2400,L5,0.8588052754072925,0.03246537730552235
2401,L5,0.9666666666666668,0.003108237105659828
2406,L5,0.9215686274509804,0.0010869583009369688
2423,L5,0.8299180327868853,0.15876518097546255
2424,L5,0.7731601731601732,0.03150703941060706
2430,L5,0.9347826086956522,0.0036111882553996333
2442,L5,0.7948717948717948,0.011765763381060612
2459,L5,0.8495575221238938,0.036763473774701905
246,L5,1.0,0.0
2472,L5,0.9090909090909092,0.0014927499506123265
2474,L5,0.9090909090909092,0.02631067321632874
2486,L5,0.8741905642923219,0.021025915523820826
2489,L5,0.9033778476040848,0.009341518754769407
25,L5,0.886968085106383,0.03560525593860575
2503,L5,0.8413461538461539,0.018104077054912016
2504,L5,0.732824427480916,0.09252462339312306
2511,L5,0.8122222222222222,0.22889404763571708
2520,L5,0.8699572852396773,0.006990301001907007
2522,L5,0.9287598944591028,0.00014497833796200954
2523,L5,0.7111111111111111,0.0010594160989744195
2532,L5,0.7440476190476191,0.00017201816294187822
2533,L5,0.8950358851674641,0.008275598436550236
2537,L5,0.7519031141868512,0.003984684142928296
2542,L5,0.8670634920634921,0.0014808894443916198
2545,L5,1.0,0.0
2555,L5,0.0,0.0674244957093502
2556,L5,0.975609756097561,0.00024050303180389587
2557,L5,0.8981132075471698,0.0012948307564243366
256,L5,0.9555555555555556,0.0006946121393767157
2565,L5,0.8023100844069303,0.03640740296578482
2575,L5,0.9624113475177304,0.0013137351882526183
2577,L5,0.5188164320597529,0.008766497699579046
2581,L5,0.5400981996726678,0.22464872474643738
2582,L5,0.8410737111205795,0.0016510154900440943
2589,L5,0.7441860465116279,0.06351575960308747
2590,L5,1.0,0.0
2591,L5,0.9209225700164744,0.0581713382037668
2592,L5,0.9032258064516128,0.1182727817257665
2593,L5,0.9544468546637744,0.0027577430614091902
2594,L5,0.7857142857142857,0.011783983106117057
2602,L5,0.3169871794871794,0.06855815046515878
2605,L5,0.0,0.3906105457909343
2608,L5,0.8918518518518519,0.04352954112297103
2609,L5,0.4496124031007752,0.5712162689585716
262,L5,0.9045830202854996,0.00027797081306446536
2623,L5,0.93841642228739,0.004570327442735611
263,L5,0.9090909090909092,0.0017243188940369025
2656,L5,0.8263293310463122,0.08070565847150424
2660,L5,0.8698023176550784,0.014558425429948674
2680,L5,0.9743589743589745,0.0018087589947637372
2685,L5,0.8947368421052632,0.0015519356449016364
2701,L5,0.935483870967742,0.002098892690626686
2703,L5,0.7435897435897436,0.031192196487736523
2705,L5,0.7827476038338658,0.28272561017472
2706,L5,0.9391304347826088,0.0009199419992164115
2716,L5,0.3120743034055727,0.2262272702777416
2720,L5,0.6537634408602151,0.00953490749565511
2721,L5,0.4299788881069669,0.035185675118747484
2723,L5,0.8901613742842269,0.035991725737850255
2740,L5,0.3814866760168303,0.5916501149987139
2752,L5,0.9365244536940688,0.10112882351331165
2754,L5,0.914695340501792,0.03519205476211407
2766,L5,0.9560493827160492,0.07855764181787961
2768,L5,0.8866064092029581,0.01743628745827941
2771,L5,0.753175591531756,0.16203585309158242
2781,L5,0.8537431829449678,0.024913204606878403
2782,L5,1.0,0.0
2784,L5,0.9001203369434416,0.2071097372488408
2787,L5,0.8113636363636364,0.041582374748809325
2794,L5,0.8731182795698925,0.019750257372230573
28,L5,1.0,0.0
2801,L5,0.5824786324786325,0.23006257356157883
2807,L5,0.773109243697479,0.006150665586746373
2810,L5,0.8857142857142857,0.007555128196802596
2816,L5,0.0,0.9044666984581148
2825,L5,1.0,0.0
2827,L5,0.7427536231884058,0.46371243962288705
2835,L5,0.3802447552447552,0.28574739054015574
284,L5,0.4444444444444444,0.002495482860139231
2846,L5,0.96875,0.015737495788430755
2866,L5,0.782083185211518,0.07461705089877424
2871,L5,0.9282662469080278,0.0027136659465963886
2875,L5,0.8379310344827586,0.001815898777299707
2877,L5,0.3181818181818182,0.5846679749319491
2878,L5,0.9565217391304348,0.0013035410318720242
2882,L5,0.1046931407942238,0.3632702453421879
2883,L5,0.7655502392344498,0.03599350916550126
2884,L5,0.967741935483871,0.0004492801406748015
2885,L5,0.5387332234518484,0.14180263586204178
2886,L5,0.4932614555256064,0.289256323971176
2891,L5,0.7076923076923077,0.0006577858337055709
2895,L5,0.815625,0.010443622186141699
2897,L5,0.9584790209790208,0.00018615117272857695
2898,L5,0.9565217391304348,0.00017536232988524247
2910,L5,0.5281539558089807,0.0
2912,L5,0.4025423728813559,0.07227266927385578
2916,L5,1.0,0.0
2920,L5,0.8651259054846498,0.013504606263267882
2924,L5,0.6895893027698186,0.007454958135898138
2927,L5,0.8016101207590569,0.014412452200244119
2933,L5,0.8562548562548562,0.08090988306843583
2940,L5,0.0,0.652499784829941
2941,L5,0.7491486946651532,0.12985661972117513
2943,L5,0.8338882722900481,0.03954026785606757
2947,L5,0.9473684210526316,0.023181192431583786
2951,L5,0.9203508771929824,0.02190945650798548
2955,L5,0.9473684210526316,0.0021262436975432175
2957,L5,0.8077226162332545,0.07502629970599739
2958,L5,0.938359201773836,0.010109520555841467
2959,L5,0.8355978260869565,0.033261277301160574
296,L5,0.8421052631578947,0.14577786409763538
2961,L5,0.832258064516129,0.011345300820901127
2968,L5,0.8476702508960573,0.0013498897196045911
2969,L5,0.8986928104575164,0.06419841031793638
2977,L5,1.0,0.0
2978,L5,0.925,0.0014832401195822298
2979,L5,0.775,0.04167787381539945
2980,L5,0.9223529411764706,0.00016774784855977387
2981,L5,0.967741935483871,0.000396444893753789
2982,L5,0.75,0.9040152963671128
2984,L5,0.7104166666666667,0.012945303467616132
2990,L5,0.8275862068965517,0.0013691658475952773
2991,L5,0.91124822021832,0.0015796591658795434
3001,L5,0.9099804305283756,0.0018883346359835004
3008,L5,0.8903508771929824,0.019212956768751677
3015,L5,0.8179012345679012,7.912838097923203e-05
3016,L5,0.8593006993006993,0.047212915140952494
3018,L5,0.9125925925925926,0.007764652507201042
3021,L5,1.0,0.0
3031,L5,0.7508928571428571,0.1288119947662876
3039,L5,0.6958762886597938,0.43517809777601907
304,L5,0.9642739000992392,0.01540014425866898
3045,L5,0.7536337209302325,0.0022501783116760654
3046,L5,0.6595805802930192,0.1413712805258841
3047,L5,0.6517168885774351,0.004805361948219233
3051,L5,0.8163265306122449,0.012939480025583094
3056,L5,0.7100297914597815,0.07702283870101057
3063,L5,0.725,0.016382137554737497
311,L5,0.9824561403508772,2.839371486973441e-05
32,L5,0.9423076923076924,0.13093329719519287
321,L5,0.8660858341400451,0.008238153407565951
323,L5,0.943627450980392,0.00015642781654634508
324,L5,0.8823529411764706,0.009943459938819732
332,L5,0.9105691056910568,0.0
333,L5,0.8461538461538461,0.0040584415584414835
350,L5,0.7130434782608696,0.008863795094000593
351,L5,0.8599773242630385,0.0008649770323749806
354,L5,0.9472049689440992,9.410357083095011e-05
404,L5,0.9034369885433716,0.0012418902003600296
41,L5,0.833989501312336,0.0
415,L5,0.9130434782608696,0.027996691922778094
429,L5,0.8986301369863013,0.001764679549135617
442,L5,0.8751156336725254,0.0009409281628299793
443,L5,0.2077922077922078,0.3654052691861934
445,L5,0.9761904761904762,0.0007054477697612249
452,L5,0.5543836519446276,0.02402260320714411
457,L5,0.3885386016533557,0.8198157873210931
472,L5,0.5757575757575758,0.0049100846730479875
473,L5,0.9411764705882352,0.0011943163254040101
475,L5,0.951219512195122,0.000557724484104849
482,L5,0.9217527386541472,0.01485828029187597
483,L5,0.9344444444444444,0.007623539180282801
484,L5,1.0,0.0
486,L5,0.935483870967742,0.00010629106869453064
494,L5,1.0,0.0
500,L5,0.8470588235294118,0.02125604894065658
506,L5,0.8818897637795275,0.011384659988027623
507,L5,0.9057348502437892,0.0004466627250605537
518,L5,0.0,0.9113670505758638
519,L5,1.0,0.0
543,L5,0.8701298701298701,0.0013900916408295938
55,L5,0.7146263910969793,0.09122084289594756
550,L5,0.9545454545454546,0.0030407427175829227
551,L5,0.9032258064516128,0.05691793006610135
558,L5,0.8521939953810623,0.00339146858777839
56,L5,1.0,0.0
561,L5,0.9152542372881356,0.023296683157091436
562,L5,0.9413388543823328,0.03960815373730997
563,L5,0.7,0.005084383551171134
579,L5,0.84375,0.0
581,L5,0.6489058039961941,0.12469110673894113
589,L5,0.6439024390243903,0.1273689048477502
590,L5,0.9642857142857144,0.006898307079493127
592,L5,0.3631961259079903,0.059406997372867365
593,L5,0.8936170212765957,0.00019235415538598755
601,L5,0.8376623376623377,7.913311108875831e-05
604,L5,0.9421182266009852,0.00045834647373643733
614,L5,0.9405074365704288,0.0012537137085139038
616,L5,0.8651109846328969,0.00040481532769043316
621,L5,0.8837209302325582,0.0012055706880396144
623,L5,0.5426585211712661,0.06053549424424276
630,L5,0.7567287784679089,0.14027363024145278
633,L5,0.8840579710144928,0.0007787343569718441
66,L5,0.5546666666666666,0.03810716490731625
67,L5,0.800132362673726,0.0009146624050325736
670,L5,0.967741935483871,0.0
675,L5,0.9262135922330096,0.00021822325204978732
681,L5,0.9567089213106912,0.0016310068637089836
687,L5,1.0,0.0
694,L5,0.7574517825832846,0.019775498735293717
695,L5,0.9310344827586208,0.005907444668008077
7,L5,0.7940026075619296,0.17127186193296673
70,L5,0.8482871125611745,0.012850598483616582
712,L5,0.7894736842105263,0.004445485237008051
713,L5,0.9555555555555556,0.0011400432335111343
714,L5,0.975609756097561,0.0001507276376707667
723,L5,0.8871515975526852,0.0009504234266258793
727,L5,0.9092366901860168,0.00989927177416583
729,L5,0.7386363636363636,0.015921576899542877
761,L5,0.4575936883629191,0.19021947834833097
762,L5,1.0,0.0
764,L5,0.9370755998189226,0.03245102300938174
769,L5,0.8998485831711011,0.006141625559474395
776,L5,0.873015873015873,0.0011925990502797967
780,L5,0.7325581395348837,0.34212460779919324
781,L5,0.5347747747747748,0.08682456258158355
782,L5,0.8618800461361015,0.032371561555599726
794,L5,0.843328335832084,0.03962528084359107
828,L5,0.9310344827586208,0.006429849590402603
837,L5,0.5885471898197243,0.23321359155379418
847,L5,0.5749423520368947,0.0023162423494914597
856,L5,0.7878787878787878,0.01123928924408013
86,L5,0.4967614756406646,0.8860102578294132
865,L5,0.7196969696969697,0.14607441444752622
867,L5,0.713907284768212,0.030402603309937937
868,L5,0.5177391729875214,0.16928426014338183
900,L5,0.8622013651877133,0.0018815111658766481
915,L5,0.5912518853695324,0.08092536335477729
921,L5,1.0,0.0
922,L5,0.7678571428571429,0.010909067099264647
929,L5,0.8473736372646185,0.04805756910991854
93,L5,0.9221967963386728,0.005657932941610211
933,L5,0.9666666666666668,0.032720780339771105
935,L5,0.9777777777777776,0.0003770404019441953
939,L5,0.8362369337979094,0.0
942,L5,0.8888888888888888,0.009067890721654148
943,L5,0.9022222222222224,0.00013190892630843276
944,L5,0.9696969696969696,0.0008411270361203815
945,L5,1.0,0.0
954,L5,1.0,0.0
956,L5,0.9772727272727272,0.0006349939386941506
958,L5,1.0,0.0
960,L5,0.967741935483871,0.005597313187354236
963,L5,0.0,0.5352212389380531
982,L5,1.0,0.0
99,L5,0.9555555555555556,0.0015781891424563321
992,L5,1.0,0.0
994,L5,1.0,0.0
