filename,P01_dice,P01_iou,P01_sam_conf,P01_x1,P01_y1,P01_x2,P01_y2,P02_dice,P02_iou,P02_sam_conf,P02_x1,P02_y1,P02_x2,P02_y2,P03_dice,P03_iou,P03_sam_conf,P03_x1,P03_y1,P03_x2,P03_y2,P04_dice,P04_iou,P04_sam_conf,P04_x1,P04_y1,P04_x2,P04_y2,P05_dice,P05_iou,P05_sam_conf,P05_x1,P05_y1,P05_x2,P05_y2,P06_dice,P06_iou,P06_sam_conf,P06_x1,P06_y1,P06_x2,P06_y2,P07_dice,P07_iou,P07_sam_conf,P07_x1,P07_y1,P07_x2,P07_y2,P08_dice,P08_iou,P08_sam_conf,P08_x1,P08_y1,P08_x2,P08_y2,P09_dice,P09_iou,P09_sam_conf,P09_x1,P09_y1,P09_x2,P09_y2,P10_dice,P10_iou,P10_sam_conf,P10_x1,P10_y1,P10_x2,P10_y2,P11_dice,P11_iou,P11_sam_conf,P11_x1,P11_y1,P11_x2,P11_y2,P12_dice,P12_iou,P12_sam_conf,P12_x1,P12_y1,P12_x2,P12_y2,P13_dice,P13_iou,P13_sam_conf,P13_x1,P13_y1,P13_x2,P13_y2,P14_dice,P14_iou,P14_sam_conf,P14_x1,P14_y1,P14_x2,P14_y2,P15_dice,P15_iou,P15_sam_conf,P15_x1,P15_y1,P15_x2,P15_y2,P16_dice,P16_iou,P16_sam_conf,P16_x1,P16_y1,P16_x2,P16_y2,P17_dice,P17_iou,P17_sam_conf,P17_x1,P17_y1,P17_x2,P17_y2,P18_dice,P18_iou,P18_sam_conf,P18_x1,P18_y1,P18_x2,P18_y2,P19_dice,P19_iou,P19_sam_conf,P19_x1,P19_y1,P19_x2,P19_y2,P20_dice,P20_iou,P20_sam_conf,P20_x1,P20_y1,P20_x2,P20_y2
benign_000001.png,0.9428320140721196,0.891846921797005,0.94378662109375,262.0,72.0,379.0,132.0,0.94049008168028,0.8876651982378855,0.9387532472610474,258.0,72.0,383.0,132.0,0.9399066511085181,0.8866263070996148,0.9399199485778809,258.0,72.0,381.0,132.0,0.9431418522860492,0.8924015529672767,0.9440932273864746,262.0,72.0,381.0,132.0,0.94049008168028,0.8876651982378855,0.9387532472610474,258.0,72.0,383.0,132.0,0.9399066511085181,0.8866263070996148,0.9399199485778809,258.0,72.0,381.0,132.0,0.942589338019918,0.8914127423822714,0.9432108402252197,262.0,72.0,383.0,132.0,0.9390848149227631,0.8851648351648351,0.9394581317901611,256.0,72.0,381.0,132.0,0.9257666953281742,0.8617929562433297,0.9396006464958191,258.0,72.0,373.0,127.0,0.9399066511085181,0.8866263070996148,0.9399199485778809,258.0,72.0,381.0,132.0,0.9399066511085181,0.8866263070996148,0.9399199485778809,258.0,72.0,381.0,132.0,0.9390848149227631,0.8851648351648351,0.9394581317901611,256.0,72.0,381.0,132.0,0.9431418522860492,0.8924015529672767,0.9440932273864746,262.0,72.0,381.0,132.0,0.9416251100029334,0.8896895787139689,0.938482403755188,258.0,72.0,375.0,126.0,0.9399066511085181,0.8866263070996148,0.9399199485778809,258.0,72.0,381.0,132.0,0.942589338019918,0.8914127423822714,0.9432108402252197,262.0,72.0,383.0,132.0,0.9399066511085181,0.8866263070996148,0.9399199485778809,258.0,72.0,381.0,132.0,0.9399066511085181,0.8866263070996148,0.9399199485778809,258.0,72.0,381.0,132.0,0.9404205607476636,0.8875413450937155,0.9393084049224854,258.0,72.0,373.0,132.0,0.9399066511085181,0.8866263070996148,0.9399199485778809,258.0,72.0,381.0,132.0
benign_000003.png,0.7255131964809384,0.5692590888173032,0.8447476029396057,202.0,55.0,305.0,134.0,0.8882938026013772,0.799036476256022,0.8798074722290039,204.0,55.0,289.0,125.0,0.8928982725527831,0.8065187239944521,0.8801409006118774,206.0,55.0,285.0,122.0,0.8813936249073387,0.7879390324718356,0.849635124206543,202.0,55.0,301.0,132.0,0.8927335640138409,0.80625,0.8840528726577759,204.0,55.0,287.0,125.0,0.88,0.7857142857142857,0.8697652816772461,204.0,55.0,293.0,128.0,0.8914845516201959,0.8042148198504419,0.8560361862182617,202.0,55.0,299.0,132.0,0.3589672404219878,0.21874471324648959,0.9017550349235535,157.0,55.0,317.0,122.0,0.4300681855978713,0.2739406779661017,0.9126859307289124,157.0,55.0,299.0,132.0,0.9138401559454191,0.8413496051687006,0.8795899152755737,204.0,55.0,301.0,109.0,0.5406688241639698,0.3704908338261384,0.8497738242149353,204.0,55.0,299.0,130.0,0.3597662771285476,0.2193384223918575,0.9071307182312012,145.0,55.0,311.0,134.0,0.9221698113207547,0.8555798687089715,0.8921231031417847,206.0,55.0,277.0,116.0,0.6931690929451287,0.5304198800342759,0.8446425795555115,202.0,55.0,311.0,128.0,0.8889730958696476,0.8001364256480218,0.8758342266082764,202.0,55.0,293.0,130.0,0.8976923076923077,0.8143754361479414,0.8867521286010742,202.0,55.0,289.0,127.0,0.36608154020385053,0.22405129093744586,0.90891432762146,149.0,55.0,311.0,134.0,0.8910667169242367,0.8035350101971448,0.8604307174682617,202.0,55.0,299.0,130.0,0.876547842401501,0.7802271209084837,0.8648731708526611,204.0,55.0,293.0,130.0,0.6569920844327177,0.48919449901768175,0.8333613276481628,202.0,55.0,315.0,130.0
benign_000006.png,0.9191444966092853,0.8503861003861004,0.9285882711410522,190.0,86.0,262.0,158.0,0.9185262065386611,0.8493282149712092,0.9084311723709106,181.0,86.0,262.0,158.0,0.9194805194805195,0.8509615384615384,0.9198213815689087,186.0,86.0,262.0,158.0,0.9172774869109948,0.8471953578336557,0.9366719722747803,190.0,86.0,262.0,154.0,0.9202898550724637,0.8523489932885906,0.8920477628707886,179.0,86.0,260.0,161.0,0.9203722854188211,0.8524904214559387,0.8982691764831543,183.0,86.0,262.0,161.0,0.9180497925311203,0.8485139022051774,0.9113264083862305,188.0,86.0,262.0,161.0,0.9178947368421052,0.8482490272373541,0.9368261098861694,198.0,86.0,262.0,158.0,0.9198966408268734,0.8516746411483254,0.8978713750839233,183.0,85.0,262.0,161.0,0.9166224110462029,0.846078431372549,0.9420310258865356,204.0,86.0,262.0,151.0,0.9194805194805195,0.8509615384615384,0.9198213815689087,186.0,86.0,262.0,158.0,0.9172774869109948,0.8471953578336557,0.9366719722747803,190.0,86.0,262.0,154.0,0.9194805194805195,0.8509615384615384,0.9198213815689087,186.0,86.0,262.0,158.0,0.9176346356916578,0.8478048780487805,0.9396189451217651,202.0,86.0,262.0,158.0,0.9199793495095508,0.8518164435946463,0.8760936260223389,179.0,86.0,260.0,164.0,0.9205366357069144,0.8527724665391969,0.8881058692932129,183.0,86.0,262.0,163.0,0.9178947368421052,0.8482490272373541,0.9380747079849243,198.0,86.0,262.0,156.0,0.9195046439628483,0.8510028653295129,0.8776137828826904,179.0,86.0,262.0,163.0,0.9183567342693708,0.8490384615384615,0.9183176755905151,181.0,86.0,262.0,156.0,0.9164021164021164,0.845703125,0.9411967992782593,202.0,86.0,262.0,154.0
benign_000008.png,0.9365041804701056,0.8805903730623749,0.9677864909172058,69.0,31.0,303.0,137.0,0.9356494275562574,0.879080118694362,0.9666815996170044,79.0,28.0,301.0,137.0,0.9335128499584208,0.8753156096836477,0.9700167775154114,75.0,33.0,299.0,134.0,0.936124911284599,0.8799199466310874,0.9695130586624146,63.0,30.0,318.0,134.0,0.9368844062721614,0.8812629706492736,0.9612218737602234,75.0,25.0,301.0,137.0,0.9361836396623807,0.8800237283108409,0.9673689007759094,73.0,30.0,303.0,137.0,0.9362843729040912,0.880201765447667,0.9688400626182556,75.0,31.0,303.0,137.0,0.9334283226470356,0.8751669882737123,0.967684268951416,79.0,28.0,299.0,132.0,0.9343977236800506,0.8768728675270732,0.9667513966560364,69.0,30.0,301.0,134.0,0.004806729421189666,0.0024091547881951417,0.8739231824874878,81.0,52.0,158.0,109.0,0.9341558903784554,0.8764470169189671,0.9685649275779724,73.0,31.0,301.0,134.0,0.8252191269634643,0.7024451503287287,0.9270437955856323,65.0,25.0,250.0,130.0,0.9352978353610365,0.8784595978333457,0.969222366809845,81.0,30.0,301.0,137.0,0.9358463782973857,0.879427893878761,0.9645714163780212,63.0,28.0,309.0,134.0,0.9345720498122159,0.8771799628942486,0.9695784449577332,83.0,30.0,299.0,137.0,0.9332329516186552,0.8748235643711463,0.9751878976821899,87.0,35.0,301.0,134.0,0.934923392828937,0.8777991991695091,0.9681892395019531,69.0,30.0,305.0,134.0,0.9371604063312072,0.8817515003334074,0.9591544270515442,69.0,25.0,301.0,137.0,0.9351881125513752,0.8782660332541568,0.9692650437355042,71.0,33.0,301.0,137.0,0.9347834653426331,0.8775525303344185,0.9525095820426941,63.0,23.0,317.0,130.0
benign_000009.png,0.8981636060100167,0.8151515151515152,0.9617118239402771,98.0,131.0,150.0,195.0,0.912013075456279,0.8382573860791187,0.9659526348114014,94.0,135.0,154.0,197.0,0.0,0.0,0.8474277853965759,384.0,306.0,457.0,409.0,0.0,0.0,0.8456020355224609,392.0,318.0,463.0,414.0,0.0,0.0,0.8281456232070923,388.0,315.0,463.0,414.0,0.0,0.0,0.8109421730041504,384.0,306.0,463.0,414.0,0.0,0.0,0.794318437576294,392.0,312.0,463.0,414.0,0.0,0.0,0.9299001693725586,456.0,117.0,500.0,170.0,0.0,0.0,0.824541449546814,388.0,310.0,457.0,409.0,0.0,0.0,0.9167671799659729,388.0,349.0,463.0,414.0,0.0,0.0,0.8109421730041504,384.0,306.0,463.0,414.0,0.0,0.0,0.8203116655349731,384.0,306.0,461.0,412.0,0.91272629019184,0.8394632206759444,0.963161051273346,94.0,131.0,156.0,199.0,0.8976640711902113,0.8143289606458123,0.961288571357727,98.0,129.0,150.0,195.0,0.0,0.0,0.754656970500946,392.0,312.0,459.0,412.0,0.0,0.0,0.8224693536758423,388.0,310.0,459.0,409.0,0.0,0.0,0.8918375968933105,384.0,306.0,442.0,359.0,0.0,0.0,0.8039996027946472,388.0,310.0,467.0,414.0,0.0,0.0,0.8178714513778687,386.0,308.0,461.0,412.0,0.9095860566448801,0.8341658341658341,0.9652413725852966,96.0,133.0,154.0,197.0
benign_000010.png,0.8892508143322475,0.8005865102639296,0.9447422027587891,118.0,55.0,195.0,103.0,0.887987012987013,0.7985401459854015,0.9410468339920044,112.0,55.0,193.0,103.0,0.890069472823866,0.8019145802650958,0.9476381540298462,120.0,55.0,195.0,103.0,0.8892508143322475,0.8005865102639296,0.9447422027587891,118.0,55.0,195.0,103.0,0.887987012987013,0.7985401459854015,0.9410468339920044,112.0,55.0,193.0,103.0,0.887713588283157,0.7980980248719824,0.94176185131073,114.0,55.0,193.0,103.0,0.8890694839496139,0.8002926115581566,0.9437205791473389,116.0,55.0,195.0,103.0,0.887187751813054,0.7972483707458363,0.9277443885803223,108.0,55.0,205.0,106.0,0.8883475436459602,0.7991234477720964,0.9426059722900391,114.0,55.0,195.0,103.0,0.8861267040898155,0.7955363570914327,0.916347861289978,104.0,55.0,225.0,106.0,0.8880748880748881,0.7986822840409956,0.9421213865280151,116.0,55.0,193.0,103.0,0.8314690529455631,0.7115507338864071,0.9245737791061401,110.0,55.0,195.0,106.0,0.8880748880748881,0.7986822840409956,0.9421213865280151,116.0,55.0,193.0,103.0,0.8314690529455631,0.7115507338864071,0.9245737791061401,110.0,55.0,195.0,106.0,0.8325859491778774,0.7131882202304738,0.9254662990570068,112.0,55.0,195.0,106.0,0.887713588283157,0.7980980248719824,0.94176185131073,114.0,55.0,193.0,103.0,0.8890708145722472,0.8002947678703022,0.9454631805419922,120.0,55.0,193.0,103.0,0.8314690529455631,0.7115507338864071,0.9245737791061401,110.0,55.0,195.0,106.0,0.8865392435949573,0.7962016070124178,0.9458131790161133,116.0,55.0,205.0,103.0,0.8877263581488933,0.7981186685962374,0.9249100685119629,110.0,55.0,197.0,106.0
benign_000011.png,0.6510869565217391,0.48267526188557613,0.9104474782943726,108.0,27.0,202.0,89.0,0.5195405727923628,0.35093198992443325,0.9121558666229248,110.0,29.0,202.0,89.0,0.47436784259472753,0.31093198992443327,0.9169861674308777,110.0,30.0,197.0,87.0,0.6724103386094971,0.5064895864775129,0.9072017669677734,108.0,27.0,202.0,95.0,0.6510869565217391,0.48267526188557613,0.9104474782943726,108.0,27.0,202.0,89.0,0.4770599969311033,0.3132493702770781,0.9138544797897339,108.0,29.0,197.0,87.0,0.626634382566586,0.45627644569816644,0.9143583178520203,108.0,29.0,197.0,89.0,0.5194301484299246,0.35083123425692697,0.9150358438491821,110.0,30.0,202.0,89.0,0.6295733811956372,0.459399556719726,0.9179800152778625,106.0,27.0,197.0,89.0,0.6391116594694632,0.4696282864913871,0.915002703666687,108.0,29.0,202.0,89.0,0.6510869565217391,0.48267526188557613,0.9104474782943726,108.0,27.0,202.0,89.0,0.6032505452754521,0.4318960306266371,0.9115116596221924,108.0,24.0,197.0,87.0,0.626634382566586,0.45627644569816644,0.9143583178520203,108.0,29.0,197.0,89.0,0.5076310051875799,0.3401511335012595,0.9262301325798035,110.0,43.0,202.0,87.0,0.626634382566586,0.45627644569816644,0.9143583178520203,108.0,29.0,197.0,89.0,0.5194301484299246,0.35083123425692697,0.9150358438491821,110.0,30.0,202.0,89.0,0.5115476904619076,0.34367758186397984,0.911119818687439,110.0,29.0,202.0,87.0,0.5011702529256323,0.33437437034051987,0.9171091318130493,106.0,26.0,197.0,94.0,0.6111655239960823,0.4400564174894217,0.9193548560142517,106.0,29.0,197.0,87.0,0.5281032181521578,0.35879093198992446,0.9276475310325623,108.0,43.0,202.0,95.0
benign_000013.png,0.027555706752849123,0.013970334598137289,0.7198863625526428,68.0,80.0,232.0,116.0,0.028732683427398667,0.014575741801145237,0.7231025099754333,70.0,80.0,232.0,116.0,0.9094590685565519,0.8339522546419098,0.9253753423690796,70.0,73.0,234.0,116.0,0.030585259284810856,0.015530126109294723,0.8882826566696167,50.0,81.0,234.0,127.0,0.17261809447558046,0.09446196985629163,0.7490726709365845,70.0,81.0,232.0,116.0,0.033720665299612665,0.017149478563151795,0.8993692994117737,46.0,81.0,234.0,128.0,0.7212890891711048,0.5640751815463477,0.7919502258300781,70.0,77.0,232.0,116.0,0.16768450470965737,0.09151508304146425,0.8943829536437988,42.0,80.0,238.0,131.0,0.5238482825980791,0.354874283193648,0.9294849038124084,38.0,73.0,234.0,134.0,0.008792225821378992,0.004415524052986289,0.9096433520317078,46.0,84.0,236.0,128.0,0.49333570286120493,0.32743571597074783,0.8866490721702576,44.0,77.0,236.0,131.0,0.5025999223903764,0.3356483880999274,0.9471783638000488,33.0,73.0,234.0,137.0,0.031143052703627654,0.01581783417347471,0.7226271629333496,70.0,80.0,234.0,116.0,0.009022887323943662,0.004531889023985851,0.9158630967140198,40.0,84.0,236.0,132.0,0.49189287666241577,0.3261657405170331,0.8233059048652649,50.0,77.0,234.0,127.0,0.7212890891711048,0.5640751815463477,0.7919502258300781,70.0,77.0,232.0,116.0,0.5199025182778229,0.3512623490669594,0.925957441329956,38.0,74.0,232.0,134.0,0.1293595434369055,0.06915254237288136,0.8964208364486694,42.0,80.0,236.0,131.0,0.5438159814608188,0.37345278792879877,0.9288082122802734,42.0,74.0,234.0,132.0,0.008792225821378992,0.004415524052986289,0.9096433520317078,46.0,84.0,236.0,128.0
benign_000016.png,0.931605830322661,0.8719682835820896,0.9620686769485474,168.0,119.0,286.0,195.0,0.9339447267319371,0.8760753313182981,0.9681512713432312,170.0,117.0,280.0,192.0,0.9343715239154616,0.8768267223382046,0.9635381102561951,170.0,117.0,280.0,194.0,0.9315750186613585,0.871914299021891,0.9623501300811768,166.0,117.0,288.0,195.0,0.9314727136805383,0.8717350746268657,0.9622726440429688,168.0,117.0,286.0,195.0,0.9314385440039891,0.8716752216518898,0.9618360996246338,168.0,119.0,286.0,194.0,0.9349141657403977,0.8777829313543599,0.9623954892158508,170.0,117.0,282.0,194.0,0.9311418254264724,0.8711556383970177,0.9625060558319092,168.0,119.0,286.0,197.0,0.9314385440039891,0.8716752216518898,0.9618360996246338,168.0,119.0,286.0,194.0,0.931622867106738,0.8719981347633481,0.962615966796875,168.0,117.0,288.0,195.0,0.9312538989394885,0.8713518561755779,0.9607630968093872,168.0,119.0,282.0,194.0,0.9358341559723593,0.8794063079777366,0.9667055606842041,168.0,116.0,288.0,192.0,0.9343715239154616,0.8768267223382046,0.9635381102561951,170.0,117.0,280.0,194.0,0.9312749003984063,0.8713886300093197,0.9637502431869507,168.0,117.0,288.0,197.0,0.9349141657403977,0.8777829313543599,0.9623954892158508,170.0,117.0,282.0,194.0,0.9343715239154616,0.8768267223382046,0.9635381102561951,170.0,117.0,280.0,194.0,0.9351451513279803,0.8781902552204176,0.9651374220848083,168.0,119.0,286.0,192.0,0.9317048853439681,0.8721418572095193,0.9620048999786377,168.0,117.0,286.0,194.0,0.9349141657403977,0.8777829313543599,0.9623954892158508,170.0,117.0,282.0,194.0,0.9316569152246981,0.872057795385691,0.9621773958206177,166.0,117.0,288.0,194.0
benign_000017.png,0.0,0.0,0.9554556012153625,326.0,251.0,385.0,414.0,0.0,0.0,0.8793978691101074,209.0,164.0,275.0,232.0,0.0,0.0,0.8938076496124268,169.0,159.0,277.0,232.0,0.0,0.0,0.9002380967140198,151.0,153.0,275.0,230.0,0.0,0.0,0.9572898745536804,324.0,250.0,387.0,415.0,0.0,0.0,0.9012162089347839,157.0,157.0,277.0,232.0,0.0,0.0,0.8977234959602356,164.0,157.0,275.0,232.0,0.0,0.0,0.8833745121955872,205.0,164.0,275.0,232.0,0.0,0.0,0.8903847932815552,175.0,155.0,275.0,232.0,0.0,0.0,0.9031326770782471,153.0,157.0,277.0,232.0,0.0,0.0,0.9017776846885681,156.0,159.0,277.0,232.0,0.0,0.0,0.8996485471725464,159.0,155.0,277.0,232.0,0.0,0.0,0.8793978691101074,209.0,164.0,275.0,232.0,0.0,0.0,0.9017422199249268,156.0,157.0,275.0,232.0,0.0,0.0,0.892471432685852,169.0,157.0,275.0,232.0,0.0,0.0,0.8797608017921448,205.0,162.0,277.0,232.0,0.0,0.0,0.8969323635101318,164.0,159.0,277.0,232.0,0.0,0.0,0.899260401725769,159.0,157.0,275.0,232.0,0.0,0.0,0.943856954574585,332.0,257.0,381.0,405.0,0.0,0.0,0.9572898745536804,324.0,250.0,387.0,415.0
benign_000019.png,0.0,0.0,0.9108882546424866,344.0,305.0,399.0,360.0,0.0,0.0,0.9036337733268738,342.0,88.0,396.0,156.0,0.0,0.0,0.9108882546424866,344.0,305.0,399.0,360.0,0.0,0.0,0.9096408486366272,318.0,373.0,426.0,439.0,0.0,0.0,0.9071953296661377,318.0,373.0,424.0,439.0,0.0,0.0,0.8992100358009338,321.0,375.0,424.0,439.0,0.0,0.0,0.8992100358009338,321.0,375.0,424.0,439.0,0.0,0.0,0.9120786190032959,316.0,372.0,426.0,439.0,0.0,0.0,0.8967470526695251,321.0,375.0,421.0,439.0,0.0,0.0,0.9120786190032959,316.0,372.0,426.0,439.0,0.0,0.0,0.8992100358009338,321.0,375.0,424.0,439.0,0.0,0.0,0.903087317943573,323.0,377.0,419.0,439.0,0.0,0.0,0.9037331342697144,342.0,88.0,396.0,161.0,0.0,0.0,0.9071953296661377,318.0,373.0,424.0,439.0,0.0,0.0,0.8992100358009338,321.0,375.0,424.0,439.0,0.0,0.0,0.8977470993995667,323.0,377.0,421.0,439.0,0.0,0.0,0.8947861194610596,323.0,375.0,421.0,439.0,0.0,0.0,0.9096408486366272,318.0,373.0,426.0,439.0,0.0,0.0,0.9108882546424866,344.0,305.0,399.0,360.0,0.0,0.0,0.9120786190032959,316.0,372.0,426.0,439.0
benign_000020.png,0.0,0.0,0.9445222616195679,394.0,377.0,500.0,439.0,0.9133880161267899,0.8405834186284544,0.9721487760543823,179.0,54.0,283.0,122.0,0.9078965758211042,0.8313283849500895,0.9712842106819153,183.0,54.0,273.0,115.0,0.0,0.0,0.9445222616195679,394.0,377.0,500.0,439.0,0.0,0.0,0.9501226544380188,396.0,379.0,500.0,439.0,0.0,0.0,0.9446274638175964,394.0,375.0,500.0,439.0,0.9156492785793563,0.8444216990788127,0.9665669798851013,181.0,54.0,285.0,127.0,0.0,0.0,0.9364307522773743,388.0,370.0,500.0,439.0,0.9148256217868557,0.843021766965429,0.9493529796600342,177.0,55.0,291.0,130.0,0.9104830850619519,0.8356759519550218,0.9651648998260498,202.0,55.0,297.0,109.0,0.0,0.0,0.9416599869728088,398.0,382.0,500.0,439.0,0.0,0.0,0.9445222616195679,394.0,377.0,500.0,439.0,0.8991240463407743,0.8167351129363449,0.961663544178009,183.0,55.0,273.0,108.0,0.0,0.0,0.9364307522773743,388.0,370.0,500.0,439.0,0.9133880161267899,0.8405834186284544,0.9721487760543823,179.0,54.0,283.0,122.0,0.9159733777038269,0.8449731389102072,0.9665129780769348,177.0,54.0,285.0,127.0,0.0,0.0,0.9445222616195679,394.0,377.0,500.0,439.0,0.0,0.0,0.9445222616195679,394.0,377.0,500.0,439.0,0.9136180275420782,0.8409731113956466,0.9601755738258362,177.0,55.0,287.0,127.0,0.0,0.0,0.9265217185020447,388.0,372.0,481.0,439.0
benign_000021.png,0.8558534163733189,0.7480277690123067,0.9732603430747986,55.0,0.0,192.0,137.0,0.8554271266028536,0.7473767258382643,0.9744120240211487,55.0,0.0,190.0,137.0,0.8554271266028536,0.7473767258382643,0.9744120240211487,55.0,0.0,190.0,137.0,0.8558534163733189,0.7480277690123067,0.9732603430747986,55.0,0.0,192.0,137.0,0.8558534163733189,0.7480277690123067,0.9732603430747986,55.0,0.0,192.0,137.0,0.8558534163733189,0.7480277690123067,0.9732603430747986,55.0,0.0,192.0,137.0,0.8545470981739287,0.7460342514402968,0.9759657382965088,55.0,0.0,187.0,137.0,0.8562141664033226,0.7485790969371645,0.9727610349655151,62.0,0.0,192.0,139.0,0.8558534163733189,0.7480277690123067,0.9732603430747986,55.0,0.0,192.0,137.0,0.8636383938541248,0.7600031444068862,0.9719290733337402,70.0,0.0,192.0,139.0,0.8558534163733189,0.7480277690123067,0.9732603430747986,55.0,0.0,192.0,137.0,0.8558534163733189,0.7480277690123067,0.9732603430747986,55.0,0.0,192.0,137.0,0.8566146631797277,0.749191576622762,0.9711803793907166,55.0,0.0,195.0,137.0,0.7085988924877233,0.5487055016181229,0.9595557451248169,74.0,49.0,190.0,137.0,0.8548314200488114,0.7464677559396953,0.9747690558433533,55.0,0.0,190.0,134.0,0.8545470981739287,0.7460342514402968,0.9759657382965088,55.0,0.0,187.0,137.0,0.854675348164225,0.7462297670746151,0.974947452545166,58.0,0.0,190.0,134.0,0.855944055944056,0.7481662591687042,0.9732752442359924,52.0,0.0,192.0,137.0,0.855944055944056,0.7481662591687042,0.9732752442359924,52.0,0.0,192.0,137.0,0.8570398088454082,0.7498422215209846,0.9706626534461975,59.0,0.0,195.0,139.0
benign_000022.png,0.9177560084417425,0.8480121078060423,0.9574639797210693,144.0,21.0,295.0,168.0,0.9185208497246263,0.8493190548248166,0.9537161588668823,146.0,21.0,298.0,164.0,0.9185208497246263,0.8493190548248166,0.9537161588668823,146.0,21.0,298.0,164.0,0.9109313025543392,0.8364314433890799,0.9420834183692932,153.0,21.0,292.0,164.0,0.9159563800451241,0.844944209978609,0.9592905640602112,106.0,0.0,299.0,164.0,0.9198868991517436,0.8516579406631762,0.9560754299163818,144.0,21.0,299.0,168.0,0.9174676204581981,0.8475197950628784,0.9582357406616211,144.0,21.0,295.0,164.0,0.4090677298224468,0.25712454105717114,0.89149010181427,164.0,86.0,267.0,163.0,0.920179541102985,0.8521597581535957,0.9615106582641602,141.0,21.0,298.0,164.0,0.9165358286755009,0.8459309065615581,0.9512954354286194,114.0,21.0,304.0,168.0,0.9161676646706587,0.8453038674033149,0.9310888051986694,149.0,0.0,296.0,168.0,0.9099400441779741,0.8347614636405744,0.964688241481781,106.0,19.0,295.0,164.0,0.9157166766665614,0.8445363466915191,0.9439577460289001,149.0,21.0,299.0,164.0,0.9147536836779865,0.8428995979255288,0.9543249011039734,149.0,21.0,286.0,164.0,0.9177900970139852,0.8480703184120146,0.9539524912834167,146.0,21.0,296.0,164.0,0.9172970247100353,0.847228691197019,0.954656720161438,146.0,21.0,293.0,164.0,0.9147536836779865,0.8428995979255288,0.9543249011039734,149.0,21.0,286.0,164.0,0.9207014034320008,0.8530553142195193,0.9638893604278564,141.0,0.0,298.0,164.0,0.9115487631952104,0.8374732210063112,0.9641947746276855,106.0,19.0,298.0,164.0,0.5987510713848414,0.4272981475008738,0.9113488793373108,159.0,73.0,289.0,164.0
benign_000032.png,0.9327748263179403,0.8740187631629331,0.9918912053108215,71.0,86.0,191.0,139.0,0.9334286297733306,0.8751675282404748,0.9908093810081482,81.0,86.0,191.0,139.0,0.8628584129806623,0.7587959343236904,0.9631127119064331,128.0,86.0,191.0,137.0,0.8215356237030205,0.6971238505184896,0.96336829662323,130.0,88.0,189.0,137.0,0.7552958363769174,0.6068075117370892,0.9643264412879944,134.0,88.0,189.0,137.0,0.8074592074592074,0.6770914777169664,0.9635320901870728,132.0,86.0,191.0,137.0,0.8628584129806623,0.7587959343236904,0.9631127119064331,128.0,86.0,191.0,137.0,0.7552958363769174,0.6068075117370892,0.9643264412879944,134.0,88.0,189.0,137.0,0.9332374691865243,0.8748315039476218,0.9910480380058289,81.0,86.0,191.0,137.0,0.9373535703371703,0.8820935582822086,0.9782191514968872,98.0,86.0,191.0,158.0,0.9328975589827393,0.8742343032159265,0.9917293787002563,75.0,86.0,191.0,139.0,0.849194729136164,0.7379134860050891,0.9632945656776428,128.0,88.0,189.0,137.0,0.9328975589827393,0.8742343032159265,0.9917293787002563,75.0,86.0,191.0,139.0,0.7552958363769174,0.6068075117370892,0.9643264412879944,134.0,88.0,189.0,137.0,0.8405665722379604,0.7249804534792806,0.9633904695510864,130.0,86.0,191.0,137.0,0.8405665722379604,0.7249804534792806,0.9633904695510864,130.0,86.0,191.0,137.0,0.9328701338510269,0.8741861355802375,0.9922102689743042,73.0,86.0,191.0,139.0,0.7914400567510049,0.6548620622187439,0.9636015892028809,132.0,88.0,189.0,137.0,0.9327748263179403,0.8740187631629331,0.9918912053108215,71.0,86.0,191.0,139.0,0.8779471433271192,0.7824472243940579,0.9652141332626343,128.0,86.0,191.0,139.0
benign_000033.png,0.0,0.0,0.887963056564331,241.0,212.0,301.0,287.0,0.0,0.0,0.885918140411377,241.0,214.0,299.0,285.0,0.0,0.0,0.8827340602874756,243.0,214.0,299.0,285.0,0.0,0.0,0.8809664845466614,243.0,214.0,299.0,281.0,0.0,0.0,0.884036123752594,241.0,212.0,301.0,281.0,0.0,0.0,0.8827340602874756,243.0,214.0,299.0,285.0,0.0,0.0,0.8827340602874756,243.0,214.0,299.0,285.0,0.0,0.0,0.8761734366416931,243.0,214.0,299.0,278.0,0.0,0.0,0.884036123752594,241.0,212.0,301.0,281.0,0.0,0.0,0.9100717902183533,179.0,153.0,373.0,319.0,0.0,0.0,0.887963056564331,241.0,212.0,301.0,287.0,0.0,0.0,0.8771955370903015,239.0,193.0,350.0,307.0,0.0,0.0,0.8827340602874756,243.0,214.0,299.0,285.0,0.0,0.0,0.862960696220398,243.0,214.0,299.0,273.0,0.0,0.0,0.8827340602874756,243.0,214.0,299.0,285.0,0.0,0.0,0.8827340602874756,243.0,214.0,299.0,285.0,0.0,0.0,0.8809664845466614,243.0,214.0,299.0,281.0,0.0,0.0,0.8922067284584045,241.0,212.0,301.0,290.0,0.0,0.0,0.8852137923240662,241.0,212.0,301.0,285.0,0.0,0.0,0.8570208549499512,243.0,214.0,299.0,268.0
benign_000035.png,0.8517110266159695,0.7417218543046358,0.9389002919197083,151.0,92.0,284.0,162.0,0.3522844738474261,0.21380175658720202,0.8818490505218506,151.0,62.0,301.0,162.0,0.8478099480326652,0.7358247422680413,0.8020561337471008,153.0,84.0,296.0,162.0,0.8371303926320892,0.7198832847019592,0.8457779288291931,145.0,86.0,301.0,162.0,0.3522844738474261,0.21380175658720202,0.8818490505218506,151.0,62.0,301.0,162.0,0.3431136413400482,0.20708338839698692,0.8833847045898438,151.0,65.0,296.0,162.0,0.3522844738474261,0.21380175658720202,0.8818490505218506,151.0,62.0,301.0,162.0,0.6819330385344283,0.5173735921399473,0.8953439593315125,143.0,92.0,305.0,170.0,0.34706798131811106,0.20997111641341204,0.8806173205375671,149.0,62.0,301.0,162.0,0.8468332071662882,0.7343544857768053,0.9374212026596069,209.0,86.0,286.0,162.0,0.852589641434263,0.7430555555555556,0.8580504655838013,153.0,84.0,284.0,162.0,0.32303932459453455,0.1926338102808691,0.8715136647224426,145.0,65.0,296.0,162.0,0.8487415898330426,0.7372294372294372,0.8116865754127502,157.0,84.0,296.0,159.0,0.6372360844529751,0.4676056338028169,0.8859160542488098,143.0,86.0,305.0,170.0,0.3470153035370427,0.20993255671367259,0.8809523582458496,151.0,60.0,303.0,162.0,0.34576485461441214,0.20901795949560564,0.8802536129951477,153.0,65.0,303.0,162.0,0.8481490808360614,0.7363358111062527,0.9521851539611816,209.0,102.0,284.0,162.0,0.33233896806982655,0.19928448390088777,0.880231499671936,149.0,65.0,296.0,162.0,0.8509145577549486,0.7405146096816397,0.8726108074188232,155.0,84.0,282.0,159.0,0.8512871782054486,0.7410791993037423,0.8943865895271301,145.0,89.0,296.0,162.0
benign_000036.png,0.0,0.0,0.8566241264343262,310.0,269.0,351.0,323.0,0.0,0.0,0.8566241264343262,310.0,269.0,351.0,323.0,0.0,0.0,0.864707887172699,310.0,272.0,351.0,323.0,0.0,0.0,0.8566241264343262,310.0,269.0,351.0,323.0,0.0,0.0,0.8566241264343262,310.0,269.0,351.0,323.0,0.0,0.0,0.8566241264343262,310.0,269.0,351.0,323.0,0.0,0.0,0.8598066568374634,307.0,269.0,352.0,323.0,0.0,0.0,0.873468279838562,305.0,262.0,352.0,326.0,0.0,0.0,0.864707887172699,310.0,272.0,351.0,323.0,0.0,0.0,0.8737804293632507,284.0,54.0,328.0,106.0,0.0,0.0,0.864707887172699,310.0,272.0,351.0,323.0,0.0,0.0,0.8639008402824402,307.0,265.0,351.0,323.0,0.0,0.0,0.864707887172699,310.0,272.0,351.0,323.0,0.0,0.0,0.8722624778747559,307.0,263.0,352.0,326.0,0.0,0.0,0.864707887172699,310.0,272.0,351.0,323.0,0.0,0.0,0.8585793972015381,307.0,269.0,351.0,323.0,0.0,0.0,0.864707887172699,310.0,272.0,351.0,323.0,0.0,0.0,0.8566241264343262,310.0,269.0,351.0,323.0,0.0,0.0,0.8566241264343262,310.0,269.0,351.0,323.0,0.0,0.0,0.8722624778747559,307.0,263.0,352.0,326.0
benign_000039.png,0.7392717815344604,0.5863847343991748,0.9240577816963196,171.0,119.0,262.0,164.0,0.7040998217468806,0.5433287482806052,0.929771363735199,175.0,119.0,262.0,164.0,0.7392717815344604,0.5863847343991748,0.9240577816963196,171.0,119.0,262.0,164.0,0.6600530626369824,0.49259641873278237,0.9327627420425415,175.0,117.0,262.0,168.0,0.7392717815344604,0.5863847343991748,0.9240577816963196,171.0,119.0,262.0,164.0,0.7392717815344604,0.5863847343991748,0.9240577816963196,171.0,119.0,262.0,164.0,0.7155172413793104,0.5570469798657718,0.9250060319900513,171.0,119.0,260.0,164.0,0.7178304787000439,0.5598561397499572,0.9387784600257874,177.0,102.0,262.0,168.0,0.6607472324723247,0.49337007060444293,0.9274488687515259,171.0,117.0,262.0,164.0,0.6969730816486094,0.5348877078690211,0.9349333047866821,171.0,92.0,264.0,164.0,0.7155172413793104,0.5570469798657718,0.9250060319900513,171.0,119.0,260.0,164.0,0.6554758045843946,0.4875150680213535,0.9292692542076111,171.0,117.0,260.0,164.0,0.7392717815344604,0.5863847343991748,0.9240577816963196,171.0,119.0,262.0,164.0,0.6903073286052009,0.5270758122743683,0.9321063756942749,171.0,100.0,262.0,168.0,0.7155172413793104,0.5570469798657718,0.9250060319900513,171.0,119.0,260.0,164.0,0.7392717815344604,0.5863847343991748,0.9240577816963196,171.0,119.0,262.0,164.0,0.7155172413793104,0.5570469798657718,0.9250060319900513,171.0,119.0,260.0,164.0,0.7392717815344604,0.5863847343991748,0.9240577816963196,171.0,119.0,262.0,164.0,0.7155172413793104,0.5570469798657718,0.9250060319900513,171.0,119.0,260.0,164.0,0.6772173517021519,0.5119641934928559,0.9314635396003723,171.0,110.0,262.0,164.0
benign_000040.png,0.9291487351737168,0.8676730052930798,0.9918912053108215,71.0,86.0,191.0,139.0,0.9285639358019511,0.8666536126884669,0.9908093810081482,81.0,86.0,191.0,139.0,0.8831406661325397,0.790735806517729,0.9631127119064331,128.0,86.0,191.0,137.0,0.8415547367169857,0.7264518776934127,0.96336829662323,130.0,88.0,189.0,137.0,0.7745504840940526,0.6320541760722348,0.9643264412879944,134.0,88.0,189.0,137.0,0.8272628921745402,0.7054120541205412,0.9635320901870728,132.0,86.0,191.0,137.0,0.8831406661325397,0.790735806517729,0.9631127119064331,128.0,86.0,191.0,137.0,0.7745504840940526,0.6320541760722348,0.9643264412879944,134.0,88.0,189.0,137.0,0.9306596306068602,0.8703118831425187,0.9910480380058289,81.0,86.0,191.0,137.0,0.9344914190037673,0.8770379100373208,0.9782191514968872,98.0,86.0,191.0,158.0,0.9286463798530955,0.8667972575905974,0.9917293787002563,75.0,86.0,191.0,139.0,0.8693432350893479,0.7688834154351396,0.9632945656776428,128.0,88.0,189.0,137.0,0.9286463798530955,0.8667972575905974,0.9917293787002563,75.0,86.0,191.0,139.0,0.7745504840940526,0.6320541760722348,0.9643264412879944,134.0,88.0,189.0,137.0,0.8608127043437646,0.7556375563755637,0.9633904695510864,130.0,86.0,191.0,137.0,0.8608127043437646,0.7556375563755637,0.9633904695510864,130.0,86.0,191.0,137.0,0.9290363216460215,0.8674769653009214,0.9922102689743042,73.0,86.0,191.0,139.0,0.8110284250335489,0.6821260004104248,0.9636015892028809,132.0,88.0,189.0,137.0,0.9291487351737168,0.8676730052930798,0.9918912053108215,71.0,86.0,191.0,139.0,0.8983969293294197,0.8155359704857553,0.9652141332626343,128.0,86.0,191.0,139.0
benign_000042.png,0.0,0.0,0.887963056564331,241.0,212.0,301.0,287.0,0.0,0.0,0.885918140411377,241.0,214.0,299.0,285.0,0.0,0.0,0.8827340602874756,243.0,214.0,299.0,285.0,0.0,0.0,0.8809664845466614,243.0,214.0,299.0,281.0,0.0,0.0,0.884036123752594,241.0,212.0,301.0,281.0,0.0,0.0,0.8827340602874756,243.0,214.0,299.0,285.0,0.0,0.0,0.8827340602874756,243.0,214.0,299.0,285.0,0.0,0.0,0.8761734366416931,243.0,214.0,299.0,278.0,0.0,0.0,0.884036123752594,241.0,212.0,301.0,281.0,0.0,0.0,0.9100717902183533,179.0,153.0,373.0,319.0,0.0,0.0,0.887963056564331,241.0,212.0,301.0,287.0,0.0,0.0,0.8771955370903015,239.0,193.0,350.0,307.0,0.0,0.0,0.8827340602874756,243.0,214.0,299.0,285.0,0.0,0.0,0.862960696220398,243.0,214.0,299.0,273.0,0.0,0.0,0.8827340602874756,243.0,214.0,299.0,285.0,0.0,0.0,0.8827340602874756,243.0,214.0,299.0,285.0,0.0,0.0,0.8809664845466614,243.0,214.0,299.0,281.0,0.0,0.0,0.8922067284584045,241.0,212.0,301.0,290.0,0.0,0.0,0.8852137923240662,241.0,212.0,301.0,285.0,0.0,0.0,0.8570208549499512,243.0,214.0,299.0,268.0
benign_000052.png,0.9460416371618751,0.8976081698468154,0.9673866629600525,129.0,54.0,262.0,106.0,0.9463704542238573,0.8982003760408273,0.9653418064117432,122.0,54.0,260.0,106.0,0.9469076532053092,0.8991686779297399,0.9690946936607361,124.0,54.0,273.0,106.0,0.9481981981981982,0.9014989293361885,0.9611796140670776,122.0,54.0,287.0,109.0,0.9475317348377997,0.9002948271240954,0.9660331606864929,122.0,54.0,278.0,108.0,0.9477538374876778,0.900695931477516,0.9610609412193298,120.0,54.0,285.0,109.0,0.9465346534653465,0.8984962406015038,0.966255247592926,122.0,54.0,264.0,108.0,0.9444286121402109,0.8947084233261339,0.9099535346031189,119.0,54.0,243.0,109.0,0.9472793910346772,0.8998393144081414,0.9631463885307312,124.0,54.0,280.0,109.0,0.9477854818168955,0.9007530930607853,0.9676064848899841,122.0,55.0,274.0,106.0,0.9474277660324172,0.9001071237279057,0.9639628529548645,122.0,54.0,278.0,109.0,0.4832371630998466,0.3185977077915824,0.928656280040741,124.0,54.0,243.0,163.0,0.9483889364128885,0.9018438177874186,0.9524583220481873,129.0,55.0,253.0,106.0,0.9489709613758105,0.9028969957081545,0.9571247100830078,120.0,55.0,290.0,109.0,0.9484477356878382,0.9019501625135428,0.952523946762085,124.0,55.0,253.0,106.0,0.9470217640320733,0.8993744900734294,0.9136627316474915,124.0,55.0,244.0,106.0,0.9482954545454545,0.9016747703943814,0.9652933478355408,133.0,55.0,269.0,106.0,0.43745290128108516,0.2799614178924524,0.9251770973205566,120.0,54.0,285.0,161.0,0.9484536082474226,0.9019607843137255,0.9668056964874268,122.0,55.0,283.0,106.0,0.9482273494653911,0.9015516318887106,0.9606750011444092,120.0,54.0,290.0,109.0
benign_000056.png,0.7613391730383787,0.614647009469016,0.9464401602745056,150.0,86.0,266.0,163.0,0.7402449227960751,0.5876101920057965,0.9526626467704773,154.0,88.0,262.0,164.0,0.7406675283205353,0.5881429606375271,0.9520447254180908,154.0,86.0,262.0,164.0,0.7291714658680796,0.5737764350453172,0.9583731293678284,154.0,88.0,258.0,164.0,0.7406675283205353,0.5881429606375271,0.9520447254180908,154.0,86.0,262.0,164.0,0.7406675283205353,0.5881429606375271,0.9520447254180908,154.0,86.0,262.0,164.0,0.7402449227960751,0.5876101920057965,0.9526626467704773,154.0,88.0,262.0,164.0,0.7402449227960751,0.5876101920057965,0.9526626467704773,154.0,88.0,262.0,164.0,0.7472445077603659,0.5964807277950682,0.9484660029411316,150.0,86.0,264.0,164.0,0.7509845501363224,0.6012612175600291,0.9549403190612793,154.0,86.0,266.0,156.0,0.7406675283205353,0.5881429606375271,0.9520447254180908,154.0,86.0,262.0,164.0,0.7406675283205353,0.5881429606375271,0.9520447254180908,154.0,86.0,262.0,164.0,0.7402449227960751,0.5876101920057965,0.9526626467704773,154.0,88.0,262.0,164.0,0.7291714658680796,0.5737764350453172,0.9583731293678284,154.0,88.0,258.0,164.0,0.7351524879614767,0.5812182741116751,0.9546348452568054,154.0,88.0,260.0,164.0,0.7351524879614767,0.5812182741116751,0.9546348452568054,154.0,88.0,260.0,164.0,0.7351524879614767,0.5812182741116751,0.9546348452568054,154.0,88.0,260.0,164.0,0.7509613209681067,0.6012314378848244,0.9494761228561401,154.0,86.0,264.0,164.0,0.7369773947229152,0.5835029330779361,0.9505278468132019,150.0,86.0,262.0,164.0,0.7406675283205353,0.5881429606375271,0.9520447254180908,154.0,86.0,262.0,164.0
benign_000058.png,0.0,0.0,0.8766673803329468,376.0,378.0,463.0,479.0,0.023634453781512604,0.011958543715120914,0.622909665107727,65.0,87.0,175.0,221.0,0.0,0.0,0.8960198760032654,376.0,375.0,463.0,479.0,0.0,0.0,0.8766673803329468,376.0,378.0,463.0,479.0,0.1613116282683865,0.08773190212568144,0.6275054216384888,67.0,87.0,175.0,221.0,0.0,0.0,0.8766673803329468,376.0,378.0,463.0,479.0,0.0,0.0,0.8960198760032654,376.0,375.0,463.0,479.0,0.0,0.0,0.8265303373336792,378.0,380.0,461.0,477.0,0.0,0.0,0.8766673803329468,376.0,378.0,463.0,479.0,0.0,0.0,0.8834386467933655,376.0,375.0,465.0,484.0,0.0,0.0,0.8740885257720947,378.0,378.0,463.0,479.0,0.27205962950783735,0.15744734838873384,0.6775434017181396,61.0,101.0,167.0,225.0,0.07637597995635659,0.039704214108650895,0.6456125974655151,67.0,84.0,177.0,221.0,0.0,0.0,0.8346831202507019,378.0,380.0,463.0,479.0,0.0,0.0,0.8740885257720947,378.0,378.0,463.0,479.0,0.0,0.0,0.8766673803329468,376.0,378.0,463.0,479.0,0.0,0.0,0.8960198760032654,376.0,375.0,463.0,479.0,0.26149319602795146,0.15041252379944997,0.6828254461288452,65.0,94.0,173.0,221.0,0.02528470715835141,0.01280422917167279,0.6272203922271729,65.0,89.0,173.0,221.0,0.0,0.0,0.8230175971984863,382.0,380.0,461.0,477.0
benign_000060.png,0.0,0.0,0.9088428020477295,344.0,506.0,461.0,595.0,0.00998552099455789,0.005017813236991319,0.8581048846244812,304.0,84.0,365.0,186.0,0.0,0.0,0.9088428020477295,344.0,506.0,461.0,595.0,0.0,0.0,0.911178708076477,342.0,503.0,463.0,595.0,0.0,0.0,0.9088428020477295,344.0,506.0,461.0,595.0,0.0,0.0,0.9088428020477295,344.0,506.0,461.0,595.0,0.0,0.0,0.9050219058990479,342.0,503.0,461.0,595.0,0.0,0.0,0.9006572961807251,344.0,503.0,461.0,595.0,0.0,0.0,0.9088428020477295,344.0,506.0,461.0,595.0,0.0,0.0,0.911178708076477,342.0,503.0,463.0,595.0,0.0,0.0,0.9088428020477295,344.0,506.0,461.0,595.0,0.0,0.0,0.9088428020477295,344.0,506.0,461.0,595.0,0.01170423897002697,0.005886568386568387,0.8452364802360535,304.0,82.0,360.0,186.0,0.0,0.0,0.9098438620567322,340.0,499.0,463.0,595.0,0.0,0.0,0.9088428020477295,344.0,506.0,461.0,595.0,0.0,0.0,0.9088428020477295,344.0,506.0,461.0,595.0,0.0,0.0,0.911178708076477,342.0,503.0,463.0,595.0,0.012021577189827897,0.006047136654951416,0.862793505191803,304.0,87.0,360.0,186.0,0.008289556123186659,0.004162028747035765,0.8595439195632935,304.0,80.0,373.0,186.0,0.0,0.0,0.911178708076477,342.0,503.0,463.0,595.0
benign_000063.png,0.0,0.0,0.8103996515274048,77.0,0.0,139.0,53.0,0.28349541733715805,0.16515855547403605,0.8986128568649292,124.0,160.0,254.0,210.0,0.0,0.0,0.8103996515274048,77.0,0.0,139.0,53.0,0.0,0.0,0.8103996515274048,77.0,0.0,139.0,53.0,0.0,0.0,0.8103996515274048,77.0,0.0,139.0,53.0,0.0,0.0,0.8103996515274048,77.0,0.0,139.0,53.0,0.2781481741408754,0.1615401336883865,0.8917234539985657,122.0,157.0,249.0,210.0,0.0,0.0,0.8103996515274048,77.0,0.0,139.0,53.0,0.0,0.0,0.8103996515274048,77.0,0.0,139.0,53.0,0.0,0.0,0.8103996515274048,77.0,0.0,139.0,53.0,0.0,0.0,0.8103996515274048,77.0,0.0,139.0,53.0,0.0,0.0,0.8103996515274048,77.0,0.0,139.0,53.0,0.0,0.0,0.8270413875579834,73.0,0.0,142.0,53.0,0.0,0.0,0.8103996515274048,77.0,0.0,139.0,53.0,0.3595150002228859,0.21915165348767696,0.9043943881988525,119.0,153.0,254.0,214.0,0.3153967636355313,0.18722317328333468,0.9049112200737,122.0,160.0,263.0,210.0,0.0,0.0,0.8103996515274048,77.0,0.0,139.0,53.0,0.0,0.0,0.8103996515274048,77.0,0.0,139.0,53.0,0.0,0.0,0.8103996515274048,77.0,0.0,139.0,53.0,0.0,0.0,0.8103996515274048,77.0,0.0,139.0,53.0
benign_000065.png,0.9090064995357474,0.8331914893617022,0.9399154186248779,144.0,73.0,216.0,144.0,0.9090064995357474,0.8331914893617022,0.9399154186248779,144.0,73.0,216.0,144.0,0.0,0.0,0.9294965863227844,432.0,468.0,514.0,558.0,0.0,0.0,0.9305821657180786,429.0,464.0,516.0,561.0,0.90994813767091,0.8347750865051903,0.9431511163711548,146.0,73.0,214.0,142.0,0.9090064995357474,0.8331914893617022,0.9399154186248779,144.0,73.0,216.0,144.0,0.90994813767091,0.8347750865051903,0.9431511163711548,146.0,73.0,214.0,142.0,0.9069212410501193,0.8296943231441049,0.9412871599197388,146.0,73.0,238.0,142.0,0.9084842707340324,0.8323144104803494,0.9417264461517334,144.0,73.0,227.0,144.0,0.9095238095238095,0.834061135371179,0.9416085481643677,144.0,73.0,231.0,144.0,0.90994813767091,0.8347750865051903,0.9431511163711548,146.0,73.0,214.0,142.0,0.0,0.0,0.9311368465423584,427.0,464.0,516.0,561.0,0.9105575326215896,0.835801393728223,0.9420257806777954,146.0,73.0,212.0,142.0,0.9023746701846965,0.8221153846153846,0.9428961277008057,146.0,73.0,229.0,142.0,0.0,0.0,0.9294965863227844,432.0,468.0,514.0,558.0,0.9084842707340324,0.8323144104803494,0.9417264461517334,144.0,73.0,227.0,144.0,0.9090064995357474,0.8331914893617022,0.9399154186248779,144.0,73.0,216.0,144.0,0.0,0.0,0.9305821657180786,429.0,464.0,516.0,561.0,0.0,0.0,0.9311274290084839,432.0,464.0,514.0,558.0,0.0,0.0,0.9294965863227844,432.0,468.0,514.0,558.0
benign_000068.png,0.8347870538994856,0.7164244584590074,0.9750226140022278,356.0,84.0,546.0,174.0,0.9237362766394646,0.8582806022256164,0.9707651734352112,346.0,80.0,551.0,179.0,0.882907710208831,0.7903623704840743,0.9721515774726868,351.0,80.0,541.0,174.0,0.6285391566265061,0.45829901718552685,0.9606589674949646,410.0,98.0,538.0,172.0,0.9237362766394646,0.8582806022256164,0.9707651734352112,346.0,80.0,551.0,179.0,0.8435438863521055,0.7294214422813271,0.9745389819145203,351.0,84.0,546.0,176.0,0.8832154773930878,0.7908557644865961,0.9697921872138977,351.0,80.0,546.0,176.0,0.0,0.0,0.8928072452545166,574.0,503.0,626.0,595.0,0.8347870538994856,0.7164244584590074,0.9750226140022278,356.0,84.0,546.0,174.0,0.4740015071590053,0.3106172839506173,0.9629839658737183,424.0,98.0,558.0,181.0,0.8676867686768677,0.766295707472178,0.9724379181861877,351.0,82.0,551.0,181.0,0.7710047201618341,0.6273455503127401,0.9684692025184631,363.0,94.0,570.0,179.0,0.848511632311626,0.7368825045232743,0.9738392233848572,356.0,84.0,551.0,181.0,0.0,0.0,0.8878905773162842,576.0,506.0,626.0,595.0,0.860970582724377,0.7558809014640566,0.9743524789810181,351.0,82.0,546.0,176.0,0.8724844662895298,0.7738114821516697,0.9735215306282043,351.0,80.0,538.0,169.0,0.6677148080438757,0.5011800867226521,0.9643071293830872,405.0,96.0,551.0,169.0,0.9309692258421405,0.8708535323274689,0.9705200791358948,343.0,80.0,555.0,186.0,0.8787115018134875,0.7836622807017544,0.972384512424469,351.0,80.0,541.0,172.0,0.0,0.0,0.8878905773162842,576.0,506.0,626.0,595.0
benign_000069.png,0.0,0.0,0.9036182165145874,574.0,520.0,626.0,595.0,0.11697806661251016,0.062122519413287315,0.8187228441238403,346.0,201.0,418.0,270.0,0.0,0.0,0.9016734957695007,574.0,515.0,626.0,595.0,0.0,0.0,0.8979296684265137,574.0,534.0,626.0,595.0,0.06943993066839996,0.03596880085292632,0.8267033696174622,351.0,205.0,416.0,270.0,0.0,0.0,0.9036182165145874,574.0,520.0,626.0,595.0,0.0,0.0,0.90263432264328,574.0,524.0,626.0,595.0,0.0,0.0,0.8888424038887024,576.0,508.0,626.0,595.0,0.0,0.0,0.90263432264328,574.0,524.0,626.0,595.0,0.0,0.0,0.8945984244346619,574.0,506.0,626.0,595.0,0.0,0.0,0.8996713757514954,574.0,529.0,626.0,595.0,0.0,0.0,0.9158070683479309,571.0,520.0,626.0,595.0,0.11697806661251016,0.062122519413287315,0.8187228441238403,346.0,201.0,418.0,270.0,0.0,0.0,0.9036182165145874,574.0,520.0,626.0,595.0,0.0,0.0,0.9016734957695007,574.0,515.0,626.0,595.0,0.0,0.0,0.8994502425193787,574.0,513.0,626.0,595.0,0.0,0.0,0.9036182165145874,574.0,520.0,626.0,595.0,0.0,0.0,0.9036182165145874,574.0,520.0,626.0,595.0,0.07560212871015526,0.03928612156460258,0.820888102054596,351.0,205.0,416.0,267.0,0.0,0.0,0.9036182165145874,574.0,520.0,626.0,595.0
benign_000071.png,0.9024585071447591,0.8222545689794598,0.9258196353912354,157.0,38.0,411.0,148.0,0.8308700289501753,0.7106737912159521,0.9008601307868958,151.0,38.0,411.0,155.0,0.8958668813741277,0.8113757899854157,0.9566716551780701,159.0,42.0,328.0,135.0,0.8998401704848162,0.8179176755447942,0.9557450413703918,161.0,42.0,332.0,139.0,0.8976224272533712,0.814260421696443,0.9486522078514099,153.0,40.0,330.0,137.0,0.0,0.0,0.9695414304733276,423.0,378.0,518.0,595.0,0.9023239248508592,0.8220311486048021,0.9291665554046631,159.0,40.0,411.0,148.0,0.8997424740253974,0.8177562550443906,0.9188207387924194,159.0,45.0,411.0,153.0,0.8965455998579167,0.8124899404474489,0.9509707093238831,157.0,38.0,330.0,137.0,0.8917431192660551,0.804635761589404,0.9587912559509277,221.0,38.0,332.0,139.0,0.8960957741445547,0.8117513758497896,0.9544708728790283,157.0,42.0,328.0,135.0,0.8993915880433824,0.8171767344976767,0.9154021739959717,153.0,40.0,411.0,148.0,0.8308700289501753,0.7106737912159521,0.9008601307868958,151.0,38.0,411.0,155.0,0.0,0.0,0.9695414304733276,423.0,378.0,518.0,595.0,0.8993915880433824,0.8171767344976767,0.9154021739959717,153.0,40.0,411.0,148.0,0.9016364283173248,0.8208906882591093,0.9245061874389648,157.0,42.0,411.0,148.0,0.8990141220357047,0.8165537270087125,0.9573348760604858,166.0,38.0,332.0,137.0,0.3746488075792225,0.23050329634989547,0.8525474071502686,146.0,31.0,435.0,158.0,0.8967473189754498,0.8128213367609255,0.9466865658760071,151.0,38.0,330.0,135.0,0.8989826878457969,0.8165018641595072,0.9558145999908447,161.0,45.0,330.0,139.0
benign_000072.png,0.643581081081081,0.47447073474470736,0.9451602101325989,144.0,28.0,214.0,102.0,0.643581081081081,0.47447073474470736,0.9451602101325989,144.0,28.0,214.0,102.0,0.643581081081081,0.47447073474470736,0.9451602101325989,144.0,28.0,214.0,102.0,0.6237549534111599,0.4532295719844358,0.9466403722763062,144.0,28.0,212.0,102.0,0.6508552838702907,0.48242065961418795,0.9444167017936707,144.0,28.0,214.0,104.0,0.643581081081081,0.47447073474470736,0.9451602101325989,144.0,28.0,214.0,102.0,0.6508552838702907,0.48242065961418795,0.9444167017936707,144.0,28.0,214.0,104.0,0.0,0.0,0.8543202877044678,0.0,166.0,85.0,260.0,0.643581081081081,0.47447073474470736,0.9451602101325989,144.0,28.0,214.0,102.0,0.643581081081081,0.47447073474470736,0.9451602101325989,144.0,28.0,214.0,102.0,0.643581081081081,0.47447073474470736,0.9451602101325989,144.0,28.0,214.0,102.0,0.0,0.0,0.8876902461051941,457.0,243.0,527.0,314.0,0.6604108017933479,0.4929950186799502,0.9458267092704773,144.0,28.0,216.0,102.0,0.5812742382271469,0.4097157138394252,0.9477797746658325,151.0,33.0,208.0,97.0,0.643581081081081,0.47447073474470736,0.9451602101325989,144.0,28.0,214.0,102.0,0.643581081081081,0.47447073474470736,0.9451602101325989,144.0,28.0,214.0,102.0,0.6237549534111599,0.4532295719844358,0.9466403722763062,144.0,28.0,212.0,102.0,0.0005489352942521901,0.00027454300029742157,0.9446297287940979,0.0,96.0,250.0,263.0,0.0,0.0,0.8543202877044678,0.0,166.0,85.0,260.0,0.5962991350049271,0.424804992199688,0.9483785629272461,151.0,31.0,210.0,100.0
benign_000074.png,0.0,0.0,0.9225340485572815,462.0,459.0,521.0,561.0,0.0,0.0,0.9227985739707947,462.0,457.0,523.0,565.0,0.0,0.0,0.9228655695915222,462.0,457.0,523.0,563.0,0.0,0.0,0.9225340485572815,462.0,459.0,521.0,561.0,0.0,0.0,0.9228655695915222,462.0,457.0,523.0,563.0,0.0,0.0,0.9222872257232666,462.0,459.0,521.0,563.0,0.0,0.0,0.9225340485572815,462.0,459.0,521.0,561.0,0.0,0.0,0.9225340485572815,462.0,459.0,521.0,561.0,0.0,0.0,0.9227985739707947,462.0,457.0,523.0,565.0,0.0,0.0,0.9225340485572815,462.0,459.0,521.0,561.0,0.0,0.0,0.9225340485572815,462.0,459.0,521.0,561.0,0.0,0.0,0.9227985739707947,462.0,457.0,523.0,565.0,0.0,0.0,0.9227985739707947,462.0,457.0,523.0,565.0,0.0,0.0,0.9225340485572815,462.0,459.0,521.0,561.0,0.0,0.0,0.9227985739707947,462.0,457.0,523.0,565.0,0.0,0.0,0.9228655695915222,462.0,457.0,523.0,563.0,0.0,0.0,0.9225340485572815,462.0,459.0,521.0,561.0,0.0,0.0,0.9228655695915222,462.0,457.0,523.0,563.0,0.0,0.0,0.9227985739707947,462.0,457.0,523.0,565.0,0.0,0.0,0.9223887920379639,462.0,459.0,521.0,558.0
benign_000075.png,0.02093638559760727,0.010578935131364799,0.7850428819656372,303.0,88.0,426.0,169.0,0.016923842707814832,0.00853413654618474,0.7360919713973999,289.0,88.0,432.0,169.0,0.017019283316418145,0.008582677165354331,0.7624525427818298,295.0,88.0,424.0,169.0,0.3088907581465092,0.18265570934256056,0.7885512113571167,299.0,70.0,444.0,170.0,0.017553273033880115,0.008854347910141901,0.7486647367477417,289.0,88.0,430.0,170.0,0.016800920598388953,0.00847162585586631,0.738852322101593,297.0,86.0,432.0,169.0,0.01738727251651791,0.008769878391019644,0.7569868564605713,291.0,88.0,428.0,169.0,0.01642292953781184,0.008279451190663933,0.7353982329368591,297.0,88.0,428.0,167.0,0.02064437782247353,0.010429847770236589,0.7536962628364563,303.0,88.0,432.0,170.0,0.020786516853932586,0.010502412716434857,0.768297553062439,303.0,88.0,426.0,158.0,0.02064437782247353,0.010429847770236589,0.7536962628364563,303.0,88.0,432.0,170.0,0.27584891262876765,0.15999114848417792,0.8744893670082092,316.0,68.0,444.0,169.0,0.01728414199348938,0.008717407450842422,0.7658792734146118,293.0,88.0,426.0,170.0,0.009973035865991948,0.005011507907045809,0.6996802687644958,307.0,88.0,442.0,167.0,0.01786819306930693,0.009014634146341464,0.7553036212921143,289.0,86.0,426.0,169.0,0.017870898166692344,0.009016011192289756,0.7462143898010254,289.0,86.0,428.0,169.0,0.1461904761904762,0.0788594913948112,0.6694498062133789,320.0,77.0,434.0,167.0,0.02196349212179087,0.011103683897801545,0.718220055103302,295.0,86.0,440.0,170.0,0.018406805877803557,0.009288892358129732,0.7935738563537598,307.0,90.0,424.0,169.0,0.019670918838972085,0.009933156577915532,0.709930419921875,297.0,86.0,442.0,167.0
benign_000076.png,0.7910243023565301,0.6542929720575783,0.8592770099639893,36.0,91.0,341.0,235.0,0.779799002804612,0.6390742218675179,0.8824913501739502,38.0,88.0,341.0,235.0,0.779799002804612,0.6390742218675179,0.8824913501739502,38.0,88.0,341.0,235.0,0.0,0.0,0.8966640830039978,549.0,381.0,703.0,446.0,0.0,0.0,0.8975841999053955,552.0,381.0,697.0,446.0,0.016520497654497247,0.00832904884318766,0.8964750170707703,38.0,88.0,256.0,235.0,0.779799002804612,0.6390742218675179,0.8824913501739502,38.0,88.0,341.0,235.0,0.0,0.0,0.8977762460708618,555.0,383.0,697.0,446.0,0.7995534355018776,0.6660466689212039,0.8591528534889221,38.0,91.0,344.0,235.0,0.0,0.0,0.8971334099769592,558.0,383.0,697.0,446.0,0.01368573681666709,0.0068900158803339995,0.9428480863571167,36.0,88.0,236.0,235.0,0.013140775435857403,0.006613843232270316,0.9170477390289307,0.0,88.0,236.0,232.0,0.779799002804612,0.6390742218675179,0.8824913501739502,38.0,88.0,341.0,235.0,0.0,0.0,0.8966640830039978,549.0,381.0,703.0,446.0,0.777283969701654,0.6357027718954454,0.8864415287971497,38.0,88.0,344.0,232.0,0.7805791837904998,0.6401228955701163,0.8941022157669067,38.0,88.0,344.0,235.0,0.6974985982745211,0.5355069847529647,0.870786726474762,0.0,90.0,344.0,232.0,0.013695840333995214,0.006895137518263143,0.9423511028289795,38.0,88.0,236.0,235.0,0.7951558663943389,0.6599657534246576,0.860122799873352,38.0,91.0,341.0,235.0,0.0,0.0,0.8960893154144287,552.0,381.0,703.0,446.0
benign_000078.png,0.9446113550573916,0.895036496350365,0.9638717174530029,282.0,28.0,397.0,109.0,0.9443588162762022,0.894583150824938,0.9629678726196289,278.0,20.0,377.0,108.0,0.9430379746835443,0.8922155688622755,0.9629306793212891,280.0,24.0,379.0,109.0,0.9437803655433022,0.8935455607476636,0.9597259163856506,280.0,20.0,379.0,109.0,0.9423032362709508,0.8909011245801081,0.9636175632476807,280.0,25.0,379.0,109.0,0.9385856079404467,0.8842781998831093,0.9611284136772156,282.0,27.0,377.0,109.0,0.9428747877103597,0.891923470132905,0.9615399837493896,280.0,22.0,379.0,108.0,0.5362194599228461,0.3663250366032211,0.937034010887146,280.0,20.0,341.0,60.0,0.9445214979195562,0.8948751642575559,0.9622350335121155,278.0,22.0,381.0,108.0,0.028372387587080432,0.014390337915970705,0.7701998353004456,316.0,61.0,389.0,111.0,0.9442774566473988,0.894437144108629,0.9635679125785828,278.0,22.0,377.0,109.0,0.9448467108303805,0.8954591911227916,0.9613558053970337,278.0,20.0,381.0,108.0,0.9428747877103597,0.891923470132905,0.9615399837493896,280.0,22.0,379.0,108.0,0.5362194599228461,0.3663250366032211,0.937034010887146,280.0,20.0,341.0,60.0,0.9432914126996373,0.8926693925233645,0.9603567123413086,280.0,20.0,379.0,108.0,0.9422304603027495,0.8907710280373832,0.9625402688980103,280.0,20.0,377.0,105.0,0.9433001619995371,0.8926850635129215,0.9652249217033386,278.0,20.0,373.0,101.0,0.9446841294298921,0.8951671776901737,0.9625098705291748,278.0,22.0,379.0,109.0,0.9415584415584416,0.8895705521472392,0.960256040096283,282.0,24.0,383.0,108.0,0.6449181953396133,0.4759256549099956,0.9463483095169067,276.0,20.0,343.0,63.0
benign_000079.png,0.0,0.0,0.8985979557037354,361.0,295.0,473.0,335.0,0.0,0.0,0.9002978205680847,361.0,295.0,475.0,335.0,0.0,0.0,0.9015310406684875,363.0,297.0,471.0,334.0,0.0,0.0,0.9011277556419373,361.0,295.0,477.0,335.0,0.0,0.0,0.9005689024925232,359.0,295.0,477.0,335.0,0.0,0.0,0.9002978205680847,361.0,295.0,475.0,335.0,0.0,0.0,0.9002978205680847,361.0,295.0,475.0,335.0,0.0,0.0,0.9024248719215393,361.0,297.0,473.0,334.0,0.0,0.0,0.9002978205680847,361.0,295.0,475.0,335.0,0.0,0.0,0.9015310406684875,363.0,297.0,471.0,334.0,0.0,0.0,0.9002978205680847,361.0,295.0,475.0,335.0,0.0,0.0,0.8998077511787415,359.0,295.0,475.0,335.0,0.9227707006369427,0.8566149297856614,0.7466014623641968,142.0,20.0,233.0,81.0,0.0,0.0,0.9010388851165771,361.0,297.0,471.0,334.0,0.0,0.0,0.8998077511787415,359.0,295.0,475.0,335.0,0.0,0.0,0.9002978205680847,361.0,295.0,475.0,335.0,0.0,0.0,0.9010388851165771,361.0,297.0,471.0,334.0,0.0,0.0,0.9002978205680847,361.0,295.0,475.0,335.0,0.0,0.0,0.8974645137786865,361.0,295.0,471.0,335.0,0.0,0.0,0.9010388851165771,361.0,297.0,471.0,334.0
benign_000081.png,0.0,0.0,0.8395352363586426,288.0,31.0,411.0,83.0,0.0035270094672359385,0.0017666201766620177,0.7917406558990479,260.0,25.0,407.0,82.0,0.679737678317896,0.5148504711183941,0.9250418543815613,136.0,20.0,411.0,82.0,0.0,0.0,0.86191725730896,278.0,42.0,409.0,83.0,0.0,0.0,0.827316403388977,280.0,26.0,407.0,82.0,0.0,0.0,0.8432279825210571,280.0,28.0,409.0,82.0,0.003695150115473441,0.0018509949097639982,0.7920883297920227,252.0,28.0,407.0,83.0,0.003775959723096287,0.0018915510718789407,0.8224971890449524,250.0,42.0,397.0,83.0,0.0,0.0,0.8285234570503235,284.0,28.0,411.0,82.0,0.0,0.0,0.8678430914878845,288.0,42.0,405.0,83.0,0.0,0.0,0.8432279825210571,280.0,28.0,409.0,82.0,0.0,0.0,0.8618590235710144,284.0,39.0,411.0,82.0,0.0,0.0,0.8448952436447144,276.0,26.0,409.0,82.0,0.0,0.0,0.86141037940979,278.0,42.0,403.0,82.0,0.004894578313253012,0.002453293074164937,0.7836713194847107,258.0,24.0,407.0,82.0,0.01704966641957005,0.008598130841121496,0.7597755193710327,244.0,26.0,411.0,82.0,0.0001866019779809666,9.330969487729775e-05,0.7296606302261353,146.0,28.0,413.0,83.0,0.0,0.0,0.8238640427589417,282.0,28.0,407.0,82.0,0.0,0.0,0.8367363214492798,284.0,25.0,411.0,82.0,0.0,0.0,0.901816725730896,308.0,44.0,397.0,82.0
benign_000082.png,0.13671664744329104,0.073374050841862,0.7638629674911499,101.0,118.0,164.0,205.0,0.1307350007672242,0.06993925463799047,0.7873266339302063,101.0,119.0,162.0,207.0,0.15956564361662015,0.08669999180529378,0.7855334281921387,101.0,119.0,164.0,209.0,0.08565469983613884,0.04474359971986616,0.7565523982048035,101.0,112.0,162.0,205.0,0.12339570125251276,0.06575477916941332,0.7758911848068237,101.0,119.0,162.0,205.0,0.1307350007672242,0.06993925463799047,0.7873266339302063,101.0,119.0,162.0,207.0,0.1307350007672242,0.06993925463799047,0.7873266339302063,101.0,119.0,162.0,207.0,0.04337089056953233,0.022166127632720675,0.7630212903022766,101.0,105.0,162.0,205.0,0.12508850601840926,0.06671701913393756,0.755189061164856,101.0,119.0,164.0,203.0,0.0819852363750589,0.04274484113986243,0.7474952936172485,103.0,118.0,158.0,203.0,0.12055808217066215,0.06414568124025921,0.7765786647796631,101.0,118.0,162.0,205.0,0.0,0.0,0.9286702871322632,177.0,220.0,303.0,335.0,0.12339570125251276,0.06575477916941332,0.7758911848068237,101.0,119.0,162.0,205.0,0.040252328026434366,0.020539546290619253,0.770174503326416,101.0,102.0,162.0,203.0,0.12339570125251276,0.06575477916941332,0.7758911848068237,101.0,119.0,162.0,205.0,0.12339570125251276,0.06575477916941332,0.7758911848068237,101.0,119.0,162.0,205.0,0.1650441131731062,0.08994445826079749,0.7670410871505737,101.0,118.0,166.0,205.0,0.12339570125251276,0.06575477916941332,0.7758911848068237,101.0,119.0,162.0,205.0,0.12339570125251276,0.06575477916941332,0.7758911848068237,101.0,119.0,162.0,205.0,0.042608232519211746,0.021767861307626524,0.7494496703147888,103.0,103.0,160.0,203.0
benign_000083.png,0.8890578663219527,0.8002737850787132,0.9663945436477661,186.0,31.0,317.0,122.0,0.8909685764285171,0.8033754116355654,0.9628512263298035,184.0,31.0,313.0,126.0,0.8897679726131609,0.8014252432506509,0.966052234172821,186.0,31.0,317.0,124.0,0.8857404021937842,0.7949138638228056,0.9624841809272766,189.0,31.0,332.0,116.0,0.8888211072136648,0.7998902003842987,0.9674241542816162,186.0,31.0,313.0,122.0,0.8866656483885749,0.796405542598436,0.9650560021400452,189.0,31.0,317.0,120.0,0.8897679726131609,0.8014252432506509,0.966052234172821,186.0,31.0,317.0,124.0,0.88319876970396,0.7908289727347838,0.9645680785179138,186.0,31.0,313.0,116.0,0.8831886951847017,0.7908128180442855,0.9629843235015869,189.0,31.0,317.0,116.0,0.8227663369547592,0.6988980716253443,0.9280815124511719,184.0,31.0,311.0,101.0,0.8800184942590737,0.7857437732214119,0.9589950442314148,189.0,31.0,319.0,114.0,0.8872089507106139,0.7972826086956522,0.9691860675811768,189.0,31.0,338.0,120.0,0.8888210606638688,0.7998901249828321,0.9677149057388306,186.0,31.0,311.0,122.0,0.8878212460916648,0.7982720789906748,0.9662948846817017,186.0,31.0,317.0,120.0,0.8883491342160934,0.7991260219904144,0.9596266746520996,184.0,31.0,328.0,126.0,0.888660932691549,0.7996307867083216,0.9581081867218018,182.0,31.0,313.0,129.0,0.885963569569876,0.795273426765595,0.9594997763633728,191.0,31.0,317.0,120.0,0.8861047835990888,0.7955010224948875,0.964123547077179,186.0,31.0,336.0,116.0,0.8873185928120964,0.7974597104616226,0.9652448892593384,189.0,31.0,328.0,120.0,0.8856179086169886,0.7947165657677491,0.966328501701355,189.0,31.0,311.0,120.0
benign_000084.png,0.6890754158587611,0.5256407761321839,0.9072942137718201,275.0,242.0,495.0,356.0,0.00720164609053498,0.0036138358286009293,0.8171128034591675,535.0,277.0,673.0,329.0,0.30083445312629603,0.1770483480434273,0.9263277053833008,278.0,240.0,386.0,350.0,0.005690158200895203,0.0028531966706647764,0.810215950012207,538.0,281.0,670.0,329.0,0.006182709732437906,0.0031009409751924723,0.7827619314193726,535.0,277.0,679.0,331.0,0.0,0.0,0.7667000889778137,529.0,277.0,679.0,331.0,0.008236602488357544,0.004135331786219051,0.8608131408691406,535.0,273.0,679.0,331.0,0.008703826201998398,0.004370935030421708,0.8688362836837769,535.0,273.0,673.0,329.0,0.0,0.0,0.7667000889778137,529.0,277.0,679.0,331.0,0.0,0.0,0.7882601618766785,535.0,279.0,679.0,331.0,0.006182709732437906,0.0031009409751924723,0.7827619314193726,535.0,277.0,679.0,331.0,0.3980201718341427,0.248455170805643,0.916267991065979,281.0,240.0,416.0,362.0,0.35887354558240636,0.21867513293469157,0.9332785606384277,275.0,231.0,401.0,352.0,0.0,0.0,0.7667000889778137,529.0,277.0,679.0,331.0,0.39049400031167214,0.2426173002071997,0.9180787205696106,272.0,219.0,404.0,352.0,0.011719692530419497,0.00589438646371485,0.8696104288101196,529.0,250.0,679.0,331.0,0.006087844007950008,0.003053215754593294,0.8150029182434082,538.0,279.0,673.0,329.0,0.4084196231539637,0.2566126279863481,0.9305139780044556,275.0,223.0,410.0,352.0,0.7254200354105018,0.5691443891824681,0.8808848857879639,275.0,225.0,489.0,352.0,0.0,0.0,0.7882601618766785,535.0,279.0,679.0,331.0
benign_000089.png,0.0,0.0,0.9525229334831238,240.0,296.0,290.0,348.0,0.0,0.0,0.9505808353424072,243.0,299.0,289.0,348.0,0.0,0.0,0.9278463125228882,282.0,246.0,306.0,279.0,0.0,0.0,0.9258047938346863,281.0,245.0,306.0,282.0,0.0,0.0,0.9278463125228882,282.0,246.0,306.0,279.0,0.0,0.0,0.9278463125228882,282.0,246.0,306.0,279.0,0.0,0.0,0.9505808353424072,243.0,299.0,289.0,348.0,0.0,0.0,0.9278463125228882,282.0,246.0,306.0,279.0,0.0,0.0,0.6541768312454224,89.0,51.0,136.0,103.0,0.0,0.0,0.9278463125228882,282.0,246.0,306.0,279.0,0.0,0.0,0.7371609807014465,89.0,50.0,136.0,102.0,0.0,0.0,0.9278463125228882,282.0,246.0,306.0,279.0,0.0,0.0,0.9278463125228882,282.0,246.0,306.0,279.0,0.0,0.0,0.9278463125228882,282.0,246.0,306.0,279.0,0.04850579839429081,0.024855722530141136,0.6856021881103516,89.0,51.0,136.0,106.0,0.0,0.0,0.9429216384887695,245.0,302.0,286.0,348.0,0.0,0.0,0.9501193761825562,242.0,298.0,289.0,348.0,0.0,0.0,0.9278463125228882,282.0,246.0,306.0,279.0,0.0,0.0,0.9532185792922974,239.0,294.0,291.0,348.0,0.0,0.0,0.9278463125228882,282.0,246.0,306.0,279.0
benign_000090.png,0.012307692307692308,0.006191950464396285,0.8096585273742676,54.0,79.0,161.0,141.0,0.5697023942716491,0.39831038798498125,0.9146854877471924,106.0,97.0,159.0,137.0,0.5454961133973479,0.37503929581892487,0.9226024746894836,108.0,97.0,158.0,137.0,0.014499532273152479,0.007302709069493522,0.7878301739692688,51.0,75.0,161.0,141.0,0.5706026239715366,0.39919103920348475,0.907736599445343,103.0,96.0,159.0,137.0,0.5336384439359267,0.36392009987515606,0.8961694836616516,105.0,97.0,158.0,137.0,0.5336384439359267,0.36392009987515606,0.8961694836616516,105.0,97.0,158.0,137.0,0.6006688963210702,0.4292543021032505,0.9289612770080566,110.0,97.0,159.0,137.0,0.6036056087246828,0.4322601211348422,0.8842700123786926,98.0,96.0,159.0,137.0,0.8141667842528574,0.6865778200856735,0.9314104914665222,41.0,80.0,211.0,146.0,0.01690412943733398,0.008524111056989771,0.7837903499603271,53.0,75.0,161.0,138.0,0.005417795374036257,0.0027162557459256163,0.82466721534729,41.0,77.0,161.0,141.0,0.5413911060433295,0.3711694809255785,0.906553328037262,106.0,97.0,158.0,137.0,0.5950190711240745,0.4235068668157138,0.8914475440979004,103.0,97.0,159.0,137.0,0.5336384439359267,0.36392009987515606,0.8961694836616516,105.0,97.0,158.0,137.0,0.5413911060433295,0.3711694809255785,0.906553328037262,106.0,97.0,158.0,137.0,0.5683646112600537,0.3970037453183521,0.9058294892311096,105.0,97.0,159.0,138.0,0.007230965546575925,0.0036286019210245465,0.8236265182495117,46.0,77.0,161.0,141.0,0.5413911060433295,0.3711694809255785,0.906553328037262,106.0,97.0,158.0,137.0,0.009004952723998198,0.004522840343735866,0.801481306552887,48.0,75.0,161.0,141.0
benign_000092.png,0.0,0.0,0.8934037685394287,541.0,546.0,654.0,640.0,0.0,0.0,0.8934037685394287,541.0,546.0,654.0,640.0,0.0,0.0,0.8941601514816284,538.0,546.0,654.0,640.0,0.0,0.0,0.8941601514816284,538.0,546.0,654.0,640.0,0.0,0.0,0.896884024143219,538.0,544.0,656.0,640.0,0.0,0.0,0.896884024143219,538.0,544.0,656.0,640.0,0.0,0.0,0.8934037685394287,541.0,546.0,654.0,640.0,0.0,0.0,0.8999225497245789,535.0,544.0,656.0,640.0,0.0,0.0,0.892019510269165,541.0,549.0,654.0,640.0,0.0,0.0,0.9012435674667358,535.0,539.0,659.0,640.0,0.0,0.0,0.896884024143219,538.0,544.0,656.0,640.0,0.0,0.0,0.8897427320480347,541.0,549.0,651.0,640.0,0.0,0.0,0.8918295502662659,546.0,549.0,651.0,640.0,0.0,0.0,0.9190993309020996,511.0,539.0,659.0,640.0,0.0,0.0,0.8897427320480347,541.0,549.0,651.0,640.0,0.0,0.0,0.8897427320480347,541.0,549.0,651.0,640.0,0.0,0.0,0.8934037685394287,541.0,546.0,654.0,640.0,0.0,0.0,0.8934037685394287,541.0,546.0,654.0,640.0,0.0,0.0,0.8934037685394287,541.0,546.0,654.0,640.0,0.0,0.0,0.8999225497245789,535.0,544.0,656.0,640.0
benign_000096.png,0.7237807690694846,0.5671288690280607,0.9233871698379517,39.0,53.0,289.0,165.0,0.9054641909814324,0.8272586273749515,0.951616644859314,106.0,55.0,289.0,165.0,0.9061437074829932,0.8283937421047517,0.955527126789093,110.0,55.0,283.0,165.0,0.7490959787391627,0.5988436890498746,0.9261975288391113,37.0,53.0,291.0,164.0,0.9054641909814324,0.8272586273749515,0.9527953267097473,108.0,55.0,289.0,165.0,0.9054641909814324,0.8272586273749515,0.9527953267097473,108.0,55.0,289.0,165.0,0.9057605521635254,0.8277535177098496,0.9532062411308289,108.0,55.0,285.0,165.0,0.8803053435114504,0.7862012544314153,0.9635168313980103,121.0,55.0,293.0,164.0,0.9057605521635254,0.8277535177098496,0.9532062411308289,108.0,55.0,285.0,165.0,0.8761644390441474,0.7796197855662672,0.9584982991218567,114.0,53.0,291.0,162.0,0.9057905631335916,0.8278036476523088,0.9512413740158081,106.0,53.0,285.0,165.0,0.7136318242343542,0.5547648314679433,0.9267469048500061,33.0,53.0,291.0,164.0,0.905229625696841,0.8268671193016489,0.9531006217002869,108.0,53.0,285.0,164.0,0.9009091428898165,0.8196857767141816,0.9520827531814575,123.0,87.0,291.0,164.0,0.9065788075247104,0.8291213063763608,0.9516604542732239,106.0,55.0,283.0,165.0,0.907320706533305,0.8303632291362353,0.9568588137626648,112.0,58.0,283.0,167.0,0.9062300659153731,0.828538102643857,0.9552943706512451,110.0,53.0,280.0,165.0,0.9050018564684665,0.8264871149002131,0.9513220191001892,106.0,53.0,289.0,164.0,0.9058367411970896,0.8278807882729832,0.954660952091217,112.0,55.0,285.0,167.0,0.9045775208189678,0.825779585512299,0.9537186026573181,110.0,53.0,293.0,164.0
benign_000097.png,0.0,0.0,0.9308974146842957,402.0,329.0,489.0,400.0,0.9567346938775511,0.917057902973396,0.9830323457717896,282.0,19.0,418.0,92.0,0.8794001779133308,0.7847584486278067,0.9703362584114075,288.0,24.0,352.0,67.0,0.9566433566433566,0.9168900804289544,0.9819082021713257,284.0,21.0,422.0,95.0,0.0,0.0,0.9308974146842957,402.0,329.0,489.0,400.0,0.0,0.0,0.9303228855133057,400.0,326.0,491.0,400.0,0.9569879939386875,0.9175234689316049,0.9856386184692383,280.0,19.0,420.0,95.0,0.8813387423935092,0.7878513145965549,0.9688390493392944,288.0,21.0,352.0,67.0,0.9570180547466511,0.9175787357605539,0.9797844886779785,284.0,19.0,418.0,95.0,0.9564102564102565,0.9164619164619164,0.979595422744751,286.0,21.0,420.0,95.0,0.9569879939386875,0.9175234689316049,0.9892820119857788,276.0,19.0,420.0,95.0,0.9567750203891413,0.917132008041099,0.9816498756408691,282.0,19.0,422.0,95.0,0.9053936763794173,0.8271409152695968,0.9724417924880981,286.0,21.0,352.0,67.0,0.8643151390319258,0.761051915665382,0.9685192108154297,288.0,21.0,350.0,67.0,0.9563695753616426,0.91638721216186,0.9860720634460449,280.0,19.0,418.0,92.0,0.9053936763794173,0.8271409152695968,0.9724417924880981,286.0,21.0,352.0,67.0,0.956663560111836,0.9169271996426976,0.9789255857467651,284.0,19.0,420.0,95.0,0.9522011094063496,0.9087632349628295,0.9858441948890686,276.0,19.0,352.0,70.0,0.8813387423935092,0.7878513145965549,0.9688390493392944,288.0,21.0,352.0,67.0,0.0,0.0,0.9297967553138733,400.0,328.0,491.0,400.0
benign_000101.png,0.0,0.0,0.9410001039505005,284.0,108.0,451.0,204.0,0.0,0.0,0.9319667220115662,278.0,101.0,445.0,206.0,0.0,0.0,0.9484755992889404,293.0,113.0,445.0,199.0,0.0,0.0,0.9438247680664062,303.0,115.0,421.0,190.0,0.0,0.0,0.9327948093414307,281.0,113.0,433.0,206.0,0.0,0.0,0.9377757906913757,284.0,115.0,445.0,204.0,0.0,0.0,0.936139702796936,284.0,113.0,445.0,204.0,0.0,0.0,0.9524332284927368,306.0,113.0,457.0,201.0,0.0,0.0,0.938298225402832,278.0,108.0,454.0,208.0,0.0,0.0,0.9586621522903442,324.0,115.0,448.0,195.0,0.0,0.0,0.9436971545219421,284.0,124.0,436.0,204.0,0.0,0.0,0.9401484727859497,278.0,104.0,451.0,208.0,0.0,0.0,0.9405401349067688,281.0,108.0,451.0,206.0,0.0,0.0,0.94711834192276,299.0,113.0,451.0,195.0,0.0,0.0,0.9384608268737793,275.0,101.0,454.0,208.0,0.0,0.0,0.9408845901489258,284.0,110.0,451.0,204.0,0.0,0.0,0.9455738067626953,293.0,110.0,457.0,199.0,0.0,0.0,0.931313157081604,275.0,101.0,445.0,213.0,0.0,0.0,0.9398211240768433,281.0,110.0,454.0,206.0,0.0,0.0,0.9549072980880737,321.0,119.0,445.0,199.0
benign_000102.png,0.9156593963130528,0.844438908955038,0.9745297431945801,138.0,117.0,289.0,223.0,0.9149195184634114,0.8431812515582149,0.9769792556762695,134.0,116.0,289.0,211.0,0.9150733058577123,0.8434425208618757,0.97320556640625,136.0,116.0,287.0,219.0,0.9151785714285714,0.8436213991769548,0.9756377935409546,145.0,117.0,287.0,223.0,0.9155471545264295,0.8442480079681275,0.9736807346343994,134.0,116.0,289.0,221.0,0.9150733058577123,0.8434425208618757,0.97320556640625,136.0,116.0,287.0,219.0,0.9138713830724402,0.8414025455452957,0.9748210906982422,134.0,116.0,287.0,209.0,0.9150388644812437,0.843384001993521,0.9753791689872742,143.0,116.0,289.0,223.0,0.9153206731094141,0.8438629283489096,0.9745556116104126,138.0,116.0,289.0,218.0,0.9148849797023004,0.8431225838633246,0.976577639579773,151.0,116.0,287.0,218.0,0.9149540292049757,0.8432398753894081,0.9737916588783264,136.0,117.0,287.0,216.0,0.915279469481662,0.843792888334373,0.9749512076377869,145.0,119.0,287.0,226.0,0.916256157635468,0.8454545454545455,0.9759122729301453,136.0,116.0,293.0,223.0,0.8990457751348361,0.8166059540258761,0.9465757608413696,138.0,114.0,268.0,221.0,0.9139216483665447,0.8414877683474787,0.9746455550193787,134.0,116.0,287.0,208.0,0.9151695258678914,0.8436060266467439,0.9735315442085266,134.0,116.0,287.0,218.0,0.9156235198592597,0.844377885935355,0.9754108190536499,145.0,121.0,287.0,223.0,0.9164755093779517,0.8458281444582815,0.9754159450531006,136.0,117.0,293.0,219.0,0.915066269948607,0.843430565943655,0.9743545651435852,138.0,117.0,287.0,219.0,0.9139952558454761,0.8416125811283075,0.975970983505249,143.0,117.0,285.0,219.0
benign_000103.png,0.8925727522802953,0.8059877108118708,0.9636563062667847,273.0,156.0,458.0,226.0,0.8787857294843606,0.7837803643724697,0.951858639717102,273.0,148.0,464.0,226.0,0.8888409238074682,0.7999222999222999,0.9620887041091919,276.0,154.0,464.0,226.0,0.8787857294843606,0.7837803643724697,0.951858639717102,273.0,148.0,464.0,226.0,0.8794094683795869,0.7847732455029136,0.9525330066680908,276.0,148.0,464.0,226.0,0.8912635379061372,0.8038551706173482,0.9604703187942505,276.0,156.0,464.0,226.0,0.8787857294843606,0.7837803643724697,0.951858639717102,273.0,148.0,464.0,226.0,0.8837774126723338,0.791757327531038,0.9562147855758667,282.0,150.0,464.0,228.0,0.8912635379061372,0.8038551706173482,0.9604703187942505,276.0,156.0,464.0,226.0,0.7945696721311475,0.659158521036974,0.9502602815628052,273.0,141.0,458.0,226.0,0.8947827350675774,0.8095989480604865,0.9621468782424927,273.0,158.0,458.0,226.0,0.8973311943998833,0.8137812458669488,0.9576743245124817,276.0,164.0,458.0,228.0,0.8845163136805954,0.7929441949967928,0.9603163003921509,273.0,150.0,458.0,226.0,0.8779312787814382,0.7824220229826998,0.9512465000152588,273.0,148.0,464.0,228.0,0.8887929794274205,0.7998446400828586,0.9614688158035278,273.0,154.0,464.0,226.0,0.8787857294843606,0.7837803643724697,0.951858639717102,273.0,148.0,464.0,226.0,0.8902862098872506,0.8022665103556077,0.9610722661018372,276.0,162.0,458.0,226.0,0.8794094683795869,0.7847732455029136,0.9525330066680908,276.0,148.0,464.0,226.0,0.894446860954038,0.8090491803278689,0.9594671726226807,276.0,158.0,464.0,226.0,0.8887929794274205,0.7998446400828586,0.9614688158035278,273.0,154.0,464.0,226.0
benign_000105.png,0.8585840389119077,0.7522095959595959,0.939063549041748,327.0,67.0,465.0,133.0,0.8225167843002238,0.6985380116959065,0.9319486021995544,327.0,65.0,471.0,139.0,0.9078446306169079,0.8312412831241283,0.9497144818305969,330.0,65.0,471.0,125.0,0.8877323420074349,0.7981283422459893,0.9394398927688599,327.0,65.0,471.0,133.0,0.8360196215837421,0.7182420228777845,0.9372736811637878,327.0,65.0,471.0,135.0,0.8225167843002238,0.6985380116959065,0.9319486021995544,327.0,65.0,471.0,139.0,0.8296760710553814,0.7089285714285715,0.9354797601699829,327.0,65.0,465.0,135.0,0.8207756705962754,0.6960301361924079,0.9268153309822083,324.0,65.0,471.0,143.0,0.826809837201247,0.7047534691467375,0.931617259979248,324.0,65.0,471.0,137.0,0.8212281000170097,0.6966810966810967,0.9299317002296448,333.0,65.0,471.0,149.0,0.8213070115724983,0.696794686687843,0.923837423324585,324.0,65.0,471.0,147.0,0.8254725012770304,0.7028124093940272,0.9110872745513916,312.0,61.0,477.0,154.0,0.908848715509039,0.8329264039065225,0.9521763920783997,330.0,65.0,471.0,127.0,0.8435181914517839,0.7293830177153329,0.9371251463890076,324.0,65.0,474.0,135.0,0.8360196215837421,0.7182420228777845,0.9372736811637878,327.0,65.0,471.0,135.0,0.9078095238095238,0.8311824206487618,0.9487040042877197,327.0,65.0,465.0,125.0,0.8214650766609881,0.6970222607690084,0.9264431595802307,324.0,65.0,474.0,145.0,0.8214710378800747,0.6970308446238109,0.9204050898551941,321.0,63.0,474.0,149.0,0.9134466769706336,0.8406827880512091,0.948012113571167,327.0,65.0,471.0,131.0,0.826252158894646,0.7039434961742201,0.9299389719963074,324.0,65.0,474.0,139.0
benign_000106.png,0.8041182682154171,0.6724061810154526,0.9218209981918335,287.0,78.0,419.0,148.0,0.804955192409067,0.6735774150860168,0.9184499979019165,287.0,79.0,419.0,148.0,0.8041182682154171,0.6724061810154526,0.9218209981918335,287.0,78.0,419.0,148.0,0.8064859117490697,0.6757238307349666,0.9244799613952637,287.0,78.0,419.0,145.0,0.8064859117490697,0.6757238307349666,0.9244799613952637,287.0,78.0,419.0,145.0,0.8062632696390658,0.6754112939084037,0.9220809936523438,287.0,79.0,419.0,145.0,0.8041182682154171,0.6724061810154526,0.9218209981918335,287.0,78.0,419.0,148.0,0.8064859117490697,0.6757238307349666,0.9244799613952637,287.0,78.0,419.0,145.0,0.8034591194968553,0.671484888304862,0.915546178817749,287.0,79.0,419.0,151.0,0.8054823405376911,0.6743159752868491,0.9208072423934937,285.0,78.0,419.0,148.0,0.804955192409067,0.6735774150860168,0.9184499979019165,287.0,79.0,419.0,148.0,0.8041182682154171,0.6724061810154526,0.9218209981918335,287.0,78.0,419.0,148.0,0.8041182682154171,0.6724061810154526,0.9218209981918335,287.0,78.0,419.0,148.0,0.8074468085106383,0.6770740410347904,0.9244711399078369,287.0,79.0,423.0,143.0,0.804955192409067,0.6735774150860168,0.9184499979019165,287.0,79.0,419.0,148.0,0.804955192409067,0.6735774150860168,0.9184499979019165,287.0,79.0,419.0,148.0,0.8041182682154171,0.6724061810154526,0.9218209981918335,287.0,78.0,419.0,148.0,0.804955192409067,0.6735774150860168,0.9184499979019165,287.0,79.0,419.0,148.0,0.804955192409067,0.6735774150860168,0.9184499979019165,287.0,79.0,419.0,148.0,0.8098553829673273,0.6804680468046804,0.9298514127731323,285.0,78.0,419.0,140.0
benign_000107.png,0.8237049506465682,0.7002536915371105,0.9267693758010864,180.0,231.0,361.0,299.0,0.7923680372137029,0.6561337076451003,0.9072637557983398,189.0,231.0,361.0,299.0,0.8206228214655074,0.6958103280285807,0.9335524439811707,174.0,231.0,361.0,299.0,0.795532308176348,0.6604845556063476,0.9075849652290344,189.0,231.0,358.0,299.0,0.810972066173337,0.6820462691430433,0.9111573696136475,186.0,231.0,361.0,299.0,0.64146069917613,0.47216940929653184,0.9194899201393127,217.0,231.0,358.0,299.0,0.8248652368390871,0.7019324614483701,0.9284709095954895,180.0,231.0,358.0,299.0,0.0,0.0,0.922589123249054,612.0,485.0,747.0,542.0,0.8229386284356193,0.6991467465641894,0.9196615219116211,183.0,231.0,361.0,299.0,0.7753968253968254,0.6331821127673364,0.9373031854629517,164.0,231.0,355.0,297.0,0.5704109845822204,0.39900347472628334,0.9082962870597839,232.0,231.0,358.0,299.0,0.010332191986544122,0.005192923132661071,0.7918476462364197,257.0,231.0,358.0,297.0,0.8206228214655074,0.6958103280285807,0.9335524439811707,174.0,231.0,361.0,299.0,0.795532308176348,0.6604845556063476,0.9075849652290344,189.0,231.0,358.0,299.0,0.820770262502395,0.6960223579877811,0.9301442503929138,177.0,231.0,361.0,299.0,0.8206228214655074,0.6958103280285807,0.9335524439811707,174.0,231.0,361.0,299.0,0.810972066173337,0.6820462691430433,0.9111573696136475,186.0,231.0,361.0,299.0,0.6063290561212841,0.4350589777195282,0.9145582318305969,226.0,231.0,358.0,299.0,0.8237049506465682,0.7002536915371105,0.9267693758010864,180.0,231.0,361.0,299.0,0.0,0.0,0.9248270392417908,609.0,483.0,747.0,542.0
benign_000108.png,0.9050481639747954,0.8265643603651277,0.9673876762390137,176.0,140.0,285.0,227.0,0.8925213366121799,0.8059038662486938,0.9590168595314026,172.0,127.0,281.0,227.0,0.8180681462957174,0.6921449352023274,0.9583374261856079,178.0,134.0,262.0,227.0,0.8584920509995277,0.7520683949255378,0.9481580853462219,176.0,152.0,277.0,227.0,0.8612418740192782,0.7562992125984253,0.9487274885177612,172.0,125.0,274.0,222.0,0.8469302572664491,0.7345004607081743,0.9515312910079956,174.0,130.0,272.0,227.0,0.864166168559474,0.760820944612551,0.9498969912528992,174.0,128.0,274.0,227.0,0.0,0.0,0.8614227771759033,307.0,53.0,455.0,121.0,0.8956080335466784,0.810951239008793,0.9730097651481628,176.0,134.0,289.0,227.0,0.6575857209957726,0.489853044086774,0.9005890488624573,182.0,157.0,260.0,227.0,0.8537051792828685,0.7447518420686778,0.9269677400588989,178.0,154.0,279.0,227.0,0.8660544648511717,0.7637531415805641,0.9401187300682068,186.0,155.0,281.0,227.0,0.8928312816799421,0.8064094179202093,0.9595581889152527,174.0,127.0,281.0,227.0,0.8856978747846066,0.7948453608247422,0.9528968334197998,168.0,112.0,281.0,228.0,0.865335915388053,0.7626362084810293,0.949363112449646,172.0,130.0,274.0,225.0,0.8974158183241974,0.8139204545454546,0.9645504951477051,174.0,125.0,285.0,227.0,0.4950390542537471,0.32893813999158367,0.9330669641494751,192.0,165.0,262.0,227.0,0.897459617163595,0.8139925132309281,0.9633971452713013,172.0,128.0,285.0,225.0,0.8942850854669503,0.8087845010615711,0.9730535745620728,174.0,130.0,289.0,227.0,0.897239153818573,0.8136298608401613,0.9590404033660889,170.0,130.0,283.0,228.0
benign_000112.png,0.0,0.0,0.880115807056427,416.0,297.0,492.0,351.0,0.0,0.0,0.8834511041641235,414.0,297.0,494.0,351.0,0.0,0.0,0.8894501328468323,412.0,297.0,494.0,351.0,0.0,0.0,0.8844051957130432,418.0,297.0,492.0,351.0,0.0,0.0,0.8834511041641235,414.0,297.0,494.0,351.0,0.0,0.0,0.8834511041641235,414.0,297.0,494.0,351.0,0.0,0.0,0.8844051957130432,418.0,297.0,492.0,351.0,0.0,0.0,0.8770455718040466,416.0,297.0,494.0,351.0,0.0,0.0,0.8770455718040466,416.0,297.0,494.0,351.0,0.0,0.0,0.8925951719284058,420.0,297.0,494.0,351.0,0.0,0.0,0.8897190093994141,418.0,297.0,494.0,351.0,0.0,0.0,0.8770455718040466,416.0,297.0,494.0,351.0,0.0,0.0,0.9240587949752808,340.0,60.0,496.0,109.0,0.0,0.0,0.880115807056427,416.0,297.0,492.0,351.0,0.0,0.0,0.8770455718040466,416.0,297.0,494.0,351.0,0.0,0.0,0.8834511041641235,414.0,297.0,494.0,351.0,0.0,0.0,0.8897190093994141,418.0,297.0,494.0,351.0,0.0,0.0,0.8834511041641235,414.0,297.0,494.0,351.0,0.0,0.0,0.8834511041641235,414.0,297.0,494.0,351.0,0.0,0.0,0.8900848031044006,420.0,297.0,492.0,351.0
benign_000113.png,0.8120590121872996,0.683585313174946,0.8869344592094421,207.0,86.0,358.0,159.0,0.7461221284115452,0.5950516755402443,0.8870574235916138,209.0,88.0,360.0,159.0,0.82105719237435,0.6964351341418596,0.8894808292388916,207.0,86.0,356.0,159.0,0.6283128636069812,0.4580584354382658,0.9160756468772888,215.0,88.0,353.0,152.0,0.620942075111394,0.45026540503115625,0.9174221754074097,213.0,88.0,356.0,155.0,0.5715532286212914,0.4001221747098351,0.8743163347244263,205.0,88.0,360.0,162.0,0.6184169031851151,0.4476146998402191,0.9200096130371094,213.0,88.0,360.0,153.0,0.9179254783484391,0.8483015355979525,0.9626998901367188,238.0,88.0,362.0,142.0,0.739832652266978,0.5870907967881408,0.8855046033859253,209.0,88.0,362.0,159.0,0.92205468949655,0.8553816974869607,0.9633666276931763,240.0,88.0,347.0,135.0,0.7952261306532663,0.6600625651720542,0.8767469525337219,207.0,88.0,358.0,162.0,0.55788876276958,0.3868555686737505,0.8680239319801331,203.0,88.0,360.0,164.0,0.9184335245697182,0.849169741697417,0.9279760122299194,226.0,88.0,349.0,145.0,0.9179254783484391,0.8483015355979525,0.9621387720108032,238.0,88.0,360.0,142.0,0.739832652266978,0.5870907967881408,0.8855046033859253,209.0,88.0,362.0,159.0,0.6143708817069344,0.4433876811594203,0.911751925945282,213.0,88.0,362.0,155.0,0.7474469756480754,0.5967387895892129,0.8849868178367615,207.0,88.0,360.0,159.0,0.5704736995059576,0.39906485057938607,0.8846767544746399,203.0,88.0,360.0,159.0,0.7420867526377491,0.5899347623485555,0.8928226828575134,209.0,88.0,360.0,157.0,0.6228934817170111,0.4523204802586008,0.9166290760040283,215.0,88.0,360.0,153.0
benign_000114.png,0.8938447814451382,0.8080645161290323,0.9189304113388062,148.0,59.0,198.0,111.0,0.8938447814451382,0.8080645161290323,0.9189304113388062,148.0,59.0,198.0,111.0,0.8733850129198967,0.7752293577981652,0.9268320202827454,151.0,61.0,196.0,109.0,0.8892825509300266,0.8006379585326954,0.9185764789581299,146.0,59.0,198.0,111.0,0.8733850129198967,0.7752293577981652,0.9268320202827454,151.0,61.0,196.0,109.0,0.869639794168096,0.7693474962063733,0.9257588982582092,148.0,61.0,196.0,109.0,0.869639794168096,0.7693474962063733,0.9257588982582092,148.0,61.0,196.0,109.0,0.8892825509300266,0.8006379585326954,0.9185764789581299,146.0,59.0,198.0,111.0,0.869639794168096,0.7693474962063733,0.9257588982582092,148.0,61.0,196.0,109.0,0.8892825509300266,0.8006379585326954,0.9185764789581299,146.0,59.0,198.0,111.0,0.8938447814451382,0.8080645161290323,0.9189304113388062,148.0,59.0,198.0,111.0,0.8650927487352446,0.7622585438335809,0.9164554476737976,144.0,59.0,198.0,111.0,0.869639794168096,0.7693474962063733,0.9257588982582092,148.0,61.0,196.0,109.0,0.869639794168096,0.7693474962063733,0.9257588982582092,148.0,61.0,196.0,109.0,0.8938447814451382,0.8080645161290323,0.9189304113388062,148.0,59.0,198.0,111.0,0.869639794168096,0.7693474962063733,0.9257588982582092,148.0,61.0,196.0,109.0,0.8892825509300266,0.8006379585326954,0.9185764789581299,146.0,59.0,198.0,111.0,0.8892825509300266,0.8006379585326954,0.9185764789581299,146.0,59.0,198.0,111.0,0.8733850129198967,0.7752293577981652,0.9268320202827454,151.0,61.0,196.0,109.0,0.8894783377541998,0.8009554140127388,0.9112703800201416,146.0,57.0,200.0,115.0
benign_000115.png,0.0,0.0,0.8816918134689331,430.0,266.0,527.0,323.0,0.0,0.0,0.8815385103225708,430.0,266.0,524.0,323.0,0.0,0.0,0.8807774782180786,427.0,266.0,524.0,323.0,0.0,0.0,0.8803174495697021,427.0,264.0,527.0,323.0,0.0,0.0,0.8803174495697021,427.0,264.0,527.0,323.0,0.0,0.0,0.8815385103225708,430.0,266.0,524.0,323.0,0.0,0.0,0.8803174495697021,427.0,264.0,527.0,323.0,0.8899954730647351,0.8017944535073409,0.8945190906524658,96.0,25.0,355.0,116.0,0.9177572082136397,0.8480141565080613,0.8908713459968567,96.0,27.0,352.0,116.0,0.9177433247200689,0.8479904496617588,0.9049608111381531,105.0,29.0,349.0,111.0,0.0,0.0,0.8739694952964783,430.0,266.0,524.0,325.0,0.0,0.0,0.8637357950210571,424.0,334.0,524.0,391.0,0.0,0.0,0.8815385103225708,430.0,266.0,524.0,323.0,0.9168895068991336,0.846533675686352,0.8895679712295532,96.0,29.0,349.0,116.0,0.9177572082136397,0.8480141565080613,0.8908713459968567,96.0,27.0,352.0,116.0,0.0,0.0,0.8807722330093384,427.0,266.0,527.0,323.0,0.0,0.0,0.8815385103225708,430.0,266.0,524.0,323.0,0.0,0.0,0.9081144332885742,96.0,61.0,263.0,116.0,0.0,0.0,0.9019100666046143,96.0,61.0,257.0,116.0,0.8496701225259189,0.7386317083162638,0.8995956182479858,105.0,34.0,340.0,111.0
benign_000117.png,0.9262238565846932,0.8625856164383562,0.9643718600273132,271.0,83.0,355.0,141.0,0.9165734734958623,0.8459950454170108,0.850701093673706,273.0,84.0,400.0,194.0,0.9160543308839902,0.8451109285127363,0.8491498231887817,271.0,83.0,398.0,193.0,0.91733690795353,0.8472967395790343,0.8500510454177856,273.0,84.0,396.0,191.0,0.9165178571428572,0.8459002884219201,0.853877067565918,273.0,83.0,400.0,194.0,0.9162583518930958,0.8454582819564324,0.8601832389831543,273.0,81.0,398.0,194.0,0.9165734734958623,0.8459950454170108,0.850701093673706,273.0,84.0,400.0,194.0,0.9165734734958623,0.8459950454170108,0.850701093673706,273.0,84.0,400.0,194.0,0.9162583518930958,0.8454582819564324,0.8603541851043701,273.0,81.0,398.0,193.0,0.9086908690869087,0.8326612903225806,0.9576359391212463,273.0,84.0,359.0,134.0,0.9161290322580645,0.8452380952380952,0.8481818437576294,271.0,83.0,396.0,191.0,0.9272396543883583,0.864349300551081,0.9490887522697449,273.0,83.0,378.0,149.0,0.9262482821804856,0.8626279863481229,0.9507802128791809,271.0,83.0,384.0,137.0,0.9162011173184358,0.845360824742268,0.8641918897628784,277.0,81.0,404.0,196.0,0.9165734734958623,0.8459950454170108,0.850701093673706,273.0,84.0,400.0,194.0,0.24426807760141092,0.1391260673028629,0.826662003993988,277.0,86.0,404.0,196.0,0.9258323765786453,0.8619067977768277,0.9645951390266418,271.0,83.0,359.0,141.0,0.9161290322580645,0.8452380952380952,0.8481818437576294,271.0,83.0,396.0,191.0,0.917262969588551,0.8471705906650144,0.8510663509368896,273.0,84.0,398.0,193.0,0.0,0.0,0.9139994382858276,277.0,362.0,400.0,429.0
benign_000119.png,0.9376303091678084,0.88258382864192,0.9857721328735352,228.0,111.0,427.0,201.0,0.924840615312628,0.8601893156348602,0.9877167344093323,220.0,99.0,421.0,203.0,0.9320743582177633,0.872789566755084,0.9859669208526611,224.0,106.0,421.0,201.0,0.9200092742870392,0.8518677544010305,0.9828528165817261,218.0,99.0,443.0,203.0,0.9269722189661236,0.8638846405942757,0.9863292574882507,218.0,102.0,427.0,203.0,0.9292466678409959,0.8678438254003071,0.9812646508216858,218.0,104.0,431.0,201.0,0.9237337700315826,0.8582762743180089,0.9881039261817932,226.0,99.0,421.0,201.0,0.9242843951985226,0.8592274678111588,0.9443714618682861,214.0,59.0,441.0,207.0,0.9214356119904911,0.8543167401354693,0.9797030091285706,216.0,97.0,445.0,203.0,0.9193108648993561,0.8506709608158883,0.9821063876152039,228.0,95.0,439.0,205.0,0.9259475900795507,0.8621065243437535,0.9845282435417175,218.0,102.0,431.0,203.0,0.9186874240407431,0.8496039391993149,0.9668834805488586,214.0,93.0,451.0,198.0,0.9293785310734464,0.8680738786279684,0.9860251545906067,226.0,104.0,421.0,201.0,0.9242572829535621,0.8591806091806092,0.9431796669960022,214.0,59.0,447.0,203.0,0.9228080396154966,0.856679286100595,0.9792034029960632,216.0,97.0,431.0,201.0,0.9269323317096074,0.8638153576897835,0.9865537285804749,224.0,102.0,421.0,203.0,0.9233280858258993,0.85757608577927,0.9857265949249268,220.0,99.0,441.0,196.0,0.9251080733730576,0.8606521739130435,0.9851314425468445,220.0,102.0,441.0,198.0,0.9359232500296103,0.8795636687444346,0.9834922552108765,220.0,108.0,429.0,201.0,0.9234938022484867,0.8578620394173093,0.9452256560325623,216.0,61.0,445.0,205.0
benign_000121.png,0.9412136136894614,0.8889551526717557,0.9647445678710938,29.0,48.0,224.0,127.0,0.937899086014774,0.8830602381233055,0.9612038731575012,29.0,48.0,230.0,130.0,0.9412136136894614,0.8889551526717557,0.9647445678710938,29.0,48.0,224.0,127.0,0.9458333333333333,0.8972332015810277,0.949040412902832,29.0,52.0,222.0,134.0,0.937899086014774,0.8830602381233055,0.9612038731575012,29.0,48.0,230.0,130.0,0.9391675560298826,0.8853118712273642,0.9610920548439026,29.0,48.0,230.0,127.0,0.9412136136894614,0.8889551526717557,0.9647445678710938,29.0,48.0,224.0,127.0,0.9389322588768572,0.8848937937581584,0.9663374423980713,29.0,48.0,216.0,134.0,0.939146800501882,0.8852749852158486,0.9613481163978577,29.0,48.0,232.0,126.0,0.9417922683988144,0.8899880810488677,0.9536784291267395,27.0,49.0,222.0,134.0,0.9391675560298826,0.8853118712273642,0.9610920548439026,29.0,48.0,230.0,127.0,0.9379966214102484,0.8832331801578885,0.9584764242172241,29.0,48.0,234.0,127.0,0.938366041758104,0.883888495157099,0.9618222117424011,29.0,48.0,228.0,130.0,0.9352176088044022,0.878318064364576,0.9738434553146362,33.0,46.0,222.0,130.0,0.9420976194986425,0.8905336039154829,0.9654595255851746,33.0,48.0,228.0,126.0,0.9389653655163743,0.8849526066350711,0.9611532092094421,29.0,48.0,224.0,130.0,0.9406133887524404,0.8878849126144335,0.9630976319313049,29.0,48.0,228.0,126.0,0.9374414099118805,0.8822491471591577,0.9596529006958008,29.0,48.0,232.0,130.0,0.9406133887524404,0.8878849126144335,0.9630976319313049,29.0,48.0,228.0,126.0,0.9457393721179963,0.8970641102456561,0.9498826861381531,29.0,52.0,220.0,133.0
benign_000122.png,0.9649638336347197,0.9322996287398996,0.9923685193061829,217.0,109.0,401.0,195.0,0.9651707592435789,0.9326860135282566,0.990511417388916,215.0,108.0,413.0,195.0,0.9650539152035228,0.9324678158411521,0.9901770949363708,215.0,108.0,411.0,193.0,0.9663605116357694,0.9349105974705626,0.9939472079277039,208.0,108.0,413.0,201.0,0.964933084872099,0.9322422258592471,0.9905219674110413,215.0,108.0,409.0,193.0,0.9650539152035228,0.9324678158411521,0.9907750487327576,215.0,108.0,409.0,195.0,0.964933084872099,0.9322422258592471,0.9908981323242188,215.0,108.0,407.0,192.0,0.9649752263796344,0.932320897986134,0.9780546426773071,225.0,122.0,413.0,203.0,0.966135121428974,0.934488772618269,0.9922886490821838,208.0,106.0,409.0,198.0,0.9624921976961924,0.9276963465324874,0.9910274147987366,237.0,111.0,411.0,195.0,0.9652291713705126,0.9327951123718089,0.9903501868247986,215.0,108.0,411.0,195.0,0.9662302635275608,0.9346668116099576,0.9929066896438599,194.0,109.0,411.0,201.0,0.965287576903539,0.9329042112153612,0.9916601181030273,215.0,108.0,411.0,198.0,0.8378343621399177,0.7209250857585482,0.9798438549041748,243.0,133.0,401.0,195.0,0.9661971830985916,0.9346049046321526,0.9924752116203308,208.0,106.0,411.0,198.0,0.9650539152035228,0.9324678158411521,0.9901770949363708,215.0,108.0,411.0,193.0,0.9647684216479104,0.9319348847372446,0.9928686022758484,219.0,111.0,401.0,193.0,0.9661797752808988,0.9345723290946636,0.9940726161003113,194.0,108.0,413.0,203.0,0.9650499689458528,0.9324604473540644,0.9916583299636841,215.0,108.0,405.0,195.0,0.9660322272752794,0.9342962641181581,0.9946022629737854,190.0,108.0,413.0,203.0
benign_000123.png,0.018832391713747645,0.009505703422053232,0.89243084192276,199.0,24.0,269.0,80.0,0.0,0.0,0.9259172677993774,234.0,126.0,313.0,200.0,0.0,0.0,0.9190568923950195,234.0,126.0,307.0,196.0,0.018532818532818532,0.009353078721745909,0.9025193452835083,200.0,26.0,262.0,78.0,0.0,0.0,0.923550009727478,234.0,126.0,311.0,200.0,0.018597442851607904,0.009385999217833398,0.903843343257904,199.0,26.0,264.0,78.0,0.0,0.0,0.919687807559967,234.0,126.0,309.0,198.0,0.018640776699029128,0.009408075264602116,0.9049732685089111,199.0,26.0,256.0,78.0,0.020710059171597635,0.01046337817638266,0.9011562466621399,199.0,24.0,273.0,80.0,0.01786378861183476,0.009012392039053699,0.8946533799171448,197.0,22.0,273.0,80.0,0.018832391713747645,0.009505703422053232,0.89243084192276,199.0,24.0,269.0,80.0,0.04394883568383076,0.022468142186452045,0.9120430946350098,200.0,26.0,260.0,80.0,0.0,0.0,0.918548047542572,233.0,124.0,311.0,198.0,0.018619084561675717,0.009397024275646046,0.9045969843864441,199.0,24.0,260.0,78.0,0.018832391713747645,0.009505703422053232,0.89243084192276,199.0,24.0,269.0,80.0,0.0,0.0,0.923550009727478,234.0,126.0,311.0,200.0,0.01866977829638273,0.009422850412249705,0.9047022461891174,199.0,26.0,260.0,78.0,0.04205758654157231,0.021480502313284865,0.9035874009132385,199.0,24.0,271.0,83.0,0.020710059171597635,0.01046337817638266,0.9011562466621399,199.0,24.0,273.0,80.0,0.01866977829638273,0.009422850412249705,0.9047022461891174,199.0,26.0,260.0,78.0
benign_000126.png,0.9439964157706093,0.8939329656342808,0.9728878736495972,486.0,146.0,731.0,221.0,0.944720809345481,0.8952330508474576,0.9882941246032715,483.0,139.0,728.0,219.0,0.944720809345481,0.8952330508474576,0.9882941246032715,483.0,139.0,728.0,219.0,0.9446494464944649,0.8951048951048951,0.9867426156997681,480.0,140.0,737.0,217.0,0.9447859617748966,0.8953500688486389,0.9860967397689819,483.0,140.0,737.0,219.0,0.944891571652135,0.895539781756542,0.981336236000061,483.0,142.0,740.0,219.0,0.9443916615436204,0.8946421008047437,0.9889155626296997,486.0,131.0,728.0,219.0,0.788515826776383,0.6508676251859197,0.8983013033866882,474.0,156.0,747.0,217.0,0.9448044692737431,0.8953833121558662,0.9826338291168213,483.0,139.0,743.0,219.0,0.0,0.0,0.847088634967804,492.0,159.0,753.0,221.0,0.9449038891372373,0.8955619108145324,0.9844710826873779,483.0,140.0,740.0,219.0,0.9180327868852459,0.8484848484848485,0.9266723394393921,477.0,152.0,743.0,217.0,0.9438151844790849,0.8936079847101296,0.9859298467636108,486.0,142.0,703.0,219.0,0.9422860992589266,0.8908704883227176,0.9696868658065796,459.0,148.0,753.0,217.0,0.944720809345481,0.8952330508474576,0.988532304763794,483.0,139.0,731.0,219.0,0.9446741924667487,0.8951493327684813,0.9898841381072998,486.0,131.0,725.0,221.0,0.9420021335129976,0.8903629802589683,0.9584448337554932,477.0,148.0,743.0,219.0,0.8946039574892842,0.8093062785509402,0.8758544921875,483.0,156.0,731.0,219.0,0.944720809345481,0.8952330508474576,0.9872796535491943,486.0,139.0,731.0,219.0,0.8252626636144861,0.7025082442290397,0.8914730548858643,480.0,154.0,747.0,217.0
benign_000127.png,0.014560316750750367,0.007333547764554519,0.8567763566970825,499.0,63.0,682.0,173.0,0.026868905742145177,0.013617395124094003,0.8282912373542786,486.0,63.0,688.0,152.0,0.01849320575701536,0.00933290050316507,0.8773118853569031,502.0,63.0,676.0,146.0,0.02152115431645879,0.010877626699629172,0.8738284111022949,499.0,65.0,673.0,144.0,0.02135755492819443,0.010794044665012407,0.8504166603088379,492.0,63.0,688.0,169.0,0.017377441211638103,0.008764876165969765,0.8732292652130127,502.0,63.0,679.0,148.0,0.020907617504051863,0.010564245352550978,0.8748921155929565,499.0,63.0,673.0,144.0,0.013856085655802236,0.006976375455842714,0.8530381917953491,505.0,63.0,682.0,150.0,0.017989684237010944,0.009076483655982228,0.8531184196472168,492.0,63.0,682.0,175.0,0.014191717197780932,0.007146569646569647,0.8589386940002441,502.0,63.0,682.0,169.0,0.009000508093198809,0.0045205978855267955,0.8679251074790955,508.0,63.0,688.0,152.0,0.022037275817606377,0.011141400971909446,0.8315362930297852,486.0,63.0,691.0,181.0,0.02776017239193814,0.014075454720740408,0.840484619140625,486.0,63.0,682.0,169.0,0.0,0.0,0.8697023391723633,545.0,63.0,667.0,140.0,0.023621418881174687,0.011951869498506016,0.8626725673675537,495.0,65.0,679.0,148.0,0.020651564876330745,0.010433516661274669,0.8756893277168274,499.0,63.0,676.0,146.0,0.016080565256233248,0.008105452759128868,0.8798565864562988,505.0,63.0,673.0,146.0,0.029375914188200878,0.014906909135894104,0.8441829085350037,483.0,63.0,688.0,177.0,0.023393661582233462,0.011835265893642543,0.8585511445999146,495.0,63.0,679.0,148.0,0.0,0.0,0.8476489782333374,526.0,63.0,673.0,144.0
benign_000129.png,0.027177472167648986,0.013775933609958506,0.715713381767273,169.0,87.0,454.0,173.0,0.04136769658808025,0.021120705768008674,0.7601613998413086,169.0,89.0,454.0,173.0,0.044969083754918496,0.023001725129384705,0.7554494738578796,169.0,89.0,452.0,173.0,0.29353357770739175,0.17201251303441084,0.7262524962425232,244.0,87.0,454.0,140.0,0.04136769658808025,0.021120705768008674,0.7601613998413086,169.0,89.0,454.0,173.0,0.027177472167648986,0.013775933609958506,0.715713381767273,169.0,87.0,454.0,173.0,0.04136769658808025,0.021120705768008674,0.7601613998413086,169.0,89.0,454.0,173.0,0.01892059553349876,0.009550649757319556,0.7303262948989868,246.0,89.0,452.0,145.0,0.027177472167648986,0.013775933609958506,0.715713381767273,169.0,87.0,454.0,173.0,0.9688174317749101,0.9395207615296242,0.9880678057670593,105.0,27.0,444.0,173.0,0.032815371762740186,0.01668138887001427,0.7810781598091125,169.0,91.0,452.0,173.0,0.026961191385705584,0.013664805409803867,0.7218342423439026,174.0,87.0,456.0,170.0,0.044969083754918496,0.023001725129384705,0.7554494738578796,169.0,89.0,452.0,173.0,0.0336933520213263,0.017135349695309443,0.7552533149719238,103.0,87.0,454.0,173.0,0.04136769658808025,0.021120705768008674,0.7601613998413086,169.0,89.0,454.0,173.0,0.04136769658808025,0.021120705768008674,0.7601613998413086,169.0,89.0,454.0,173.0,0.0275969509820286,0.013991537376586741,0.7240877747535706,174.0,87.0,454.0,170.0,0.0340021745576752,0.01729512317747612,0.7817100286483765,169.0,89.0,452.0,175.0,0.043222734712096415,0.022088735125270882,0.7559124827384949,167.0,89.0,454.0,173.0,0.033897344330130655,0.017240882225746,0.7358783483505249,111.0,87.0,454.0,173.0
benign_000130.png,0.20042095416276895,0.11137102014294997,0.915845513343811,172.0,31.0,268.0,143.0,0.0,0.0,0.8541637659072876,172.0,78.0,238.0,145.0,0.0,0.0,0.8680676221847534,172.0,82.0,236.0,145.0,0.0,0.0,0.8963881134986877,172.0,62.0,248.0,145.0,0.27460184409052807,0.15915273999222698,0.9046027660369873,172.0,41.0,260.0,145.0,0.0,0.0,0.8555917143821716,172.0,48.0,250.0,145.0,0.27209426888055704,0.15747055176689398,0.8992732763290405,172.0,43.0,258.0,145.0,0.0,0.0,0.8944771885871887,172.0,68.0,250.0,143.0,0.0,0.0,0.7929396629333496,176.0,82.0,234.0,141.0,0.1989492119089317,0.11046285492026449,0.9151954650878906,172.0,27.0,274.0,143.0,0.0,0.0,0.8327639102935791,172.0,75.0,238.0,145.0,0.0,0.0,0.8348759412765503,176.0,64.0,244.0,143.0,0.0,0.0,0.8602350354194641,176.0,84.0,236.0,143.0,0.2808553628556996,0.1633692458374143,0.9095799326896667,172.0,41.0,276.0,143.0,0.0,0.0,0.8330729007720947,176.0,84.0,234.0,143.0,0.0,0.0,0.8680387735366821,172.0,84.0,236.0,143.0,0.2895766631092138,0.16930116472545756,0.90436851978302,172.0,43.0,260.0,145.0,0.0,0.0,0.8748283386230469,172.0,68.0,244.0,145.0,0.0,0.0,0.8010900020599365,176.0,84.0,234.0,141.0,0.0649867374005305,0.033584647018505824,0.8256254196166992,176.0,48.0,254.0,143.0
malignant_000023.png,0.8036679220566563,0.6717766219545579,0.8686263561248779,273.0,57.0,416.0,134.0,0.79119804400978,0.6545307443365695,0.8464398384094238,277.0,57.0,420.0,132.0,0.7658664912857612,0.6205702104982681,0.8231127262115479,281.0,58.0,416.0,132.0,0.0,0.0,0.9380793571472168,291.0,61.0,408.0,126.0,0.0,0.0,0.9381207227706909,287.0,67.0,420.0,129.0,0.0038348082595870206,0.0019210876311511749,0.9140539765357971,287.0,58.0,416.0,129.0,0.8085943906839429,0.6786894273127754,0.8795446157455444,269.0,57.0,418.0,132.0,0.0,0.0,0.9390877485275269,289.0,67.0,416.0,129.0,0.79119804400978,0.6545307443365695,0.8464398384094238,277.0,57.0,420.0,132.0,0.8103844889911271,0.6812154696132596,0.88429856300354,271.0,57.0,414.0,132.0,0.0,0.0,0.9335601329803467,289.0,58.0,416.0,132.0,0.0722757081065997,0.03749276201505501,0.9341009259223938,287.0,53.0,422.0,132.0,0.0035231943628890195,0.0017647058823529412,0.9111347198486328,287.0,58.0,414.0,132.0,0.3187446365085203,0.18958728306839726,0.8739497661590576,283.0,58.0,420.0,132.0,0.805965257292691,0.6749931375240187,0.8728110790252686,271.0,57.0,418.0,132.0,0.8080576482148706,0.677933498213795,0.8785030841827393,271.0,55.0,418.0,132.0,0.0268104327553548,0.013587357849652931,0.9313915967941284,287.0,50.0,416.0,132.0,0.0,0.0,0.9484453201293945,289.0,60.0,420.0,129.0,0.02566295979469632,0.012998266897746967,0.9169143438339233,285.0,58.0,420.0,132.0,0.0,0.0,0.9409879446029663,291.0,64.0,412.0,127.0
malignant_000024.png,0.715531638522917,0.5570644322450159,0.7434145212173462,116.0,71.0,228.0,111.0,0.6140946296666001,0.44309997118985883,0.7224127054214478,116.0,72.0,222.0,111.0,0.6026516673362796,0.43128234617596317,0.7141423225402832,116.0,72.0,220.0,111.0,0.6359156317760694,0.4661849710982659,0.8009796142578125,124.0,72.0,224.0,111.0,0.4426822961558352,0.2842594642461811,0.6938754916191101,112.0,72.0,220.0,111.0,0.4841040462427746,0.31935176358436607,0.6474761366844177,116.0,72.0,216.0,111.0,0.6026516673362796,0.43128234617596317,0.7141423225402832,116.0,72.0,220.0,111.0,0.6336088154269972,0.4637096774193548,0.7776042222976685,122.0,71.0,218.0,111.0,0.47352746525479816,0.3102102753089096,0.7029907703399658,112.0,71.0,220.0,111.0,0.7379385964912281,0.5847089487402259,0.8156459927558899,112.0,71.0,237.0,111.0,0.44852436513383664,0.28909533289095335,0.6980763673782349,112.0,72.0,222.0,111.0,0.7055988134964776,0.5451160126038385,0.7261068820953369,112.0,71.0,230.0,111.0,0.6140946296666001,0.44309997118985883,0.7224127054214478,116.0,72.0,222.0,111.0,0.6491943311978257,0.4805978729519977,0.7749620676040649,120.0,71.0,220.0,111.0,0.4136709757393306,0.26077249386023665,0.6776746511459351,112.0,72.0,216.0,111.0,0.6026516673362796,0.43128234617596317,0.7141423225402832,116.0,72.0,220.0,111.0,0.6491943311978257,0.4805978729519977,0.7749620676040649,120.0,71.0,220.0,111.0,0.45648493057907213,0.29574374725756913,0.6987037062644958,112.0,72.0,224.0,111.0,0.4426822961558352,0.2842594642461811,0.6938754916191101,112.0,72.0,220.0,111.0,0.6300772736278978,0.4599363610066532,0.7918325662612915,126.0,72.0,224.0,111.0
malignant_000028.png,0.9597530012851456,0.922620303130744,0.9792293310165405,125.0,84.0,411.0,272.0,0.8054449351965824,0.6742635470966177,0.9583830833435059,125.0,82.0,322.0,272.0,0.816009472211259,0.6892027031122155,0.9595209956169128,122.0,84.0,324.0,272.0,0.7802703797841382,0.6397076588547959,0.9671121835708618,125.0,87.0,287.0,272.0,0.8057902831810368,0.6747477196278675,0.9576461315155029,122.0,82.0,322.0,272.0,0.7942567999561588,0.6587279944247493,0.9575804471969604,118.0,82.0,319.0,272.0,0.9596612296110414,0.9224507025266839,0.9791141748428345,127.0,87.0,411.0,272.0,0.0,0.0,0.8645211458206177,436.0,520.0,526.0,595.0,0.9598897830103015,0.9228731410680956,0.9788572192192078,122.0,82.0,411.0,272.0,0.0,0.0,0.8737374544143677,433.0,520.0,528.0,595.0,0.9583039974966753,0.9199459297086212,0.9756033420562744,116.0,82.0,406.0,272.0,0.7950711938663746,0.6598491046268521,0.9565386772155762,116.0,84.0,319.0,272.0,0.9598897830103015,0.9228731410680956,0.9788572192192078,122.0,82.0,411.0,272.0,0.7930485685539194,0.6570675073509351,0.9582065939903259,125.0,87.0,319.0,272.0,0.9598897830103015,0.9228731410680956,0.9788572192192078,122.0,82.0,411.0,272.0,0.9594503443191266,0.9220610848132179,0.9788945317268372,127.0,84.0,411.0,272.0,0.9593355794092298,0.921849119108568,0.9777980446815491,122.0,87.0,409.0,272.0,0.7901248144278881,0.6530630794401018,0.9584570527076721,116.0,82.0,317.0,272.0,0.9599373776908023,0.9229611343589126,0.9789677262306213,122.0,84.0,411.0,272.0,0.0,0.0,0.8390099406242371,429.0,513.0,530.0,595.0
malignant_000029.png,0.2729598270581877,0.15805065298118245,0.8356671333312988,143.0,55.0,354.0,113.0,0.2228198859005705,0.12537833623773273,0.7436018586158752,221.0,58.0,354.0,111.0,0.25266462257263833,0.14459995822017965,0.833501398563385,145.0,55.0,354.0,111.0,0.0,0.0,0.9154914617538452,409.0,307.0,494.0,359.0,0.21126819650123757,0.11811060556311272,0.7273317575454712,225.0,60.0,354.0,111.0,0.2622230360739791,0.15089567966280296,0.8295263648033142,145.0,57.0,354.0,111.0,0.23329866389311144,0.13205325604564805,0.7578548789024353,217.0,57.0,354.0,111.0,0.2124868220686424,0.11887287024901703,0.7848944067955017,221.0,51.0,352.0,111.0,0.24545526087983002,0.13989683785602153,0.7590402364730835,211.0,57.0,356.0,111.0,0.0,0.0,0.9112415909767151,405.0,304.0,499.0,359.0,0.24703013138226732,0.1409209227178889,0.77338707447052,211.0,57.0,354.0,111.0,0.4473989332921079,0.2881609080951907,0.8962879180908203,188.0,124.0,272.0,216.0,0.0,0.0,0.9160903692245483,405.0,306.0,494.0,359.0,0.23144199494036863,0.13086480300801046,0.867395281791687,159.0,50.0,352.0,111.0,0.22610712954140602,0.12746380196170015,0.7310137748718262,221.0,60.0,354.0,111.0,0.2672688819586335,0.15424717613471803,0.8338467478752136,145.0,53.0,356.0,113.0,0.24607668047269826,0.14030070626976907,0.8049465417861938,209.0,51.0,354.0,111.0,0.0,0.0,0.913621187210083,401.0,304.0,499.0,359.0,0.0,0.0,0.9173780679702759,403.0,306.0,494.0,359.0,0.0,0.0,0.913621187210083,401.0,304.0,499.0,359.0
malignant_000041.png,0.0,0.0,0.8929566144943237,576.0,506.0,626.0,595.0,0.0,0.0,0.8768818378448486,579.0,510.0,626.0,595.0,0.0,0.0,0.8768998384475708,579.0,508.0,626.0,595.0,0.0,0.0,0.8760401010513306,579.0,513.0,626.0,595.0,0.0,0.0,0.8768818378448486,579.0,510.0,626.0,595.0,0.0,0.0,0.8768818378448486,579.0,510.0,626.0,595.0,0.0,0.0,0.8760401010513306,579.0,513.0,626.0,595.0,0.0,0.0,0.8760401010513306,579.0,513.0,626.0,595.0,0.0,0.0,0.8929566144943237,576.0,506.0,626.0,595.0,0.0,0.0,0.8768818378448486,579.0,510.0,626.0,595.0,0.0,0.0,0.8924615979194641,576.0,508.0,626.0,595.0,0.5327590390681873,0.3631026213511949,0.9378224015235901,177.0,124.0,350.0,214.0,0.0,0.0,0.8768818378448486,579.0,510.0,626.0,595.0,0.0,0.0,0.8686183094978333,579.0,524.0,626.0,595.0,0.0,0.0,0.8924615979194641,576.0,508.0,626.0,595.0,0.0,0.0,0.8768818378448486,579.0,510.0,626.0,595.0,0.0,0.0,0.8768818378448486,579.0,510.0,626.0,595.0,0.5966317072109317,0.4251426445050856,0.9295554161071777,169.0,122.0,360.0,221.0,0.0,0.0,0.8929566144943237,576.0,506.0,626.0,595.0,0.0,0.0,0.8760401010513306,579.0,513.0,626.0,595.0
malignant_000045.png,0.3560711956015283,0.2165976985431665,0.8796818852424622,188.0,183.0,274.0,254.0,0.45775232766534074,0.2968085709426903,0.925761878490448,191.0,164.0,276.0,250.0,0.49646296769794596,0.3301967008672978,0.9211809635162354,191.0,155.0,276.0,250.0,0.3192644817073171,0.18995521795816564,0.8646801710128784,196.0,184.0,273.0,256.0,0.3400611620795107,0.20486366985998525,0.9023637771606445,196.0,181.0,276.0,247.0,0.0029850746268656717,0.0014947683109118087,0.8351332545280457,127.0,117.0,173.0,170.0,0.34706020145233074,0.2099654214613684,0.8868697881698608,193.0,183.0,274.0,249.0,0.34403454425983293,0.20775466243410237,0.8649372458457947,186.0,184.0,274.0,256.0,0.0028749401054144704,0.0014395393474088292,0.8364861011505127,127.0,116.0,173.0,170.0,0.18911292391360116,0.10443109700815957,0.7063274383544922,188.0,200.0,259.0,262.0,0.28636650638690564,0.16711070800975,0.9154492616653442,215.0,157.0,276.0,230.0,0.0028749401054144704,0.0014395393474088292,0.8364861011505127,127.0,116.0,173.0,170.0,0.5280153531645041,0.35870982370613913,0.9242639541625977,188.0,152.0,276.0,254.0,0.3103299650399885,0.1836630576497931,0.8130203485488892,188.0,188.0,271.0,254.0,0.0028749401054144704,0.0014395393474088292,0.8364861011505127,127.0,116.0,173.0,170.0,0.4908678728773686,0.3252650076526274,0.9216016530990601,188.0,159.0,276.0,254.0,0.5265399874712884,0.35734935661243694,0.9252101182937622,196.0,141.0,273.0,250.0,0.0029850746268656717,0.0014947683109118087,0.8351332545280457,127.0,117.0,173.0,170.0,0.0029850746268656717,0.0014947683109118087,0.8351332545280457,127.0,117.0,173.0,170.0,0.15008205281217366,0.08112903225806452,0.6352891325950623,127.0,92.0,220.0,168.0
malignant_000046.png,0.4518571090607996,0.29187041564792177,0.9175535440444946,122.0,55.0,232.0,161.0,0.0,0.0,0.9509744644165039,122.0,55.0,204.0,134.0,0.4481844380403458,0.2888129549844005,0.9167470335960388,120.0,55.0,234.0,163.0,0.4473714091063926,0.2881380722539125,0.9240245819091797,120.0,55.0,241.0,158.0,0.0,0.0,0.9509744644165039,122.0,55.0,204.0,134.0,0.46436498150431565,0.3023928055243295,0.9223295450210571,122.0,55.0,229.0,156.0,0.4518571090607996,0.29187041564792177,0.9175535440444946,122.0,55.0,232.0,161.0,0.0,0.0,0.9560303688049316,122.0,59.0,200.0,132.0,0.4508819063193552,0.29105715578344143,0.917646050453186,120.0,55.0,232.0,163.0,0.3353566009104704,0.2014585232452142,0.9118891954421997,120.0,55.0,294.0,158.0,0.4581465778316172,0.29714016341923316,0.919938862323761,122.0,55.0,230.0,158.0,0.4468308626123497,0.28768976401623325,0.9228001832962036,120.0,54.0,232.0,158.0,0.0,0.0,0.9395176768302917,122.0,55.0,206.0,134.0,0.34462306851880753,0.2081840467659815,0.9111847877502441,120.0,55.0,292.0,156.0,0.4518571090607996,0.29187041564792177,0.9175535440444946,122.0,55.0,232.0,161.0,0.0,0.0,0.9341163635253906,122.0,55.0,206.0,137.0,0.45588764854159164,0.29524253731343286,0.9215418100357056,120.0,55.0,230.0,158.0,0.4581465778316172,0.29714016341923316,0.919938862323761,122.0,55.0,230.0,158.0,0.0,0.0,0.9346916079521179,120.0,55.0,206.0,137.0,0.3306698528862669,0.19808535385165965,0.9142584800720215,120.0,55.0,294.0,161.0
malignant_000048.png,0.0,0.0,0.7702653408050537,114.0,73.0,230.0,164.0,0.0,0.0,0.7755128145217896,114.0,74.0,230.0,164.0,0.0,0.0,0.806939959526062,116.0,76.0,230.0,164.0,0.0,0.0,0.8212865591049194,136.0,80.0,227.0,164.0,0.0,0.0,0.7833371162414551,134.0,74.0,230.0,168.0,0.0,0.0,0.7910633087158203,134.0,73.0,230.0,164.0,0.0,0.0,0.8247781991958618,136.0,80.0,230.0,164.0,0.0,0.0,0.7726651430130005,149.0,76.0,230.0,154.0,0.0,0.0,0.7373491525650024,110.0,78.0,227.0,168.0,0.0,0.0,0.9165235757827759,384.0,370.0,469.0,439.0,0.0,0.0,0.7518749237060547,116.0,68.0,230.0,168.0,0.0,0.0,0.795120120048523,116.0,76.0,227.0,168.0,0.0,0.0,0.7275083065032959,110.0,68.0,230.0,168.0,0.0,0.0,0.7255374193191528,147.0,80.0,230.0,156.0,0.0,0.0,0.8431301116943359,118.0,80.0,230.0,164.0,0.0,0.0,0.7755128145217896,114.0,74.0,230.0,164.0,0.0,0.0,0.692611813545227,110.0,71.0,230.0,164.0,0.0,0.0,0.778907060623169,120.0,71.0,227.0,170.0,0.0,0.0,0.7958863973617554,112.0,80.0,227.0,168.0,0.0,0.0,0.9087034463882446,386.0,372.0,467.0,439.0
malignant_000050.png,0.0,0.0,0.8593505024909973,69.0,55.0,160.0,109.0,0.0,0.0,0.8424035906791687,69.0,54.0,176.0,118.0,0.0,0.0,0.8625484704971313,69.0,54.0,158.0,109.0,0.0,0.0,0.8621024489402771,67.0,54.0,170.0,108.0,0.0,0.0,0.866542398929596,67.0,54.0,164.0,113.0,0.0,0.0,0.8655887246131897,67.0,54.0,160.0,109.0,0.0,0.0,0.8688963055610657,69.0,54.0,164.0,113.0,0.0,0.0,0.8565706610679626,69.0,55.0,158.0,108.0,0.0,0.0,0.8655887246131897,67.0,54.0,160.0,109.0,0.0,0.0,0.8639970421791077,65.0,55.0,160.0,108.0,0.0,0.0,0.862973153591156,67.0,54.0,160.0,113.0,0.0,0.0,0.8481824994087219,44.0,54.0,168.0,120.0,0.0,0.0,0.8670055270195007,69.0,54.0,168.0,115.0,0.0,0.0,0.8632689118385315,65.0,55.0,158.0,108.0,0.0,0.0,0.8631864786148071,69.0,54.0,170.0,116.0,0.0,0.0,0.8265843391418457,67.0,54.0,180.0,118.0,0.0,0.0,0.8323944807052612,44.0,54.0,178.0,120.0,0.0,0.0,0.8621528744697571,69.0,54.0,160.0,109.0,0.0,0.0,0.860390841960907,71.0,54.0,160.0,109.0,0.0,0.0,0.8583049774169922,65.0,55.0,174.0,108.0
malignant_000053.png,0.5686274509803921,0.3972602739726027,0.9382168054580688,216.0,85.0,367.0,195.0,0.5680265829795089,0.3966739718963517,0.939852774143219,224.0,86.0,367.0,199.0,0.5700554528650646,0.39865563598759046,0.9398614764213562,222.0,85.0,365.0,195.0,0.65434350132626,0.48626339780707156,0.937619149684906,235.0,86.0,371.0,195.0,0.5658040665434381,0.3945096017528032,0.936805784702301,216.0,86.0,371.0,197.0,0.5665832638309702,0.39526764934057407,0.9388750195503235,216.0,86.0,367.0,195.0,0.5684191074563429,0.3970569252613915,0.9392369389533997,218.0,86.0,367.0,197.0,0.5665554319614386,0.3952405587170202,0.9383752942085266,218.0,86.0,367.0,194.0,0.5671834625322998,0.3958521190261497,0.9369166493415833,212.0,85.0,365.0,195.0,0.6572801060129203,0.48951394029114237,0.9361894726753235,233.0,86.0,371.0,195.0,0.5684463329022723,0.39708349464447024,0.9404722452163696,224.0,86.0,365.0,199.0,0.5686818265853207,0.39731335572203563,0.9402191638946533,218.0,86.0,365.0,197.0,0.567200073998705,0.3958683021304067,0.9397477507591248,226.0,86.0,365.0,197.0,0.5652455377785999,0.3939667397189635,0.9353498816490173,214.0,86.0,371.0,195.0,0.5675201035215824,0.39618015227771325,0.9402109980583191,216.0,86.0,365.0,197.0,0.5686818265853207,0.39731335572203563,0.9402191638946533,218.0,86.0,365.0,197.0,0.5689225371618503,0.3975483870967742,0.9396736025810242,222.0,86.0,367.0,197.0,0.568479262672811,0.39711563224311097,0.9386454820632935,216.0,85.0,367.0,199.0,0.5673431734317343,0.3960077269800386,0.9375653862953186,212.0,85.0,364.0,195.0,0.5643277585723628,0.3930756215020174,0.9339939951896667,224.0,85.0,371.0,189.0
malignant_000054.png,0.8386048733874821,0.7220668092808952,0.8981058597564697,93.0,59.0,185.0,151.0,0.8571428571428571,0.75,0.9090273380279541,92.0,62.0,187.0,154.0,0.8252148997134671,0.7024390243902439,0.9101004600524902,105.0,64.0,185.0,142.0,0.8393253012048193,0.7231356917455573,0.9023218154907227,100.0,55.0,184.0,152.0,0.845764492407602,0.7327486347840476,0.905650794506073,97.0,59.0,185.0,154.0,0.8419323671497585,0.7270148506591023,0.9104589819908142,105.0,61.0,185.0,146.0,0.8473991761662995,0.7352061170212766,0.9026821851730347,100.0,62.0,185.0,152.0,0.855588431802997,0.7476230191826522,0.9254190325737,93.0,64.0,192.0,152.0,0.8401443479957086,0.7243525058863102,0.9174053072929382,95.0,61.0,190.0,152.0,0.8251312974129547,0.702317880794702,0.9064224362373352,97.0,59.0,187.0,139.0,0.8639152258784161,0.7604320078546882,0.9233897924423218,95.0,64.0,190.0,144.0,0.8509525588345163,0.7405721716514955,0.9119303226470947,89.0,55.0,187.0,151.0,0.8309450038729667,0.7107835017392745,0.908478319644928,97.0,61.0,187.0,140.0,0.8475907653989846,0.7354945968412303,0.9010714292526245,100.0,61.0,185.0,151.0,0.8643225503984998,0.7610634081902246,0.9114332795143127,97.0,62.0,187.0,152.0,0.8473436449226631,0.73512252042007,0.9027076959609985,103.0,62.0,185.0,151.0,0.8253560126582279,0.7026435426839536,0.9112063050270081,106.0,61.0,185.0,142.0,0.8647612090220071,0.7617438867438867,0.9201232194900513,89.0,59.0,190.0,154.0,0.8337245696400626,0.7148607849714861,0.9148497581481934,93.0,62.0,190.0,151.0,0.8802868701728577,0.7861717851864017,0.918081521987915,100.0,59.0,190.0,156.0
malignant_000055.png,0.6753988788270806,0.5098885000406934,0.9488744139671326,188.0,59.0,304.0,179.0,0.6493170194859843,0.4807323619631902,0.9561076164245605,204.0,59.0,302.0,132.0,0.6738690792974986,0.5081467212456858,0.9511741995811462,200.0,59.0,304.0,176.0,0.6788261556051615,0.5138053243220968,0.9479857683181763,188.0,59.0,304.0,175.0,0.6396607958251794,0.4702215402320898,0.9578331112861633,210.0,59.0,302.0,132.0,0.6797715791785636,0.5148893694892697,0.9523720145225525,192.0,59.0,304.0,176.0,0.646421387320745,0.4775647171620326,0.9556789994239807,206.0,59.0,300.0,132.0,0.6185963284511896,0.44780272500479756,0.9616582989692688,217.0,59.0,306.0,132.0,0.6797715791785636,0.5148893694892697,0.9523720145225525,192.0,59.0,304.0,176.0,0.669295114284192,0.5029628443305574,0.9373063445091248,190.0,61.0,349.0,179.0,0.6759752254699555,0.5105457529749692,0.9524609446525574,190.0,59.0,304.0,178.0,0.6353656923687343,0.46559410738515217,0.9344330430030823,124.0,59.0,304.0,182.0,0.7060865253501921,0.5456984096570224,0.9564514756202698,194.0,59.0,304.0,138.0,0.6407146583202922,0.4713614122613451,0.9562116265296936,213.0,59.0,304.0,138.0,0.6230677764565993,0.4525043177892919,0.9588736891746521,213.0,59.0,300.0,131.0,0.6116032771597948,0.4405104586451737,0.9613524675369263,217.0,59.0,298.0,131.0,0.6855977239787429,0.5216041819815405,0.946789026260376,186.0,59.0,300.0,181.0,0.6826437399247717,0.5181922010115843,0.9477798342704773,186.0,59.0,304.0,179.0,0.6762426147758686,0.5108508721644419,0.950063943862915,190.0,59.0,306.0,179.0,0.7220861900097943,0.5650507760107301,0.9592673182487488,192.0,59.0,306.0,141.0
malignant_000057.png,0.45094594594594595,0.2911105295297915,0.920727014541626,204.0,73.0,348.0,158.0,0.634504830202098,0.46467013888888886,0.8934143781661987,208.0,59.0,354.0,163.0,0.4611357229158276,0.2996597749280293,0.9150495529174805,206.0,66.0,332.0,158.0,0.6210412667946257,0.4503697259678121,0.888448178768158,208.0,59.0,377.0,163.0,0.46884391905429773,0.30620256477361946,0.9128715991973877,208.0,66.0,356.0,163.0,0.45105060468887237,0.29119776672773273,0.9169522523880005,208.0,73.0,334.0,161.0,0.47708250298923877,0.31326877780685686,0.9037971496582031,208.0,61.0,358.0,163.0,0.4727200053294251,0.3095175782953852,0.9100339412689209,210.0,62.0,365.0,161.0,0.4625804721030043,0.3008810956992061,0.9122135639190674,206.0,68.0,334.0,163.0,0.47292346632918136,0.30969205269126754,0.9008060693740845,208.0,61.0,373.0,164.0,0.44842988630211156,0.28901683677920265,0.9204955101013184,208.0,71.0,332.0,158.0,0.4511552492906364,0.2912850039256739,0.9218013286590576,206.0,76.0,334.0,161.0,0.47292346632918136,0.30969205269126754,0.9077351093292236,206.0,64.0,356.0,161.0,0.47231292063703606,0.30916862950362034,0.9062470197677612,210.0,61.0,371.0,161.0,0.6349526066350711,0.46515059456644386,0.8973137140274048,208.0,59.0,348.0,163.0,0.6337267928109616,0.46383606842059566,0.890114963054657,206.0,59.0,358.0,161.0,0.46288970834730137,0.3011428072930297,0.9161436557769775,212.0,66.0,348.0,158.0,0.45178282009724474,0.2918084271133211,0.9168767929077148,206.0,73.0,334.0,161.0,0.4550171844463913,0.2945127802494984,0.9156008958816528,208.0,71.0,354.0,161.0,0.6159311216810163,0.44501479032538716,0.8889224529266357,210.0,59.0,375.0,158.0
malignant_000136.png,0.0,0.0,0.9336251020431519,541.0,350.0,667.0,426.0,0.0,0.0,0.9336251020431519,541.0,350.0,667.0,426.0,0.0,0.0,0.9340461492538452,541.0,348.0,667.0,426.0,0.0,0.0,0.9329989552497864,541.0,353.0,664.0,426.0,0.0,0.0,0.9336251020431519,541.0,350.0,667.0,426.0,0.0,0.0,0.9340461492538452,541.0,348.0,667.0,426.0,0.0,0.0,0.9340461492538452,541.0,348.0,667.0,426.0,0.0,0.0,0.9321126937866211,544.0,353.0,664.0,424.0,0.0,0.0,0.9336251020431519,541.0,350.0,667.0,426.0,0.0,0.0,0.9329989552497864,541.0,353.0,664.0,426.0,0.0,0.0,0.9340461492538452,541.0,348.0,667.0,426.0,0.5088414960883078,0.34123903981601267,0.9324302673339844,294.0,136.0,406.0,252.0,0.0,0.0,0.9336251020431519,541.0,350.0,667.0,426.0,0.0,0.0,0.9301333427429199,541.0,350.0,664.0,426.0,0.0,0.0,0.9340461492538452,541.0,348.0,667.0,426.0,0.0,0.0,0.9336251020431519,541.0,350.0,667.0,426.0,0.0,0.0,0.9329989552497864,541.0,353.0,664.0,426.0,0.0,0.0,0.9336251020431519,541.0,350.0,667.0,426.0,0.0,0.0,0.9336251020431519,541.0,350.0,667.0,426.0,0.0,0.0,0.9329989552497864,541.0,353.0,664.0,426.0
malignant_000137.png,0.0,0.0,0.851290225982666,654.0,179.0,745.0,257.0,0.0,0.0,0.8638426661491394,648.0,177.0,745.0,257.0,0.0,0.0,0.8245169520378113,651.0,171.0,745.0,257.0,0.0,0.0,0.8521067500114441,651.0,181.0,745.0,257.0,0.0,0.0,0.8572966456413269,651.0,175.0,745.0,257.0,0.0,0.0,0.8382924795150757,657.0,183.0,745.0,257.0,0.0,0.0,0.8342106342315674,651.0,171.0,745.0,255.0,0.0,0.0,0.8569165468215942,654.0,177.0,748.0,261.0,0.0,0.0,0.8395367860794067,648.0,171.0,745.0,255.0,0.0,0.0,0.8622028827667236,654.0,181.0,748.0,261.0,0.0,0.0,0.8478572368621826,654.0,181.0,745.0,257.0,0.0,0.0,0.8572966456413269,651.0,175.0,745.0,257.0,0.0,0.0,0.85044926404953,644.0,173.0,745.0,257.0,0.0,0.0,0.866295337677002,608.0,454.0,742.0,495.0,0.0,0.0,0.8395367860794067,648.0,171.0,745.0,255.0,0.0,0.0,0.8342106342315674,651.0,171.0,745.0,255.0,0.0,0.0,0.866295337677002,608.0,454.0,742.0,495.0,0.0,0.0,0.8706487417221069,641.0,177.0,745.0,257.0,0.0,0.0,0.8378125429153442,651.0,173.0,745.0,255.0,0.0,0.0,0.8574283719062805,608.0,456.0,742.0,495.0
malignant_000138.png,0.6480051163477148,0.4792955388981879,0.9307190179824829,326.0,206.0,461.0,265.0,0.590221127699964,0.4186622024892641,0.9334902763366699,333.0,208.0,464.0,265.0,0.5851397971268215,0.41356721741029184,0.9331775903701782,336.0,208.0,464.0,265.0,0.587321988586705,0.4157507824441371,0.9365917444229126,329.0,209.0,461.0,263.0,0.6022686810112416,0.4308901666787976,0.9328821897506714,329.0,208.0,464.0,265.0,0.590221127699964,0.4186622024892641,0.9334902763366699,333.0,208.0,464.0,265.0,0.590221127699964,0.4186622024892641,0.9334902763366699,333.0,208.0,464.0,265.0,0.5825853708862065,0.41101972487080574,0.9383657574653625,329.0,208.0,461.0,259.0,0.6101952058258319,0.4390510152099556,0.9327705502510071,326.0,208.0,461.0,265.0,0.5410427949453117,0.37084212824805296,0.9326655864715576,323.0,206.0,427.0,259.0,0.6494004324749361,0.48082381194963975,0.9307442903518677,333.0,206.0,470.0,267.0,0.6022686810112416,0.4308901666787976,0.9328821897506714,329.0,208.0,464.0,265.0,0.6461099636077505,0.47722484562295675,0.9294540286064148,329.0,206.0,464.0,269.0,0.5825853708862065,0.41101972487080574,0.9383657574653625,329.0,208.0,461.0,259.0,0.5916777698062929,0.4201295393348373,0.9299149513244629,333.0,208.0,464.0,267.0,0.5866680382676679,0.41509571293398356,0.9359367489814758,333.0,208.0,464.0,263.0,0.5921713290296137,0.4206274110197249,0.9372907280921936,326.0,208.0,461.0,259.0,0.665423064045535,0.49860225073471437,0.9294378757476807,329.0,206.0,470.0,273.0,0.5977034957897422,0.4262318946065944,0.9347250461578369,329.0,208.0,464.0,263.0,0.5798015298738888,0.4082538758279351,0.9336857795715332,323.0,208.0,448.0,259.0
malignant_000140.png,0.022106466776775507,0.011176772867420349,0.8924684524536133,137.0,147.0,261.0,222.0,0.04272531917583112,0.021828984758460346,0.876465916633606,143.0,149.0,263.0,222.0,0.03849518810148731,0.019625334522747548,0.8850058317184448,141.0,147.0,261.0,222.0,0.025583705911574765,0.012957604730154736,0.8868224620819092,135.0,147.0,261.0,225.0,0.039544487548492054,0.02017107110940891,0.8755561113357544,141.0,149.0,263.0,222.0,0.026622718052738338,0.013490941796222537,0.8893544673919678,139.0,147.0,261.0,222.0,0.03849518810148731,0.019625334522747548,0.8850058317184448,141.0,147.0,261.0,222.0,0.04088194763435921,0.020867526377491206,0.859726071357727,131.0,149.0,267.0,227.0,0.04243770046878855,0.0216788505167633,0.8753563165664673,139.0,149.0,265.0,222.0,0.032778743481499874,0.01666245897500631,0.88628751039505,135.0,140.0,269.0,225.0,0.03333747978604304,0.016951296647691336,0.8740431070327759,139.0,149.0,261.0,222.0,0.050005869233478106,0.02564411268962196,0.8588075637817383,135.0,149.0,273.0,225.0,0.04272531917583112,0.021828984758460346,0.876465916633606,143.0,149.0,263.0,222.0,0.012402691647974667,0.006240042485395645,0.8984569907188416,131.0,142.0,250.0,227.0,0.03813769192669639,0.019439535470840697,0.8718879222869873,139.0,149.0,263.0,222.0,0.03849518810148731,0.019625334522747548,0.8850058317184448,141.0,147.0,261.0,222.0,0.03617571059431524,0.018421052631578946,0.8805506229400635,135.0,147.0,263.0,225.0,0.04301336573511543,0.021979386564013412,0.8771116733551025,139.0,149.0,265.0,225.0,0.04312063808574277,0.02203540950197427,0.8673347234725952,143.0,149.0,263.0,225.0,0.02811132830680443,0.014256042296072507,0.8920943737030029,130.0,137.0,258.0,228.0
malignant_000142.png,0.15671148335904783,0.08501733827573837,0.8183881640434265,147.0,160.0,197.0,212.0,0.15671148335904783,0.08501733827573837,0.8183881640434265,147.0,160.0,197.0,212.0,0.15671148335904783,0.08501733827573837,0.8183881640434265,147.0,160.0,197.0,212.0,0.15309410065548273,0.08289220404234841,0.8187973499298096,147.0,162.0,197.0,212.0,0.15671148335904783,0.08501733827573837,0.8183881640434265,147.0,160.0,197.0,212.0,0.15671148335904783,0.08501733827573837,0.8183881640434265,147.0,160.0,197.0,212.0,0.15309410065548273,0.08289220404234841,0.8187973499298096,147.0,162.0,197.0,212.0,0.14397496087636932,0.0775716694772344,0.8409451246261597,149.0,162.0,195.0,211.0,0.15309410065548273,0.08289220404234841,0.8187973499298096,147.0,162.0,197.0,212.0,0.14397496087636932,0.0775716694772344,0.8409451246261597,149.0,162.0,195.0,211.0,0.15671148335904783,0.08501733827573837,0.8183881640434265,147.0,160.0,197.0,212.0,0.15671148335904783,0.08501733827573837,0.8183881640434265,147.0,160.0,197.0,212.0,0.15309410065548273,0.08289220404234841,0.8187973499298096,147.0,162.0,197.0,212.0,0.14397496087636932,0.0775716694772344,0.8409451246261597,149.0,162.0,195.0,211.0,0.15671148335904783,0.08501733827573837,0.8183881640434265,147.0,160.0,197.0,212.0,0.15671148335904783,0.08501733827573837,0.8183881640434265,147.0,160.0,197.0,212.0,0.14397496087636932,0.0775716694772344,0.8409451246261597,149.0,162.0,195.0,211.0,0.15671148335904783,0.08501733827573837,0.8183881640434265,147.0,160.0,197.0,212.0,0.15309410065548273,0.08289220404234841,0.8187973499298096,147.0,162.0,197.0,212.0,0.15671148335904783,0.08501733827573837,0.8183881640434265,147.0,160.0,197.0,212.0
malignant_000143.png,0.0,0.0,0.8781228065490723,321.0,111.0,381.0,170.0,0.0,0.0,0.9208477735519409,321.0,97.0,383.0,174.0,0.5317381189764041,0.362154821186057,0.9397337436676025,213.0,122.0,277.0,176.0,0.5340117243667736,0.36426739097630906,0.9388155937194824,213.0,120.0,277.0,176.0,0.0,0.0,0.9069316983222961,321.0,104.0,381.0,170.0,0.5815496575342466,0.40998943715104874,0.9495514035224915,213.0,122.0,281.0,183.0,0.0,0.0,0.8808117508888245,321.0,107.0,381.0,170.0,0.0,0.0,0.9333150386810303,321.0,91.0,381.0,169.0,0.5317381189764041,0.362154821186057,0.9397337436676025,213.0,122.0,277.0,176.0,0.0,0.0,0.8978673219680786,327.0,100.0,379.0,169.0,0.5317381189764041,0.362154821186057,0.9397337436676025,213.0,122.0,277.0,176.0,0.6450623594356982,0.47608269201750414,0.9409141540527344,215.0,122.0,304.0,188.0,0.576063601203266,0.4045571148332579,0.9479243159294128,213.0,122.0,283.0,181.0,0.0,0.0,0.9333348274230957,321.0,91.0,381.0,170.0,0.5815496575342466,0.40998943715104874,0.9495514035224915,213.0,122.0,281.0,183.0,0.0,0.0,0.9208477735519409,321.0,97.0,383.0,174.0,0.5980537338692616,0.426588199788743,0.9426164627075195,215.0,125.0,285.0,187.0,0.6124371859296482,0.441376188320507,0.9432492852210999,213.0,122.0,289.0,185.0,0.5953793980500212,0.42387203862984757,0.945595383644104,213.0,120.0,285.0,183.0,0.0,0.0,0.9118074178695679,327.0,95.0,379.0,169.0
malignant_000145.png,0.7381787113690599,0.5850105066542144,0.9012291431427002,108.0,30.0,277.0,135.0,0.6580398546183732,0.4903572262432874,0.8979204893112183,114.0,30.0,275.0,135.0,0.714684433240299,0.5560381059120202,0.8997057676315308,110.0,30.0,275.0,135.0,0.6585877563801472,0.4909659647976096,0.898022472858429,114.0,28.0,275.0,135.0,0.7162380866750584,0.5579212774898445,0.899739146232605,110.0,28.0,275.0,135.0,0.7357950352725877,0.5820219472332477,0.9002870321273804,108.0,30.0,275.0,135.0,0.714684433240299,0.5560381059120202,0.8997057676315308,110.0,30.0,275.0,135.0,0.6539828296487311,0.48586514648848184,0.8985084295272827,114.0,34.0,275.0,135.0,0.6580398546183732,0.4903572262432874,0.8979204893112183,114.0,30.0,275.0,135.0,0.7322300837798632,0.5775733233700728,0.9028708338737488,110.0,30.0,289.0,135.0,0.7176002155495016,0.5595760575217107,0.899560809135437,110.0,28.0,277.0,135.0,0.7369787058337758,0.5835045768727816,0.9051334261894226,114.0,30.0,277.0,141.0,0.714684433240299,0.5560381059120202,0.8997057676315308,110.0,30.0,275.0,135.0,0.6523875519717778,0.4841062079281975,0.8839541673660278,108.0,43.0,275.0,135.0,0.6494718587419203,0.4809021292491595,0.9007298946380615,114.0,30.0,275.0,134.0,0.7161448962456519,0.5578081935815388,0.8991603851318359,110.0,32.0,275.0,135.0,0.7102685433557371,0.5507104131613386,0.9108010530471802,110.0,36.0,275.0,135.0,0.717578733085858,0.5595499323030954,0.899573564529419,110.0,27.0,277.0,135.0,0.7162380866750584,0.5579212774898445,0.899739146232605,110.0,28.0,275.0,135.0,0.6882531505841228,0.5246844319775597,0.8940357565879822,110.0,41.0,277.0,135.0
malignant_000295.png,0.0,0.0,0.8585650324821472,347.0,25.0,430.0,139.0,0.31071074847898883,0.18392986766430286,0.9051274657249451,218.0,176.0,300.0,292.0,0.2983784126179768,0.17534945185846967,0.9021322131156921,220.0,176.0,298.0,291.0,0.32435635535733776,0.19357120256109592,0.9077515602111816,218.0,171.0,300.0,292.0,0.31853532587434474,0.18943920189104174,0.9116066694259644,218.0,173.0,300.0,292.0,0.30182059548644036,0.1777318666592216,0.903281569480896,220.0,176.0,300.0,291.0,0.31853532587434474,0.18943920189104174,0.9116066694259644,218.0,173.0,300.0,292.0,0.3142884036144578,0.18644257077447093,0.9091722965240479,218.0,173.0,298.0,292.0,0.0,0.0,0.8222530484199524,345.0,25.0,428.0,136.0,0.29854007663805937,0.17546112755225493,0.9078109264373779,218.0,180.0,300.0,292.0,0.2852902690454154,0.1663781711243881,0.9056817889213562,220.0,180.0,298.0,291.0,0.2044915282558567,0.11389059504532172,0.9027855396270752,229.0,192.0,293.0,282.0,0.0,0.0,0.8585650324821472,347.0,25.0,430.0,139.0,0.32873473831557665,0.19669812198708284,0.9066973924636841,218.0,169.0,300.0,292.0,0.31071074847898883,0.18392986766430286,0.9051274657249451,218.0,176.0,300.0,292.0,0.32873473831557665,0.19669812198708284,0.9066973924636841,218.0,169.0,300.0,292.0,0.0,0.0,0.8896445035934448,352.0,30.0,430.0,139.0,0.2664795276352725,0.15372159249539338,0.9001397490501404,222.0,183.0,297.0,289.0,0.2852902690454154,0.1663781711243881,0.9056817889213562,220.0,180.0,298.0,291.0,0.3078909657811442,0.18195693040743016,0.9026738405227661,218.0,176.0,298.0,292.0
malignant_000296.png,0.22428154935443564,0.12630467925413394,0.8890140652656555,142.0,47.0,285.0,193.0,0.18758296742571223,0.10349878866415009,0.9434127807617188,140.0,47.0,353.0,150.0,0.4187939326674066,0.2648572765559195,0.915702760219574,192.0,78.0,349.0,191.0,0.5625717566016073,0.3913738019169329,0.9068223237991333,192.0,81.0,299.0,191.0,0.0,0.0,0.9372702836990356,359.0,315.0,505.0,380.0,0.5539893617021276,0.38311568879897,0.9003744721412659,190.0,78.0,285.0,193.0,0.17539916654960902,0.09613015807842332,0.9417337775230408,142.0,47.0,353.0,157.0,0.2053501180173092,0.11442349846558526,0.9336410760879517,140.0,47.0,341.0,162.0,0.18095933771609446,0.09948064464314398,0.9427169561386108,142.0,47.0,353.0,153.0,0.18511373683787477,0.10199743124141902,0.9301719069480896,144.0,50.0,349.0,196.0,0.5202459682097691,0.3515759761643406,0.911535382270813,209.0,76.0,353.0,162.0,0.17437091231570778,0.09551278158965329,0.905636191368103,140.0,47.0,278.0,196.0,0.16646788825038852,0.09079082236064023,0.9256876707077026,142.0,47.0,351.0,196.0,0.19539128450832763,0.10827349044199454,0.9393402338027954,140.0,47.0,349.0,165.0,0.16646788825038852,0.09079082236064023,0.9256876707077026,142.0,47.0,351.0,196.0,0.5588345162495331,0.3877656817003629,0.9112959504127502,209.0,76.0,351.0,157.0,0.05306799336650083,0.027257240204429302,0.9390600919723511,140.0,47.0,285.0,148.0,0.19101006955257968,0.10558934924824974,0.8833029866218567,142.0,47.0,281.0,199.0,0.19470988860144658,0.10785517927121717,0.9431800842285156,140.0,47.0,349.0,150.0,0.19372476446837147,0.10725096632980953,0.9275733232498169,142.0,47.0,347.0,189.0
malignant_000297.png,0.16001247660636306,0.08696389218511612,0.92441725730896,92.0,119.0,170.0,164.0,0.16001247660636306,0.08696389218511612,0.92441725730896,92.0,119.0,170.0,164.0,0.16001247660636306,0.08696389218511612,0.92441725730896,92.0,119.0,170.0,164.0,0.15869972353518239,0.08618894243576393,0.9238430261611938,94.0,119.0,170.0,164.0,0.16001247660636306,0.08696389218511612,0.92441725730896,92.0,119.0,170.0,164.0,0.16001247660636306,0.08696389218511612,0.92441725730896,92.0,119.0,170.0,164.0,0.16001247660636306,0.08696389218511612,0.92441725730896,92.0,119.0,170.0,164.0,0.16001247660636306,0.08696389218511612,0.92441725730896,92.0,119.0,170.0,164.0,0.16001247660636306,0.08696389218511612,0.92441725730896,92.0,119.0,170.0,164.0,0.16691452289525668,0.09105659554888237,0.9310673475265503,92.0,117.0,170.0,164.0,0.16001247660636306,0.08696389218511612,0.92441725730896,92.0,119.0,170.0,164.0,0.16001247660636306,0.08696389218511612,0.92441725730896,92.0,119.0,170.0,164.0,0.16017643913740867,0.08706076090378514,0.9242768287658691,90.0,119.0,170.0,164.0,0.16001247660636306,0.08696389218511612,0.92441725730896,92.0,119.0,170.0,164.0,0.16001247660636306,0.08696389218511612,0.92441725730896,92.0,119.0,170.0,164.0,0.16001247660636306,0.08696389218511612,0.92441725730896,92.0,119.0,170.0,164.0,0.16001247660636306,0.08696389218511612,0.92441725730896,92.0,119.0,170.0,164.0,0.16001247660636306,0.08696389218511612,0.92441725730896,92.0,119.0,170.0,164.0,0.16017643913740867,0.08706076090378514,0.9242768287658691,90.0,119.0,170.0,164.0,0.15869972353518239,0.08618894243576393,0.9238430261611938,94.0,119.0,170.0,164.0
malignant_000298.png,0.015825491873396064,0.007975856865703816,0.806618332862854,202.0,57.0,264.0,126.0,0.011278444901479466,0.005671203629570323,0.7904026508331299,190.0,57.0,264.0,128.0,0.26403207331042383,0.15209501814582646,0.8930147290229797,198.0,57.0,277.0,128.0,0.02570210631895687,0.013018352702101988,0.8041989207267761,186.0,57.0,262.0,128.0,0.012181140728002292,0.0061278927258308705,0.8115113973617554,202.0,57.0,262.0,126.0,0.011049723756906077,0.005555555555555556,0.8122276067733765,194.0,57.0,264.0,126.0,0.011049723756906077,0.005555555555555556,0.8122276067733765,194.0,57.0,264.0,126.0,0.010767993068878025,0.005413140866102539,0.893183708190918,181.0,57.0,262.0,125.0,0.019465025744066305,0.009828165620442584,0.826731264591217,186.0,57.0,264.0,126.0,0.053323593864134405,0.027392120075046905,0.8455432653427124,179.0,57.0,268.0,126.0,0.212101151860188,0.11863151658767772,0.8130815625190735,194.0,57.0,268.0,126.0,0.02193716304145752,0.011090225563909775,0.8467103242874146,183.0,57.0,262.0,128.0,0.2649863305994532,0.15272867025365103,0.8770263195037842,194.0,57.0,273.0,126.0,0.011467746961670302,0.005766940387387952,0.8847237825393677,183.0,57.0,262.0,125.0,0.009281375827475602,0.004662324305793624,0.8100179433822632,194.0,57.0,262.0,126.0,0.009020960466967366,0.00453091684434968,0.7941601276397705,190.0,57.0,262.0,128.0,0.010767993068878025,0.005413140866102539,0.893183708190918,181.0,57.0,262.0,125.0,0.02246261972025081,0.011358885017421603,0.8126392364501953,198.0,54.0,264.0,126.0,0.019465025744066305,0.009828165620442584,0.826731264591217,186.0,57.0,264.0,126.0,0.012699993774512856,0.006390577031514316,0.8712296485900879,183.0,57.0,262.0,126.0
malignant_000299.png,0.021688053497198625,0.010962908825141605,0.7811479568481445,120.0,212.0,195.0,262.0,0.012353646169447773,0.006215213358070501,0.7692992687225342,122.0,214.0,192.0,261.0,0.5226760210473566,0.35379918588873815,0.8923553824424744,154.0,100.0,225.0,171.0,0.012913786831575118,0.006498855835240275,0.7889454364776611,120.0,212.0,188.0,262.0,0.0198850679558515,0.010042380689146858,0.7779815196990967,122.0,212.0,192.0,261.0,0.0198850679558515,0.010042380689146858,0.7779815196990967,122.0,212.0,192.0,261.0,0.022439377488237423,0.011346998535871157,0.781264066696167,122.0,212.0,195.0,262.0,0.012913786831575118,0.006498855835240275,0.7889454364776611,120.0,212.0,188.0,262.0,0.022439377488237423,0.011346998535871157,0.781264066696167,122.0,212.0,195.0,262.0,0.03141454707719768,0.015957929096019584,0.7901417016983032,120.0,210.0,197.0,262.0,0.0198850679558515,0.010042380689146858,0.7779815196990967,122.0,212.0,192.0,261.0,0.022033592197941123,0.011139517896274653,0.7766792178153992,120.0,212.0,197.0,262.0,0.5018631436314364,0.33499152063312604,0.8552262783050537,154.0,104.0,220.0,173.0,0.1420925595550425,0.07647989154993222,0.8107843995094299,154.0,117.0,204.0,171.0,0.012353646169447773,0.006215213358070501,0.7692992687225342,122.0,214.0,192.0,261.0,0.1420925595550425,0.07647989154993222,0.8107843995094299,154.0,117.0,204.0,171.0,0.019020016302871118,0.009601316752011705,0.7858193516731262,120.0,212.0,192.0,262.0,0.021688053497198625,0.010962908825141605,0.7811479568481445,120.0,212.0,195.0,262.0,0.5065450553162739,0.3391766568649627,0.8889151811599731,154.0,102.0,223.0,171.0,0.013430127041742287,0.006760460442170656,0.8205100297927856,120.0,210.0,186.0,262.0
malignant_000301.png,0.8479278654413039,0.7360024081878387,0.9210340976715088,180.0,75.0,353.0,119.0,0.8632165882557937,0.7593500919681178,0.9219774603843689,182.0,75.0,353.0,119.0,0.8775,0.7817371937639198,0.9227450489997864,186.0,75.0,351.0,119.0,0.8724856321839081,0.7738133163427843,0.9216710329055786,186.0,73.0,349.0,119.0,0.8302382292252861,0.7097498396407954,0.9135426878929138,186.0,75.0,353.0,116.0,0.8156424581005587,0.6886792452830188,0.911533534526825,182.0,75.0,353.0,116.0,0.8775,0.7817371937639198,0.9227450489997864,186.0,75.0,351.0,119.0,0.8724856321839081,0.7738133163427843,0.9216710329055786,186.0,73.0,349.0,119.0,0.8205893323386796,0.6957621758380772,0.9125325679779053,182.0,76.0,353.0,116.0,0.8775,0.7817371937639198,0.9227450489997864,186.0,75.0,351.0,119.0,0.8632165882557937,0.7593500919681178,0.9219774603843689,182.0,75.0,353.0,119.0,0.849871904355252,0.738936738936739,0.9230311512947083,180.0,75.0,356.0,119.0,0.8284789644012945,0.7071823204419889,0.912775456905365,188.0,76.0,351.0,116.0,0.8530805687203792,0.743801652892562,0.921183705329895,182.0,73.0,351.0,119.0,0.8268283440697234,0.7047803617571059,0.9127518534660339,186.0,75.0,351.0,116.0,0.8753144089112469,0.7782747603833866,0.9218180775642395,186.0,75.0,349.0,119.0,0.8530805687203792,0.743801652892562,0.921183705329895,182.0,73.0,351.0,119.0,0.8156424581005587,0.6886792452830188,0.911533534526825,182.0,75.0,353.0,116.0,0.8269048071442143,0.7048914804016845,0.9129379987716675,186.0,76.0,351.0,116.0,0.8436987050884552,0.7296529968454258,0.9167097806930542,182.0,73.0,343.0,119.0
malignant_000302.png,0.0815218581029312,0.04249298249617746,0.8892017006874084,133.0,104.0,202.0,185.0,0.09287750527713098,0.048700335470914444,0.9240429401397705,136.0,110.0,204.0,183.0,0.08734177215189873,0.045665122435473195,0.9174677133560181,136.0,107.0,202.0,182.0,0.0004839099927413501,0.0002420135527589545,0.761347234249115,376.0,86.0,429.0,137.0,0.09217171717171717,0.048312375909993384,0.9239612221717834,134.0,109.0,204.0,183.0,0.08830137643696966,0.04619000890024875,0.9241253733634949,136.0,109.0,202.0,182.0,0.08871829542232787,0.04641822040667291,0.9274539351463318,136.0,110.0,202.0,182.0,0.0006597901867206228,0.0003300039600475206,0.7782055735588074,376.0,85.0,429.0,137.0,0.08746699255832224,0.045733585887400445,0.9274188876152039,138.0,110.0,202.0,180.0,0.08131184867326385,0.04237887674296538,0.861180305480957,126.0,107.0,202.0,187.0,0.09142384250185112,0.0479015951984299,0.9229231476783752,134.0,110.0,202.0,185.0,0.009823143802111184,0.004935814508906359,0.8848419785499573,66.0,95.0,204.0,192.0,0.09524016518148229,0.050001141057532124,0.9101759195327759,131.0,109.0,204.0,187.0,0.00030522368535798377,0.00015263513660844727,0.7913395762443542,376.0,85.0,431.0,139.0,0.09615050399721932,0.050503206371665256,0.9260382652282715,134.0,114.0,204.0,185.0,0.08909336705769483,0.046623610762454644,0.9241980314254761,140.0,110.0,202.0,180.0,0.08215762189120021,0.04283856839800178,0.830394446849823,133.0,98.0,202.0,185.0,0.0930020019148751,0.04876879892284169,0.9194391369819641,133.0,110.0,202.0,187.0,0.0918809466785691,0.048152627855496476,0.9258079528808594,134.0,110.0,204.0,183.0,0.0005260504570063345,0.00026309442897546644,0.7710445523262024,376.0,85.0,429.0,139.0
malignant_000303.png,0.7375261081457415,0.5841911764705883,0.9324741363525391,25.0,105.0,89.0,171.0,0.7375261081457415,0.5841911764705883,0.9324741363525391,25.0,105.0,89.0,171.0,0.7108319506992178,0.5513881228166942,0.9128072261810303,28.0,108.0,89.0,171.0,0.7133757961783439,0.5544554455445545,0.906791627407074,23.0,108.0,89.0,171.0,0.7374898409381168,0.5841456685672246,0.932457685470581,28.0,105.0,89.0,171.0,0.7108319506992178,0.5513881228166942,0.9128072261810303,28.0,108.0,89.0,171.0,0.7120567375886525,0.552863436123348,0.909175455570221,25.0,108.0,89.0,171.0,0.7375261081457415,0.5841911764705883,0.9324741363525391,25.0,105.0,89.0,171.0,0.69887586701746,0.5371323529411764,0.9069482088088989,28.0,109.0,89.0,171.0,0.7259953161592506,0.5698529411764706,0.9333550333976746,25.0,105.0,87.0,169.0,0.7374898409381168,0.5841456685672246,0.932457685470581,28.0,105.0,89.0,171.0,0.6747017287557828,0.5090942494947639,0.8963826894760132,28.0,111.0,89.0,171.0,0.7290790088826554,0.5736619459260621,0.9313091039657593,28.0,105.0,87.0,171.0,0.7375261081457415,0.5841911764705883,0.9324741363525391,25.0,105.0,89.0,171.0,0.7108319506992178,0.5513881228166942,0.9128072261810303,28.0,108.0,89.0,171.0,0.7375261081457415,0.5841911764705883,0.9324741363525391,25.0,105.0,89.0,171.0,0.7143362831858407,0.5556167400881057,0.9077928066253662,25.0,108.0,89.0,172.0,0.6981809478219244,0.5363118220261077,0.9089630842208862,28.0,108.0,87.0,171.0,0.6766350595672259,0.5112989160389491,0.8927381634712219,28.0,111.0,89.0,172.0,0.7249736564805058,0.5685950413223141,0.9320601224899292,23.0,105.0,87.0,169.0
malignant_000304.png,0.7085533262935586,0.5486508585445625,0.9297076463699341,171.0,117.0,281.0,164.0,0.6789268714842059,0.5139207337045529,0.9516203999519348,171.0,116.0,258.0,164.0,0.6834601779397578,0.5191336915811757,0.957676112651825,169.0,114.0,264.0,168.0,0.6914893617021277,0.5284552845528455,0.9545595049858093,169.0,114.0,273.0,168.0,0.6728200673254425,0.5069546719031255,0.9552832841873169,171.0,114.0,270.0,164.0,0.6784131445249162,0.5133322427613283,0.9534603953361511,171.0,116.0,264.0,164.0,0.6845263609087012,0.5203649397197784,0.9583291411399841,169.0,114.0,262.0,168.0,0.0,0.0,0.8066740036010742,245.0,54.0,371.0,137.0,0.6801121656600517,0.5152802745546657,0.947650671005249,171.0,116.0,268.0,168.0,0.0,0.0,0.9498756527900696,384.0,370.0,500.0,439.0,0.6834547792541792,0.519127462152043,0.9566761255264282,169.0,114.0,268.0,168.0,0.6763183557122496,0.510937322906041,0.9313247203826904,181.0,54.0,354.0,168.0,0.6837698583082868,0.5194911107486544,0.9578371047973633,169.0,114.0,279.0,168.0,0.0,0.0,0.904809296131134,249.0,52.0,364.0,132.0,0.6855244830172507,0.5215194000652102,0.9572794437408447,169.0,114.0,260.0,168.0,0.6835524897607242,0.5192402161454069,0.9485031366348267,169.0,116.0,256.0,168.0,0.7054099746407438,0.544890630101208,0.9514257311820984,171.0,116.0,279.0,164.0,0.0,0.0,0.9295626878738403,388.0,373.0,469.0,439.0,0.0,0.0,0.8914405107498169,255.0,55.0,358.0,128.0,0.0,0.0,0.9305539131164551,386.0,372.0,473.0,439.0
malignant_000305.png,0.0,0.0,0.8955899477005005,579.0,515.0,626.0,595.0,0.27518000360827277,0.15954128789319538,0.9292600750923157,177.0,166.0,279.0,297.0,0.0,0.0,0.905784547328949,576.0,510.0,626.0,595.0,0.0,0.0,0.9032928943634033,576.0,520.0,626.0,595.0,0.0,0.0,0.9332588911056519,569.0,506.0,626.0,595.0,0.0,0.0,0.9032928943634033,576.0,520.0,626.0,595.0,0.0,0.0,0.8897400498390198,579.0,527.0,626.0,595.0,0.0,0.0,0.8955899477005005,579.0,515.0,626.0,595.0,0.0,0.0,0.8925858736038208,579.0,520.0,626.0,595.0,0.0,0.0,0.8955899477005005,579.0,515.0,626.0,595.0,0.1878094310526743,0.1036366893586528,0.9011584520339966,0.0,250.0,146.0,328.0,0.0,0.0,0.8955899477005005,579.0,515.0,626.0,595.0,0.26926626672819565,0.15557925609918677,0.9178812503814697,177.0,161.0,276.0,297.0,0.0,0.0,0.9032928943634033,576.0,520.0,626.0,595.0,0.0,0.0,0.9292226433753967,571.0,506.0,626.0,595.0,0.0,0.0,0.923607349395752,571.0,503.0,626.0,595.0,0.0,0.0,0.8955899477005005,579.0,515.0,626.0,595.0,0.20923783739437196,0.11684289614982865,0.9024088978767395,0.0,250.0,154.0,314.0,0.0,0.0,0.8955899477005005,579.0,515.0,626.0,595.0,0.0,0.0,0.9032928943634033,576.0,520.0,626.0,595.0
malignant_000309.png,0.5686274509803921,0.3972602739726027,0.9382168054580688,216.0,85.0,367.0,195.0,0.5680265829795089,0.3966739718963517,0.939852774143219,224.0,86.0,367.0,199.0,0.5700554528650646,0.39865563598759046,0.9398614764213562,222.0,85.0,365.0,195.0,0.65434350132626,0.48626339780707156,0.937619149684906,235.0,86.0,371.0,195.0,0.5658040665434381,0.3945096017528032,0.936805784702301,216.0,86.0,371.0,197.0,0.5665832638309702,0.39526764934057407,0.9388750195503235,216.0,86.0,367.0,195.0,0.5684191074563429,0.3970569252613915,0.9392369389533997,218.0,86.0,367.0,197.0,0.5665554319614386,0.3952405587170202,0.9383752942085266,218.0,86.0,367.0,194.0,0.5671834625322998,0.3958521190261497,0.9369166493415833,212.0,85.0,365.0,195.0,0.6572801060129203,0.48951394029114237,0.9361894726753235,233.0,86.0,371.0,195.0,0.5684463329022723,0.39708349464447024,0.9404722452163696,224.0,86.0,365.0,199.0,0.5686818265853207,0.39731335572203563,0.9402191638946533,218.0,86.0,365.0,197.0,0.567200073998705,0.3958683021304067,0.9397477507591248,226.0,86.0,365.0,197.0,0.5652455377785999,0.3939667397189635,0.9353498816490173,214.0,86.0,371.0,195.0,0.5675201035215824,0.39618015227771325,0.9402109980583191,216.0,86.0,365.0,197.0,0.5686818265853207,0.39731335572203563,0.9402191638946533,218.0,86.0,365.0,197.0,0.5689225371618503,0.3975483870967742,0.9396736025810242,222.0,86.0,367.0,197.0,0.568479262672811,0.39711563224311097,0.9386454820632935,216.0,85.0,367.0,199.0,0.5673431734317343,0.3960077269800386,0.9375653862953186,212.0,85.0,364.0,195.0,0.5643277585723628,0.3930756215020174,0.9339939951896667,224.0,85.0,371.0,189.0
malignant_000310.png,0.8386048733874821,0.7220668092808952,0.8981058597564697,93.0,59.0,185.0,151.0,0.8571428571428571,0.75,0.9090273380279541,92.0,62.0,187.0,154.0,0.8252148997134671,0.7024390243902439,0.9101004600524902,105.0,64.0,185.0,142.0,0.8393253012048193,0.7231356917455573,0.9023218154907227,100.0,55.0,184.0,152.0,0.845764492407602,0.7327486347840476,0.905650794506073,97.0,59.0,185.0,154.0,0.8419323671497585,0.7270148506591023,0.9104589819908142,105.0,61.0,185.0,146.0,0.8473991761662995,0.7352061170212766,0.9026821851730347,100.0,62.0,185.0,152.0,0.855588431802997,0.7476230191826522,0.9254190325737,93.0,64.0,192.0,152.0,0.8401443479957086,0.7243525058863102,0.9174053072929382,95.0,61.0,190.0,152.0,0.8251312974129547,0.702317880794702,0.9064224362373352,97.0,59.0,187.0,139.0,0.8639152258784161,0.7604320078546882,0.9233897924423218,95.0,64.0,190.0,144.0,0.8509525588345163,0.7405721716514955,0.9119303226470947,89.0,55.0,187.0,151.0,0.8309450038729667,0.7107835017392745,0.908478319644928,97.0,61.0,187.0,140.0,0.8475907653989846,0.7354945968412303,0.9010714292526245,100.0,61.0,185.0,151.0,0.8643225503984998,0.7610634081902246,0.9114332795143127,97.0,62.0,187.0,152.0,0.8473436449226631,0.73512252042007,0.9027076959609985,103.0,62.0,185.0,151.0,0.8253560126582279,0.7026435426839536,0.9112063050270081,106.0,61.0,185.0,142.0,0.8647612090220071,0.7617438867438867,0.9201232194900513,89.0,59.0,190.0,154.0,0.8337245696400626,0.7148607849714861,0.9148497581481934,93.0,62.0,190.0,151.0,0.8802868701728577,0.7861717851864017,0.918081521987915,100.0,59.0,190.0,156.0
