filename,P01_dice,P01_iou,P01_sam_conf,P01_x1,P01_y1,P01_x2,P01_y2,P02_dice,P02_iou,P02_sam_conf,P02_x1,P02_y1,P02_x2,P02_y2,P03_dice,P03_iou,P03_sam_conf,P03_x1,P03_y1,P03_x2,P03_y2,P04_dice,P04_iou,P04_sam_conf,P04_x1,P04_y1,P04_x2,P04_y2,P05_dice,P05_iou,P05_sam_conf,P05_x1,P05_y1,P05_x2,P05_y2,P06_dice,P06_iou,P06_sam_conf,P06_x1,P06_y1,P06_x2,P06_y2,P07_dice,P07_iou,P07_sam_conf,P07_x1,P07_y1,P07_x2,P07_y2,P08_dice,P08_iou,P08_sam_conf,P08_x1,P08_y1,P08_x2,P08_y2,P09_dice,P09_iou,P09_sam_conf,P09_x1,P09_y1,P09_x2,P09_y2,P10_dice,P10_iou,P10_sam_conf,P10_x1,P10_y1,P10_x2,P10_y2,P11_dice,P11_iou,P11_sam_conf,P11_x1,P11_y1,P11_x2,P11_y2,P12_dice,P12_iou,P12_sam_conf,P12_x1,P12_y1,P12_x2,P12_y2,P13_dice,P13_iou,P13_sam_conf,P13_x1,P13_y1,P13_x2,P13_y2,P14_dice,P14_iou,P14_sam_conf,P14_x1,P14_y1,P14_x2,P14_y2,P15_dice,P15_iou,P15_sam_conf,P15_x1,P15_y1,P15_x2,P15_y2,P16_dice,P16_iou,P16_sam_conf,P16_x1,P16_y1,P16_x2,P16_y2,P17_dice,P17_iou,P17_sam_conf,P17_x1,P17_y1,P17_x2,P17_y2,P18_dice,P18_iou,P18_sam_conf,P18_x1,P18_y1,P18_x2,P18_y2,P19_dice,P19_iou,P19_sam_conf,P19_x1,P19_y1,P19_x2,P19_y2,P20_dice,P20_iou,P20_sam_conf,P20_x1,P20_y1,P20_x2,P20_y2
1003_pid-112746_pituitary.png,0.0,0.0,0.9710557460784912,62.0,136.0,121.0,217.0,0.0,0.0,0.9767194390296936,62.0,136.0,121.0,197.0,0.0,0.0,0.9760527014732361,62.0,136.0,123.0,199.0,0.0,0.0,0.680730938911438,364.0,166.0,443.0,299.0,0.0,0.0,0.9760527014732361,62.0,136.0,123.0,199.0,0.0,0.0,0.9767194390296936,62.0,136.0,121.0,197.0,0.0,0.0,0.9776237607002258,64.0,138.0,121.0,199.0,0.0,0.0,0.9773528575897217,64.0,138.0,121.0,201.0,0.0,0.0,0.9743655920028687,64.0,138.0,121.0,215.0,0.0,0.0,0.9780440926551819,62.0,136.0,121.0,207.0,0.0,0.0,0.9776237607002258,64.0,138.0,121.0,199.0,0.0,0.0,0.9777401089668274,64.0,138.0,121.0,195.0,0.0,0.0,0.9773528575897217,64.0,138.0,121.0,201.0,0.0,0.0,0.9777300953865051,64.0,138.0,121.0,197.0,0.0,0.0,0.9377866983413696,356.0,170.0,413.0,265.0,0.0,0.0,0.9766680002212524,62.0,136.0,121.0,203.0,0.0,0.0,0.6995447874069214,358.0,172.0,445.0,301.0,0.0,0.0,0.9777300953865051,64.0,138.0,121.0,197.0,0.0,0.0,0.716946542263031,360.0,170.0,443.0,299.0,0.0,0.0,0.9783539175987244,64.0,138.0,121.0,205.0
1007_pid-112847_pituitary.png,0.0,0.0,0.8817980885505676,356.0,204.0,445.0,295.0,0.0,0.0,0.8827598690986633,358.0,204.0,445.0,293.0,0.0,0.0,0.8932349681854248,356.0,206.0,445.0,299.0,0.0,0.0,0.8903916478157043,358.0,190.0,441.0,303.0,0.0,0.0,0.8871887922286987,356.0,206.0,445.0,293.0,0.0,0.0,0.8842061161994934,356.0,188.0,443.0,295.0,0.0,0.0,0.8898105621337891,356.0,204.0,445.0,301.0,0.0,0.0,0.8465401530265808,358.0,204.0,445.0,285.0,0.0,0.0,0.8785468339920044,356.0,200.0,445.0,297.0,0.0,0.0,0.8463966250419617,356.0,206.0,445.0,287.0,0.0,0.0,0.7892313003540039,356.0,206.0,447.0,281.0,0.0,0.0,0.8340550065040588,356.0,188.0,445.0,285.0,0.0,0.0,0.8850827813148499,356.0,206.0,445.0,295.0,0.0,0.0,0.9009701609611511,358.0,206.0,443.0,295.0,0.0,0.0,0.9244451522827148,358.0,182.0,441.0,307.0,0.0,0.0,0.8483946919441223,356.0,206.0,447.0,287.0,0.0,0.0,0.8676739931106567,356.0,188.0,445.0,297.0,0.0,0.0,0.8793336153030396,356.0,204.0,445.0,293.0,0.0,0.0,0.9235908389091492,356.0,182.0,441.0,309.0,0.0,0.0,0.8744088411331177,356.0,204.0,447.0,295.0
1013_pid-113741_pituitary.png,0.0,0.0,0.9675306677818298,248.0,212.0,301.0,303.0,0.0,0.0,0.9675306677818298,248.0,212.0,301.0,303.0,0.0,0.0,0.9675306677818298,248.0,212.0,301.0,303.0,0.0,0.0,0.9279012680053711,244.0,204.0,303.0,307.0,0.0,0.0,0.9741209149360657,248.0,214.0,301.0,303.0,0.0,0.0,0.9716192483901978,246.0,212.0,303.0,303.0,0.0,0.0,0.936141312122345,246.0,206.0,301.0,307.0,0.0,0.0,0.9675306677818298,248.0,212.0,301.0,303.0,0.0,0.0,0.9549863338470459,246.0,208.0,303.0,307.0,0.0,0.0,0.9549863338470459,246.0,208.0,303.0,307.0,0.0,0.0,0.9741209149360657,248.0,214.0,301.0,303.0,0.0,0.0,0.9716192483901978,246.0,212.0,303.0,303.0,0.0,0.0,0.9549863338470459,246.0,208.0,303.0,307.0,0.0,0.0,0.9675306677818298,248.0,212.0,301.0,303.0,0.0,0.0,0.9320104122161865,246.0,204.0,301.0,307.0,0.0,0.0,0.9716192483901978,246.0,212.0,303.0,303.0,0.0,0.0,0.9621310830116272,248.0,212.0,301.0,307.0,0.0,0.0,0.9675306677818298,248.0,212.0,301.0,303.0,0.0,0.0,0.917657196521759,246.0,200.0,301.0,307.0,0.0,0.0,0.9675306677818298,248.0,212.0,301.0,303.0
1016_pid-114040_pituitary.png,0.0,0.0,0.9488779306411743,64.0,168.0,127.0,229.0,0.0,0.0,0.9552083015441895,64.0,166.0,121.0,229.0,0.0,0.0,0.9567171931266785,62.0,166.0,149.0,231.0,0.0,0.0,0.9599274396896362,68.0,156.0,137.0,227.0,0.0,0.0,0.9480623602867126,64.0,168.0,131.0,229.0,0.0,0.0,0.9548448920249939,64.0,164.0,123.0,229.0,0.0,0.0,0.9488779306411743,64.0,168.0,127.0,229.0,0.0,0.0,0.950157105922699,64.0,164.0,131.0,229.0,0.0,0.0,0.9516570568084717,62.0,168.0,143.0,231.0,0.0,0.0,0.9582471251487732,62.0,156.0,139.0,231.0,0.0,0.0,0.9544070363044739,64.0,166.0,143.0,229.0,0.0,0.0,0.9529953598976135,64.0,168.0,123.0,229.0,0.0,0.0,0.9518494606018066,64.0,166.0,125.0,229.0,0.0,0.0,0.9539427161216736,64.0,164.0,125.0,229.0,0.0,0.0,0.950157105922699,64.0,164.0,131.0,229.0,0.0,0.0,0.9529953598976135,64.0,168.0,123.0,229.0,0.0,0.0,0.9527885317802429,62.0,156.0,131.0,231.0,0.0,0.0,0.9525601863861084,64.0,168.0,141.0,229.0,0.0,0.0,0.9521707892417908,64.0,166.0,123.0,229.0,0.0,0.0,0.9521707892417908,64.0,166.0,123.0,229.0
1017_pid-114040_pituitary.png,0.0,0.0,0.8302604556083679,254.0,246.0,341.0,303.0,0.0,0.0,0.8680261373519897,256.0,246.0,341.0,303.0,0.0,0.0,0.8245851993560791,252.0,246.0,341.0,303.0,0.0,0.0,0.9195972681045532,102.0,282.0,195.0,373.0,0.0,0.0,0.8302604556083679,254.0,246.0,341.0,303.0,0.0,0.0,0.9413612484931946,262.0,246.0,341.0,303.0,0.0,0.0,0.9116536974906921,360.0,214.0,445.0,265.0,0.0,0.0,0.8245851993560791,252.0,246.0,341.0,303.0,0.0,0.0,0.9304341077804565,260.0,246.0,341.0,303.0,0.0,0.0,0.8687475323677063,256.0,246.0,339.0,301.0,0.0,0.0,0.9304341077804565,260.0,246.0,341.0,303.0,0.0,0.0,0.8680261373519897,256.0,246.0,341.0,303.0,0.0,0.0,0.8302604556083679,254.0,246.0,341.0,303.0,0.0,0.0,0.8302604556083679,254.0,246.0,341.0,303.0,0.0,0.0,0.8814802169799805,376.0,208.0,451.0,269.0,0.0,0.0,0.8245851993560791,252.0,246.0,341.0,303.0,0.0,0.0,0.9398759603500366,62.0,156.0,137.0,231.0,0.0,0.0,0.9413612484931946,262.0,246.0,341.0,303.0,0.0,0.0,0.933719277381897,256.0,240.0,341.0,303.0,0.0,0.0,0.8245851993560791,252.0,246.0,341.0,303.0
1023_pid-114094_pituitary.png,0.6149369544131911,0.44397759103641454,0.8117147088050842,208.0,220.0,267.0,303.0,0.6089955849889624,0.4378099583415989,0.8136430978775024,208.0,218.0,267.0,303.0,0.6168641114982578,0.4459895203546957,0.8188876509666443,208.0,218.0,265.0,303.0,0.08418271045677614,0.04394088669950739,0.8783877491950989,214.0,220.0,263.0,299.0,0.6089955849889624,0.4378099583415989,0.8136430978775024,208.0,218.0,267.0,303.0,0.6399670827047045,0.4705526421944332,0.7924503087997437,206.0,220.0,267.0,303.0,0.6149369544131911,0.44397759103641454,0.8117147088050842,208.0,220.0,267.0,303.0,0.6089955849889624,0.4378099583415989,0.8136430978775024,208.0,218.0,267.0,303.0,0.6023697988426564,0.430993690851735,0.8323202729225159,208.0,216.0,267.0,303.0,0.6096509525796134,0.4384876975395079,0.815590500831604,208.0,216.0,265.0,301.0,0.6468793342579751,0.4780647806478065,0.7993977665901184,206.0,222.0,267.0,303.0,0.6022994874636376,0.43092170465807733,0.828468918800354,208.0,214.0,265.0,301.0,0.6089955849889624,0.4378099583415989,0.8136430978775024,208.0,218.0,267.0,303.0,0.6236378876781223,0.4531059683313033,0.8188436031341553,208.0,222.0,267.0,303.0,0.0,0.0,0.9247158169746399,314.0,292.0,437.0,381.0,0.6089955849889624,0.4378099583415989,0.8136430978775024,208.0,218.0,267.0,303.0,0.0,0.0,0.8860131502151489,292.0,294.0,395.0,375.0,0.6407473554059624,0.47139680614513846,0.8025048971176147,206.0,222.0,267.0,307.0,0.6023697988426564,0.430993690851735,0.8323202729225159,208.0,216.0,267.0,303.0,0.6023697988426564,0.430993690851735,0.8323202729225159,208.0,216.0,267.0,303.0
1028_pid-101017_pituitary.png,0.0,0.0,0.9646534323692322,284.0,248.0,339.0,301.0,0.0,0.0,0.9646534323692322,284.0,248.0,339.0,301.0,0.0,0.0,0.8838936686515808,366.0,332.0,445.0,409.0,0.0,0.0,0.9395071268081665,282.0,246.0,341.0,307.0,0.0,0.0,0.9646534323692322,284.0,248.0,339.0,301.0,0.0,0.0,0.9545425176620483,282.0,246.0,341.0,303.0,0.0,0.0,0.9545425176620483,282.0,246.0,341.0,303.0,0.0,0.0,0.9646534323692322,284.0,248.0,339.0,301.0,0.0,0.0,0.8862858414649963,364.0,328.0,443.0,407.0,0.0,0.0,0.9646534323692322,284.0,248.0,339.0,301.0,0.0,0.0,0.9646534323692322,284.0,248.0,339.0,301.0,0.0,0.0,0.9545425176620483,282.0,246.0,341.0,303.0,0.0,0.0,0.9646534323692322,284.0,248.0,339.0,301.0,0.0,0.0,0.9646534323692322,284.0,248.0,339.0,301.0,0.0,0.0,0.881870448589325,360.0,326.0,451.0,413.0,0.0,0.0,0.9646534323692322,284.0,248.0,339.0,301.0,0.0,0.0,0.9545784592628479,280.0,244.0,343.0,307.0,0.0,0.0,0.9646534323692322,284.0,248.0,339.0,301.0,0.0,0.0,0.9545425176620483,282.0,246.0,341.0,303.0,0.0,0.0,0.9646534323692322,284.0,248.0,339.0,301.0
1033_pid-101029_pituitary.png,0.0,0.0,0.877528965473175,208.0,208.0,303.0,267.0,0.0,0.0,0.9577159881591797,230.0,212.0,301.0,269.0,0.0,0.0,0.9009140729904175,212.0,208.0,303.0,267.0,0.0,0.0,0.9587165713310242,212.0,208.0,303.0,271.0,0.0,0.0,0.9454228281974792,222.0,212.0,301.0,267.0,0.0,0.0,0.9420479536056519,212.0,208.0,303.0,269.0,0.0,0.0,0.9420479536056519,212.0,208.0,303.0,269.0,0.0,0.0,0.9344226121902466,218.0,212.0,301.0,267.0,0.0,0.0,0.9344226121902466,218.0,212.0,301.0,267.0,0.0,0.0,0.9471478462219238,238.0,212.0,301.0,267.0,0.0,0.0,0.9471478462219238,238.0,212.0,301.0,267.0,0.0,0.0,0.9413954019546509,220.0,212.0,301.0,267.0,0.0,0.0,0.9413954019546509,220.0,212.0,301.0,267.0,0.0,0.0,0.8843093514442444,212.0,212.0,301.0,267.0,0.0,0.0,0.9694520831108093,216.0,208.0,307.0,271.0,0.0,0.0,0.9468228220939636,224.0,212.0,301.0,267.0,0.0,0.0,0.9090517163276672,196.0,206.0,307.0,271.0,0.0,0.0,0.943119466304779,218.0,208.0,303.0,267.0,0.008216364258815475,0.004125128910278446,0.9536179304122925,206.0,206.0,309.0,275.0,0.0,0.0,0.8622497320175171,206.0,208.0,303.0,267.0
1051_pid-107429_pituitary.png,0.9254927619203402,0.861318313289694,0.9712179899215698,228.0,192.0,301.0,275.0,0.942360328449525,0.8910031968336124,0.9644609093666077,214.0,188.0,301.0,277.0,0.9260076853895839,0.86221071863581,0.967444658279419,222.0,190.0,301.0,275.0,0.9509702970297029,0.9065237088492902,0.9739557504653931,212.0,174.0,301.0,297.0,0.9254927619203402,0.861318313289694,0.9712179899215698,228.0,192.0,301.0,275.0,0.8580650789496641,0.7514132925897632,0.9677934646606445,238.0,204.0,301.0,271.0,0.9508014600857007,0.9062169112085917,0.9661625623703003,208.0,180.0,299.0,297.0,0.8817662603358623,0.7885348376276872,0.9695712924003601,224.0,192.0,301.0,271.0,0.8335853419905719,0.7146560927253317,0.9655208587646484,238.0,196.0,301.0,269.0,0.8593790764414296,0.7534309240622141,0.9681249856948853,222.0,198.0,301.0,269.0,0.8329025933517512,0.7136530238240684,0.9689995646476746,238.0,202.0,301.0,269.0,0.8561960408127671,0.7485513876181763,0.9622839093208313,230.0,192.0,301.0,269.0,0.9506192442045094,0.9058859131487366,0.9847619533538818,214.0,186.0,303.0,285.0,0.884366485013624,0.7927034040604488,0.9698878526687622,230.0,204.0,301.0,271.0,0.9507209633972429,0.906070673512534,0.9770240783691406,214.0,176.0,301.0,295.0,0.8841836734693878,0.7924096936442615,0.9595921635627747,214.0,186.0,303.0,271.0,0.9510401012417938,0.9066505806062434,0.982268750667572,214.0,176.0,303.0,297.0,0.8461945031712473,0.7333944113605131,0.9688637256622314,240.0,202.0,301.0,271.0,0.950964884530212,0.9065138721351025,0.981531023979187,212.0,176.0,303.0,295.0,0.8886819605519343,0.7996648385131018,0.9674632549285889,218.0,190.0,303.0,271.0
1066_pid-108858_pituitary.png,0.3789437585733882,0.233763486354982,0.9523065090179443,250.0,244.0,339.0,303.0,0.43758480325644505,0.28006947459834997,0.9476547241210938,246.0,246.0,335.0,301.0,0.40582221452088024,0.25456521739130433,0.9457874894142151,248.0,246.0,335.0,301.0,0.4816905485598495,0.317254528122021,0.9776656031608582,238.0,216.0,341.0,309.0,0.3789437585733882,0.233763486354982,0.9523065090179443,250.0,244.0,339.0,303.0,0.37068811438784627,0.22751206669591925,0.930503249168396,248.0,248.0,335.0,301.0,0.43648847474252084,0.2791718946047679,0.9465353488922119,246.0,246.0,335.0,307.0,0.4062932226832642,0.2549359947927967,0.9453339576721191,248.0,246.0,339.0,301.0,0.4062932226832642,0.2549359947927967,0.9453339576721191,248.0,246.0,339.0,301.0,0.10687334285131551,0.05645335057099763,0.962002694606781,256.0,240.0,339.0,303.0,0.3789437585733882,0.233763486354982,0.9523065090179443,250.0,244.0,339.0,303.0,0.43758480325644505,0.28006947459834997,0.9476547241210938,246.0,246.0,335.0,301.0,0.43758480325644505,0.28006947459834997,0.9476547241210938,246.0,246.0,335.0,301.0,0.40582221452088024,0.25456521739130433,0.9457874894142151,248.0,246.0,335.0,301.0,0.47482427198393345,0.31132430398796085,0.9764519333839417,240.0,216.0,341.0,311.0,0.37588775333448815,0.2314419795221843,0.9518502354621887,250.0,244.0,339.0,301.0,0.46080992815153493,0.2993846806704859,0.961028516292572,244.0,244.0,335.0,303.0,0.2350499905678174,0.1331765711842668,0.9473152756690979,254.0,246.0,339.0,303.0,0.3789437585733882,0.233763486354982,0.9523065090179443,250.0,244.0,339.0,303.0,0.40582221452088024,0.25456521739130433,0.9457874894142151,248.0,246.0,335.0,301.0
1067_pid-108858_pituitary.png,0.4850260416666667,0.32015470562956594,0.976295530796051,248.0,222.0,331.0,307.0,0.4860117111255693,0.32101418134937687,0.9751449227333069,246.0,224.0,333.0,307.0,0.4684052156469408,0.3058284217419777,0.9711834192276001,248.0,240.0,319.0,303.0,0.4852109261354453,0.32031583440034145,0.9752546548843384,246.0,218.0,339.0,309.0,0.4841555047370141,0.31939655172413794,0.9741712808609009,246.0,232.0,329.0,307.0,0.46379746835443036,0.3019116677653263,0.9574392437934875,248.0,244.0,311.0,303.0,0.48722538649308383,0.3220740103270224,0.975524365901947,244.0,222.0,325.0,307.0,0.48327868852459016,0.3186338089061824,0.9773647785186768,248.0,228.0,331.0,303.0,0.48495748855461085,0.320094970861213,0.9777278304100037,248.0,222.0,331.0,303.0,0.49097120546608103,0.3253557567917206,0.9702223539352417,248.0,236.0,317.0,303.0,0.4845310198068424,0.31972348239360554,0.9772897958755493,246.0,228.0,331.0,303.0,0.48266841072596467,0.31810344827586207,0.9747012853622437,248.0,232.0,331.0,307.0,0.4840764331210191,0.31932773109243695,0.9750000238418579,248.0,228.0,329.0,307.0,0.4904924427108727,0.32493540051679587,0.9730435609817505,248.0,238.0,319.0,303.0,0.48470209339774556,0.3198724760892667,0.9742622375488281,244.0,214.0,341.0,309.0,0.48541157294213527,0.32049074472664657,0.9751532673835754,246.0,228.0,331.0,307.0,0.4842207476938016,0.3194533418748665,0.9760400652885437,248.0,218.0,333.0,309.0,0.48044692737430167,0.3161764705882353,0.9762441515922546,248.0,236.0,333.0,303.0,0.4860506369940332,0.32104814657008945,0.9736453890800476,246.0,216.0,335.0,309.0,0.4850260416666667,0.32015470562956594,0.976295530796051,248.0,222.0,331.0,307.0
1069_pid-108858_pituitary.png,0.0,0.0,0.8551108837127686,36.0,108.0,151.0,221.0,0.0,0.0,0.8201150894165039,28.0,106.0,151.0,229.0,0.0,0.0,0.8697838187217712,44.0,108.0,153.0,213.0,0.0,0.0,0.8465774655342102,40.0,104.0,157.0,219.0,0.0,0.0,0.8707592487335205,32.0,142.0,115.0,227.0,0.0,0.0,0.8952684998512268,52.0,112.0,149.0,205.0,0.0,0.0,0.852567732334137,44.0,104.0,153.0,215.0,0.0,0.0,0.8394116163253784,30.0,108.0,151.0,227.0,0.0,0.0,0.8822234869003296,64.0,116.0,149.0,197.0,0.0,0.0,0.9499081373214722,280.0,278.0,343.0,343.0,0.0,0.0,0.9499081373214722,280.0,278.0,343.0,343.0,0.0,0.0,0.8680481910705566,38.0,110.0,151.0,221.0,0.0,0.0,0.8588206768035889,38.0,110.0,149.0,221.0,0.0,0.0,0.8394116163253784,30.0,108.0,151.0,227.0,0.0,0.0,0.888110339641571,62.0,106.0,155.0,217.0,0.0,0.0,0.841805100440979,30.0,110.0,149.0,227.0,0.0,0.0,0.8929511904716492,54.0,112.0,149.0,205.0,0.0,0.0,0.949931263923645,282.0,280.0,343.0,341.0,0.0,0.0,0.8371025323867798,30.0,108.0,153.0,227.0,0.0,0.0,0.8371025323867798,30.0,108.0,153.0,227.0
1073_pid-108931_pituitary.png,0.3321100917431193,0.19911991199119913,0.9376946687698364,123.0,91.0,187.0,150.0,0.36218109054527264,0.2211362248014661,0.9494011998176575,123.0,102.0,188.0,151.0,0.3587710604558969,0.21859903381642512,0.9469702243804932,123.0,101.0,187.0,151.0,0.0,0.0,0.9352144002914429,214.0,68.0,243.0,97.0,0.3344110854503464,0.20077648363838047,0.9369155764579773,123.0,92.0,187.0,150.0,0.36976506639427986,0.22681704260651628,0.9376230835914612,123.0,102.0,187.0,150.0,0.10507246376811594,0.055449330783938815,0.706451416015625,123.0,102.0,151.0,133.0,0.3196467991169978,0.1902259590120862,0.9578230381011963,124.0,88.0,188.0,151.0,0.3490838958534233,0.21144859813084113,0.9401105046272278,122.0,95.0,187.0,150.0,0.3227819884083816,0.1924508240297714,0.9426773190498352,122.0,88.0,187.0,150.0,0.3321100917431193,0.19911991199119913,0.9376946687698364,123.0,91.0,187.0,150.0,0.339746597841389,0.20463538722442057,0.9427781105041504,124.0,93.0,188.0,151.0,0.36127744510978044,0.220462850182704,0.9385813474655151,122.0,100.0,187.0,150.0,0.36163836163836166,0.22073170731707317,0.9377342462539673,123.0,100.0,187.0,150.0,0.10488245931283906,0.05534351145038168,0.7160310745239258,123.0,103.0,151.0,133.0,0.3502660861151427,0.212316715542522,0.9414814710617065,123.0,93.0,186.0,149.0,0.13247172859450726,0.07093425605536333,0.9019756317138672,147.0,124.0,187.0,150.0,0.042363433667781496,0.02164009111617312,0.6991715431213379,123.0,92.0,151.0,133.0,0.10948905109489052,0.05791505791505792,0.7441942691802979,124.0,103.0,151.0,133.0,0.3490838958534233,0.21144859813084113,0.9384596347808838,123.0,94.0,187.0,150.0
1074_pid-108931_pituitary.png,0.3763440860215054,0.23178807947019867,0.9404589533805847,159.0,123.0,188.0,150.0,0.3798283261802575,0.23443708609271524,0.9372637867927551,159.0,123.0,188.0,151.0,0.3798283261802575,0.23443708609271524,0.9372637867927551,159.0,123.0,188.0,151.0,0.3798283261802575,0.23443708609271524,0.9372637867927551,159.0,123.0,188.0,151.0,0.3798283261802575,0.23443708609271524,0.9372637867927551,159.0,123.0,188.0,151.0,0.3798283261802575,0.23443708609271524,0.9372637867927551,159.0,123.0,188.0,151.0,0.3798283261802575,0.23443708609271524,0.9372637867927551,159.0,123.0,188.0,151.0,0.3693304535637149,0.22649006622516557,0.9451260566711426,160.0,124.0,187.0,150.0,0.3763440860215054,0.23178807947019867,0.9404589533805847,159.0,123.0,188.0,150.0,0.3710895361380798,0.22781456953642384,0.944892168045044,159.0,124.0,187.0,150.0,0.3710895361380798,0.22781456953642384,0.944892168045044,159.0,124.0,187.0,150.0,0.3798283261802575,0.23443708609271524,0.9372637867927551,159.0,123.0,188.0,151.0,0.3798283261802575,0.23443708609271524,0.9372637867927551,159.0,123.0,188.0,151.0,0.3710895361380798,0.22781456953642384,0.944892168045044,159.0,124.0,187.0,150.0,0.3798283261802575,0.23443708609271524,0.9372637867927551,159.0,123.0,188.0,151.0,0.3798283261802575,0.23443708609271524,0.9372637867927551,159.0,123.0,188.0,151.0,0.3806970509383378,0.23509933774834438,0.9370957612991333,158.0,123.0,188.0,151.0,0.3763440860215054,0.23178807947019867,0.9404589533805847,159.0,123.0,188.0,150.0,0.3798283261802575,0.23443708609271524,0.9372637867927551,159.0,123.0,188.0,151.0,0.3798283261802575,0.23443708609271524,0.9372637867927551,159.0,123.0,188.0,151.0
1083_pid-109769_pituitary.png,0.0,0.0,0.9503409266471863,408.0,444.0,469.0,511.0,0.0,0.0,0.9658223390579224,396.0,432.0,479.0,511.0,0.0,0.0,0.9181337952613831,280.0,136.0,341.0,199.0,0.0,0.0,0.9640342593193054,396.0,432.0,483.0,511.0,0.0,0.0,0.9559651613235474,404.0,440.0,473.0,511.0,0.0,0.0,0.9174809455871582,280.0,136.0,341.0,197.0,0.0,0.0,0.9658223390579224,396.0,432.0,479.0,511.0,0.0,0.0,0.9536490440368652,406.0,442.0,471.0,511.0,0.0,0.0,0.9557684063911438,406.0,442.0,473.0,511.0,0.0,0.0,0.9554239511489868,406.0,440.0,475.0,511.0,0.0,0.0,0.917769730091095,280.0,136.0,341.0,195.0,0.0,0.0,0.9624459743499756,398.0,436.0,479.0,511.0,0.0,0.0,0.9618871212005615,400.0,438.0,475.0,511.0,0.0,0.0,0.917769730091095,280.0,136.0,341.0,195.0,0.0,0.0,0.9619356393814087,400.0,436.0,479.0,511.0,0.0,0.0,0.9629955887794495,398.0,436.0,477.0,511.0,0.0,0.0,0.9624459743499756,398.0,436.0,479.0,511.0,0.0,0.0,0.9060057401657104,280.0,138.0,341.0,197.0,0.0,0.0,0.9640342593193054,396.0,432.0,483.0,511.0,0.0,0.0,0.9559651613235474,404.0,440.0,473.0,511.0
1084_pid-109769_pituitary.png,0.0,0.0,0.820523738861084,284.0,248.0,339.0,303.0,0.0,0.0,0.820523738861084,284.0,248.0,339.0,303.0,0.0,0.0,0.8182139992713928,282.0,246.0,341.0,307.0,0.0,0.0,0.9629783630371094,404.0,438.0,477.0,511.0,0.0,0.0,0.8158382773399353,284.0,248.0,339.0,301.0,0.0,0.0,0.820523738861084,284.0,248.0,339.0,303.0,0.0,0.0,0.820523738861084,284.0,248.0,339.0,303.0,0.0,0.0,0.820523738861084,284.0,248.0,339.0,303.0,0.0,0.0,0.820523738861084,284.0,248.0,339.0,303.0,0.0,0.0,0.820523738861084,284.0,248.0,339.0,303.0,0.0,0.0,0.820523738861084,284.0,248.0,339.0,303.0,0.0,0.0,0.820523738861084,284.0,248.0,339.0,303.0,0.0,0.0,0.820523738861084,284.0,248.0,339.0,303.0,0.0,0.0,0.820523738861084,284.0,248.0,339.0,303.0,0.0,0.0,0.9442367553710938,32.0,142.0,119.0,261.0,0.0,0.0,0.820523738861084,284.0,248.0,339.0,303.0,0.0,0.0,0.9442881345748901,36.0,142.0,115.0,255.0,0.0,0.0,0.8158382773399353,284.0,248.0,339.0,301.0,0.0,0.0,0.9427274465560913,30.0,148.0,109.0,249.0,0.0,0.0,0.820523738861084,284.0,248.0,339.0,303.0
1099_pid-110518_pituitary.png,0.0,0.0,0.8765222430229187,316.0,280.0,379.0,343.0,0.0,0.0,0.8696949481964111,62.0,208.0,121.0,267.0,0.0,0.0,0.8765222430229187,316.0,280.0,379.0,343.0,0.0,0.0,0.8543591499328613,62.0,208.0,119.0,265.0,0.0,0.0,0.8696949481964111,62.0,208.0,121.0,267.0,0.0,0.0,0.8674786686897278,318.0,282.0,377.0,341.0,0.0,0.0,0.8750414848327637,316.0,282.0,379.0,341.0,0.0,0.0,0.8765222430229187,316.0,280.0,379.0,343.0,0.0,0.0,0.8677457571029663,60.0,206.0,121.0,267.0,0.0,0.0,0.8765222430229187,316.0,280.0,379.0,343.0,0.0,0.0,0.8674786686897278,318.0,282.0,377.0,341.0,0.0,0.0,0.864284098148346,58.0,206.0,123.0,269.0,0.0,0.0,0.8712559342384338,60.0,206.0,123.0,267.0,0.0,0.0,0.8778094053268433,316.0,282.0,379.0,343.0,0.0,0.0,0.8543591499328613,62.0,208.0,119.0,265.0,0.0,0.0,0.8674786686897278,318.0,282.0,377.0,341.0,0.0,0.0,0.8703113794326782,56.0,206.0,121.0,267.0,0.0,0.0,0.9230800867080688,318.0,104.0,399.0,191.0,0.0,0.0,0.8622212409973145,60.0,206.0,123.0,269.0,0.0,0.0,0.8696949481964111,62.0,208.0,121.0,267.0
1102_pid-110537_pituitary.png,0.0,0.0,0.9202420711517334,428.0,208.0,487.0,267.0,0.4510150044130627,0.29116809116809117,0.9475135207176208,236.0,212.0,303.0,277.0,0.47000856898029136,0.30719686362363485,0.9472354650497437,224.0,212.0,303.0,283.0,0.0,0.0,0.8976104259490967,394.0,430.0,485.0,511.0,0.0,0.0,0.9202420711517334,428.0,208.0,487.0,267.0,0.0,0.0,0.9202420711517334,428.0,208.0,487.0,267.0,0.38245219347581555,0.2364394993045897,0.949064314365387,216.0,192.0,317.0,297.0,0.0,0.0,0.9202420711517334,428.0,208.0,487.0,267.0,0.44440256313607235,0.2856796704628059,0.9437175989151001,220.0,212.0,303.0,293.0,0.0,0.0,0.9202420711517334,428.0,208.0,487.0,267.0,0.0,0.0,0.9226487278938293,426.0,208.0,487.0,269.0,0.0,0.0,0.9227451682090759,426.0,206.0,489.0,269.0,0.0,0.0,0.922796368598938,426.0,206.0,487.0,269.0,0.48201438848920863,0.3175355450236967,0.9548435807228088,224.0,212.0,301.0,287.0,0.0,0.0,0.8888857364654541,396.0,432.0,483.0,511.0,0.0,0.0,0.9218357801437378,426.0,206.0,487.0,267.0,0.0,0.0,0.8496531248092651,404.0,440.0,473.0,511.0,0.0,0.0,0.9202420711517334,428.0,208.0,487.0,267.0,0.0,0.0,0.8888857364654541,396.0,432.0,483.0,511.0,0.46553487420740436,0.303385763796321,0.9531383514404297,224.0,212.0,303.0,287.0
1105_pid-110537_pituitary.png,0.0,0.0,0.9147965908050537,352.0,172.0,413.0,233.0,0.0,0.0,0.9197738766670227,356.0,172.0,413.0,231.0,0.0,0.0,0.9153638482093811,352.0,172.0,413.0,231.0,0.0,0.0,0.8594000339508057,404.0,440.0,473.0,511.0,0.0,0.0,0.9153638482093811,352.0,172.0,413.0,231.0,0.0,0.0,0.9197738766670227,356.0,172.0,413.0,231.0,0.0,0.0,0.9153638482093811,352.0,172.0,413.0,231.0,0.0,0.0,0.9197738766670227,356.0,172.0,413.0,231.0,0.0,0.0,0.9153638482093811,352.0,172.0,413.0,231.0,0.0,0.0,0.9153638482093811,352.0,172.0,413.0,231.0,0.0,0.0,0.9153638482093811,352.0,172.0,413.0,231.0,0.0,0.0,0.9197738766670227,356.0,172.0,413.0,231.0,0.0,0.0,0.9153638482093811,352.0,172.0,413.0,231.0,0.0,0.0,0.9153638482093811,352.0,172.0,413.0,231.0,0.0,0.0,0.8717100024223328,400.0,438.0,477.0,511.0,0.0,0.0,0.9147965908050537,352.0,172.0,413.0,233.0,0.0,0.0,0.9258513450622559,26.0,172.0,87.0,231.0,0.0,0.0,0.9197738766670227,356.0,172.0,413.0,231.0,0.0,0.0,0.8594000339508057,404.0,440.0,473.0,511.0,0.0,0.0,0.9146518111228943,352.0,172.0,415.0,233.0
1109_pid-110993_pituitary.png,0.45562849501580355,0.29502518891687657,0.8260385990142822,248.0,248.0,307.0,301.0,0.0,0.0,0.8958828449249268,246.0,246.0,367.0,303.0,0.48810365135453476,0.3228420068557183,0.8671748042106628,246.0,246.0,307.0,303.0,0.2901585402333234,0.16969909027291813,0.9188066124916077,244.0,218.0,373.0,319.0,0.0,0.0,0.8958828449249268,246.0,246.0,367.0,303.0,0.4607306935025159,0.2993177942012507,0.8787407279014587,246.0,246.0,311.0,303.0,0.45562849501580355,0.29502518891687657,0.8260385990142822,248.0,248.0,307.0,301.0,0.48810365135453476,0.3228420068557183,0.8671748042106628,246.0,246.0,307.0,303.0,0.45562849501580355,0.29502518891687657,0.8260385990142822,248.0,248.0,307.0,301.0,0.0,0.0,0.9062882661819458,246.0,246.0,371.0,303.0,0.39157655093910076,0.2434536447275301,0.8354678153991699,248.0,246.0,333.0,303.0,0.0,0.0,0.8895962238311768,246.0,246.0,365.0,303.0,0.47706422018348627,0.3132530120481928,0.8676604628562927,246.0,246.0,309.0,303.0,0.0,0.0,0.8895962238311768,246.0,246.0,365.0,303.0,0.47487223168654175,0.31136554035185704,0.8379155397415161,244.0,244.0,311.0,307.0,0.0,0.0,0.8958828449249268,246.0,246.0,367.0,303.0,0.49227166276346607,0.3264989127058093,0.8822643160820007,248.0,246.0,307.0,301.0,0.45562849501580355,0.29502518891687657,0.8260385990142822,248.0,248.0,307.0,301.0,0.002599090318388564,0.0013012361743656475,0.8713483810424805,244.0,244.0,373.0,315.0,0.0,0.0,0.8958828449249268,246.0,246.0,367.0,303.0
1116_pid-111075_pituitary.png,0.3108876257105378,0.18405384416256795,0.9005120396614075,284.0,248.0,339.0,303.0,0.334412955465587,0.20077783179387457,0.92891925573349,282.0,246.0,341.0,303.0,0.33069620253164556,0.1981042654028436,0.9334668517112732,282.0,246.0,343.0,307.0,0.0,0.0,0.9505074620246887,64.0,174.0,121.0,263.0,0.31450719822812845,0.18659658344283836,0.901374340057373,284.0,248.0,339.0,301.0,0.334412955465587,0.20077783179387457,0.92891925573349,282.0,246.0,341.0,303.0,0.3108876257105378,0.18405384416256795,0.9005120396614075,284.0,248.0,339.0,303.0,0.334412955465587,0.20077783179387457,0.92891925573349,282.0,246.0,341.0,303.0,0.334412955465587,0.20077783179387457,0.92891925573349,282.0,246.0,341.0,303.0,0.3285830618892508,0.19658952496954932,0.9281222820281982,284.0,246.0,341.0,303.0,0.3108876257105378,0.18405384416256795,0.9005120396614075,284.0,248.0,339.0,303.0,0.334412955465587,0.20077783179387457,0.92891925573349,282.0,246.0,341.0,303.0,0.3108876257105378,0.18405384416256795,0.9005120396614075,284.0,248.0,339.0,303.0,0.31450719822812845,0.18659658344283836,0.901374340057373,284.0,248.0,339.0,301.0,0.0,0.0,0.9462307095527649,68.0,176.0,117.0,263.0,0.31450719822812845,0.18659658344283836,0.901374340057373,284.0,248.0,339.0,301.0,0.33513081685640106,0.20129558541266795,0.9273238778114319,282.0,246.0,341.0,307.0,0.3285830618892508,0.19658952496954932,0.9281222820281982,284.0,246.0,341.0,303.0,0.0,0.0,0.9470884799957275,68.0,176.0,117.0,261.0,0.3108876257105378,0.18405384416256795,0.9005120396614075,284.0,248.0,339.0,303.0
1117_pid-111075_pituitary.png,0.0,0.0,0.9594699740409851,316.0,282.0,377.0,339.0,0.0,0.0,0.9594699740409851,316.0,282.0,377.0,339.0,0.0,0.0,0.9588464498519897,314.0,282.0,379.0,341.0,0.0,0.0,0.9495829343795776,294.0,278.0,379.0,343.0,0.0,0.0,0.9587967991828918,316.0,282.0,377.0,341.0,0.0,0.0,0.955984890460968,314.0,280.0,379.0,341.0,0.0,0.0,0.9622259140014648,312.0,282.0,377.0,339.0,0.0,0.0,0.9594699740409851,316.0,282.0,377.0,339.0,0.0,0.0,0.9584217071533203,312.0,280.0,379.0,341.0,0.0,0.0,0.9594699740409851,316.0,282.0,377.0,339.0,0.0,0.0,0.9606335163116455,314.0,282.0,377.0,341.0,0.0,0.0,0.955984890460968,314.0,280.0,379.0,341.0,0.0,0.0,0.9594699740409851,316.0,282.0,377.0,339.0,0.0,0.0,0.9594699740409851,316.0,282.0,377.0,339.0,0.0,0.0,0.9526183009147644,296.0,278.0,379.0,341.0,0.0,0.0,0.9594699740409851,316.0,282.0,377.0,339.0,0.0,0.0,0.9605594277381897,302.0,278.0,379.0,341.0,0.0,0.0,0.955984890460968,314.0,280.0,379.0,341.0,0.0,0.0,0.9596921801567078,312.0,280.0,377.0,339.0,0.0,0.0,0.9594699740409851,316.0,282.0,377.0,339.0
1125_pid-111785_pituitary.png,0.0,0.0,0.7828258275985718,174.0,138.0,269.0,267.0,0.0,0.0,0.7795298099517822,174.0,140.0,267.0,267.0,0.0,0.0,0.7693158388137817,174.0,138.0,267.0,265.0,0.05032618825722274,0.02581261950286807,0.8865941166877747,204.0,206.0,269.0,269.0,0.0,0.0,0.7795298099517822,174.0,140.0,267.0,267.0,0.0,0.0,0.7689194083213806,174.0,138.0,267.0,267.0,0.0,0.0,0.7829093933105469,174.0,140.0,269.0,267.0,0.0,0.0,0.7711649537086487,172.0,138.0,267.0,265.0,0.0,0.0,0.7829093933105469,174.0,140.0,269.0,267.0,0.0,0.0,0.7696287035942078,174.0,138.0,265.0,265.0,0.0,0.0,0.7689194083213806,174.0,138.0,267.0,267.0,0.0,0.0,0.7711649537086487,172.0,138.0,267.0,265.0,0.0,0.0,0.7795298099517822,174.0,140.0,267.0,267.0,0.0,0.0,0.7689194083213806,174.0,138.0,267.0,267.0,0.0,0.0,0.9065009355545044,100.0,282.0,191.0,371.0,0.0,0.0,0.7766369581222534,176.0,142.0,267.0,267.0,0.0,0.0,0.7804977893829346,170.0,136.0,267.0,265.0,0.0,0.0,0.7772680521011353,176.0,140.0,267.0,267.0,0.0,0.0,0.9256858229637146,170.0,136.0,231.0,207.0,0.0,0.0,0.7829093933105469,174.0,140.0,269.0,267.0
1130_pid-112074_pituitary.png,0.0,0.0,0.9232137799263,326.0,106.0,411.0,229.0,0.0,0.0,0.927991509437561,328.0,108.0,409.0,227.0,0.8925041812376463,0.8058758923668314,0.9594035148620605,208.0,240.0,267.0,303.0,0.0,0.0,0.9275203347206116,324.0,106.0,415.0,231.0,0.0,0.0,0.9340934753417969,326.0,126.0,409.0,227.0,0.8925041812376463,0.8058758923668314,0.9594035148620605,208.0,240.0,267.0,303.0,0.0,0.0,0.9340762495994568,332.0,112.0,413.0,229.0,0.0,0.0,0.9244745373725891,324.0,106.0,405.0,219.0,0.0,0.0,0.9307123422622681,332.0,120.0,411.0,227.0,0.8636505460218409,0.7600219659527732,0.9607102870941162,208.0,244.0,267.0,303.0,0.9039700374531835,0.8247676325861126,0.9690830111503601,208.0,238.0,267.0,303.0,0.0,0.0,0.9313133955001831,326.0,116.0,411.0,227.0,0.0,0.0,0.9290279150009155,326.0,112.0,411.0,229.0,0.8636505460218409,0.7600219659527732,0.9607102870941162,208.0,244.0,267.0,303.0,0.0,0.0,0.9265834093093872,326.0,106.0,409.0,221.0,0.0,0.0,0.9304583668708801,326.0,134.0,411.0,229.0,0.0,0.0,0.9237105846405029,320.0,102.0,413.0,231.0,0.8457252029931539,0.7326896551724138,0.9655768275260925,212.0,244.0,265.0,301.0,0.8925041812376463,0.8058758923668314,0.9594035148620605,208.0,240.0,267.0,303.0,0.0,0.0,0.9299313426017761,326.0,118.0,411.0,229.0
1144_pid-112847_pituitary.png,0.7947932618683001,0.6594663278271918,0.9194392561912537,248.0,208.0,301.0,265.0,0.7947932618683001,0.6594663278271918,0.9194392561912537,248.0,208.0,301.0,265.0,0.7947932618683001,0.6594663278271918,0.9194392561912537,248.0,208.0,301.0,265.0,0.7947932618683001,0.6594663278271918,0.9194392561912537,248.0,208.0,301.0,265.0,0.7948519948519949,0.6595472020504058,0.9157978892326355,248.0,212.0,301.0,265.0,0.7947932618683001,0.6594663278271918,0.9194392561912537,248.0,208.0,301.0,265.0,0.7947932618683001,0.6594663278271918,0.9194392561912537,248.0,208.0,301.0,265.0,0.7947932618683001,0.6594663278271918,0.9194392561912537,248.0,208.0,301.0,265.0,0.7947932618683001,0.6594663278271918,0.9194392561912537,248.0,208.0,301.0,265.0,0.7948519948519949,0.6595472020504058,0.9157978892326355,248.0,212.0,301.0,265.0,0.7947932618683001,0.6594663278271918,0.9194392561912537,248.0,208.0,301.0,265.0,0.8106494152774322,0.6815899581589958,0.9201806783676147,248.0,208.0,303.0,267.0,0.7947932618683001,0.6594663278271918,0.9194392561912537,248.0,208.0,301.0,265.0,0.7947932618683001,0.6594663278271918,0.9194392561912537,248.0,208.0,301.0,265.0,0.0,0.0,0.9544639587402344,246.0,102.0,301.0,197.0,0.8135845314823996,0.6857501044713749,0.9176272749900818,246.0,208.0,303.0,267.0,0.8106494152774322,0.6815899581589958,0.9201806783676147,248.0,208.0,303.0,267.0,0.7947932618683001,0.6594663278271918,0.9194392561912537,248.0,208.0,301.0,265.0,0.7947932618683001,0.6594663278271918,0.9194392561912537,248.0,208.0,301.0,265.0,0.8135845314823996,0.6857501044713749,0.9176272749900818,246.0,208.0,303.0,267.0
1148_pid-113274_pituitary.png,0.8358302122347067,0.7179624664879356,0.9307712912559509,318.0,246.0,377.0,303.0,0.8329704510108865,0.7137526652452025,0.9405283331871033,316.0,244.0,379.0,307.0,0.8377192982456141,0.720754716981132,0.9260711669921875,318.0,246.0,379.0,303.0,0.0,0.0,0.902394711971283,36.0,426.0,117.0,483.0,0.8358302122347067,0.7179624664879356,0.9307712912559509,318.0,246.0,377.0,303.0,0.8347286821705426,0.7163384779137839,0.9331146478652954,316.0,244.0,379.0,303.0,0.0,0.0,0.8977540135383606,44.0,430.0,119.0,485.0,0.8348122866894198,0.7164616285881664,0.9266451597213745,320.0,248.0,377.0,301.0,0.0,0.0,0.9174328446388245,360.0,144.0,455.0,227.0,0.8329704510108865,0.7137526652452025,0.9405283331871033,316.0,244.0,379.0,307.0,0.8344686648501363,0.7159555815312683,0.9310927987098694,320.0,248.0,375.0,301.0,0.0,0.0,0.9152098894119263,358.0,142.0,455.0,229.0,0.8375586854460094,0.7205169628432956,0.9217662215232849,316.0,246.0,379.0,303.0,0.8358302122347067,0.7179624664879356,0.9307712912559509,318.0,246.0,377.0,303.0,0.0,0.0,0.889386773109436,108.0,284.0,233.0,413.0,0.8358302122347067,0.7179624664879356,0.9307712912559509,318.0,246.0,377.0,303.0,0.0,0.0,0.9061055183410645,42.0,428.0,121.0,487.0,0.8329704510108865,0.7137526652452025,0.9405283331871033,316.0,244.0,379.0,307.0,0.0,0.0,0.900994062423706,38.0,426.0,119.0,485.0,0.8329704510108865,0.7137526652452025,0.9405283331871033,316.0,244.0,379.0,307.0
1153_pid-113741_pituitary.png,0.40402930402930404,0.2531558411751205,0.9536365866661072,254.0,208.0,341.0,299.0,0.39141694413614503,0.24333026678932843,0.95597904920578,252.0,208.0,339.0,297.0,0.44022028779534556,0.2822323462414579,0.9501627087593079,250.0,208.0,341.0,299.0,0.35548745451063013,0.21616585138597716,0.9573590755462646,248.0,208.0,333.0,293.0,0.35133079847908744,0.21309963099630996,0.956226110458374,256.0,208.0,339.0,299.0,0.374578177727784,0.23044982698961938,0.9583204984664917,254.0,208.0,341.0,297.0,0.4478299379982285,0.2885186030586624,0.9466519355773926,248.0,212.0,339.0,299.0,0.23828920570264767,0.1352601156069364,0.955081045627594,262.0,208.0,341.0,299.0,0.35108024691358025,0.2129153018249883,0.957850456237793,250.0,208.0,341.0,291.0,0.0775055679287305,0.04031510658016682,0.9641522765159607,270.0,208.0,341.0,297.0,0.10766864425401011,0.0568973525313516,0.9576817154884338,268.0,208.0,341.0,295.0,0.3979385238358181,0.24839154411764705,0.9563359022140503,252.0,208.0,341.0,297.0,0.40402930402930404,0.2531558411751205,0.9536365866661072,254.0,208.0,341.0,299.0,0.3621274990569596,0.22109626900046062,0.9564374089241028,256.0,208.0,341.0,299.0,0.42516268980477223,0.2699724517906336,0.9484038949012756,248.0,212.0,333.0,299.0,0.16474605206999574,0.08976744186046512,0.9590981006622314,266.0,212.0,339.0,297.0,0.43805783648696894,0.28045714285714285,0.9462441802024841,248.0,212.0,331.0,301.0,0.34092664092664093,0.20549220386316033,0.9589784741401672,256.0,208.0,341.0,295.0,0.3431998452311859,0.20714619336758525,0.9604254364967346,252.0,212.0,339.0,293.0,0.374578177727784,0.23044982698961938,0.9583204984664917,254.0,208.0,341.0,297.0
1157_pid-114361_pituitary.png,0.8596833658642377,0.7538988208444275,0.9690789580345154,248.0,212.0,301.0,281.0,0.9234206784481007,0.8577358490566038,0.9682413935661316,248.0,212.0,301.0,277.0,0.9171817058096415,0.8470319634703196,0.9581637978553772,248.0,212.0,301.0,271.0,0.8762513312034079,0.7797573919636088,0.9734750986099243,248.0,212.0,301.0,291.0,0.9174499387004496,0.8474896187240468,0.9639103412628174,248.0,212.0,301.0,275.0,0.9234206784481007,0.8577358490566038,0.9682413935661316,248.0,212.0,301.0,277.0,0.8618378378378379,0.7572188449848024,0.9701213836669922,248.0,212.0,301.0,283.0,0.9234206784481007,0.8577358490566038,0.9682413935661316,248.0,212.0,301.0,277.0,0.9295660948536831,0.8684012066365008,0.968783438205719,248.0,212.0,301.0,279.0,0.9234206784481007,0.8577358490566038,0.9682413935661316,248.0,212.0,301.0,277.0,0.9295660948536831,0.8684012066365008,0.968783438205719,248.0,212.0,301.0,279.0,0.9174499387004496,0.8474896187240468,0.9639103412628174,248.0,212.0,301.0,275.0,0.9295660948536831,0.8684012066365008,0.968783438205719,248.0,212.0,301.0,279.0,0.9174499387004496,0.8474896187240468,0.9639103412628174,248.0,212.0,301.0,275.0,0.9201551970594242,0.8521180030257186,0.973343551158905,248.0,212.0,303.0,293.0,0.9171817058096415,0.8470319634703196,0.9581637978553772,248.0,212.0,301.0,271.0,0.8810180275715801,0.7873388931008339,0.97263103723526,248.0,212.0,301.0,293.0,0.9174499387004496,0.8474896187240468,0.9639103412628174,248.0,212.0,301.0,275.0,0.8596833658642377,0.7538988208444275,0.9690789580345154,248.0,212.0,301.0,281.0,0.9174499387004496,0.8474896187240468,0.9639103412628174,248.0,212.0,301.0,275.0
1158_pid-114361_pituitary.png,0.7295504789977892,0.574245939675174,0.9629198908805847,248.0,212.0,301.0,299.0,0.7548042190434908,0.6061731260153168,0.9652349948883057,246.0,208.0,303.0,295.0,0.7533256217466744,0.6042681512410114,0.9617093801498413,248.0,212.0,303.0,299.0,0.7536148062463852,0.6046403712296984,0.962338387966156,248.0,212.0,303.0,297.0,0.7295504789977892,0.574245939675174,0.9629198908805847,248.0,212.0,301.0,299.0,0.7533256217466744,0.6042681512410114,0.9617093801498413,248.0,212.0,303.0,299.0,0.7312619643646002,0.5763695450324977,0.9632406830787659,248.0,212.0,301.0,297.0,0.7536148062463852,0.6046403712296984,0.962338387966156,248.0,212.0,303.0,297.0,0.7312619643646002,0.5763695450324977,0.9632406830787659,248.0,212.0,301.0,297.0,0.7542262678803641,0.605427974947808,0.9631979465484619,248.0,208.0,303.0,299.0,0.7536148062463852,0.6046403712296984,0.962338387966156,248.0,212.0,303.0,297.0,0.7545861620684674,0.6058919044305265,0.9637499451637268,246.0,208.0,303.0,299.0,0.7312619643646002,0.5763695450324977,0.9632406830787659,248.0,212.0,301.0,297.0,0.7536148062463852,0.6046403712296984,0.962338387966156,248.0,212.0,303.0,297.0,0.7533256217466744,0.6042681512410114,0.9617093801498413,248.0,212.0,303.0,299.0,0.7551256136298008,0.6065877986546045,0.9643337726593018,246.0,208.0,303.0,297.0,0.7535058551395113,0.6045001159823706,0.9635661244392395,246.0,208.0,303.0,301.0,0.7295504789977892,0.574245939675174,0.9629198908805847,248.0,212.0,301.0,299.0,0.7551256136298008,0.6065877986546045,0.9643337726593018,246.0,208.0,303.0,297.0,0.7536148062463852,0.6046403712296984,0.962338387966156,248.0,212.0,303.0,297.0
1165_pid-114094_pituitary.png,0.886905997094833,0.796793437733035,0.9668536186218262,284.0,222.0,343.0,335.0,0.8876905527325522,0.7980607868730188,0.9653826355934143,282.0,220.0,343.0,331.0,0.8986944641230644,0.8160264657232127,0.9645472168922424,282.0,218.0,343.0,329.0,0.8933552091878589,0.8072646404744255,0.9642384648323059,282.0,212.0,345.0,341.0,0.8565941101152369,0.7491601343784995,0.969393253326416,284.0,230.0,343.0,335.0,0.8896959634741102,0.8013084112149532,0.9642188549041748,282.0,220.0,345.0,323.0,0.8510090167453843,0.7406576980568012,0.9698718190193176,284.0,234.0,343.0,333.0,0.8946515397082658,0.8093841642228738,0.9681905508041382,284.0,220.0,341.0,333.0,0.8895330779583808,0.8010441916837591,0.9651625752449036,282.0,222.0,345.0,329.0,0.8448201127004769,0.7313320825515948,0.9677135348320007,282.0,234.0,341.0,317.0,0.8942034860154033,0.8086510263929618,0.9685611128807068,282.0,222.0,341.0,333.0,0.8905926232905097,0.8027642883825178,0.9648317098617554,282.0,220.0,345.0,325.0,0.8597593440528165,0.7540156892043333,0.9688346982002258,284.0,228.0,341.0,333.0,0.8972895863052782,0.8137128072445019,0.9681034088134766,284.0,222.0,341.0,329.0,0.9081518987341772,0.8317566314227416,0.9699626564979553,284.0,214.0,357.0,335.0,0.8568380627266908,0.7495334079880552,0.9685073494911194,282.0,230.0,343.0,331.0,0.8927065116757535,0.8062058714232627,0.9650850892066956,282.0,216.0,345.0,341.0,0.8890728476821192,0.8002980625931445,0.9667556881904602,282.0,220.0,343.0,335.0,0.8940765117235705,0.8084433699088711,0.9647061824798584,282.0,212.0,345.0,333.0,0.8876905527325522,0.7980607868730188,0.9653826355934143,282.0,220.0,343.0,331.0
1166_pid-105936_pituitary.png,0.0,0.0,0.8987224102020264,324.0,150.0,403.0,227.0,0.0,0.0,0.8752895593643188,0.0,64.0,45.0,119.0,0.0,0.0,0.8071245551109314,64.0,170.0,119.0,231.0,0.0,0.0,0.784360408782959,64.0,174.0,119.0,229.0,0.0,0.0,0.6652793288230896,308.0,160.0,377.0,231.0,0.0,0.0,0.801374077796936,62.0,168.0,121.0,233.0,0.0,0.0,0.9060622453689575,326.0,150.0,407.0,227.0,0.0,0.0,0.7875173687934875,64.0,172.0,119.0,229.0,0.0,0.0,0.8852125406265259,0.0,62.0,47.0,121.0,0.0,0.0,0.8852125406265259,0.0,62.0,47.0,121.0,0.0,0.0,0.8941986560821533,318.0,148.0,403.0,233.0,0.0,0.0,0.8071245551109314,64.0,170.0,119.0,231.0,0.6185216652506372,0.44772447724477243,0.8056930899620056,300.0,154.0,395.0,227.0,0.0,0.0,0.8852125406265259,0.0,62.0,47.0,121.0,0.0,0.0,0.9543853998184204,104.0,286.0,153.0,365.0,0.0,0.0,0.9013116955757141,62.0,0.0,119.0,45.0,0.0,0.0,0.7634524703025818,62.0,172.0,121.0,233.0,0.0,0.0,0.9270933866500854,360.0,326.0,409.0,407.0,0.0,0.0,0.7958371639251709,64.0,172.0,119.0,231.0,0.0,0.0,0.9043567776679993,64.0,0.0,119.0,45.0
1169_pid-106062_pituitary.png,0.9386832438541961,0.8844515441959532,0.9732359647750854,208.0,172.0,301.0,245.0,0.0,0.0,0.9485584497451782,436.0,430.0,511.0,511.0,0.9293276108726752,0.8679850347407804,0.979474663734436,208.0,170.0,299.0,231.0,0.0,0.0,0.9475838541984558,438.0,430.0,511.0,511.0,0.9435608726249121,0.893152144950706,0.9651332497596741,212.0,174.0,299.0,251.0,0.9284077892325315,0.8663816141101015,0.9792073965072632,212.0,174.0,301.0,231.0,0.0,0.0,0.950233519077301,436.0,432.0,511.0,511.0,0.9406791602085388,0.8880021282255919,0.9704034924507141,212.0,174.0,301.0,249.0,0.9298270687437473,0.8688568376068376,0.9792380928993225,208.0,172.0,301.0,231.0,0.9314677327241576,0.8717263495456975,0.9809746146202087,208.0,172.0,295.0,235.0,0.9348220516399163,0.8776205450733753,0.9714160561561584,208.0,172.0,307.0,247.0,0.9266752762232745,0.8633689839572193,0.9776509404182434,212.0,172.0,297.0,231.0,0.9239396117900791,0.8586317477284875,0.9770907759666443,214.0,176.0,299.0,229.0,0.9298270687437473,0.8688568376068376,0.9792380928993225,208.0,172.0,301.0,231.0,0.0,0.0,0.9475838541984558,438.0,430.0,511.0,511.0,0.0,0.0,0.9492137432098389,438.0,432.0,511.0,511.0,0.0,0.0,0.9479540586471558,432.0,430.0,511.0,511.0,0.9338078291814946,0.8758344459279038,0.9820905923843384,208.0,172.0,299.0,237.0,0.0,0.0,0.9470301270484924,432.0,428.0,511.0,511.0,0.9281008307075337,0.865847140566542,0.9794981479644775,214.0,176.0,301.0,231.0
1190_pid-107505_pituitary.png,0.4494194429688093,0.2898394675019577,0.9263451099395752,248.0,62.0,343.0,261.0,0.4524975514201763,0.29240506329113924,0.9386157989501953,246.0,60.0,339.0,251.0,0.4834949873665335,0.3188218854133075,0.9583896398544312,250.0,104.0,341.0,265.0,0.04974489795918367,0.025506867233485938,0.8848333954811096,244.0,58.0,341.0,233.0,0.4138278234603121,0.2608971646212442,0.9162301421165466,250.0,64.0,341.0,245.0,0.48563241915677446,0.3206833171153638,0.9573214650154114,248.0,104.0,339.0,263.0,0.4629455909943715,0.3011901129081477,0.9471161365509033,248.0,72.0,341.0,265.0,0.45776522791448165,0.29681941828834485,0.9297566413879395,248.0,64.0,341.0,253.0,0.4745734772933322,0.3111087097471364,0.9366109371185303,248.0,62.0,339.0,259.0,0.4632927210246798,0.3014840414718439,0.9423164129257202,248.0,70.0,341.0,263.0,0.4769701480195154,0.31317189705722664,0.9361737966537476,250.0,72.0,339.0,259.0,0.47258549264885064,0.3094022548393959,0.9361742734909058,246.0,62.0,335.0,255.0,0.4166736559590707,0.26316347070664264,0.9154308438301086,248.0,64.0,341.0,245.0,0.4631019387116948,0.301322482197355,0.9426089525222778,250.0,72.0,341.0,263.0,0.4558110914545035,0.2951783223749751,0.9386871457099915,246.0,60.0,341.0,263.0,0.24612596284549162,0.1403327477524026,0.8973127007484436,248.0,62.0,341.0,235.0,0.4708873216335903,0.30794808538024243,0.9245792627334595,246.0,58.0,341.0,259.0,0.484917845172893,0.3200604294809539,0.9572527408599854,248.0,104.0,339.0,265.0,0.47381875154613673,0.31046034147395724,0.9316909313201904,250.0,68.0,341.0,259.0,0.4568438003220612,0.29604507982886363,0.9302231073379517,248.0,62.0,341.0,253.0
1193_pid-107505_pituitary.png,0.0,0.0,0.8894791007041931,256.0,62.0,343.0,183.0,0.0,0.0,0.8418394327163696,358.0,388.0,445.0,447.0,0.0,0.0,0.9180259108543396,272.0,68.0,339.0,183.0,0.8388899980035935,0.7224896836313618,0.8273294568061829,252.0,208.0,339.0,295.0,0.0,0.0,0.9362521171569824,282.0,62.0,343.0,165.0,0.007360321177651389,0.0036937541974479517,0.850867748260498,246.0,208.0,339.0,291.0,0.0,0.0,0.9112744331359863,280.0,72.0,339.0,189.0,0.0,0.0,0.9005447626113892,262.0,62.0,343.0,179.0,0.0,0.0,0.8709555864334106,256.0,68.0,339.0,183.0,0.0,0.0,0.9293365478515625,272.0,60.0,345.0,175.0,0.0,0.0,0.9013034105300903,264.0,62.0,341.0,179.0,0.0,0.0,0.8824144601821899,256.0,64.0,341.0,183.0,0.0,0.0,0.9201136827468872,266.0,62.0,343.0,173.0,0.0,0.0,0.9271329045295715,272.0,64.0,341.0,171.0,0.007657945118059987,0.003843689942344651,0.7979652881622314,252.0,208.0,341.0,297.0,0.0,0.0,0.9222266674041748,266.0,60.0,343.0,173.0,0.0,0.0,0.8971542716026306,262.0,62.0,343.0,181.0,0.7954716981132075,0.6604010025062657,0.8822438716888428,246.0,208.0,333.0,277.0,0.0,0.0,0.9266983866691589,272.0,68.0,341.0,169.0,0.0,0.0,0.8894791007041931,256.0,62.0,343.0,183.0
1205_pid-108931_pituitary.png,0.0,0.0,0.9420573711395264,99.0,122.0,133.0,151.0,0.0,0.0,0.9438896775245667,99.0,119.0,133.0,151.0,0.0,0.0,0.9346731305122375,87.0,88.0,133.0,151.0,0.0,0.0,0.8822725415229797,22.0,0.0,57.0,20.0,0.0,0.0,0.9392696619033813,101.0,120.0,133.0,151.0,0.0,0.0,0.92221599817276,88.0,90.0,134.0,153.0,0.0,0.0,0.9401026368141174,101.0,118.0,133.0,150.0,0.0,0.0,0.9430834054946899,98.0,120.0,133.0,151.0,0.0,0.0,0.9417092204093933,94.0,119.0,133.0,151.0,0.0,0.0,0.9177000522613525,88.0,90.0,134.0,151.0,0.0,0.0,0.9390154480934143,100.0,120.0,134.0,151.0,0.0,0.0,0.9430834054946899,98.0,120.0,133.0,151.0,0.0,0.0,0.9427376985549927,95.0,120.0,133.0,151.0,0.0,0.0,0.9397202134132385,92.0,119.0,133.0,151.0,0.0,0.0,0.9017136693000793,99.0,101.0,131.0,148.0,0.0,0.0,0.9386414885520935,102.0,120.0,133.0,151.0,0.0,0.0,0.9005281925201416,90.0,91.0,129.0,147.0,0.0,0.0,0.9462896585464478,96.0,119.0,134.0,153.0,0.0,0.0,0.9041208028793335,95.0,100.0,131.0,149.0,0.0,0.0,0.9427376985549927,95.0,120.0,133.0,151.0
1211_pid-109471_pituitary.png,0.9547779273216689,0.9134689672933299,0.9695101380348206,244.0,172.0,325.0,231.0,0.9540864413625959,0.9122039134912462,0.9694923162460327,244.0,172.0,329.0,231.0,0.9311855305920588,0.8712321523003702,0.9623635411262512,244.0,174.0,311.0,229.0,0.9546372324673577,0.9132114344578934,0.9692875742912292,244.0,172.0,323.0,231.0,0.9547779273216689,0.9134689672933299,0.9695101380348206,244.0,172.0,325.0,231.0,0.9544842445461891,0.9129314786192684,0.9708556532859802,246.0,172.0,325.0,231.0,0.9552159468438538,0.9142711778173492,0.966556191444397,240.0,170.0,325.0,233.0,0.9546372324673577,0.9132114344578934,0.9692875742912292,244.0,172.0,323.0,231.0,0.9443367488230408,0.8945435466946485,0.9673669338226318,246.0,174.0,313.0,231.0,0.946916890080429,0.8991853360488798,0.9637011885643005,246.0,174.0,311.0,229.0,0.9457765667574932,0.8971310416128199,0.9695684909820557,246.0,174.0,323.0,231.0,0.9543568464730291,0.9126984126984127,0.9670708179473877,244.0,172.0,327.0,233.0,0.9543434343434344,0.9126738794435858,0.9708706140518188,246.0,172.0,327.0,231.0,0.9454595036814835,0.8965606413240238,0.9699485301971436,246.0,174.0,327.0,231.0,0.6474226804123712,0.47865853658536583,0.8614065647125244,208.0,170.0,317.0,285.0,0.9545087483176312,0.9129763130792997,0.969232439994812,244.0,172.0,327.0,231.0,0.8715850282825851,0.7723976109215017,0.947645366191864,214.0,170.0,319.0,261.0,0.9457823220772232,0.8971413986727922,0.9621788263320923,246.0,174.0,309.0,229.0,0.8900963200790318,0.8019581664441477,0.9544113278388977,230.0,170.0,309.0,245.0,0.9545087483176312,0.9129763130792997,0.969232439994812,244.0,172.0,327.0,231.0
1227_pid-110537_pituitary.png,0.0,0.0,0.9577344655990601,426.0,134.0,489.0,197.0,0.0,0.0,0.9545180201530457,428.0,136.0,487.0,195.0,0.0,0.0,0.9545180201530457,428.0,136.0,487.0,195.0,0.0,0.0,0.9459860324859619,60.0,238.0,123.0,307.0,0.0,0.0,0.9545180201530457,428.0,136.0,487.0,195.0,0.0,0.0,0.7206882238388062,398.0,254.0,479.0,335.0,0.0,0.0,0.9545180201530457,428.0,136.0,487.0,195.0,0.0,0.0,0.9545180201530457,428.0,136.0,487.0,195.0,0.0,0.0,0.7110077738761902,398.0,252.0,485.0,341.0,0.0,0.0,0.9577344655990601,426.0,134.0,489.0,197.0,0.0,0.0,0.9545180201530457,428.0,136.0,487.0,195.0,0.0,0.0,0.7223777770996094,404.0,260.0,483.0,339.0,0.0,0.0,0.9577344655990601,426.0,134.0,489.0,197.0,0.0,0.0,0.9545180201530457,428.0,136.0,487.0,195.0,0.0,0.0,0.6760145425796509,394.0,248.0,487.0,341.0,0.0,0.0,0.9577344655990601,426.0,134.0,489.0,197.0,0.0,0.0,0.9509286880493164,64.0,244.0,121.0,301.0,0.0,0.0,0.9577344655990601,426.0,134.0,489.0,197.0,0.0,0.0,0.9485635757446289,62.0,240.0,123.0,307.0,0.0,0.0,0.9577344655990601,426.0,134.0,489.0,197.0
1228_pid-110537_pituitary.png,0.0,0.0,0.9243907928466797,172.0,216.0,231.0,303.0,0.0,0.0,0.9245012402534485,170.0,216.0,233.0,307.0,0.0,0.0,0.9103380441665649,172.0,218.0,229.0,301.0,0.0,0.0,0.6202911734580994,262.0,248.0,375.0,341.0,0.0,0.0,0.9136547446250916,172.0,218.0,231.0,303.0,0.0,0.0,0.9136547446250916,172.0,218.0,231.0,303.0,0.0,0.0,0.91252601146698,174.0,244.0,229.0,301.0,0.0,0.0,0.9243907928466797,172.0,216.0,231.0,303.0,0.0,0.0,0.9252393245697021,172.0,214.0,231.0,303.0,0.0,0.0,0.9186214804649353,172.0,216.0,229.0,301.0,0.0,0.0,0.9243907928466797,172.0,216.0,231.0,303.0,0.0,0.0,0.9022411108016968,172.0,222.0,229.0,303.0,0.0,0.0,0.8983699679374695,172.0,228.0,231.0,303.0,0.0,0.0,0.9265344142913818,172.0,216.0,229.0,303.0,0.001016002032004064,0.0005082592121982211,0.6787047386169434,270.0,248.0,375.0,365.0,0.0,0.0,0.9136547446250916,172.0,218.0,231.0,303.0,0.0,0.0,0.9153413772583008,170.0,236.0,231.0,303.0,0.0,0.0,0.9252393245697021,172.0,214.0,231.0,303.0,0.0,0.0,0.9186568260192871,170.0,220.0,231.0,307.0,0.0,0.0,0.9243907928466797,172.0,216.0,231.0,303.0
1230_pid-110993_pituitary.png,0.0,0.0,0.8819437026977539,316.0,134.0,379.0,197.0,0.009491694767078807,0.004768477851675242,0.8470557332038879,270.0,140.0,373.0,227.0,0.0,0.0,0.865473747253418,318.0,136.0,377.0,195.0,0.25214649527043415,0.14426065719360567,0.858091413974762,276.0,150.0,473.0,327.0,0.00927766732935719,0.004660452729693742,0.8369937539100647,254.0,136.0,377.0,229.0,0.0,0.0,0.7878187298774719,314.0,120.0,393.0,197.0,0.0,0.0,0.7909386157989502,352.0,222.0,473.0,317.0,0.0,0.0,0.8819437026977539,316.0,134.0,379.0,197.0,0.009050772626931568,0.004545958531988025,0.860411524772644,260.0,136.0,377.0,229.0,0.0,0.0,0.8320916891098022,250.0,136.0,377.0,213.0,0.0038808355210592396,0.0019441903019213175,0.8289541602134705,250.0,134.0,379.0,217.0,0.00939377389404697,0.004719051799824407,0.8329805135726929,250.0,136.0,379.0,229.0,0.007702763932940644,0.003866272458494428,0.8080297708511353,256.0,136.0,377.0,223.0,0.0,0.0,0.9017015695571899,302.0,136.0,377.0,207.0,0.0,0.0,0.825525164604187,352.0,228.0,479.0,333.0,0.00850778014105004,0.004272062956717257,0.8293477296829224,256.0,136.0,377.0,227.0,0.0024312825015195515,0.0012171208330515925,0.8629249334335327,250.0,100.0,413.0,219.0,0.00875560906205538,0.004397053973837529,0.8508378267288208,250.0,134.0,379.0,227.0,0.0,0.0,0.9270032048225403,62.0,252.0,151.0,377.0,0.008451017458022906,0.0042434394193188165,0.863431453704834,262.0,136.0,377.0,227.0
1231_pid-110993_pituitary.png,0.5382505333739713,0.36822351959966637,0.8804460763931274,282.0,208.0,341.0,293.0,0.6539779215835554,0.4858597285067873,0.8805087208747864,284.0,212.0,341.0,279.0,0.710676446617767,0.5512010113780025,0.8934400081634521,282.0,208.0,341.0,271.0,0.6703210649960846,0.5041224970553593,0.8826685547828674,284.0,212.0,345.0,271.0,0.5741222366710013,0.40264477884176925,0.8818681240081787,282.0,208.0,343.0,281.0,0.7807535179300953,0.6403574087862993,0.8982874751091003,284.0,212.0,339.0,271.0,0.7601246105919003,0.6130653266331658,0.891558051109314,284.0,212.0,341.0,271.0,0.5183230724127822,0.3498219232291254,0.876948356628418,282.0,208.0,341.0,299.0,0.721353065539112,0.5641534391534392,0.8873085379600525,284.0,212.0,343.0,271.0,0.710676446617767,0.5512010113780025,0.8934400081634521,282.0,208.0,341.0,271.0,0.6038251366120219,0.4324853228962818,0.8833919167518616,282.0,208.0,341.0,281.0,0.516505988898627,0.348168570303269,0.8631744980812073,282.0,208.0,341.0,303.0,0.6574934920044626,0.48975069252077563,0.8931506276130676,282.0,208.0,341.0,275.0,0.6574934920044626,0.48975069252077563,0.8931506276130676,282.0,208.0,341.0,275.0,0.24922469692698054,0.14235104669887277,0.8944460153579712,280.0,206.0,445.0,339.0,0.5779666557698594,0.4064367816091954,0.8875256180763245,282.0,208.0,341.0,285.0,0.452636968766001,0.2925215089344805,0.8629685640335083,282.0,208.0,341.0,319.0,0.7807535179300953,0.6403574087862993,0.8982874751091003,284.0,212.0,339.0,271.0,0.7601246105919003,0.6130653266331658,0.891558051109314,284.0,212.0,341.0,271.0,0.5191514437242192,0.35057699960206923,0.8836805820465088,282.0,208.0,343.0,291.0
1239_pid-111125_pituitary.png,0.0,0.0,0.9328114986419678,392.0,136.0,451.0,195.0,0.0,0.0,0.9328114986419678,392.0,136.0,451.0,195.0,0.0,0.0,0.7416143417358398,142.0,216.0,187.0,297.0,0.0,0.0,0.9576730132102966,410.0,446.0,467.0,511.0,0.0,0.0,0.933293879032135,392.0,136.0,451.0,197.0,0.0,0.0,0.7273505330085754,138.0,218.0,191.0,301.0,0.0,0.0,0.7909858226776123,142.0,220.0,187.0,297.0,0.0,0.0,0.9328114986419678,392.0,136.0,451.0,195.0,0.0,0.0,0.7581028342247009,138.0,216.0,191.0,301.0,0.0,0.0,0.9328114986419678,392.0,136.0,451.0,195.0,0.0,0.0,0.9247214794158936,390.0,134.0,453.0,197.0,0.0,0.0,0.9328114986419678,392.0,136.0,451.0,195.0,0.0,0.0,0.9328114986419678,392.0,136.0,451.0,195.0,0.0,0.0,0.7381291389465332,140.0,216.0,189.0,299.0,0.0,0.0,0.8003147840499878,140.0,224.0,203.0,299.0,0.0,0.0,0.933293879032135,392.0,136.0,451.0,197.0,0.0,0.0,0.9049079418182373,62.0,172.0,121.0,231.0,0.0,0.0,0.7349826693534851,140.0,218.0,189.0,299.0,0.0,0.0,0.9049079418182373,62.0,172.0,121.0,231.0,0.0,0.0,0.7514888644218445,138.0,224.0,191.0,301.0
1247_pid-112074_pituitary.png,0.0,0.0,0.7938942909240723,286.0,78.0,459.0,195.0,0.0,0.0,0.8741665482521057,330.0,102.0,443.0,189.0,0.0,0.0,0.8153455257415771,276.0,74.0,471.0,195.0,0.0,0.0,0.9802668690681458,400.0,404.0,475.0,511.0,0.0,0.0,0.8924938440322876,304.0,84.0,451.0,199.0,0.0,0.0,0.7086734771728516,304.0,96.0,447.0,187.0,0.0,0.0,0.740943193435669,284.0,96.0,447.0,195.0,0.0,0.0,0.8118433952331543,284.0,74.0,463.0,197.0,0.0,0.0,0.8383480906486511,288.0,88.0,467.0,195.0,0.0,0.0,0.8848952651023865,310.0,70.0,467.0,197.0,0.0,0.0,0.9356995224952698,348.0,86.0,447.0,195.0,0.0,0.0,0.8330270648002625,286.0,86.0,473.0,191.0,0.0,0.0,0.8499716520309448,304.0,96.0,447.0,195.0,0.0,0.0,0.8303185105323792,316.0,92.0,463.0,191.0,0.0,0.0,0.9718782901763916,406.0,408.0,473.0,511.0,0.0,0.0,0.7896043062210083,316.0,94.0,451.0,195.0,0.0,0.0,0.9508023858070374,352.0,80.0,463.0,191.0,0.0,0.0,0.7756556272506714,294.0,92.0,451.0,195.0,0.0,0.0,0.7459787726402283,286.0,94.0,447.0,195.0,0.0,0.0,0.8583627343177795,296.0,90.0,467.0,195.0
1248_pid-112074_pituitary.png,0.30429616659370895,0.1794512464965334,0.7484475374221802,206.0,208.0,325.0,371.0,0.26548449977991573,0.15305974477958237,0.7982661724090576,204.0,212.0,329.0,371.0,0.7971981320880587,0.6627842484747642,0.7834999561309814,208.0,212.0,307.0,335.0,0.26568219108923385,0.1531911796812459,0.802234947681427,204.0,212.0,325.0,371.0,0.7621351394936301,0.6156852527357999,0.7573885917663574,206.0,212.0,319.0,357.0,0.8405949256342957,0.7250226380923634,0.7741780281066895,208.0,212.0,303.0,335.0,0.3240584787441892,0.19335906094227368,0.7141633033752441,206.0,208.0,325.0,363.0,0.7690779672239696,0.6247982786444325,0.7632566690444946,208.0,214.0,307.0,339.0,0.8326219512195122,0.7132410551057717,0.7353413105010986,206.0,208.0,317.0,357.0,0.8118016759776536,0.683220687628563,0.738304853439331,208.0,214.0,303.0,335.0,0.27847313033190113,0.16175938652969687,0.7671897411346436,208.0,212.0,333.0,375.0,0.8068833652007649,0.6762820512820513,0.7640494108200073,208.0,214.0,303.0,339.0,0.8363762823856721,0.7187686790197251,0.7377402782440186,206.0,212.0,303.0,335.0,0.8499229583975346,0.7390139335476956,0.7522547245025635,208.0,208.0,319.0,359.0,0.26257539380453243,0.15112908661948096,0.7643442153930664,206.0,212.0,341.0,381.0,0.7552224525594005,0.6067127850371509,0.7575407028198242,206.0,212.0,317.0,357.0,0.2363773017662533,0.13402940549754955,0.7962346076965332,206.0,214.0,329.0,375.0,0.0,0.0,0.7027137875556946,208.0,212.0,299.0,331.0,0.0,0.0,0.6648130416870117,208.0,216.0,309.0,335.0,0.7971981320880587,0.6627842484747642,0.7834999561309814,208.0,212.0,307.0,335.0
124_pid-110116_meningioma.png,0.912958910770727,0.8398568552896444,0.9133933782577515,208.0,172.0,297.0,265.0,0.9058405779355945,0.8278871978513876,0.9336144924163818,208.0,174.0,293.0,265.0,0.911121903836814,0.8367528991971455,0.9361386895179749,206.0,172.0,291.0,255.0,0.9020523534472165,0.8215804790687262,0.9342753291130066,208.0,174.0,291.0,265.0,0.9004866180048662,0.8189865014383714,0.9391101598739624,208.0,174.0,287.0,265.0,0.912498478763539,0.8390778871978514,0.9188275337219238,208.0,172.0,297.0,263.0,0.9145008501335924,0.8424703513090177,0.9320120215415955,206.0,172.0,295.0,261.0,0.8957369062119367,0.8111625854842268,0.9071927070617676,212.0,174.0,295.0,265.0,0.6754491017964072,0.5099457504520796,0.8373401761054993,206.0,154.0,293.0,261.0,0.8986039676708303,0.8158772515010007,0.944924533367157,208.0,172.0,281.0,261.0,0.8990443518745406,0.8166036056087247,0.9504730105400085,208.0,174.0,281.0,263.0,0.6408109299250772,0.4714656290531777,0.8135681748390198,206.0,152.0,301.0,265.0,0.9095790115924344,0.8341539838854073,0.9226983189582825,208.0,172.0,293.0,265.0,0.9107534747622531,0.8361316319677636,0.9236906170845032,208.0,172.0,295.0,261.0,0.6193145419602819,0.4485558519893284,0.892333984375,176.0,152.0,295.0,261.0,0.901511457825451,0.8206835330670218,0.9347902536392212,208.0,172.0,287.0,263.0,0.8837787445618397,0.7917594654788419,0.9380471110343933,212.0,182.0,291.0,263.0,0.9059038344491783,0.8279928793947485,0.9285025000572205,208.0,172.0,293.0,255.0,0.7052336924251421,0.5446802935010482,0.912594735622406,104.0,138.0,291.0,263.0,0.912498478763539,0.8390778871978514,0.9188275337219238,208.0,172.0,297.0,263.0
125_pid-111077_meningioma.png,0.7139197267292912,0.5551128818061088,0.9136425256729126,214.0,318.0,343.0,377.0,0.8730559058427911,0.7747109287579261,0.9746151566505432,276.0,320.0,343.0,375.0,0.8692178301093356,0.7686872443287468,0.9747689366340637,278.0,318.0,343.0,377.0,0.7183825638084314,0.5605280823450436,0.912619411945343,218.0,318.0,343.0,377.0,0.7172078386496925,0.5590990187332738,0.9140288829803467,216.0,318.0,343.0,377.0,0.8702257860308081,0.7702652222637281,0.9759158492088318,278.0,320.0,341.0,375.0,0.7347238542890717,0.5806826097051312,0.9181470274925232,224.0,318.0,345.0,377.0,0.7172078386496925,0.5590990187332738,0.9140288829803467,216.0,318.0,343.0,377.0,0.7328154770628755,0.5783021050196623,0.9164304137229919,224.0,318.0,343.0,377.0,0.585653228601132,0.41408036589349884,0.962359607219696,220.0,318.0,345.0,397.0,0.7172078386496925,0.5590990187332738,0.9140288829803467,216.0,318.0,343.0,377.0,0.8696202531645569,0.7693169092945129,0.9759223461151123,278.0,320.0,343.0,375.0,0.7172078386496925,0.5590990187332738,0.9140288829803467,216.0,318.0,343.0,377.0,0.8702257860308081,0.7702652222637281,0.9759158492088318,278.0,320.0,341.0,375.0,0.7678104323742114,0.6231268731268731,0.9365411400794983,230.0,318.0,343.0,377.0,0.723490320716556,0.5667722951561792,0.9143641591072083,220.0,318.0,345.0,377.0,0.7172078386496925,0.5590990187332738,0.9140288829803467,216.0,318.0,343.0,377.0,0.7183825638084314,0.5605280823450436,0.912619411945343,218.0,318.0,343.0,377.0,0.719207579672696,0.5615332885003362,0.9134511351585388,218.0,318.0,345.0,377.0,0.7172078386496925,0.5590990187332738,0.9140288829803467,216.0,318.0,343.0,377.0
1284_pid-101029_pituitary.png,0.0,0.0,0.9767490029335022,244.0,208.0,341.0,301.0,0.0,0.0,0.9803705811500549,240.0,214.0,343.0,301.0,0.0,0.0,0.9805900454521179,238.0,212.0,339.0,303.0,0.0,0.0,0.848816990852356,240.0,208.0,405.0,331.0,0.0,0.0,0.9778557419776917,248.0,212.0,339.0,301.0,0.0,0.0,0.9801372289657593,238.0,212.0,339.0,301.0,0.0,0.0,0.9780644178390503,228.0,212.0,343.0,301.0,0.0,0.0,0.979481041431427,246.0,212.0,339.0,301.0,0.0,0.0,0.9791238903999329,232.0,212.0,343.0,303.0,0.0,0.0,0.9799882173538208,246.0,212.0,339.0,303.0,0.0,0.0,0.980277955532074,244.0,212.0,339.0,303.0,0.0,0.0,0.9799907803535461,240.0,212.0,339.0,301.0,0.0,0.0,0.9798700213432312,244.0,212.0,339.0,301.0,0.0,0.0,0.9798700213432312,244.0,212.0,339.0,301.0,0.0,0.0,0.8666840195655823,228.0,208.0,411.0,341.0,0.0,0.0,0.979481041431427,246.0,212.0,339.0,301.0,0.0,0.0,0.8373635411262512,236.0,208.0,411.0,341.0,0.0,0.0,0.9798700213432312,244.0,212.0,339.0,301.0,0.0,0.0,0.9687934517860413,248.0,208.0,347.0,299.0,0.0,0.0,0.9793412089347839,244.0,212.0,341.0,301.0
1290_pid-101305_pituitary.png,0.0,0.0,0.923328161239624,60.0,206.0,121.0,269.0,0.0,0.0,0.9258700609207153,62.0,206.0,121.0,267.0,0.0,0.0,0.7990044355392456,62.0,352.0,125.0,413.0,0.0,0.0,0.9258700609207153,62.0,206.0,121.0,267.0,0.0,0.0,0.9258700609207153,62.0,206.0,121.0,267.0,0.0,0.0,0.9341954588890076,62.0,208.0,119.0,265.0,0.0,0.0,0.9223576784133911,58.0,204.0,121.0,269.0,0.0,0.0,0.9298214316368103,58.0,204.0,123.0,269.0,0.0,0.0,0.9341954588890076,62.0,208.0,119.0,265.0,0.0,0.0,0.7129898071289062,64.0,358.0,121.0,411.0,0.0,0.0,0.9693173766136169,40.0,202.0,123.0,295.0,0.0,0.0,0.9341954588890076,62.0,208.0,119.0,265.0,0.0,0.0,0.9240608215332031,60.0,206.0,121.0,267.0,0.0,0.0,0.9241285920143127,62.0,206.0,119.0,267.0,0.0,0.0,0.9240608215332031,60.0,206.0,121.0,267.0,0.0,0.0,0.9258700609207153,62.0,206.0,121.0,267.0,0.0,0.0,0.9240608215332031,60.0,206.0,121.0,267.0,0.0,0.0,0.9241285920143127,62.0,206.0,119.0,267.0,0.0,0.0,0.9592412710189819,52.0,148.0,183.0,285.0,0.0,0.0,0.9270520806312561,62.0,208.0,119.0,267.0
130_pid-111366_meningioma.png,0.0,0.0,0.7940962314605713,206.0,244.0,267.0,377.0,0.6218718910231882,0.4512438916037317,0.9364936947822571,190.0,244.0,267.0,391.0,0.0,0.0,0.9317482709884644,360.0,186.0,409.0,267.0,0.8210712928960364,0.6964554242749732,0.8993877172470093,150.0,238.0,269.0,409.0,0.0,0.0,0.7718706130981445,208.0,246.0,267.0,375.0,0.0,0.0,0.933156430721283,358.0,176.0,407.0,261.0,0.6292348130841121,0.45903909662298925,0.9447972774505615,180.0,240.0,267.0,397.0,0.0,0.0,0.8014191389083862,202.0,246.0,267.0,377.0,0.443284481027906,0.2847562548362136,0.9490103125572205,206.0,314.0,267.0,379.0,0.5779980500487488,0.40646783224774313,0.8448563814163208,200.0,244.0,267.0,383.0,0.0,0.0,0.8139655590057373,208.0,244.0,267.0,367.0,0.5293670244232231,0.3599586254453511,0.7668948173522949,204.0,248.0,269.0,379.0,0.0,0.0,0.9051182270050049,208.0,246.0,267.0,309.0,0.0,0.0,0.9051182270050049,208.0,246.0,267.0,309.0,0.6980636691828027,0.5361734308041342,0.9592357873916626,176.0,252.0,269.0,405.0,0.0,0.0,0.7727638483047485,208.0,246.0,267.0,377.0,0.5726111211085118,0.40115985879979826,0.8915374279022217,206.0,270.0,269.0,379.0,0.0,0.0,0.9033278226852417,208.0,246.0,267.0,311.0,0.8600708030557108,0.7544949329846355,0.9202450513839722,144.0,244.0,269.0,407.0,0.0,0.0,0.7727638483047485,208.0,246.0,267.0,377.0
1315_pid-103478_pituitary.png,0.9550531190411332,0.9139728884254432,0.9852800369262695,172.0,206.0,233.0,303.0,0.9499594265620773,0.904688304997424,0.9857677817344666,172.0,208.0,233.0,303.0,0.9504736129905278,0.9056214543579164,0.9850680232048035,172.0,206.0,231.0,303.0,0.9497025419145484,0.9042224510813595,0.9815277457237244,170.0,212.0,233.0,307.0,0.9550531190411332,0.9139728884254432,0.9852800369262695,172.0,206.0,233.0,303.0,0.9517615176151761,0.9079627714581179,0.9861326813697815,174.0,208.0,229.0,301.0,0.9499594265620773,0.904688304997424,0.9805898666381836,170.0,214.0,233.0,307.0,0.9535199782549606,0.9111688311688312,0.9801677465438843,172.0,204.0,235.0,303.0,0.9509617989704687,0.90650826446281,0.9841257929801941,172.0,212.0,231.0,303.0,0.9540386184389448,0.9121164846593863,0.980624794960022,172.0,204.0,233.0,301.0,0.9550531190411332,0.9139728884254432,0.9852800369262695,172.0,206.0,233.0,303.0,0.9515036575453807,0.9074935400516796,0.9872136116027832,174.0,208.0,231.0,301.0,0.9504736129905278,0.9056214543579164,0.9850680232048035,172.0,206.0,231.0,303.0,0.9515036575453807,0.9074935400516796,0.9872136116027832,174.0,208.0,231.0,301.0,0.0,0.0,0.8386054039001465,352.0,208.0,443.0,345.0,0.950988356349851,0.9065565307176046,0.9864042401313782,172.0,208.0,231.0,303.0,0.9522517634291915,0.9088555152770585,0.9698976278305054,172.0,198.0,233.0,303.0,0.9509617989704687,0.90650826446281,0.9841257929801941,172.0,212.0,231.0,303.0,0.0,0.0,0.8029633164405823,352.0,228.0,445.0,343.0,0.950988356349851,0.9065565307176046,0.9864042401313782,172.0,208.0,231.0,303.0
1324_pid-103670_pituitary.png,0.476163610719323,0.3124768604220659,0.8844543695449829,208.0,222.0,279.0,301.0,0.5721120984278879,0.4006701771182384,0.7578470706939697,208.0,220.0,285.0,303.0,0.0,0.0,0.8754483461380005,208.0,220.0,299.0,301.0,0.9244747302668939,0.8595564941921858,0.9226247072219849,208.0,236.0,269.0,301.0,0.0,0.0,0.8416023254394531,208.0,220.0,293.0,303.0,0.0,0.0,0.8151065111160278,208.0,222.0,291.0,303.0,0.572699281560041,0.4012464046021093,0.7404098510742188,208.0,222.0,287.0,303.0,0.0,0.0,0.8578785061836243,208.0,222.0,297.0,303.0,0.4708507670850767,0.30791681867931414,0.9007046222686768,208.0,222.0,277.0,301.0,0.0,0.0,0.8724365830421448,208.0,220.0,299.0,303.0,0.5827538247566064,0.4111874386653582,0.7641559839248657,208.0,222.0,285.0,303.0,0.0,0.0,0.7966077923774719,208.0,224.0,293.0,301.0,0.4868913857677903,0.3217821782178218,0.8974704146385193,208.0,228.0,275.0,301.0,0.0,0.0,0.8181644082069397,208.0,220.0,291.0,303.0,0.9231638418079096,0.857292759706191,0.8586758375167847,208.0,232.0,271.0,301.0,0.0,0.0,0.8560498356819153,208.0,220.0,295.0,303.0,0.47150837988826816,0.3084795321637427,0.9250915050506592,208.0,224.0,271.0,301.0,0.0018437427978796957,0.000922722029988466,0.7652797102928162,208.0,228.0,293.0,303.0,0.0,0.0,0.8743788599967957,206.0,218.0,333.0,303.0,0.46179219351291917,0.3002144388849178,0.8550278544425964,208.0,222.0,281.0,301.0
1331_pid-103731_pituitary.png,0.0,0.0,0.9515913724899292,58.0,282.0,121.0,343.0,0.0,0.0,0.937545657157898,284.0,216.0,339.0,301.0,0.0,0.0,0.9269642233848572,284.0,214.0,339.0,301.0,0.0,0.0,0.928753674030304,32.0,282.0,189.0,373.0,0.0,0.0,0.9539132118225098,286.0,218.0,335.0,299.0,0.0,0.0,0.9653862714767456,40.0,282.0,121.0,351.0,0.0,0.0,0.9478181600570679,56.0,282.0,123.0,343.0,0.0,0.0,0.9508220553398132,286.0,216.0,335.0,299.0,0.0,0.0,0.9469919800758362,286.0,214.0,335.0,299.0,0.0,0.0,0.9606513381004333,32.0,284.0,121.0,341.0,0.0,0.0,0.9595667123794556,42.0,282.0,121.0,341.0,0.0,0.0,0.9666032195091248,36.0,282.0,123.0,347.0,0.0,0.0,0.9544476270675659,48.0,282.0,121.0,343.0,0.0,0.0,0.9612009525299072,38.0,284.0,121.0,341.0,0.0,0.0,0.8722869157791138,282.0,208.0,341.0,303.0,0.0,0.0,0.9593204259872437,40.0,282.0,121.0,341.0,0.0,0.0,0.9604074954986572,42.0,280.0,125.0,345.0,0.0,0.0,0.9539132118225098,286.0,218.0,335.0,299.0,0.0,0.0,0.892571210861206,282.0,212.0,341.0,303.0,0.0,0.0,0.9508220553398132,286.0,216.0,335.0,299.0
1333_pid-103731_pituitary.png,0.9163522012578617,0.8456181079512478,0.9410229325294495,174.0,248.0,229.0,301.0,0.9236997819993772,0.8582175925925926,0.9502177834510803,172.0,246.0,231.0,303.0,0.9163522012578617,0.8456181079512478,0.9410229325294495,174.0,248.0,229.0,301.0,0.9236997819993772,0.8582175925925926,0.9502177834510803,172.0,246.0,231.0,303.0,0.9236997819993772,0.8582175925925926,0.9502177834510803,172.0,246.0,231.0,303.0,0.9236997819993772,0.8582175925925926,0.9502177834510803,172.0,246.0,231.0,303.0,0.9163522012578617,0.8456181079512478,0.9410229325294495,174.0,248.0,229.0,301.0,0.9258566978193147,0.8619489559164734,0.9607446193695068,174.0,246.0,229.0,301.0,0.9236997819993772,0.8582175925925926,0.9502177834510803,172.0,246.0,231.0,303.0,0.9163522012578617,0.8456181079512478,0.9410229325294495,174.0,248.0,229.0,301.0,0.9236997819993772,0.8582175925925926,0.9502177834510803,172.0,246.0,231.0,303.0,0.9163522012578617,0.8456181079512478,0.9410229325294495,174.0,248.0,229.0,301.0,0.9236997819993772,0.8582175925925926,0.9502177834510803,172.0,246.0,231.0,303.0,0.9163522012578617,0.8456181079512478,0.9410229325294495,174.0,248.0,229.0,301.0,0.0,0.0,0.6930145025253296,428.0,208.0,485.0,267.0,0.9236997819993772,0.8582175925925926,0.9502177834510803,172.0,246.0,231.0,303.0,0.9236997819993772,0.8582175925925926,0.9502177834510803,172.0,246.0,231.0,303.0,0.9236997819993772,0.8582175925925926,0.9502177834510803,172.0,246.0,231.0,303.0,0.9236997819993772,0.8582175925925926,0.9502177834510803,172.0,246.0,231.0,303.0,0.9236997819993772,0.8582175925925926,0.9502177834510803,172.0,246.0,231.0,303.0
1338_pid-103731_pituitary.png,0.9301296237748973,0.8693853427895981,0.9360945820808411,174.0,214.0,263.0,301.0,0.932741116751269,0.8739595719381689,0.9389634728431702,174.0,216.0,261.0,301.0,0.9322355921469284,0.8730723606168446,0.9352619647979736,172.0,216.0,259.0,303.0,0.9274905422446406,0.8647854203409759,0.9325701594352722,174.0,212.0,265.0,301.0,0.9301296237748973,0.8693853427895981,0.9360945820808411,174.0,214.0,263.0,301.0,0.9296307983591038,0.8685141509433962,0.9319085478782654,172.0,214.0,263.0,303.0,0.932741116751269,0.8739595719381689,0.9389634728431702,174.0,216.0,261.0,301.0,0.9301296237748973,0.8693853427895981,0.9360945820808411,174.0,214.0,263.0,301.0,0.9319835495096488,0.8726303317535545,0.9344110488891602,172.0,216.0,261.0,303.0,0.9279848389134555,0.8656452563347083,0.9376707077026367,174.0,212.0,261.0,299.0,0.9282780410742496,0.8661556603773585,0.9367915987968445,176.0,212.0,265.0,299.0,0.932741116751269,0.8739595719381689,0.9389634728431702,174.0,216.0,261.0,301.0,0.9301296237748973,0.8693853427895981,0.9360945820808411,174.0,214.0,263.0,301.0,0.9301296237748973,0.8693853427895981,0.9360945820808411,174.0,214.0,263.0,301.0,0.9265075376884422,0.8630778232884728,0.9292659163475037,172.0,212.0,265.0,303.0,0.9321872015281757,0.8729874776386404,0.9429305791854858,176.0,216.0,261.0,299.0,0.9351557533375715,0.8782089552238806,0.9400186538696289,172.0,218.0,255.0,303.0,0.9319835495096488,0.8726303317535545,0.9344110488891602,172.0,216.0,261.0,303.0,0.9282780410742496,0.8661556603773585,0.9367915987968445,176.0,212.0,265.0,299.0,0.932741116751269,0.8739595719381689,0.9389634728431702,174.0,216.0,261.0,301.0
1341_pid-103837_pituitary.png,0.0,0.0,0.9749415516853333,244.0,216.0,301.0,307.0,0.0,0.0,0.9769057631492615,244.0,218.0,301.0,303.0,0.0,0.0,0.9568105340003967,248.0,216.0,301.0,303.0,0.0,0.0,0.9737510085105896,232.0,214.0,301.0,313.0,0.0,0.0,0.9732739925384521,246.0,214.0,301.0,303.0,0.0,0.0,0.9721958041191101,246.0,214.0,303.0,307.0,0.0,0.0,0.971401572227478,244.0,236.0,301.0,309.0,0.0,0.0,0.9731621146202087,246.0,214.0,301.0,307.0,0.0,0.0,0.9738278985023499,244.0,216.0,303.0,307.0,0.0,0.0,0.9723590612411499,244.0,214.0,301.0,303.0,0.0,0.0,0.9752225875854492,246.0,216.0,303.0,307.0,0.0,0.0,0.9707812666893005,244.0,214.0,303.0,307.0,0.0,0.0,0.9721771478652954,244.0,214.0,301.0,307.0,0.0,0.0,0.9732739925384521,246.0,214.0,301.0,303.0,0.0,0.0,0.9699122905731201,244.0,214.0,303.0,311.0,0.0,0.0,0.9738278985023499,244.0,216.0,303.0,307.0,0.0,0.0,0.9734421968460083,244.0,216.0,303.0,309.0,0.0,0.0,0.9753701090812683,246.0,216.0,301.0,307.0,0.0,0.0,0.9787104725837708,240.0,214.0,301.0,309.0,0.0,0.0,0.9787159562110901,240.0,214.0,303.0,307.0
1342_pid-103837_pituitary.png,0.0,0.0,0.9738267660140991,240.0,212.0,303.0,299.0,0.0,0.0,0.9804624319076538,240.0,216.0,303.0,301.0,0.0,0.0,0.9817365407943726,234.0,212.0,301.0,299.0,0.0,0.0,0.9776579141616821,216.0,208.0,309.0,303.0,0.0,0.0,0.9616574048995972,244.0,212.0,301.0,297.0,0.0,0.0,0.9695417881011963,240.0,208.0,303.0,299.0,0.0,0.0,0.9764083027839661,218.0,212.0,307.0,301.0,0.0,0.0,0.9599820971488953,244.0,212.0,303.0,301.0,0.0,0.0,0.9772409796714783,238.0,214.0,307.0,301.0,0.0,0.0,0.981801450252533,236.0,212.0,301.0,299.0,0.0,0.0,0.9625829458236694,244.0,212.0,307.0,301.0,0.0,0.0,0.9650858044624329,244.0,214.0,303.0,301.0,0.0,0.0,0.9790598750114441,238.0,212.0,303.0,299.0,0.0,0.0,0.976402223110199,240.0,212.0,301.0,299.0,0.0,0.0,0.9734850525856018,220.0,204.0,307.0,301.0,0.0,0.0,0.9650858044624329,244.0,214.0,303.0,301.0,0.0,0.0,0.9729005694389343,218.0,208.0,311.0,301.0,0.0,0.0,0.9738267660140991,240.0,212.0,303.0,299.0,0.0,0.0,0.9693109393119812,232.0,202.0,303.0,301.0,0.0,0.0,0.9738267660140991,240.0,212.0,303.0,299.0
1345_pid-103837_pituitary.png,0.0,0.0,0.9211739301681519,70.0,136.0,157.0,195.0,0.0,0.0,0.9255040884017944,72.0,138.0,155.0,191.0,0.0,0.0,0.9451769590377808,244.0,246.0,307.0,307.0,0.0,0.0,0.8834055066108704,62.0,136.0,157.0,197.0,0.0,0.0,0.9334731698036194,86.0,136.0,157.0,195.0,0.0,0.0,0.9244929552078247,70.0,138.0,153.0,191.0,0.0,0.0,0.9391804933547974,84.0,136.0,157.0,197.0,0.0,0.0,0.9231417775154114,70.0,136.0,155.0,195.0,0.0,0.0,0.9191954731941223,68.0,138.0,153.0,191.0,0.0,0.0,0.896106481552124,68.0,138.0,155.0,189.0,0.0,0.0,0.8722949624061584,64.0,138.0,155.0,191.0,0.0,0.0,0.916984498500824,68.0,138.0,155.0,191.0,0.0,0.0,0.933230996131897,80.0,136.0,157.0,195.0,0.0,0.0,0.9260107278823853,74.0,140.0,153.0,189.0,0.0,0.0,0.9263117909431458,72.0,138.0,155.0,195.0,0.0,0.0,0.9335240125656128,76.0,138.0,155.0,195.0,0.0,0.0,0.8726494908332825,62.0,136.0,157.0,195.0,0.0,0.0,0.950684130191803,246.0,246.0,307.0,303.0,0.0,0.0,0.9297714829444885,74.0,138.0,155.0,195.0,0.0,0.0,0.8646778464317322,62.0,138.0,155.0,195.0
1347_pid-103837_pituitary.png,0.0,0.0,0.8098052144050598,64.0,316.0,125.0,377.0,0.0,0.0,0.8711188435554504,64.0,314.0,123.0,375.0,0.0,0.0,0.949150025844574,42.0,298.0,123.0,379.0,0.0,0.0,0.949150025844574,42.0,298.0,123.0,379.0,0.0,0.0,0.7935700416564941,64.0,318.0,125.0,375.0,0.0,0.0,0.9218727350234985,52.0,308.0,121.0,377.0,0.0,0.0,0.8914006352424622,64.0,312.0,123.0,375.0,0.0,0.0,0.8706192374229431,64.0,316.0,121.0,377.0,0.0,0.0,0.9228169918060303,46.0,300.0,141.0,377.0,0.0,0.0,0.7935700416564941,64.0,318.0,125.0,375.0,0.0,0.0,0.7127529382705688,64.0,316.0,133.0,375.0,0.0,0.0,0.9496010541915894,44.0,300.0,123.0,379.0,0.0,0.0,0.8450692892074585,64.0,318.0,123.0,375.0,0.0,0.0,0.8639189600944519,64.0,318.0,121.0,375.0,0.0,0.0,0.970471978187561,32.0,288.0,125.0,379.0,0.0,0.0,0.8695576786994934,64.0,314.0,123.0,377.0,0.0,0.0,0.9485735893249512,44.0,300.0,125.0,379.0,0.0,0.0,0.8565388917922974,64.0,316.0,123.0,375.0,0.0,0.0,0.9588564038276672,38.0,294.0,123.0,379.0,0.0,0.0,0.8769174218177795,52.0,308.0,135.0,377.0
134_pid-111532_meningioma.png,0.3481642996051624,0.21077417053157332,0.9583649635314941,206.0,160.0,373.0,365.0,0.2475112561444091,0.14123414887097535,0.9545397162437439,188.0,152.0,381.0,373.0,0.4470727848101266,0.28789036629476794,0.8406701683998108,208.0,176.0,339.0,341.0,0.3720841784989858,0.22856475352386885,0.9368584752082825,206.0,174.0,377.0,343.0,0.35313165232512816,0.21442615787940578,0.9410585761070251,208.0,154.0,379.0,341.0,0.9624060150375939,0.927536231884058,0.8913373947143555,206.0,182.0,329.0,341.0,0.37154962126075236,0.228161463260801,0.9355494976043701,208.0,174.0,363.0,359.0,0.3345939434686388,0.20090832632464256,0.9586625695228577,202.0,152.0,373.0,367.0,0.3787830519273654,0.23364118687364904,0.9469641447067261,200.0,174.0,373.0,343.0,0.3186002200574296,0.18948510869218246,0.9461911916732788,208.0,142.0,375.0,341.0,0.3313533918063728,0.1985761336039123,0.9571213126182556,202.0,154.0,373.0,371.0,0.35219752500222573,0.2137377084609012,0.9482623338699341,206.0,152.0,375.0,343.0,0.33314781834372215,0.19986644407345577,0.9559520483016968,196.0,152.0,375.0,359.0,0.34740068372038196,0.21021470860974392,0.9546427726745605,208.0,152.0,365.0,365.0,0.0025418343571277273,0.0012725344644750796,0.9152690172195435,244.0,176.0,375.0,299.0,0.3289318362752903,0.1968392692863714,0.9551984071731567,190.0,154.0,379.0,351.0,0.3422926049687636,0.20648553900087643,0.9535671472549438,206.0,168.0,375.0,373.0,0.3977415734158702,0.24823809119470153,0.8958848714828491,206.0,176.0,361.0,341.0,0.0039835347231443365,0.0019957424161788184,0.9276788234710693,240.0,168.0,375.0,299.0,0.33019179894179895,0.19774235072779484,0.954982578754425,190.0,154.0,375.0,357.0
1351_pid-104019_pituitary.png,0.10325232740901946,0.054436511983681796,0.8706316947937012,208.0,232.0,301.0,373.0,0.1040828762949421,0.05489843147338647,0.8570488691329956,212.0,230.0,301.0,375.0,0.18054968287526427,0.09923309319079712,0.7520853281021118,208.0,246.0,299.0,335.0,0.1667643038469049,0.09096719216020452,0.7763718366622925,212.0,246.0,297.0,377.0,0.09096719216020452,0.04765093181564557,0.9094870090484619,208.0,222.0,301.0,375.0,0.0961820024777565,0.05052058684335069,0.9009618759155273,208.0,224.0,299.0,371.0,0.1491442542787286,0.08058124174372523,0.7614596486091614,208.0,246.0,301.0,373.0,0.09584736251402919,0.05033596604974655,0.8868509531021118,212.0,222.0,301.0,375.0,0.17134831460674158,0.09370199692780339,0.7785922288894653,208.0,246.0,297.0,371.0,0.12266590060327492,0.06534047436878347,0.9023794531822205,208.0,228.0,299.0,335.0,0.08809572931710337,0.04607747922736592,0.9193627238273621,208.0,220.0,299.0,375.0,0.10074318744838975,0.05304347826086957,0.9124705791473389,212.0,220.0,303.0,363.0,0.1039814927553878,0.054842024145902904,0.8671955466270447,208.0,232.0,299.0,375.0,0.17207334273624825,0.0941358024691358,0.7516627311706543,208.0,246.0,297.0,333.0,0.1590316573556797,0.08638478656686223,0.7702219486236572,208.0,246.0,299.0,373.0,0.10177571207245859,0.0536162732295329,0.8695915341377258,212.0,228.0,301.0,375.0,0.15701415701415702,0.08519553072625698,0.743679404258728,212.0,248.0,303.0,365.0,0.0891812865497076,0.046671767406273906,0.9210276007652283,208.0,220.0,299.0,373.0,0.1491442542787286,0.08058124174372523,0.7614596486091614,208.0,246.0,301.0,373.0,0.15776833548863847,0.0856397914159647,0.7659130692481995,208.0,246.0,299.0,375.0
1358_pid-104558_pituitary.png,0.9590504451038576,0.9213226909920182,0.9973991513252258,174.0,218.0,261.0,325.0,0.9583687340696686,0.9200652528548124,0.9905233979225159,176.0,218.0,265.0,315.0,0.9588599541945881,0.9209711585465211,0.9993704557418823,174.0,214.0,251.0,325.0,0.9590435003815823,0.9213098729227761,0.9978042840957642,174.0,220.0,265.0,315.0,0.9591248303934871,0.9214599967410787,0.9972360134124756,174.0,218.0,263.0,317.0,0.9588739082506572,0.920996905033393,0.9993791580200195,174.0,228.0,261.0,327.0,0.9581458527888616,0.9196544980443285,0.9909226298332214,176.0,216.0,265.0,327.0,0.9591386910817227,0.9214855839713308,0.9989152550697327,174.0,218.0,261.0,329.0,0.959199253541437,0.9215973920130399,0.9976353645324707,174.0,218.0,263.0,313.0,0.9595985370417623,0.9223348593852191,0.9991737604141235,174.0,218.0,243.0,309.0,0.9591109602986088,0.9214343928280359,0.9984794855117798,174.0,214.0,259.0,315.0,0.9581988105352591,0.9197520795954983,0.9910159707069397,176.0,222.0,265.0,313.0,0.9590435003815823,0.9213098729227761,0.997687578201294,174.0,220.0,263.0,323.0,0.9590435003815823,0.9213098729227761,0.9979203939437866,174.0,220.0,261.0,325.0,0.9600749127436793,0.923215455140799,0.9957637190818787,172.0,220.0,265.0,313.0,0.959199253541437,0.9215973920130399,0.9976353645324707,174.0,218.0,263.0,313.0,0.9597549561814005,0.92262391624407,0.9958755970001221,172.0,220.0,263.0,325.0,0.9588599541945881,0.9209711585465211,0.9983478784561157,174.0,222.0,263.0,313.0,0.959131761912837,0.9214727924405344,0.995937705039978,172.0,220.0,261.0,315.0,0.9591386910817227,0.9214855839713308,0.9984657168388367,174.0,218.0,263.0,327.0
1362_pid-104684_pituitary.png,0.8612583231417312,0.7563245823389021,0.9582582116127014,172.0,240.0,255.0,307.0,0.8440637920850561,0.7301992846193153,0.9363836050033569,172.0,244.0,259.0,307.0,0.8622428123722577,0.7578443113772455,0.9434300661087036,170.0,240.0,261.0,307.0,0.0,0.0,0.8909520506858826,400.0,438.0,477.0,511.0,0.8523459751161745,0.7426854754440961,0.9440975785255432,172.0,244.0,255.0,303.0,0.8623652980493793,0.7580335731414868,0.9431620836257935,172.0,240.0,261.0,307.0,0.8607215793056501,0.7554971319311663,0.9416602253913879,170.0,240.0,263.0,309.0,0.8623652980493793,0.7580335731414868,0.9431620836257935,172.0,240.0,261.0,307.0,0.8523459751161745,0.7426854754440961,0.9440975785255432,172.0,244.0,255.0,303.0,0.8603200433957147,0.7548786292241789,0.9595776796340942,172.0,240.0,253.0,307.0,0.8722878330129086,0.7735021919142718,0.970280647277832,172.0,238.0,255.0,307.0,0.8571856736100705,0.7500655651717808,0.9213495850563049,172.0,244.0,261.0,303.0,0.8523459751161745,0.7426854754440961,0.9440975785255432,172.0,244.0,255.0,303.0,0.861379404162699,0.7565113500597371,0.9517966508865356,172.0,240.0,259.0,307.0,0.0,0.0,0.9345518350601196,356.0,134.0,445.0,195.0,0.8523459751161745,0.7426854754440961,0.9440975785255432,172.0,244.0,255.0,303.0,0.8571428571428571,0.75,0.9266232252120972,170.0,240.0,267.0,311.0,0.8486930545182972,0.7371562013492475,0.9599726796150208,172.0,244.0,251.0,303.0,0.8440907751252579,0.7302396736359,0.936744749546051,170.0,244.0,259.0,307.0,0.8553025763930497,0.7471866003663963,0.9290002584457397,172.0,244.0,259.0,303.0
1373_pid-104912_pituitary.png,0.7887077997671711,0.6511292647765498,0.968379557132721,174.0,212.0,229.0,297.0,0.788478324119872,0.6508165225744477,0.9684106707572937,174.0,212.0,229.0,299.0,0.7919345412039743,0.6555394291243348,0.9697330594062805,174.0,212.0,229.0,285.0,0.7898571844943165,0.6526974951830443,0.9687813520431519,174.0,214.0,229.0,301.0,0.7887077997671711,0.6511292647765498,0.968379557132721,174.0,212.0,229.0,297.0,0.7859628770301624,0.6473960821786908,0.9602195024490356,172.0,212.0,231.0,297.0,0.7848247900376484,0.6458531935176358,0.9592265486717224,172.0,208.0,231.0,293.0,0.7893970288377512,0.6520692974013474,0.9684314131736755,174.0,212.0,229.0,295.0,0.7848247900376484,0.6458531935176358,0.9592265486717224,172.0,208.0,231.0,293.0,0.7926294238081311,0.6564922480620154,0.9698006510734558,176.0,214.0,227.0,295.0,0.7859628770301624,0.6473960821786908,0.9602195024490356,172.0,212.0,231.0,297.0,0.7893970288377512,0.6520692974013474,0.9684314131736755,174.0,212.0,229.0,295.0,0.788478324119872,0.6508165225744477,0.9684106707572937,174.0,212.0,229.0,299.0,0.7859628770301624,0.6473960821786908,0.9602195024490356,172.0,212.0,231.0,297.0,0.78368999421631,0.6443176414645744,0.9589646458625793,172.0,208.0,231.0,297.0,0.7893970288377512,0.6520692974013474,0.9684314131736755,174.0,212.0,229.0,295.0,0.7864190365641324,0.6480153036824486,0.9626153707504272,174.0,212.0,231.0,299.0,0.7893970288377512,0.6520692974013474,0.9635395407676697,172.0,212.0,231.0,285.0,0.7893970288377512,0.6520692974013474,0.9684314131736755,174.0,212.0,229.0,295.0,0.788478324119872,0.6508165225744477,0.9684106707572937,174.0,212.0,229.0,299.0
1383_pid-105638_pituitary.png,0.0,0.0,0.865161120891571,412.0,442.0,475.0,511.0,0.03463203463203463,0.01762114537444934,0.8977056741714478,206.0,244.0,269.0,307.0,0.035182679296346414,0.01790633608815427,0.8951606750488281,208.0,246.0,267.0,303.0,0.0,0.0,0.8698182106018066,410.0,438.0,477.0,511.0,0.03463203463203463,0.01762114537444934,0.8977056741714478,206.0,244.0,269.0,307.0,0.035182679296346414,0.01790633608815427,0.8951606750488281,208.0,246.0,267.0,303.0,0.0,0.0,0.8706308603286743,408.0,440.0,475.0,511.0,0.0,0.0,0.9186143279075623,26.0,208.0,87.0,267.0,0.03463203463203463,0.01762114537444934,0.8977056741714478,206.0,244.0,269.0,307.0,0.0,0.0,0.9253359436988831,62.0,318.0,121.0,377.0,0.035182679296346414,0.01790633608815427,0.8951606750488281,208.0,246.0,267.0,303.0,0.0,0.0,0.8622731566429138,412.0,442.0,473.0,511.0,0.03463203463203463,0.01762114537444934,0.8977056741714478,206.0,244.0,269.0,307.0,0.04954367666232073,0.02540106951871658,0.9032906293869019,206.0,246.0,269.0,303.0,0.0,0.0,0.8698182106018066,410.0,438.0,477.0,511.0,0.0,0.0,0.8706308603286743,408.0,440.0,475.0,511.0,0.0,0.0,0.8646132349967957,412.0,440.0,475.0,511.0,0.035182679296346414,0.01790633608815427,0.8951606750488281,208.0,246.0,267.0,303.0,0.0,0.0,0.8667411208152771,410.0,440.0,475.0,511.0,0.03463203463203463,0.01762114537444934,0.8977056741714478,206.0,244.0,269.0,307.0
1386_pid-97416_pituitary.png,0.0,0.0,0.9236042499542236,110.0,282.0,197.0,341.0,0.0,0.0,0.919716477394104,102.0,284.0,195.0,341.0,0.0,0.0,0.9101659059524536,204.0,316.0,271.0,377.0,0.0,0.0,0.8606983423233032,326.0,152.0,397.0,253.0,0.0,0.0,0.7279612421989441,100.0,284.0,183.0,341.0,0.0,0.0,0.7427740097045898,102.0,284.0,183.0,341.0,0.0,0.0,0.8949389457702637,300.0,122.0,383.0,265.0,0.0,0.0,0.9114459753036499,318.0,206.0,379.0,267.0,0.0,0.0,0.9035328030586243,300.0,138.0,391.0,269.0,0.0,0.0,0.9125310182571411,316.0,206.0,379.0,269.0,0.0,0.0,0.823408842086792,104.0,284.0,191.0,339.0,0.0,0.0,0.7446327209472656,102.0,284.0,187.0,339.0,0.0,0.0,0.9154806137084961,318.0,186.0,395.0,267.0,0.0,0.0,0.9028898477554321,104.0,286.0,191.0,339.0,0.0,0.0,0.9100412726402283,102.0,284.0,195.0,339.0,0.0,0.0,0.8040529489517212,102.0,284.0,191.0,339.0,0.0,0.0,0.9339616298675537,110.0,284.0,197.0,341.0,0.0,0.0,0.9151498675346375,316.0,202.0,379.0,269.0,0.0,0.0,0.9274575114250183,102.0,286.0,197.0,339.0,0.0,0.0,0.9035872220993042,316.0,182.0,403.0,269.0
1391_pid-97416_pituitary.png,0.602742910274291,0.4313758110131426,0.8267240524291992,72.0,140.0,223.0,293.0,0.9439970717423133,0.8939341421143847,0.9730900526046753,136.0,212.0,215.0,291.0,0.9438859440687261,0.8937348563516788,0.972149670124054,140.0,212.0,229.0,283.0,0.9456821948075861,0.8969612294795669,0.9733794927597046,112.0,212.0,199.0,293.0,0.49330643682376674,0.3274099318403116,0.7811139822006226,80.0,144.0,227.0,297.0,0.366901071891855,0.22466555183946488,0.8084091544151306,70.0,142.0,223.0,299.0,0.9438654232949351,0.8936980609418282,0.972120463848114,136.0,212.0,215.0,295.0,0.3854488053383081,0.23873433472580216,0.808803379535675,70.0,142.0,223.0,297.0,0.38750631176513023,0.24031493245056812,0.8015232682228088,72.0,144.0,221.0,297.0,0.9393389030148929,0.8856164383561644,0.9680556654930115,140.0,212.0,227.0,293.0,0.373342589378688,0.2295151928986002,0.811833918094635,68.0,140.0,227.0,297.0,0.39964304305793114,0.24972118959107806,0.8020952939987183,72.0,144.0,223.0,295.0,0.537116595064442,0.3671629558803442,0.7782835960388184,78.0,150.0,223.0,295.0,0.9376684030896354,0.8826513358133243,0.9446430802345276,118.0,188.0,223.0,295.0,0.44573804573804576,0.2867843766720171,0.8132438659667969,80.0,154.0,207.0,301.0,0.5063981934512608,0.3390449792112889,0.7826833128929138,78.0,150.0,227.0,297.0,0.4734569012056865,0.31014971118708007,0.8757952451705933,64.0,138.0,203.0,287.0,0.7011734028683181,0.5398514354547279,0.857153058052063,110.0,176.0,227.0,295.0,0.5021523488676773,0.33524928151943023,0.7778781056404114,76.0,150.0,219.0,297.0,0.6328248932275778,0.46287040342734737,0.8311712145805359,72.0,144.0,219.0,287.0
1398_pid-97461_pituitary.png,0.9021232522009321,0.8216981132075472,0.924257755279541,174.0,212.0,261.0,265.0,0.8386729317955289,0.7221677292790584,0.9042731523513794,174.0,212.0,233.0,265.0,0.9022147390234425,0.8218499292118924,0.9200705885887146,174.0,212.0,263.0,265.0,0.855569323970811,0.7475938402309913,0.913646399974823,172.0,208.0,235.0,267.0,0.9037984597311056,0.8244820195284591,0.9312499165534973,174.0,212.0,255.0,265.0,0.8796169630642955,0.7851037851037851,0.9125576019287109,174.0,212.0,245.0,265.0,0.8937228091982597,0.8078651685393259,0.9564129114151001,172.0,208.0,249.0,271.0,0.9032593169718218,0.823585129055174,0.9266114234924316,174.0,212.0,259.0,265.0,0.9021232522009321,0.8216981132075472,0.924257755279541,174.0,212.0,261.0,265.0,0.9033778476040848,0.8237822349570201,0.9329140186309814,174.0,212.0,253.0,265.0,0.904498816101026,0.8256484149855908,0.932727575302124,174.0,212.0,251.0,265.0,0.8457725534626823,0.732760736196319,0.9063819050788879,174.0,212.0,235.0,265.0,0.8922027044104638,0.8053844398813598,0.9424877166748047,172.0,208.0,249.0,267.0,0.8510698198198198,0.7407498162215144,0.9140800833702087,174.0,212.0,237.0,265.0,0.0,0.0,0.945807933807373,308.0,150.0,425.0,269.0,0.8615595075239398,0.756789233357366,0.9244521856307983,172.0,208.0,237.0,267.0,0.8755771567436209,0.7786902960881781,0.9422622919082642,176.0,208.0,267.0,267.0,0.9022147390234425,0.8218499292118924,0.9200705885887146,174.0,212.0,263.0,265.0,0.8794274623968947,0.7848019051742802,0.9480011463165283,170.0,206.0,251.0,269.0,0.8835939439066766,0.7914628723877278,0.9442679286003113,172.0,208.0,251.0,267.0
1418_pid-98472_pituitary.png,0.9390243902439024,0.8850574712643678,0.9722973108291626,174.0,182.0,229.0,269.0,0.9380594343000358,0.8833445718138908,0.9801970720291138,172.0,188.0,231.0,269.0,0.9363831308077198,0.8803763440860215,0.9790703058242798,172.0,192.0,231.0,275.0,0.9367179120486235,0.8809683927370545,0.9755170941352844,172.0,180.0,231.0,271.0,0.9366726296958855,0.8808882907133243,0.9735113382339478,172.0,176.0,231.0,271.0,0.9380594343000358,0.8833445718138908,0.9801970720291138,172.0,188.0,231.0,269.0,0.9363831308077198,0.8803763440860215,0.9753965139389038,172.0,184.0,231.0,279.0,0.9377236936292055,0.8827493261455526,0.9768435955047607,172.0,182.0,231.0,269.0,0.9373881932021467,0.8821548821548821,0.978546679019928,172.0,186.0,231.0,271.0,0.9363831308077198,0.8803763440860215,0.9741781949996948,172.0,180.0,231.0,275.0,0.9390243902439024,0.8850574712643678,0.9715940356254578,174.0,180.0,229.0,269.0,0.9383954154727794,0.8839406207827261,0.9836552739143372,172.0,204.0,231.0,269.0,0.9390243902439024,0.8850574712643678,0.9722973108291626,174.0,182.0,229.0,269.0,0.9373881932021467,0.8821548821548821,0.98133385181427,172.0,200.0,231.0,271.0,0.9367179120486235,0.8809683927370545,0.9755170941352844,172.0,180.0,231.0,271.0,0.9377236936292055,0.8827493261455526,0.9768435955047607,172.0,182.0,231.0,269.0,0.9367179120486235,0.8809683927370545,0.9755170941352844,172.0,180.0,231.0,271.0,0.9377236936292055,0.8827493261455526,0.9783293604850769,172.0,184.0,231.0,269.0,0.9373881932021467,0.8821548821548821,0.9795194268226624,172.0,190.0,231.0,271.0,0.9390243902439024,0.8850574712643678,0.9737626314163208,174.0,184.0,229.0,269.0
1435_pid-98992_pituitary.png,0.6832528778314148,0.5188945290468133,0.8665510416030884,150.0,182.0,275.0,269.0,0.7177541729893778,0.5597633136094674,0.8160749673843384,154.0,190.0,269.0,271.0,0.6838430050565856,0.5195755579948774,0.8274722099304199,150.0,184.0,281.0,271.0,0.697356772480081,0.5353398058252428,0.8715085983276367,168.0,192.0,281.0,269.0,0.7094720084903158,0.5497532894736842,0.8587361574172974,154.0,192.0,271.0,267.0,0.7704555506413091,0.6266187050359712,0.9009912014007568,172.0,204.0,271.0,269.0,0.67147698699027,0.5054312047399605,0.7361699342727661,120.0,158.0,277.0,277.0,0.6983204950119964,0.5364765230888631,0.8534775376319885,154.0,190.0,275.0,269.0,0.7787505564623831,0.6376670716889429,0.8985464572906494,176.0,204.0,277.0,269.0,0.691644908616188,0.5286369986030732,0.8287934064865112,148.0,188.0,271.0,267.0,0.6955079122001021,0.5331637644296615,0.8627546429634094,144.0,184.0,269.0,269.0,0.7683531001351148,0.6238420282788883,0.9151355624198914,174.0,204.0,271.0,267.0,0.7652524001238774,0.6197642337597191,0.9039310216903687,174.0,206.0,271.0,267.0,0.7001653733621677,0.538657271481699,0.8574323058128357,150.0,186.0,269.0,269.0,0.0,0.0,0.9662705063819885,140.0,282.0,247.0,407.0,0.7175829875518672,0.5595551061678463,0.8683133125305176,156.0,192.0,271.0,269.0,0.2723159994162572,0.15761910125014078,0.8701974153518677,80.0,160.0,299.0,277.0,0.7576054955839058,0.6097946287519748,0.9093621373176575,174.0,200.0,271.0,267.0,0.6700850970979708,0.5038556193601312,0.9337357878684998,174.0,196.0,291.0,287.0,0.7749163392987051,0.632541567695962,0.9032918214797974,174.0,204.0,269.0,269.0
1450_pid-99223_pituitary.png,0.0,0.0,0.7060678601264954,106.0,288.0,211.0,367.0,0.0,0.0,0.7288891673088074,112.0,296.0,195.0,395.0,0.0,0.0,0.9214375019073486,282.0,282.0,341.0,345.0,0.0,0.0,0.6690459251403809,108.0,288.0,213.0,367.0,0.0,0.0,0.924024760723114,282.0,282.0,339.0,347.0,0.0,0.0,0.9291273355484009,280.0,208.0,341.0,267.0,0.0,0.0,0.9107687473297119,122.0,304.0,197.0,375.0,0.0,0.0,0.9304648637771606,284.0,284.0,339.0,357.0,0.0,0.0,0.7706180214881897,106.0,288.0,213.0,359.0,0.0,0.0,0.9287305474281311,282.0,282.0,341.0,359.0,0.0,0.0,0.7644219398498535,108.0,292.0,195.0,367.0,0.0,0.0,0.8130000233650208,106.0,292.0,185.0,363.0,0.0,0.0,0.915995717048645,282.0,208.0,341.0,267.0,0.0,0.0,0.9214375019073486,282.0,282.0,341.0,345.0,0.0,0.0,0.755031943321228,118.0,286.0,211.0,367.0,0.0,0.0,0.7556658387184143,106.0,292.0,199.0,373.0,0.0,0.0,0.8289470672607422,356.0,246.0,413.0,303.0,0.0,0.0,0.9214375019073486,282.0,282.0,341.0,345.0,0.0,0.0,0.667342483997345,140.0,292.0,197.0,373.0,0.0,0.0,0.6650490760803223,104.0,288.0,213.0,371.0
1465_pid-101029_pituitary.png,0.938413948256468,0.8839735099337749,0.9665560722351074,246.0,208.0,303.0,269.0,0.9487960143924716,0.9025803054239073,0.9664745330810547,246.0,206.0,307.0,269.0,0.9471193988310604,0.8995506212001058,0.9674869775772095,246.0,208.0,303.0,271.0,0.9549078911190542,0.9137069192317812,0.9724250435829163,246.0,206.0,303.0,271.0,0.938413948256468,0.8839735099337749,0.9665560722351074,246.0,208.0,303.0,269.0,0.8885595732068761,0.7994666666666667,0.969882071018219,248.0,212.0,301.0,267.0,0.95169748826939,0.9078462348604529,0.974595844745636,246.0,206.0,303.0,287.0,0.938413948256468,0.8839735099337749,0.9665560722351074,246.0,208.0,303.0,269.0,0.9494809688581315,0.9038208168642952,0.9691863059997559,246.0,206.0,303.0,269.0,0.927023945267959,0.8639744952178533,0.9658759832382202,246.0,208.0,303.0,267.0,0.938413948256468,0.8839735099337749,0.9665560722351074,246.0,208.0,303.0,269.0,0.9487960143924716,0.9025803054239073,0.9664745330810547,246.0,206.0,307.0,269.0,0.938413948256468,0.8839735099337749,0.9665560722351074,246.0,208.0,303.0,269.0,0.8885595732068761,0.7994666666666667,0.969882071018219,248.0,212.0,301.0,267.0,0.9549078911190542,0.9137069192317812,0.9724250435829163,246.0,206.0,303.0,271.0,0.938413948256468,0.8839735099337749,0.9665560722351074,246.0,208.0,303.0,269.0,0.9549078911190542,0.9137069192317812,0.9724250435829163,246.0,206.0,303.0,271.0,0.8885595732068761,0.7994666666666667,0.969882071018219,248.0,212.0,301.0,267.0,0.938413948256468,0.8839735099337749,0.9665560722351074,246.0,208.0,303.0,269.0,0.938413948256468,0.8839735099337749,0.9665560722351074,246.0,208.0,303.0,269.0
1480_pid-101724_pituitary.png,0.0,0.0,0.9133430123329163,356.0,208.0,413.0,267.0,0.0,0.0,0.9133430123329163,356.0,208.0,413.0,267.0,0.0,0.0,0.9133430123329163,356.0,208.0,413.0,267.0,0.0,0.0,0.9076184630393982,352.0,206.0,413.0,269.0,0.0,0.0,0.9049820303916931,358.0,208.0,411.0,265.0,0.0,0.0,0.9133430123329163,356.0,208.0,413.0,267.0,0.0,0.0,0.9049820303916931,358.0,208.0,411.0,265.0,0.0,0.0,0.9133430123329163,356.0,208.0,413.0,267.0,0.0,0.0,0.9134937524795532,356.0,206.0,413.0,269.0,0.0,0.0,0.9133430123329163,356.0,208.0,413.0,267.0,0.0,0.0,0.9133430123329163,356.0,208.0,413.0,267.0,0.0,0.0,0.9133430123329163,356.0,208.0,413.0,267.0,0.0,0.0,0.9133430123329163,356.0,208.0,413.0,267.0,0.0,0.0,0.9104970097541809,358.0,208.0,411.0,267.0,0.0,0.0,0.8583439588546753,60.0,244.0,123.0,307.0,0.0,0.0,0.9133430123329163,356.0,208.0,413.0,267.0,0.0,0.0,0.9104970097541809,358.0,208.0,411.0,267.0,0.0,0.0,0.9133430123329163,356.0,208.0,413.0,267.0,0.0,0.0,0.9104970097541809,358.0,208.0,411.0,267.0,0.0,0.0,0.9133430123329163,356.0,208.0,413.0,267.0
1482_pid-101724_pituitary.png,0.0344574780058651,0.0175307720999627,0.8884117007255554,284.0,212.0,341.0,265.0,0.03678326721961774,0.018736223365172666,0.8858518004417419,282.0,208.0,341.0,267.0,0.03678326721961774,0.018736223365172666,0.8858518004417419,282.0,208.0,341.0,267.0,0.03939828080229226,0.02009499451954695,0.887046754360199,282.0,208.0,343.0,267.0,0.03678326721961774,0.018736223365172666,0.8858518004417419,282.0,208.0,341.0,267.0,0.03949730700179533,0.020146520146520148,0.8818442225456238,282.0,206.0,343.0,267.0,0.03678326721961774,0.018736223365172666,0.8858518004417419,282.0,208.0,341.0,267.0,0.03678326721961774,0.018736223365172666,0.8858518004417419,282.0,208.0,341.0,267.0,0.03340595497458242,0.016986706056129987,0.896750271320343,284.0,208.0,341.0,265.0,0.03678326721961774,0.018736223365172666,0.8858518004417419,282.0,208.0,341.0,267.0,0.03340595497458242,0.016986706056129987,0.896750271320343,284.0,208.0,341.0,265.0,0.03678326721961774,0.018736223365172666,0.8858518004417419,282.0,208.0,341.0,267.0,0.03678326721961774,0.018736223365172666,0.8858518004417419,282.0,208.0,341.0,267.0,0.03678326721961774,0.018736223365172666,0.8858518004417419,282.0,208.0,341.0,267.0,0.03939828080229226,0.02009499451954695,0.887046754360199,282.0,208.0,343.0,267.0,0.03678326721961774,0.018736223365172666,0.8858518004417419,282.0,208.0,341.0,267.0,0.03965392934390771,0.02022802500919456,0.8850425481796265,284.0,208.0,341.0,267.0,0.03965392934390771,0.02022802500919456,0.8850425481796265,284.0,208.0,341.0,267.0,0.03678326721961774,0.018736223365172666,0.8858518004417419,282.0,208.0,341.0,267.0,0.03678326721961774,0.018736223365172666,0.8858518004417419,282.0,208.0,341.0,267.0
1489_pid-103046_pituitary.png,0.0,0.0,0.9292417764663696,358.0,318.0,411.0,377.0,0.0,0.0,0.9318183660507202,358.0,320.0,411.0,377.0,0.0,0.0,0.9296719431877136,358.0,320.0,411.0,375.0,0.0,0.0,0.9203618764877319,324.0,294.0,413.0,377.0,0.0,0.0,0.9296719431877136,358.0,320.0,411.0,375.0,0.0,0.0,0.9296719431877136,358.0,320.0,411.0,375.0,0.0,0.0,0.9243522882461548,330.0,296.0,413.0,377.0,0.0,0.0,0.9318183660507202,358.0,320.0,411.0,377.0,0.0,0.0,0.9333808422088623,356.0,318.0,413.0,377.0,0.0,0.0,0.9296719431877136,358.0,320.0,411.0,375.0,0.0,0.0,0.9296719431877136,358.0,320.0,411.0,375.0,0.0,0.0,0.9269524812698364,358.0,318.0,411.0,375.0,0.0,0.0,0.9296719431877136,358.0,320.0,411.0,375.0,0.0,0.0,0.9296719431877136,358.0,320.0,411.0,375.0,0.0,0.0,0.9073262214660645,316.0,288.0,415.0,381.0,0.0,0.0,0.9296719431877136,358.0,320.0,411.0,375.0,0.0,0.0,0.9305116534233093,356.0,316.0,413.0,377.0,0.0,0.0,0.9296719431877136,358.0,320.0,411.0,375.0,0.0,0.0,0.9292417764663696,358.0,318.0,411.0,377.0,0.0,0.0,0.9296719431877136,358.0,320.0,411.0,375.0
1499_pid-103478_pituitary.png,0.034093889325990036,0.017342582710779084,0.7929153442382812,172.0,208.0,231.0,271.0,0.03350172826375964,0.01703623580313683,0.799770712852478,172.0,208.0,231.0,275.0,0.034093889325990036,0.017342582710779084,0.7929153442382812,172.0,208.0,231.0,271.0,0.0,0.0,0.8129194974899292,28.0,208.0,89.0,267.0,0.03407880724174654,0.01733477789815818,0.7345980405807495,174.0,212.0,229.0,271.0,0.03371970495258166,0.01714898177920686,0.7275614738464355,174.0,212.0,229.0,269.0,0.03310197544046983,0.016829533116178068,0.7957887649536133,172.0,208.0,231.0,279.0,0.03407880724174654,0.01733477789815818,0.7345980405807495,174.0,212.0,229.0,271.0,0.034093889325990036,0.017342582710779084,0.7929153442382812,172.0,208.0,231.0,271.0,0.03407880724174654,0.01733477789815818,0.7345980405807495,174.0,212.0,229.0,271.0,0.03371970495258166,0.01714898177920686,0.7275614738464355,174.0,212.0,229.0,269.0,0.03407880724174654,0.01733477789815818,0.7345980405807495,174.0,212.0,229.0,271.0,0.034093889325990036,0.017342582710779084,0.7929153442382812,172.0,208.0,231.0,271.0,0.03407880724174654,0.01733477789815818,0.7345980405807495,174.0,212.0,229.0,271.0,0.0,0.0,0.897357702255249,28.0,186.0,115.0,301.0,0.03345925526173772,0.017014270032930844,0.7532763481140137,174.0,212.0,229.0,275.0,0.0,0.0,0.8615309000015259,28.0,198.0,93.0,267.0,0.03371970495258166,0.01714898177920686,0.7275614738464355,174.0,212.0,229.0,269.0,0.033783783783783786,0.01718213058419244,0.7786284685134888,172.0,208.0,231.0,269.0,0.03345925526173772,0.017014270032930844,0.7532763481140137,174.0,212.0,229.0,275.0
1501_pid-103478_pituitary.png,0.0,0.0,0.6713628172874451,332.0,78.0,411.0,155.0,0.0,0.0,0.8927437663078308,318.0,280.0,377.0,341.0,0.0,0.0,0.9702855348587036,320.0,228.0,377.0,341.0,0.0,0.0,0.8838047981262207,316.0,280.0,379.0,343.0,0.0,0.0,0.823936402797699,324.0,68.0,409.0,155.0,0.0,0.0,0.8927437663078308,318.0,280.0,377.0,341.0,0.0,0.0,0.8416609168052673,316.0,276.0,379.0,343.0,0.0,0.0,0.6254366040229797,246.0,246.0,303.0,303.0,0.0,0.0,0.8744843602180481,318.0,280.0,377.0,343.0,0.0,0.0,0.6254366040229797,246.0,246.0,303.0,303.0,0.0,0.0,0.7310176491737366,244.0,244.0,307.0,307.0,0.0,0.0,0.8828188180923462,316.0,280.0,377.0,343.0,0.0,0.0,0.7297759056091309,328.0,74.0,409.0,153.0,0.0,0.0,0.6254366040229797,246.0,246.0,303.0,303.0,0.0,0.0,0.660438597202301,332.0,80.0,413.0,157.0,0.0,0.0,0.7816171646118164,326.0,72.0,413.0,157.0,0.0,0.0,0.7663173079490662,324.0,70.0,407.0,151.0,0.0,0.0,0.6254366040229797,246.0,246.0,303.0,303.0,0.0,0.0,0.8823274970054626,318.0,282.0,377.0,343.0,0.0,0.0,0.8828188180923462,316.0,280.0,377.0,343.0
1502_pid-103478_pituitary.png,0.9298323036187114,0.8688659793814433,0.959010660648346,202.0,208.0,299.0,301.0,0.8661832564271589,0.763953488372093,0.9558666944503784,206.0,208.0,301.0,301.0,0.939716701438454,0.8862883181441591,0.9719665050506592,200.0,216.0,297.0,307.0,0.902316844082655,0.8220193953223046,0.9679297804832458,152.0,188.0,299.0,297.0,0.875515251442704,0.7785923753665689,0.960298478603363,208.0,216.0,299.0,301.0,0.8879613356766256,0.7984986171473726,0.9652751684188843,204.0,212.0,293.0,303.0,0.8713411970292704,0.7720147087284691,0.953744649887085,206.0,204.0,299.0,301.0,0.9120091064314172,0.8382506800585897,0.9624698758125305,204.0,216.0,297.0,303.0,0.8879613356766256,0.7984986171473726,0.9652751684188843,204.0,212.0,293.0,303.0,0.8530224732604255,0.7437133277451802,0.9721511602401733,212.0,220.0,285.0,301.0,0.8869641486679092,0.7968873128447597,0.9610264301300049,204.0,212.0,295.0,303.0,0.9274821722435546,0.8647708674304418,0.9561895132064819,202.0,206.0,299.0,303.0,0.8783185840707964,0.7830374753451677,0.9675469994544983,206.0,212.0,295.0,301.0,0.8995009074410163,0.8173572459286745,0.9711049795150757,206.0,218.0,293.0,301.0,0.8931219110378913,0.8068837209302325,0.8868595361709595,140.0,156.0,293.0,301.0,0.8854223882236625,0.7944017346737631,0.9628238677978516,206.0,212.0,299.0,299.0,0.0,0.0,0.7862917184829712,392.0,282.0,451.0,371.0,0.8784350256171402,0.7832225913621262,0.9672520756721497,208.0,220.0,291.0,303.0,0.904996333926888,0.8264779031949493,0.9686537981033325,142.0,206.0,299.0,303.0,0.9092342342342342,0.8335742308486476,0.9537946581840515,204.0,208.0,297.0,301.0
1505_pid-103478_pituitary.png,0.08397696952675186,0.043828789211374966,0.9406662583351135,248.0,212.0,301.0,283.0,0.006573050492978787,0.0032973621103117505,0.93722003698349,248.0,212.0,301.0,291.0,0.1015820149875104,0.05350877192982456,0.9410079717636108,248.0,212.0,301.0,287.0,0.2783164138245694,0.16165363720683715,0.9530613422393799,244.0,206.0,307.0,299.0,0.06286379511059371,0.03245192307692308,0.9357799291610718,248.0,212.0,301.0,275.0,0.06047777441790142,0.031181789834736514,0.9167449474334717,248.0,212.0,301.0,271.0,0.1606278613472858,0.08732754942397952,0.930485188961029,248.0,212.0,301.0,295.0,0.06922196796338673,0.03585185185185185,0.9434235095977783,248.0,212.0,301.0,279.0,0.1015820149875104,0.05350877192982456,0.9410079717636108,248.0,212.0,301.0,287.0,0.07802120141342757,0.040594205030151494,0.943650484085083,248.0,212.0,301.0,281.0,0.06047777441790142,0.031181789834736514,0.9167449474334717,248.0,212.0,301.0,271.0,0.1015820149875104,0.05350877192982456,0.9410079717636108,248.0,212.0,301.0,287.0,0.07802120141342757,0.040594205030151494,0.943650484085083,248.0,212.0,301.0,281.0,0.07802120141342757,0.040594205030151494,0.943650484085083,248.0,212.0,301.0,281.0,0.20915686765073804,0.11679240011176306,0.9446172714233398,244.0,206.0,307.0,287.0,0.08397696952675186,0.043828789211374966,0.9406662583351135,248.0,212.0,301.0,283.0,0.12842304060434373,0.06861755802219979,0.9280667304992676,246.0,208.0,303.0,275.0,0.06047777441790142,0.031181789834736514,0.9167449474334717,248.0,212.0,301.0,271.0,0.28185103158876323,0.16404341926729987,0.955976128578186,244.0,206.0,303.0,295.0,0.1015820149875104,0.05350877192982456,0.9410079717636108,248.0,212.0,301.0,287.0
1510_pid-103582_pituitary.png,0.7926182237600923,0.6564768819258693,0.9618703722953796,284.0,244.0,339.0,313.0,0.855790096666009,0.7479310344827587,0.9427298307418823,282.0,184.0,351.0,331.0,0.7958333333333333,0.6608996539792388,0.9651941657066345,284.0,244.0,339.0,307.0,0.8487214522740582,0.7371990505256019,0.9530652761459351,282.0,176.0,341.0,333.0,0.7912442396313364,0.6545939763629431,0.9567667245864868,282.0,244.0,341.0,317.0,0.7947295423023578,0.6593785960874569,0.9653531312942505,284.0,244.0,339.0,309.0,0.8210246174318031,0.6963882618510158,0.9612573981285095,284.0,238.0,339.0,331.0,0.7926182237600923,0.6564768819258693,0.9618703722953796,284.0,244.0,339.0,313.0,0.7958333333333333,0.6608996539792388,0.9651941657066345,284.0,244.0,339.0,307.0,0.7947295423023578,0.6593785960874569,0.9653531312942505,284.0,244.0,339.0,309.0,0.7929840756981307,0.6569789674952199,0.9632584452629089,284.0,244.0,339.0,311.0,0.7929840756981307,0.6569789674952199,0.9632584452629089,284.0,244.0,339.0,311.0,0.7915993537964459,0.6550802139037433,0.9584013819694519,284.0,244.0,339.0,319.0,0.7788235294117647,0.6377649325626205,0.9619523286819458,284.0,246.0,339.0,307.0,0.7970816233470133,0.6626231993934799,0.9527029395103455,282.0,240.0,341.0,327.0,0.7969069820332044,0.6623818525519849,0.9571895003318787,282.0,240.0,341.0,317.0,0.7912037037037037,0.654538490999617,0.9533060789108276,282.0,244.0,339.0,323.0,0.7788235294117647,0.6377649325626205,0.9619523286819458,284.0,246.0,339.0,307.0,0.7915226906242802,0.6549752192146397,0.9580086469650269,284.0,244.0,341.0,319.0,0.7929840756981307,0.6569789674952199,0.9632584452629089,284.0,244.0,339.0,311.0
1512_pid-103670_pituitary.png,0.001976284584980237,0.0009891196834817012,0.818021297454834,208.0,246.0,267.0,303.0,0.0020639834881320948,0.0010330578512396695,0.8326002359390259,212.0,248.0,267.0,301.0,0.001976284584980237,0.0009891196834817012,0.818021297454834,208.0,246.0,267.0,303.0,0.0,0.0,0.9384912848472595,28.0,260.0,109.0,339.0,0.002048131080389145,0.0010251153254741158,0.8312979936599731,212.0,248.0,265.0,301.0,0.001976284584980237,0.0009891196834817012,0.818021297454834,208.0,246.0,267.0,303.0,0.001976284584980237,0.0009891196834817012,0.818021297454834,208.0,246.0,267.0,303.0,0.001976284584980237,0.0009891196834817012,0.818021297454834,208.0,246.0,267.0,303.0,0.001976284584980237,0.0009891196834817012,0.818021297454834,208.0,246.0,267.0,303.0,0.001976284584980237,0.0009891196834817012,0.818021297454834,208.0,246.0,267.0,303.0,0.0020639834881320948,0.0010330578512396695,0.8326002359390259,212.0,248.0,267.0,301.0,0.0019880715705765406,0.0009950248756218905,0.8142950534820557,208.0,246.0,267.0,301.0,0.001976284584980237,0.0009891196834817012,0.818021297454834,208.0,246.0,267.0,303.0,0.0020639834881320948,0.0010330578512396695,0.8326002359390259,212.0,248.0,267.0,301.0,0.0,0.0,0.9383452534675598,26.0,256.0,111.0,341.0,0.002048131080389145,0.0010251153254741158,0.8312979936599731,212.0,248.0,265.0,301.0,0.0,0.0,0.9376834630966187,28.0,250.0,119.0,339.0,0.001976284584980237,0.0009891196834817012,0.818021297454834,208.0,246.0,267.0,303.0,0.0020639834881320948,0.0010330578512396695,0.8263884782791138,212.0,246.0,267.0,301.0,0.0019880715705765406,0.0009950248756218905,0.8142950534820557,208.0,246.0,267.0,301.0
1520_pid-103671_pituitary.png,0.5421515753619075,0.3718847352024922,0.8639541864395142,284.0,212.0,345.0,265.0,0.370040642539191,0.2270244597482783,0.811182975769043,282.0,208.0,371.0,267.0,0.687299893276414,0.5235772357723577,0.7849653959274292,282.0,208.0,363.0,267.0,0.0,0.0,0.9266476631164551,374.0,432.0,479.0,511.0,0.5374894692502106,0.3675115207373272,0.8559600114822388,282.0,208.0,347.0,267.0,0.5421515753619075,0.3718847352024922,0.8639541864395142,284.0,212.0,345.0,265.0,0.5390911656788032,0.36901081916537865,0.8982734680175781,282.0,212.0,345.0,267.0,0.5552325581395349,0.3843058350100604,0.8765053749084473,284.0,212.0,343.0,265.0,0.5413832199546486,0.3711620676253401,0.8588088750839233,284.0,212.0,347.0,265.0,0.4561487130600572,0.2954615622105588,0.7954369783401489,284.0,208.0,359.0,267.0,0.5421515753619075,0.3718847352024922,0.8639541864395142,284.0,212.0,345.0,265.0,0.5021052631578947,0.3352073085031623,0.8091245293617249,284.0,212.0,357.0,265.0,0.687299893276414,0.5235772357723577,0.7849653959274292,282.0,208.0,363.0,267.0,0.688547984302533,0.5250272034820457,0.8099424839019775,282.0,208.0,355.0,267.0,0.0,0.0,0.9113956093788147,382.0,438.0,477.0,511.0,0.5295259218186859,0.360105580693816,0.8536349534988403,282.0,208.0,351.0,267.0,0.0,0.0,0.9232549071311951,376.0,438.0,475.0,511.0,0.5552325581395349,0.3843058350100604,0.8765053749084473,284.0,212.0,343.0,265.0,0.0,0.0,0.91086345911026,374.0,436.0,479.0,511.0,0.4755944931163955,0.31198686371100165,0.8050205111503601,284.0,212.0,355.0,265.0
1527_pid-103731_pituitary.png,0.8215158924205379,0.6970954356846473,0.9435670375823975,206.0,208.0,269.0,297.0,0.0,0.0,0.9387397170066833,282.0,208.0,339.0,333.0,0.8336653386454184,0.7147736976942783,0.9472523331642151,208.0,208.0,267.0,291.0,0.0,0.0,0.939719021320343,282.0,206.0,357.0,367.0,0.8353293413173652,0.7172236503856041,0.9456061124801636,208.0,208.0,269.0,287.0,0.8365817091454273,0.7190721649484536,0.9456720948219299,208.0,208.0,269.0,285.0,0.8135593220338984,0.6857142857142857,0.9426138997077942,206.0,206.0,269.0,299.0,0.0,0.0,0.9299231767654419,284.0,212.0,335.0,333.0,0.8301139177810798,0.7095681625740897,0.9471117258071899,208.0,208.0,269.0,297.0,0.8444444444444444,0.7307692307692307,0.94637131690979,208.0,212.0,267.0,279.0,0.8149587178241865,0.6877049180327869,0.9424129128456116,206.0,206.0,269.0,295.0,0.8173404773502192,0.6911037891268533,0.9422511458396912,206.0,206.0,269.0,293.0,0.8119864668922184,0.6834825061025224,0.9406660199165344,206.0,206.0,271.0,297.0,0.8378378378378378,0.7209302325581395,0.9468119144439697,208.0,208.0,267.0,283.0,0.8384192096048024,0.7217915590008613,0.9492411017417908,208.0,212.0,267.0,301.0,0.8266009852216749,0.7044500419815282,0.9439762830734253,206.0,208.0,269.0,293.0,0.0,0.0,0.9284807443618774,282.0,214.0,335.0,333.0,0.8309370352007932,0.7107718405428329,0.9479544758796692,208.0,208.0,267.0,295.0,0.0,0.0,0.9354808330535889,284.0,212.0,335.0,329.0,0.8149587178241865,0.6877049180327869,0.9424129128456116,206.0,206.0,269.0,295.0
152_pid-112648_meningioma.png,0.8405023547880691,0.7248849174113187,0.9422490000724792,286.0,170.0,383.0,231.0,0.8349819437902339,0.716711590296496,0.9613392949104309,296.0,172.0,379.0,231.0,0.8269534957291996,0.7049622437971953,0.9092965722084045,286.0,172.0,399.0,231.0,0.0,0.0,0.8533226847648621,286.0,168.0,405.0,297.0,0.848182243719769,0.7363858033053373,0.9404683113098145,286.0,168.0,381.0,231.0,0.8295526149968494,0.7087483176312248,0.9338332414627075,292.0,172.0,393.0,231.0,0.8402886727329777,0.7245670995670995,0.9399358034133911,284.0,170.0,383.0,231.0,0.8388307018915117,0.7224017232094776,0.9505797624588013,288.0,170.0,381.0,231.0,0.8204476901095412,0.6955585464333782,0.923287570476532,288.0,172.0,395.0,231.0,0.9309951525520388,0.8708989063750333,0.933788537979126,284.0,158.0,399.0,231.0,0.8510901499922684,0.7407806191117093,0.9327464699745178,284.0,168.0,387.0,231.0,0.8325734947335325,0.7131699434419607,0.950650691986084,296.0,172.0,387.0,231.0,0.8407163053722903,0.7252032520325203,0.9510452151298523,286.0,170.0,379.0,229.0,0.8407245471580262,0.7252155172413793,0.9538888931274414,288.0,170.0,379.0,229.0,0.014339695765914156,0.0072216258417097685,0.8865708112716675,296.0,172.0,407.0,303.0,0.8405023547880691,0.7248849174113187,0.9422490000724792,286.0,170.0,383.0,231.0,0.8420396070481834,0.7271747912739025,0.9628414511680603,294.0,170.0,381.0,231.0,0.8180082723512567,0.6920592193808883,0.9200240969657898,286.0,172.0,397.0,229.0,0.8983276602042326,0.8154218162278345,0.9127095341682434,286.0,160.0,405.0,235.0,0.8320478514087832,0.7123989218328841,0.9538425207138062,294.0,172.0,383.0,229.0
1531_pid-103837_pituitary.png,0.0,0.0,0.865813136100769,316.0,138.0,411.0,191.0,0.0,0.0,0.8802469372749329,320.0,138.0,411.0,191.0,0.0,0.0,0.8627135753631592,320.0,140.0,409.0,189.0,0.0,0.0,0.8916432857513428,352.0,136.0,413.0,195.0,0.0,0.0,0.8738909959793091,318.0,138.0,411.0,191.0,0.0,0.0,0.8738909959793091,318.0,138.0,411.0,191.0,0.0,0.0,0.8738909959793091,318.0,138.0,411.0,191.0,0.0,0.0,0.8792718052864075,320.0,138.0,409.0,191.0,0.0,0.0,0.8372306823730469,302.0,136.0,413.0,191.0,0.0,0.0,0.8954864144325256,318.0,136.0,407.0,195.0,0.0,0.0,0.8974510431289673,318.0,136.0,409.0,195.0,0.0,0.0,0.8772609829902649,324.0,140.0,411.0,189.0,0.0,0.0,0.8738909959793091,318.0,138.0,411.0,191.0,0.0,0.0,0.8982200622558594,318.0,136.0,411.0,195.0,0.0,0.0,0.8817852735519409,350.0,138.0,413.0,191.0,0.0,0.0,0.8982200622558594,318.0,136.0,411.0,195.0,0.0,0.0,0.877954363822937,324.0,140.0,409.0,189.0,0.0,0.0,0.8950944542884827,316.0,136.0,411.0,195.0,0.0,0.0,0.9340677261352539,62.0,246.0,121.0,303.0,0.0,0.0,0.8923617005348206,316.0,136.0,413.0,195.0
1534_pid-104019_pituitary.png,0.8232323232323232,0.6995708154506438,0.9242219924926758,246.0,246.0,303.0,303.0,0.8232323232323232,0.6995708154506438,0.9242219924926758,246.0,246.0,303.0,303.0,0.8232323232323232,0.6995708154506438,0.9242219924926758,246.0,246.0,303.0,303.0,0.8220064724919094,0.6978021978021978,0.9285416603088379,246.0,244.0,303.0,303.0,0.8232323232323232,0.6995708154506438,0.9242219924926758,246.0,246.0,303.0,303.0,0.8232323232323232,0.6995708154506438,0.9242219924926758,246.0,246.0,303.0,303.0,0.8232323232323232,0.6995708154506438,0.9242219924926758,246.0,246.0,303.0,303.0,0.8232323232323232,0.6995708154506438,0.9242219924926758,246.0,246.0,303.0,303.0,0.8232323232323232,0.6995708154506438,0.9242219924926758,246.0,246.0,303.0,303.0,0.8232323232323232,0.6995708154506438,0.9242219924926758,246.0,246.0,303.0,303.0,0.8232323232323232,0.6995708154506438,0.9242219924926758,246.0,246.0,303.0,303.0,0.8232323232323232,0.6995708154506438,0.9242219924926758,246.0,246.0,303.0,303.0,0.8232323232323232,0.6995708154506438,0.9242219924926758,246.0,246.0,303.0,303.0,0.8232323232323232,0.6995708154506438,0.9242219924926758,246.0,246.0,303.0,303.0,0.8232323232323232,0.6995708154506438,0.9242219924926758,246.0,246.0,303.0,303.0,0.8232323232323232,0.6995708154506438,0.9242219924926758,246.0,246.0,303.0,303.0,0.0,0.0,0.9076092839241028,138.0,102.0,191.0,155.0,0.8232323232323232,0.6995708154506438,0.9242219924926758,246.0,246.0,303.0,303.0,0.8232323232323232,0.6995708154506438,0.9242219924926758,246.0,246.0,303.0,303.0,0.8232323232323232,0.6995708154506438,0.9242219924926758,246.0,246.0,303.0,303.0
1538_pid-104558_pituitary.png,0.7079357311801647,0.5479106173462946,0.976387083530426,282.0,208.0,341.0,297.0,0.707007419620775,0.546799285896455,0.966437578201294,282.0,212.0,339.0,283.0,0.7079357311801647,0.5479106173462946,0.976387083530426,282.0,208.0,341.0,297.0,0.7098623853211009,0.5502222222222222,0.9767017960548401,278.0,208.0,341.0,291.0,0.7090393190109444,0.5492338608389852,0.9772223234176636,282.0,212.0,339.0,291.0,0.7087323021523856,0.5488655089364939,0.9764485955238342,282.0,208.0,341.0,295.0,0.6907623770698496,0.5276065742167437,0.976750373840332,282.0,212.0,339.0,293.0,0.6947280334728033,0.5322477240671881,0.97682785987854,282.0,212.0,339.0,295.0,0.7093194059082748,0.5495700556398584,0.9767158031463623,280.0,208.0,341.0,295.0,0.7080976240504283,0.5481045915175778,0.9744272232055664,280.0,208.0,341.0,287.0,0.6430622009569378,0.47390691114245415,0.964518129825592,282.0,212.0,339.0,277.0,0.7087323021523856,0.5488655089364939,0.9764485955238342,282.0,208.0,341.0,295.0,0.7090393190109444,0.5492338608389852,0.9772223234176636,282.0,212.0,339.0,291.0,0.6907623770698496,0.5276065742167437,0.976750373840332,282.0,212.0,339.0,293.0,0.0,0.0,0.9355782866477966,102.0,248.0,187.0,371.0,0.6975349766822119,0.5355498721227622,0.9656754732131958,282.0,212.0,339.0,281.0,0.7072261827608555,0.5470610352174458,0.9742707014083862,260.0,206.0,343.0,297.0,0.6965954606141522,0.5344430217669655,0.9772039651870728,284.0,212.0,339.0,297.0,0.0,0.0,0.9257850646972656,102.0,248.0,173.0,357.0,0.7090393190109444,0.5492338608389852,0.9772223234176636,282.0,212.0,339.0,291.0
1547_pid-104684_pituitary.png,0.8226396067061641,0.6987152034261241,0.9670536518096924,212.0,212.0,299.0,265.0,0.8334965719882468,0.7145256087321579,0.9606777429580688,212.0,190.0,327.0,265.0,0.8461538461538461,0.7333333333333333,0.9680318236351013,212.0,212.0,299.0,267.0,0.0,0.0,0.9321592450141907,96.0,164.0,187.0,261.0,0.8226396067061641,0.6987152034261241,0.9670536518096924,212.0,212.0,299.0,265.0,0.8516840171463564,0.7416808873720137,0.9670999050140381,212.0,212.0,301.0,267.0,0.8153044362527011,0.6881974248927039,0.9623198509216309,208.0,208.0,295.0,267.0,0.83104223944014,0.7109258071413299,0.9672772288322449,212.0,212.0,301.0,265.0,0.8417408506429278,0.726729291204099,0.9637132287025452,208.0,208.0,299.0,267.0,0.83104223944014,0.7109258071413299,0.9672772288322449,212.0,212.0,301.0,265.0,0.8241509433962264,0.7008985879332478,0.969516396522522,214.0,212.0,299.0,265.0,0.8516840171463564,0.7416808873720137,0.9670999050140381,212.0,212.0,301.0,267.0,0.8311233425068801,0.7110445205479452,0.9632589221000671,208.0,208.0,297.0,267.0,0.8226396067061641,0.6987152034261241,0.9670536518096924,212.0,212.0,299.0,265.0,0.0,0.0,0.9268121123313904,100.0,158.0,183.0,255.0,0.8226396067061641,0.6987152034261241,0.9670536518096924,212.0,212.0,299.0,265.0,0.8665879574970484,0.7645833333333333,0.9437020421028137,208.0,188.0,339.0,269.0,0.8226396067061641,0.6987152034261241,0.9670536518096924,212.0,212.0,299.0,265.0,0.8311233425068801,0.7110445205479452,0.9632589221000671,208.0,208.0,297.0,267.0,0.8226396067061641,0.6987152034261241,0.9670536518096924,212.0,212.0,299.0,265.0
1554_pid-104912_pituitary.png,0.7950131862862623,0.6597692001591723,0.9447691440582275,246.0,248.0,301.0,301.0,0.8101089728727104,0.6808261886204209,0.9464843273162842,246.0,246.0,303.0,303.0,0.0,0.0,0.9314006567001343,76.0,182.0,155.0,267.0,0.0,0.0,0.9482948780059814,70.0,168.0,155.0,265.0,0.7950131862862623,0.6597692001591723,0.9447691440582275,246.0,248.0,301.0,301.0,0.8101089728727104,0.6808261886204209,0.9464843273162842,246.0,246.0,303.0,303.0,0.8164948453608247,0.6898954703832753,0.9445359706878662,244.0,246.0,303.0,303.0,0.7950131862862623,0.6597692001591723,0.9447691440582275,246.0,248.0,301.0,301.0,0.8101089728727104,0.6808261886204209,0.9464843273162842,246.0,246.0,303.0,303.0,0.8101089728727104,0.6808261886204209,0.9464843273162842,246.0,246.0,303.0,303.0,0.7950131862862623,0.6597692001591723,0.9447691440582275,246.0,248.0,301.0,301.0,0.8101089728727104,0.6808261886204209,0.9464843273162842,246.0,246.0,303.0,303.0,0.7950131862862623,0.6597692001591723,0.9447691440582275,246.0,248.0,301.0,301.0,0.8101089728727104,0.6808261886204209,0.9464843273162842,246.0,246.0,303.0,303.0,0.0,0.0,0.9098998308181763,102.0,320.0,197.0,375.0,0.8101089728727104,0.6808261886204209,0.9464843273162842,246.0,246.0,303.0,303.0,0.8112788632326821,0.6824803884945835,0.9453060626983643,240.0,244.0,307.0,307.0,0.8101089728727104,0.6808261886204209,0.9464843273162842,246.0,246.0,303.0,303.0,0.0,0.0,0.9482948780059814,70.0,168.0,155.0,265.0,0.8101089728727104,0.6808261886204209,0.9464843273162842,246.0,246.0,303.0,303.0
157_pid-113435_meningioma.png,0.565906362545018,0.39460907416708524,0.9409957528114319,252.0,204.0,341.0,269.0,0.5032888554782936,0.33626318432948266,0.9512654542922974,248.0,208.0,333.0,271.0,0.22886475814412635,0.12921924466045392,0.8887346982955933,152.0,176.0,343.0,271.0,0.6990049751243781,0.5372848948374761,0.9388450384140015,248.0,206.0,339.0,291.0,0.5868652834426907,0.41529323182464656,0.943123996257782,252.0,206.0,341.0,277.0,0.5552397653746145,0.3843127406663318,0.9417392611503601,254.0,208.0,341.0,269.0,0.3737500748458176,0.22982326951399115,0.9413827657699585,148.0,184.0,345.0,379.0,0.5676258992805755,0.3962832747363134,0.9448429346084595,250.0,204.0,339.0,271.0,0.5552397653746145,0.3843127406663318,0.9417392611503601,254.0,208.0,341.0,269.0,0.7332770626714497,0.5788772280526403,0.941159725189209,248.0,202.0,343.0,287.0,0.6152776167845138,0.44433283107316257,0.9334229230880737,248.0,196.0,343.0,269.0,0.549010081379813,0.3783693286455717,0.9470913410186768,266.0,208.0,341.0,269.0,0.5632329063683925,0.3920140632847815,0.9381970167160034,250.0,206.0,341.0,269.0,0.4996232102486812,0.3329984932194877,0.9409867525100708,246.0,206.0,333.0,269.0,0.5952089953556587,0.4236993213850705,0.8192647099494934,184.0,186.0,341.0,293.0,0.5628872180451128,0.3916792231709359,0.9420508146286011,254.0,206.0,341.0,269.0,0.5362984745451204,0.36639879457559016,0.9343388080596924,252.0,208.0,339.0,267.0,0.5541906202723147,0.3833082203247949,0.9437904953956604,256.0,208.0,341.0,269.0,0.48699374382614424,0.32187159956474426,0.898597776889801,168.0,174.0,339.0,307.0,0.5653035489101063,0.39402310396785534,0.9391352534294128,250.0,204.0,341.0,269.0
1581_pid-97461_pituitary.png,0.0,0.0,0.926917314529419,318.0,172.0,377.0,231.0,0.0,0.0,0.929224967956543,318.0,172.0,379.0,231.0,0.0,0.0,0.926917314529419,318.0,172.0,377.0,231.0,0.0,0.0,0.8888920545578003,100.0,160.0,155.0,231.0,0.0,0.0,0.926917314529419,318.0,172.0,377.0,231.0,0.0,0.0,0.926917314529419,318.0,172.0,377.0,231.0,0.0,0.0,0.926917314529419,318.0,172.0,377.0,231.0,0.0,0.0,0.926917314529419,318.0,172.0,377.0,231.0,0.0,0.0,0.929224967956543,318.0,172.0,379.0,231.0,0.0,0.0,0.926917314529419,318.0,172.0,377.0,231.0,0.0,0.0,0.926917314529419,318.0,172.0,377.0,231.0,0.0,0.0,0.8775203824043274,100.0,166.0,155.0,229.0,0.0,0.0,0.926917314529419,318.0,172.0,377.0,231.0,0.0,0.0,0.926917314529419,318.0,172.0,377.0,231.0,0.0,0.0,0.901506781578064,100.0,154.0,157.0,233.0,0.0,0.0,0.9284203052520752,316.0,170.0,379.0,233.0,0.0,0.0,0.8925766944885254,102.0,170.0,155.0,231.0,0.0,0.0,0.926917314529419,318.0,172.0,377.0,231.0,0.0,0.0,0.8985090255737305,100.0,168.0,157.0,233.0,0.0,0.0,0.926917314529419,318.0,172.0,377.0,231.0
1588_pid-97461_pituitary.png,0.8184877412265641,0.6927458730527785,0.9514917135238647,288.0,212.0,375.0,317.0,0.8163733225436645,0.689721969006381,0.9491347670555115,286.0,212.0,371.0,319.0,0.8066866137634968,0.67600566881064,0.9496346712112427,284.0,212.0,375.0,323.0,0.7913986877151952,0.6548054181896367,0.9477676749229431,286.0,212.0,371.0,327.0,0.8129222972972973,0.6848096762717893,0.9521582126617432,288.0,214.0,375.0,309.0,0.8383001469998663,0.721615092603244,0.949420690536499,284.0,208.0,373.0,317.0,0.8183660544648512,0.6925715510772859,0.9521692395210266,282.0,204.0,373.0,325.0,0.8169843049327354,0.6905946458185264,0.9515325427055359,288.0,214.0,373.0,311.0,0.817722005250016,0.691649518033142,0.94990473985672,284.0,202.0,375.0,323.0,0.8075642750903038,0.6772392492278451,0.952431857585907,286.0,214.0,375.0,303.0,0.818500350385424,0.6927639383155397,0.9524568319320679,286.0,212.0,375.0,307.0,0.8032433802103129,0.6711835697649798,0.9482699632644653,284.0,208.0,373.0,327.0,0.8302473307203676,0.7097631426920855,0.9478962421417236,286.0,208.0,373.0,317.0,0.8226346636896456,0.6987080715894275,0.9521970748901367,286.0,212.0,373.0,309.0,0.8208121508818176,0.6960826059186714,0.9523023962974548,280.0,202.0,375.0,327.0,0.8181203515889114,0.6922196796338673,0.9492814540863037,286.0,212.0,373.0,319.0,0.7567966903073287,0.608747325885429,0.9479336738586426,298.0,220.0,373.0,307.0,0.8413925176116545,0.7262101534828808,0.951339602470398,284.0,208.0,375.0,309.0,0.8095716618515262,0.6800675319193837,0.9514123201370239,282.0,208.0,375.0,327.0,0.8032433802103129,0.6711835697649798,0.9482699632644653,284.0,208.0,373.0,327.0
1595_pid-97599_pituitary.png,0.0,0.0,0.8834977746009827,376.0,208.0,453.0,325.0,0.0,0.0,0.9554814100265503,390.0,214.0,447.0,307.0,0.0,0.0,0.9627109169960022,392.0,212.0,455.0,309.0,0.0,0.0,0.8703961968421936,62.0,100.0,121.0,157.0,0.0,0.0,0.9530017971992493,388.0,212.0,451.0,307.0,0.0,0.0,0.9555087089538574,390.0,212.0,453.0,327.0,0.0,0.0,0.9057021141052246,374.0,212.0,451.0,325.0,0.0,0.0,0.9614582061767578,392.0,212.0,453.0,311.0,0.0,0.0,0.9579520225524902,388.0,212.0,453.0,309.0,0.0,0.0,0.9597873091697693,390.0,212.0,453.0,309.0,0.0,0.0,0.9604841470718384,390.0,208.0,453.0,309.0,0.0,0.0,0.9592068195343018,392.0,212.0,451.0,317.0,0.0,0.0,0.9594199657440186,390.0,212.0,451.0,307.0,0.0,0.0,0.958249568939209,390.0,212.0,453.0,317.0,0.0,0.0,0.8572032451629639,28.0,96.0,123.0,191.0,0.0,0.0,0.917912483215332,382.0,208.0,453.0,317.0,0.0,0.0,0.9131409525871277,44.0,100.0,121.0,179.0,0.0,0.0,0.9590405821800232,390.0,212.0,453.0,315.0,0.0,0.0,0.8572032451629639,28.0,96.0,123.0,191.0,0.0,0.0,0.950933039188385,384.0,208.0,455.0,325.0
159_pid-113435_meningioma.png,0.7458843005610227,0.5947491933118216,0.8772652745246887,244.0,192.0,343.0,309.0,0.3210798391728891,0.19124187478617857,0.8206051588058472,246.0,238.0,343.0,309.0,0.7277199621570483,0.5719809637120762,0.8797263503074646,240.0,196.0,339.0,303.0,0.35917676910064844,0.21890034364261168,0.9352364540100098,164.0,174.0,411.0,313.0,0.7402881634141893,0.5876646879976835,0.8741601705551147,246.0,186.0,343.0,309.0,0.722151321786691,0.565130546440291,0.8599395751953125,244.0,186.0,341.0,307.0,0.2582519889409242,0.14827172891898022,0.9144686460494995,156.0,182.0,341.0,333.0,0.696711968434897,0.5345801937567277,0.8499261736869812,244.0,184.0,341.0,309.0,0.7335492827394725,0.5792166033323589,0.8664411306381226,244.0,188.0,341.0,307.0,0.7501361903032504,0.6001743425831759,0.8846046924591064,244.0,188.0,345.0,307.0,0.5932685115931189,0.4217354317311782,0.8583998084068298,244.0,176.0,341.0,309.0,0.5370205173951829,0.3670731707317073,0.8505687117576599,248.0,232.0,339.0,307.0,0.7318083573487032,0.5770487146712114,0.8600828647613525,244.0,186.0,343.0,309.0,0.7428356666353472,0.590881913303438,0.8960863947868347,246.0,192.0,341.0,307.0,0.33408977268356477,0.20054488363502032,0.9114222526550293,168.0,180.0,343.0,311.0,0.7440492601782924,0.5924191423971901,0.8814964890480042,246.0,188.0,343.0,309.0,0.6457477078722732,0.4768296953425937,0.8430739641189575,240.0,182.0,343.0,309.0,0.6594558615525418,0.4919314796425025,0.837614893913269,240.0,184.0,341.0,307.0,0.31683020557400293,0.1882342510085561,0.9179999232292175,166.0,176.0,341.0,309.0,0.7401486988847583,0.5874889347890233,0.8994072675704956,246.0,196.0,343.0,309.0
1614_pid-98871_pituitary.png,0.9154722528482175,0.8441206370721789,0.9289261698722839,246.0,212.0,333.0,267.0,0.6399411548363368,0.4705246078961601,0.8944320678710938,246.0,208.0,359.0,267.0,0.7442636629119733,0.5926910299003322,0.9063112139701843,248.0,212.0,307.0,265.0,0.6357980378080881,0.4660585862129451,0.9134151935577393,244.0,208.0,377.0,269.0,0.9023934181002243,0.8221465076660988,0.9314011931419373,248.0,212.0,327.0,265.0,0.7442636629119733,0.5926910299003322,0.9063112139701843,248.0,212.0,307.0,265.0,0.8989381179055291,0.8164283338875956,0.8763749003410339,246.0,212.0,345.0,267.0,0.913968547641073,0.8415672913117547,0.9395685195922852,248.0,212.0,325.0,267.0,0.7442636629119733,0.5926910299003322,0.9063112139701843,248.0,212.0,307.0,265.0,0.7680921052631579,0.6234979973297731,0.9097480773925781,248.0,212.0,309.0,265.0,0.9129385557824392,0.8398224043715847,0.9403321743011475,248.0,212.0,323.0,267.0,0.7442636629119733,0.5926910299003322,0.9063112139701843,248.0,212.0,307.0,265.0,0.7768629934557737,0.6351397997928891,0.919073224067688,248.0,212.0,311.0,265.0,0.7680921052631579,0.6234979973297731,0.9097480773925781,248.0,212.0,309.0,265.0,0.6340765470370812,0.4642108938547486,0.9129951000213623,244.0,206.0,375.0,269.0,0.9037313432835821,0.8243703199455412,0.9337868690490723,248.0,212.0,329.0,265.0,0.8919148936170213,0.804915514592934,0.9226965308189392,246.0,212.0,335.0,267.0,0.7442636629119733,0.5926910299003322,0.9063112139701843,248.0,212.0,307.0,265.0,0.6357869539198086,0.46604667485523776,0.9182257652282715,244.0,206.0,361.0,269.0,0.7768629934557737,0.6351397997928891,0.919073224067688,248.0,212.0,311.0,265.0
162_pid-113554_meningioma.png,0.7445676274944567,0.5930766513599435,0.8448598980903625,246.0,278.0,335.0,339.0,0.7609649122807017,0.6141592920353982,0.8565669655799866,248.0,276.0,339.0,339.0,0.7887263339070568,0.6511545293072825,0.907243013381958,238.0,272.0,333.0,339.0,0.9021159470153105,0.821685991852084,0.936592698097229,192.0,232.0,341.0,341.0,0.8472421570637687,0.7349697616506581,0.9375694990158081,244.0,268.0,335.0,339.0,0.7826839826839826,0.6429587482219061,0.9238167405128479,246.0,272.0,335.0,339.0,0.9303977272727273,0.8698539176626826,0.970684826374054,246.0,236.0,339.0,339.0,0.7946906444016271,0.6593250444049733,0.9026346206665039,246.0,272.0,339.0,339.0,0.7460954930834449,0.5950177935943061,0.7273409366607666,240.0,280.0,333.0,339.0,0.9317254832417096,0.8721779548472776,0.967378556728363,240.0,218.0,341.0,341.0,0.9320560581869789,0.8727574750830565,0.9701407551765442,246.0,222.0,341.0,343.0,0.8085466469219378,0.6786221590909091,0.8128465414047241,240.0,276.0,339.0,339.0,0.7616112700858464,0.6150017774617845,0.8884832262992859,248.0,276.0,335.0,339.0,0.9323868677905945,0.8733377659574468,0.9701079726219177,244.0,222.0,339.0,339.0,0.8658676736168117,0.7634626519976838,0.9328286647796631,190.0,228.0,339.0,341.0,0.808042328042328,0.6779119318181818,0.8354414701461792,244.0,276.0,339.0,339.0,0.7619256979555946,0.6154119318181818,0.8739027380943298,246.0,276.0,335.0,339.0,0.8475409836065574,0.7354196301564723,0.9304909110069275,240.0,268.0,333.0,339.0,0.9322214336408801,0.8730475240943835,0.9699711203575134,246.0,222.0,341.0,341.0,0.7445676274944567,0.5930766513599435,0.8448598980903625,246.0,278.0,335.0,339.0
1648_pid-101029_pituitary.png,0.0,0.0,0.8998284339904785,392.0,208.0,453.0,267.0,0.0,0.0,0.9414817094802856,352.0,390.0,415.0,453.0,0.0,0.0,0.9181269407272339,182.0,174.0,269.0,279.0,0.0,0.0,0.8990515470504761,390.0,206.0,455.0,269.0,0.0,0.0,0.8893212080001831,198.0,182.0,267.0,259.0,0.0,0.0,0.9188160300254822,186.0,174.0,275.0,287.0,0.0,0.0,0.8990515470504761,390.0,206.0,455.0,269.0,0.0,0.0,0.9409811496734619,352.0,390.0,415.0,451.0,0.0,0.0,0.9418933987617493,186.0,176.0,267.0,293.0,0.0,0.0,0.8910428285598755,204.0,172.0,267.0,237.0,0.0,0.0,0.9414817094802856,352.0,390.0,415.0,453.0,0.0,0.0,0.9200879335403442,186.0,174.0,267.0,285.0,0.0,0.0,0.9060924053192139,192.0,180.0,265.0,281.0,0.0,0.0,0.8760555386543274,206.0,176.0,269.0,261.0,0.0,0.0,0.8985708951950073,392.0,206.0,453.0,267.0,0.0,0.0,0.9091699123382568,196.0,180.0,265.0,279.0,0.0,0.0,0.9348872900009155,356.0,392.0,413.0,447.0,0.0,0.0,0.9139371514320374,190.0,170.0,275.0,283.0,0.0,0.0,0.8990515470504761,390.0,206.0,455.0,269.0,0.0,0.0,0.9150963425636292,188.0,176.0,267.0,285.0
1660_pid-101724_pituitary.png,0.0,0.0,0.8421850204467773,180.0,212.0,265.0,333.0,0.0,0.0,0.7757386565208435,212.0,212.0,265.0,299.0,0.0,0.0,0.7757386565208435,212.0,212.0,265.0,299.0,0.0,0.0,0.7908673286437988,176.0,208.0,267.0,363.0,0.0,0.0,0.8294798135757446,180.0,208.0,267.0,333.0,0.0,0.0,0.8357055187225342,186.0,212.0,265.0,327.0,0.0,0.0,0.7765565514564514,212.0,214.0,263.0,301.0,0.0,0.0,0.8179947137832642,184.0,208.0,267.0,331.0,0.0,0.0,0.8357055187225342,186.0,212.0,265.0,327.0,0.0,0.0,0.8303633332252502,212.0,212.0,265.0,293.0,0.0,0.0,0.8330270648002625,182.0,208.0,267.0,331.0,0.0,0.0,0.7757386565208435,212.0,212.0,265.0,299.0,0.0,0.0,0.8330270648002625,182.0,208.0,267.0,331.0,0.0,0.0,0.7757386565208435,212.0,212.0,265.0,299.0,0.0,0.0,0.848763108253479,182.0,212.0,265.0,331.0,0.0,0.0,0.8290234208106995,184.0,208.0,267.0,329.0,0.0,0.0,0.8383245468139648,176.0,208.0,267.0,335.0,0.0,0.0,0.8357055187225342,186.0,212.0,265.0,327.0,0.0,0.0,0.7651752233505249,212.0,212.0,265.0,301.0,0.0,0.0,0.8510927557945251,184.0,212.0,265.0,329.0
1679_pid-103257_pituitary.png,0.9152614727854856,0.8437622983077528,0.9319795966148376,170.0,204.0,245.0,281.0,0.7575832305795315,0.6097657800714569,0.8921264410018921,170.0,206.0,233.0,269.0,0.7090539165818922,0.5492513790386131,0.8736348152160645,172.0,206.0,231.0,267.0,0.0,0.0,0.8229832649230957,208.0,136.0,267.0,197.0,0.9148345784418357,0.8430369787568843,0.931856095790863,170.0,206.0,245.0,281.0,0.7090539165818922,0.5492513790386131,0.8736348152160645,172.0,206.0,231.0,267.0,0.7619281849483522,0.6154151767977751,0.8879756927490234,170.0,204.0,233.0,269.0,0.9131087749409997,0.8401105408606395,0.9368375539779663,170.0,204.0,243.0,279.0,0.7575832305795315,0.6097657800714569,0.8921264410018921,170.0,206.0,233.0,269.0,0.8889345103674811,0.8000739098300074,0.8886647820472717,170.0,202.0,253.0,291.0,0.7090539165818922,0.5492513790386131,0.8736348152160645,172.0,206.0,231.0,267.0,0.7090539165818922,0.5492513790386131,0.8736348152160645,172.0,206.0,231.0,267.0,0.7575832305795315,0.6097657800714569,0.8921264410018921,170.0,206.0,233.0,269.0,0.9153405474220242,0.8438967136150235,0.918615996837616,170.0,206.0,249.0,285.0,0.7575832305795315,0.6097657800714569,0.8921264410018921,170.0,206.0,233.0,269.0,0.7575832305795315,0.6097657800714569,0.8921264410018921,170.0,206.0,233.0,269.0,0.7619281849483522,0.6154151767977751,0.8879756927490234,170.0,204.0,233.0,269.0,0.7090539165818922,0.5492513790386131,0.8736348152160645,172.0,206.0,231.0,267.0,0.7575832305795315,0.6097657800714569,0.8921264410018921,170.0,206.0,233.0,269.0,0.7575832305795315,0.6097657800714569,0.8921264410018921,170.0,206.0,233.0,269.0
167_pid-114018_meningioma.png,0.39313622814790944,0.24466058357565426,0.8965592384338379,212.0,158.0,335.0,375.0,0.5439643155840536,0.3735927088917822,0.9236904382705688,212.0,154.0,329.0,335.0,0.9441080115159337,0.8941331327566755,0.923880934715271,220.0,182.0,319.0,281.0,0.16356465128067035,0.0890663814518355,0.9609066247940063,160.0,112.0,399.0,379.0,0.40991180176396474,0.2577918647649234,0.8935750722885132,212.0,160.0,335.0,371.0,0.947680157946693,0.900562851782364,0.9154336452484131,218.0,196.0,329.0,283.0,0.382728468621837,0.23665071770334928,0.8890054821968079,202.0,150.0,331.0,379.0,0.44579914745382043,0.28683496519995283,0.878457248210907,214.0,164.0,335.0,365.0,0.9481583884664757,0.9014269620728502,0.9228662252426147,214.0,198.0,325.0,285.0,0.9169497923744809,0.8466364586964099,0.8782408237457275,214.0,172.0,335.0,375.0,0.27802836802347697,0.16145931957331314,0.9019556045532227,184.0,112.0,335.0,365.0,0.9506294256490952,0.905904404873477,0.9451389312744141,216.0,188.0,327.0,285.0,0.4426376785553859,0.28422267089702913,0.8883810639381409,208.0,166.0,335.0,373.0,0.4987421060738307,0.3322161422708618,0.8637956380844116,216.0,174.0,333.0,367.0,0.9007665216490574,0.819449679607991,0.9142974615097046,214.0,206.0,335.0,275.0,0.420136945006675,0.26593250831379817,0.8812941312789917,212.0,152.0,333.0,363.0,0.9332567269941587,0.8748653500897666,0.9209885597229004,208.0,176.0,333.0,377.0,0.9361189232623544,0.8799093655589124,0.9325370788574219,214.0,202.0,327.0,275.0,0.3740144112875844,0.2300232018561485,0.8764342069625854,196.0,154.0,335.0,379.0,0.45137122508440086,0.29146508988831155,0.8789815306663513,212.0,160.0,331.0,361.0
1691_pid-103478_pituitary.png,0.0,0.0,0.7269997000694275,144.0,248.0,229.0,309.0,0.0,0.0,0.7356434464454651,144.0,248.0,227.0,311.0,0.0,0.0,0.7137266993522644,144.0,246.0,231.0,309.0,0.0,0.0,0.7922979593276978,96.0,244.0,231.0,397.0,0.0,0.0,0.7071499824523926,144.0,246.0,229.0,307.0,0.0,0.0,0.7353694438934326,140.0,246.0,231.0,309.0,0.0,0.0,0.7356101870536804,144.0,246.0,231.0,311.0,0.0,0.0,0.7371749877929688,142.0,248.0,229.0,311.0,0.0,0.0,0.8207594752311707,140.0,246.0,229.0,319.0,0.0,0.0,0.6919381618499756,150.0,244.0,231.0,309.0,0.0,0.0,0.7059053182601929,156.0,246.0,229.0,307.0,0.0,0.0,0.8290380239486694,138.0,246.0,229.0,323.0,0.0,0.0,0.7251969575881958,142.0,246.0,229.0,309.0,0.0,0.0,0.7068318724632263,150.0,246.0,229.0,309.0,0.0,0.0,0.865999162197113,132.0,244.0,231.0,327.0,0.0,0.0,0.7331761717796326,142.0,246.0,229.0,311.0,0.0,0.0,0.801719605922699,136.0,254.0,219.0,319.0,0.0,0.0,0.7245135307312012,142.0,246.0,231.0,309.0,0.0,0.0,0.7549831867218018,106.0,244.0,231.0,397.0,0.0,0.0,0.8207594752311707,140.0,246.0,229.0,319.0
1693_pid-103582_pituitary.png,0.47305389221556887,0.30980392156862746,0.8914623260498047,238.0,172.0,303.0,255.0,0.5123152709359606,0.3443708609271523,0.8921292424201965,240.0,172.0,303.0,237.0,0.49770190413657256,0.3312937062937063,0.8908130526542664,240.0,172.0,303.0,253.0,0.0,0.0,0.6872576475143433,196.0,168.0,307.0,237.0,0.46664385904892236,0.3043284248103525,0.8933537602424622,240.0,172.0,301.0,251.0,0.5362035225048923,0.3663101604278075,0.8616980314254761,240.0,172.0,303.0,249.0,0.0,0.0,0.7779912352561951,192.0,170.0,307.0,255.0,0.4661803713527852,0.30393428447903154,0.893088161945343,240.0,172.0,303.0,259.0,0.5226572811262649,0.35378201310303753,0.8744772672653198,238.0,170.0,303.0,245.0,0.45807093138879684,0.29707652622527947,0.8887668251991272,238.0,172.0,303.0,261.0,0.49770190413657256,0.3312937062937063,0.8908130526542664,240.0,172.0,303.0,253.0,0.8497375328083989,0.7387335995436395,0.8935872912406921,238.0,170.0,303.0,237.0,0.48096192384769537,0.316622691292876,0.8865433931350708,234.0,170.0,303.0,253.0,0.4821899736147757,0.31768796175575836,0.8913695812225342,240.0,172.0,303.0,255.0,0.0,0.0,0.913483738899231,182.0,168.0,307.0,237.0,0.7019468055936386,0.5407689057879171,0.890645444393158,238.0,170.0,307.0,253.0,0.0,0.0,0.9277836680412292,180.0,168.0,307.0,255.0,0.51295799821269,0.3449519230769231,0.8917161226272583,244.0,172.0,303.0,239.0,0.6995110943963896,0.5378831694621168,0.7010324001312256,198.0,170.0,303.0,237.0,0.4852306671091935,0.3203330411919369,0.8922774791717529,236.0,170.0,303.0,253.0
1696_pid-103582_pituitary.png,0.0,0.0,0.870998740196228,174.0,152.0,377.0,301.0,0.0,0.0,0.8646256923675537,172.0,152.0,377.0,303.0,0.0,0.0,0.8637014627456665,172.0,166.0,375.0,303.0,0.0,0.0,0.9780277609825134,172.0,158.0,285.0,303.0,0.0,0.0,0.8743059635162354,174.0,156.0,377.0,303.0,0.6213888888888889,0.45073544227281886,0.896557092666626,240.0,172.0,375.0,269.0,0.0,0.0,0.8645035028457642,172.0,154.0,379.0,303.0,0.0,0.0,0.8596411943435669,172.0,142.0,375.0,303.0,0.0,0.0,0.8680465221405029,172.0,152.0,373.0,303.0,0.0,0.0,0.8620517253875732,172.0,144.0,373.0,303.0,0.0,0.0,0.8720120191574097,180.0,156.0,377.0,297.0,0.0,0.0,0.8589850664138794,172.0,142.0,367.0,303.0,0.0,0.0,0.8620779514312744,172.0,148.0,377.0,303.0,0.565689742294088,0.39439844988550293,0.8785006999969482,240.0,164.0,377.0,269.0,0.0,0.0,0.9775002598762512,172.0,182.0,269.0,303.0,0.0,0.0,0.862159013748169,172.0,144.0,377.0,303.0,0.0,0.0,0.9780601859092712,174.0,182.0,267.0,301.0,0.6187249343106072,0.44793752503003603,0.8917110562324524,238.0,172.0,377.0,271.0,0.0,0.0,0.9667279720306396,172.0,196.0,249.0,303.0,0.0,0.0,0.862159013748169,172.0,144.0,377.0,303.0
1697_pid-103582_pituitary.png,0.5413563308506468,0.3711367911851653,0.8833017349243164,248.0,140.0,335.0,255.0,0.0,0.0,0.9430420398712158,174.0,212.0,231.0,301.0,0.0,0.0,0.9436006546020508,170.0,206.0,233.0,303.0,0.0,0.0,0.8765011429786682,100.0,208.0,159.0,267.0,0.5468224114036825,0.3762942779291553,0.8720919489860535,250.0,140.0,335.0,249.0,0.5473642489100278,0.37680763983628923,0.8750304579734802,248.0,138.0,335.0,247.0,0.5531744442219106,0.38233665559246954,0.9056769609451294,260.0,152.0,335.0,249.0,0.5536179595109241,0.38276053215077604,0.877500057220459,248.0,138.0,331.0,249.0,0.0,0.0,0.9282059073448181,172.0,208.0,265.0,303.0,0.0,0.0,0.9454103708267212,172.0,206.0,233.0,303.0,0.4621047348167977,0.3004786771105309,0.8110424876213074,248.0,138.0,339.0,251.0,0.0,0.0,0.9452323317527771,172.0,206.0,233.0,301.0,0.543807836188226,0.3734451054624121,0.8872425556182861,252.0,142.0,335.0,251.0,0.5499800876144962,0.37929140346058776,0.8854435682296753,250.0,142.0,335.0,249.0,0.0,0.0,0.9248238205909729,174.0,216.0,259.0,299.0,0.7907664989641906,0.653940283896231,0.8789613842964172,250.0,142.0,331.0,237.0,0.0,0.0,0.9396644830703735,172.0,204.0,233.0,301.0,0.8008398320335933,0.6678339169584793,0.8986417651176453,248.0,138.0,329.0,233.0,0.0,0.0,0.9432974457740784,174.0,208.0,231.0,301.0,0.550857598723574,0.3801266171208368,0.8960888981819153,252.0,142.0,329.0,245.0
1707_pid-103671_pituitary.png,0.41214331688478867,0.2595595189839211,0.8728644847869873,246.0,172.0,345.0,303.0,0.8383458646616542,0.7216828478964401,0.932159960269928,246.0,172.0,303.0,247.0,0.4345163850776732,0.27756048095031144,0.8625686168670654,246.0,172.0,339.0,301.0,0.39044229791560753,0.24257738471257106,0.7713006734848022,214.0,172.0,345.0,303.0,0.4451919730889688,0.2863324380781856,0.8542994856834412,244.0,172.0,339.0,299.0,0.4345163850776732,0.27756048095031144,0.8625686168670654,246.0,172.0,339.0,301.0,0.8246913580246914,0.7016806722689075,0.92607581615448,248.0,174.0,301.0,247.0,0.44550203134068483,0.2865890083632019,0.8549079298973083,244.0,170.0,339.0,299.0,0.4272535289540958,0.27166077738515904,0.8636316061019897,246.0,172.0,341.0,301.0,0.8366189576019444,0.7191272051996286,0.9331071972846985,246.0,172.0,303.0,243.0,0.797001873828857,0.6625129802699896,0.8631603717803955,244.0,172.0,351.0,301.0,0.8129536571747628,0.6848541862652869,0.9212843179702759,248.0,174.0,303.0,237.0,0.8391608391608392,0.7228915662650602,0.9331132173538208,246.0,172.0,303.0,245.0,0.4445734184561811,0.28582089552238804,0.8542949557304382,246.0,172.0,339.0,299.0,0.0,0.0,0.7951295375823975,214.0,170.0,307.0,265.0,0.8383458646616542,0.7216828478964401,0.932159960269928,246.0,172.0,303.0,247.0,0.40566536306944295,0.25444179262795014,0.8823570013046265,246.0,172.0,345.0,307.0,0.4272535289540958,0.27166077738515904,0.8636316061019897,246.0,172.0,341.0,301.0,0.8232133261687264,0.6995433789954338,0.8403862118721008,220.0,170.0,309.0,259.0,0.4272535289540958,0.27166077738515904,0.8636316061019897,246.0,172.0,341.0,301.0
1730_pid-104558_pituitary.png,0.792716042809222,0.656611096409985,0.9654787182807922,208.0,170.0,297.0,261.0,0.8189623770619764,0.6934261543884385,0.9590070247650146,208.0,170.0,303.0,279.0,0.7912579957356076,0.6546128064914447,0.9644338488578796,208.0,172.0,299.0,263.0,0.0,0.0,0.898922324180603,100.0,172.0,157.0,231.0,0.7912579957356076,0.6546128064914447,0.9644338488578796,208.0,172.0,299.0,263.0,0.7844083427162083,0.6452893436838391,0.96540766954422,208.0,172.0,297.0,261.0,0.7270679655386001,0.5711757940369814,0.9554914236068726,216.0,180.0,297.0,267.0,0.7473853134856954,0.596660187312246,0.9648181796073914,208.0,172.0,291.0,255.0,0.759666995289736,0.61247019341164,0.9649475812911987,208.0,172.0,293.0,255.0,0.7389118534241984,0.5859319631467045,0.9621411561965942,208.0,172.0,291.0,251.0,0.7964968152866242,0.661815295051601,0.9645484685897827,206.0,170.0,297.0,259.0,0.7650392327811683,0.6194846452523827,0.9655623435974121,208.0,172.0,293.0,259.0,0.790700154641924,0.6538495458153276,0.9634885787963867,208.0,172.0,299.0,267.0,0.7772322632856757,0.6356336039534063,0.9654667377471924,208.0,172.0,295.0,259.0,0.0,0.0,0.9054651260375977,96.0,170.0,159.0,233.0,0.8061444578883686,0.6752445580329602,0.9572057127952576,206.0,170.0,301.0,275.0,0.0,0.0,0.9063459634780884,102.0,172.0,155.0,231.0,0.7748215444516547,0.6324152542372882,0.9659217596054077,206.0,170.0,293.0,255.0,0.0,0.0,0.9054651260375977,96.0,170.0,159.0,233.0,0.798007630351844,0.6639040733556691,0.9605886340141296,206.0,170.0,299.0,267.0
1742_pid-104912_pituitary.png,0.0,0.0,0.8136676549911499,172.0,246.0,263.0,307.0,0.0,0.0,0.8189612627029419,172.0,246.0,261.0,307.0,0.0,0.0,0.853771448135376,172.0,246.0,263.0,303.0,0.0,0.0,0.7724443674087524,172.0,246.0,261.0,309.0,0.0,0.0,0.8538171052932739,172.0,246.0,255.0,303.0,0.0,0.0,0.8585971593856812,174.0,246.0,265.0,303.0,0.0,0.0,0.8468828201293945,174.0,248.0,259.0,303.0,0.0,0.0,0.8226299285888672,172.0,246.0,259.0,307.0,0.0,0.0,0.861475944519043,176.0,248.0,263.0,301.0,0.0,0.0,0.8716062903404236,174.0,248.0,249.0,303.0,0.0,0.0,0.8511494398117065,172.0,246.0,259.0,303.0,0.0,0.0,0.8585971593856812,174.0,246.0,265.0,303.0,0.0,0.0,0.8136676549911499,172.0,246.0,263.0,307.0,0.0,0.0,0.8468828201293945,174.0,248.0,259.0,303.0,0.0,0.0,0.9375615119934082,94.0,170.0,157.0,301.0,0.0,0.0,0.8189612627029419,172.0,246.0,261.0,307.0,0.0,0.0,0.9284895658493042,80.0,172.0,157.0,285.0,0.0,0.0,0.8447173833847046,174.0,248.0,263.0,303.0,0.0,0.0,0.8602479696273804,170.0,244.0,249.0,309.0,0.0,0.0,0.8136676549911499,172.0,246.0,263.0,307.0
1753_pid-105187_pituitary.png,0.0,0.0,0.8205440044403076,142.0,246.0,231.0,341.0,0.0,0.0,0.8040634393692017,142.0,246.0,231.0,343.0,0.0,0.0,0.8729565739631653,150.0,246.0,231.0,331.0,0.0,0.0,0.8799743056297302,164.0,246.0,231.0,333.0,0.0,0.0,0.8419703245162964,144.0,246.0,229.0,339.0,0.0,0.0,0.8707553148269653,152.0,246.0,231.0,335.0,0.0,0.0,0.8805158734321594,160.0,244.0,231.0,331.0,0.0,0.0,0.8023169040679932,138.0,248.0,229.0,345.0,0.0,0.0,0.841542661190033,148.0,248.0,229.0,339.0,0.0,0.0,0.842320442199707,144.0,244.0,231.0,339.0,0.0,0.0,0.842320442199707,144.0,244.0,231.0,339.0,0.0,0.0,0.8353906273841858,142.0,248.0,229.0,339.0,0.0,0.0,0.8503360152244568,150.0,246.0,231.0,339.0,0.0,0.0,0.8515698313713074,144.0,246.0,231.0,335.0,0.0,0.0,0.8690759539604187,164.0,248.0,229.0,335.0,0.0,0.0,0.8042439222335815,140.0,246.0,229.0,345.0,0.0,0.0,0.8178796172142029,140.0,256.0,227.0,345.0,0.0,0.0,0.8702923059463501,150.0,246.0,231.0,333.0,0.0,0.0,0.8351243138313293,150.0,246.0,231.0,341.0,0.0,0.0,0.8515698313713074,144.0,246.0,231.0,335.0
176_pid-97607_meningioma.png,0.9494212380473075,0.9037125748502994,0.9617207050323486,250.0,164.0,397.0,265.0,0.9490677011638093,0.9030721600381043,0.8844608068466187,252.0,150.0,395.0,267.0,0.9523809523809523,0.9090909090909091,0.9806894659996033,250.0,176.0,375.0,271.0,0.9500062648790878,0.9047732696897375,0.8964568376541138,248.0,154.0,387.0,279.0,0.9498872463041844,0.9045573848723455,0.8956016302108765,248.0,154.0,389.0,267.0,0.9520100502512563,0.9084152481419324,0.9807137250900269,260.0,166.0,379.0,269.0,0.9482887834124407,0.9016627078384798,0.8740041255950928,252.0,144.0,397.0,279.0,0.94859287054409,0.9022127052105638,0.8723989725112915,248.0,150.0,393.0,265.0,0.9518541797611565,0.9081314463900216,0.950021505355835,256.0,160.0,391.0,269.0,0.9525840441545409,0.9094610778443114,0.9708153605461121,250.0,164.0,379.0,265.0,0.5050927135022198,0.33787561146051714,0.876251220703125,250.0,148.0,407.0,263.0,0.9520927887039838,0.9085659287776708,0.9379976987838745,256.0,152.0,383.0,271.0,0.953195772521389,0.9105769230769231,0.9751335382461548,252.0,164.0,375.0,269.0,0.9492808478425435,0.9034582132564841,0.9748477935791016,250.0,168.0,391.0,265.0,0.8622820569410726,0.7579049466537342,0.8811386227607727,248.0,148.0,399.0,285.0,0.9298035457594633,0.8688157600179092,0.8816656470298767,248.0,148.0,393.0,265.0,0.9522847765715728,0.9089156626506024,0.9658366441726685,260.0,164.0,395.0,281.0,0.9520332368122876,0.9084574723690534,0.9318597316741943,252.0,154.0,383.0,269.0,0.947920569501686,0.9009971509971509,0.9003101587295532,246.0,156.0,395.0,271.0,0.9519146264908976,0.9082414949688549,0.9154247045516968,250.0,156.0,389.0,267.0
1778_pid-97461_pituitary.png,0.5397856446898344,0.36966192170818507,0.8489172458648682,252.0,212.0,339.0,271.0,0.5808925011501304,0.40933650313378,0.9014750123023987,260.0,208.0,341.0,279.0,0.4541955350269438,0.29382470119521914,0.7559598088264465,252.0,208.0,341.0,297.0,0.5849737532808399,0.41340134477162066,0.8772656321525574,264.0,208.0,341.0,285.0,0.5673385918784691,0.3960032626427406,0.8690934777259827,252.0,208.0,341.0,283.0,0.6016617024612008,0.4302690582959641,0.895095705986023,254.0,208.0,341.0,271.0,0.564344746162928,0.3930921052631579,0.7910050749778748,250.0,208.0,341.0,293.0,0.5255174593142676,0.356408058294042,0.8447418212890625,254.0,212.0,339.0,275.0,0.5778279084756687,0.40629956945388623,0.8515655398368835,256.0,208.0,341.0,285.0,0.5755647470569519,0.40406522224704045,0.8465847373008728,254.0,208.0,341.0,287.0,0.5823432095051887,0.41077869722045407,0.8955961465835571,254.0,208.0,341.0,279.0,0.5867716535433071,0.415199465121462,0.901097297668457,264.0,208.0,341.0,279.0,0.6048348870279665,0.4335220838052095,0.8965537548065186,256.0,208.0,341.0,269.0,0.5053613053613054,0.33811603243917654,0.778853714466095,252.0,212.0,339.0,291.0,0.0,0.0,0.9436160326004028,392.0,216.0,479.0,303.0,0.5795839380745041,0.4080381471389646,0.8416588306427002,252.0,208.0,341.0,285.0,0.6105696636925189,0.4394388460778502,0.8828061819076538,252.0,206.0,343.0,287.0,0.600445717924228,0.42902638762511375,0.9002724885940552,260.0,208.0,341.0,269.0,0.6312667702301935,0.46120511762278166,0.8413662314414978,254.0,206.0,343.0,293.0,0.5958829902491874,0.4243827160493827,0.898303747177124,254.0,208.0,341.0,275.0
177_pid-97607_meningioma.png,0.9647275329720888,0.9318585818684575,0.987303614616394,284.0,176.0,377.0,265.0,0.965059256232121,0.9324777887462982,0.9870105981826782,284.0,174.0,377.0,265.0,0.9650877909350756,0.9325310712172026,0.988061249256134,282.0,174.0,377.0,267.0,0.9639530174159578,0.9304143862392494,0.951561450958252,282.0,170.0,379.0,323.0,0.9651792096395384,0.932701795934478,0.9875176548957825,284.0,172.0,377.0,265.0,0.9657359108110872,0.9337420886075949,0.9884846806526184,284.0,174.0,375.0,265.0,0.9606616905386323,0.9243012422360248,0.944200873374939,282.0,172.0,387.0,329.0,0.965059256232121,0.9324777887462982,0.9870105981826782,284.0,174.0,377.0,265.0,0.9657646576465765,0.9337958374628345,0.9880155920982361,282.0,180.0,373.0,267.0,0.965059256232121,0.9324777887462982,0.9870105981826782,284.0,174.0,377.0,265.0,0.9627821842586943,0.928235294117647,0.9893263578414917,284.0,170.0,383.0,265.0,0.965742918498824,0.9337551908245996,0.9887372851371765,282.0,174.0,375.0,267.0,0.9655101831951693,0.9333201424614167,0.9887966513633728,284.0,176.0,375.0,265.0,0.9655101831951693,0.9333201424614167,0.9887966513633728,284.0,176.0,375.0,265.0,0.957271815446339,0.9180454020777222,0.9534894227981567,282.0,168.0,403.0,335.0,0.9630082543564659,0.9286556603773585,0.9872950911521912,284.0,174.0,379.0,265.0,0.9651091613956335,0.932570977917981,0.9893144369125366,280.0,174.0,377.0,269.0,0.965742918498824,0.9337551908245996,0.9887372851371765,282.0,174.0,375.0,267.0,0.9640889614364415,0.9306677171558007,0.9888210892677307,282.0,172.0,379.0,261.0,0.9630082543564659,0.9286556603773585,0.9872950911521912,284.0,174.0,379.0,265.0
1791_pid-97890_pituitary.png,0.5410903173311635,0.37088678192972674,0.8204610347747803,284.0,174.0,339.0,263.0,0.5466502260583641,0.376131221719457,0.8260277509689331,284.0,174.0,339.0,261.0,0.5466502260583641,0.376131221719457,0.8260277509689331,284.0,174.0,339.0,261.0,0.5982828739267962,0.4268214055448098,0.7698187828063965,280.0,172.0,341.0,261.0,0.5654761904761905,0.3941908713692946,0.8424704074859619,284.0,176.0,339.0,263.0,0.5410903173311635,0.37088678192972674,0.8204610347747803,284.0,174.0,339.0,263.0,0.5466502260583641,0.376131221719457,0.8260277509689331,284.0,174.0,339.0,261.0,0.5410903173311635,0.37088678192972674,0.8204610347747803,284.0,174.0,339.0,263.0,0.5466502260583641,0.376131221719457,0.8260277509689331,284.0,174.0,339.0,261.0,0.6020823902218199,0.43069948186528495,0.8356685042381287,284.0,176.0,335.0,263.0,0.6020823902218199,0.43069948186528495,0.8356685042381287,284.0,176.0,335.0,263.0,0.5466502260583641,0.376131221719457,0.8260277509689331,284.0,174.0,339.0,261.0,0.5410903173311635,0.37088678192972674,0.8204610347747803,284.0,174.0,339.0,263.0,0.5410903173311635,0.37088678192972674,0.8204610347747803,284.0,174.0,339.0,263.0,0.7934978928356412,0.6576846307385229,0.8951478004455566,284.0,174.0,339.0,235.0,0.5410903173311635,0.37088678192972674,0.8204610347747803,284.0,174.0,339.0,263.0,0.5555555555555556,0.38461538461538464,0.8184455037117004,282.0,174.0,339.0,255.0,0.5654761904761905,0.3941908713692946,0.8424704074859619,284.0,176.0,339.0,263.0,0.5999093792478477,0.4284789644012945,0.7676376700401306,280.0,172.0,343.0,261.0,0.5466502260583641,0.376131221719457,0.8260277509689331,284.0,174.0,339.0,261.0
1793_pid-97890_pituitary.png,0.8567870485678705,0.7494553376906318,0.916873037815094,280.0,172.0,341.0,231.0,0.8567870485678705,0.7494553376906318,0.916873037815094,280.0,172.0,341.0,231.0,0.8567870485678705,0.7494553376906318,0.916873037815094,280.0,172.0,341.0,231.0,0.0,0.0,0.9315819144248962,208.0,200.0,265.0,301.0,0.8573208722741433,0.7502726281352236,0.9127913117408752,282.0,172.0,341.0,231.0,0.8567870485678705,0.7494553376906318,0.916873037815094,280.0,172.0,341.0,231.0,0.8567870485678705,0.7494553376906318,0.916873037815094,280.0,172.0,341.0,231.0,0.8567870485678705,0.7494553376906318,0.916873037815094,280.0,172.0,341.0,231.0,0.8567870485678705,0.7494553376906318,0.916873037815094,280.0,172.0,341.0,231.0,0.8594628357276702,0.7535596933187295,0.9360990524291992,282.0,174.0,341.0,229.0,0.8567870485678705,0.7494553376906318,0.916873037815094,280.0,172.0,341.0,231.0,0.8567870485678705,0.7494553376906318,0.916873037815094,280.0,172.0,341.0,231.0,0.8567870485678705,0.7494553376906318,0.916873037815094,280.0,172.0,341.0,231.0,0.8567870485678705,0.7494553376906318,0.916873037815094,280.0,172.0,341.0,231.0,0.8567870485678705,0.7494553376906318,0.9181360602378845,278.0,172.0,341.0,231.0,0.8573208722741433,0.7502726281352236,0.9127913117408752,282.0,172.0,341.0,231.0,0.0,0.0,0.7623723149299622,208.0,238.0,267.0,303.0,0.8567870485678705,0.7494553376906318,0.916873037815094,280.0,172.0,341.0,231.0,0.8567870485678705,0.7494553376906318,0.916873037815094,280.0,172.0,341.0,231.0,0.8567870485678705,0.7494553376906318,0.916873037815094,280.0,172.0,341.0,231.0
1804_pid-98652_pituitary.png,0.0,0.0,0.9402559995651245,392.0,174.0,451.0,233.0,0.0,0.0,0.9394609332084656,392.0,174.0,447.0,231.0,0.0,0.0,0.9412530660629272,392.0,172.0,453.0,233.0,0.0,0.0,0.9352185726165771,68.0,288.0,119.0,375.0,0.0,0.0,0.9402675032615662,394.0,174.0,451.0,231.0,0.0,0.0,0.9406881928443909,390.0,172.0,453.0,233.0,0.0,0.0,0.9290165305137634,388.0,172.0,453.0,235.0,0.0,0.0,0.9395195841789246,392.0,174.0,451.0,231.0,0.0,0.0,0.9394609332084656,392.0,174.0,447.0,231.0,0.0,0.0,0.9395195841789246,392.0,174.0,451.0,231.0,0.0,0.0,0.9368849992752075,392.0,174.0,447.0,235.0,0.0,0.0,0.9408062696456909,392.0,172.0,451.0,231.0,0.0,0.0,0.9394609332084656,392.0,174.0,447.0,231.0,0.0,0.0,0.9395195841789246,392.0,174.0,451.0,231.0,0.0,0.0,0.9434905052185059,62.0,286.0,121.0,379.0,0.0,0.0,0.9395195841789246,392.0,174.0,451.0,231.0,0.0,0.0,0.9078837633132935,292.0,30.0,395.0,111.0,0.0,0.0,0.9395195841789246,392.0,174.0,451.0,231.0,0.0,0.0,0.9406881928443909,390.0,172.0,453.0,233.0,0.0,0.0,0.9394609332084656,392.0,174.0,447.0,231.0
1806_pid-98871_pituitary.png,0.0,0.0,0.9375239014625549,392.0,246.0,451.0,303.0,0.0,0.0,0.7607752084732056,352.0,428.0,411.0,485.0,0.0,0.0,0.9375239014625549,392.0,246.0,451.0,303.0,0.0,0.0,0.9337809681892395,108.0,248.0,179.0,361.0,0.0,0.0,0.9060761332511902,358.0,102.0,411.0,165.0,0.0,0.0,0.9375239014625549,392.0,246.0,451.0,303.0,0.0,0.0,0.920853853225708,356.0,100.0,413.0,171.0,0.0,0.0,0.9375239014625549,392.0,246.0,451.0,303.0,0.0,0.0,0.9375239014625549,392.0,246.0,451.0,303.0,0.0,0.0,0.9054535031318665,358.0,102.0,411.0,167.0,0.0,0.0,0.9375239014625549,392.0,246.0,451.0,303.0,0.0,0.0,0.9375239014625549,392.0,246.0,451.0,303.0,0.0,0.0,0.9128764867782593,356.0,100.0,413.0,163.0,0.0,0.0,0.9083854556083679,358.0,102.0,411.0,163.0,0.0,0.0,0.9113044738769531,102.0,232.0,187.0,375.0,0.0,0.0,0.9335834980010986,390.0,244.0,451.0,303.0,0.0,0.0,0.9402927160263062,106.0,248.0,175.0,365.0,0.0,0.0,0.9375239014625549,392.0,246.0,451.0,303.0,0.0,0.0,0.9154175519943237,104.0,246.0,181.0,373.0,0.0,0.0,0.9375239014625549,392.0,246.0,451.0,303.0
1807_pid-98871_pituitary.png,0.8813048933500628,0.7877972184836249,0.8840617537498474,284.0,182.0,339.0,265.0,0.8843274571359575,0.7926406926406926,0.8845670223236084,284.0,180.0,341.0,265.0,0.5885135135135136,0.4169459071325993,0.879392147064209,284.0,188.0,339.0,265.0,0.8340154615734425,0.7152886115444618,0.8932968974113464,282.0,174.0,343.0,267.0,0.8873414573489182,0.797496647295485,0.8864448070526123,284.0,180.0,339.0,265.0,0.5839758632249413,0.41240530303030304,0.8759458065032959,284.0,192.0,339.0,265.0,0.5745382585751979,0.4030541416011106,0.8671722412109375,284.0,190.0,341.0,267.0,0.8873414573489182,0.797496647295485,0.8864448070526123,284.0,180.0,339.0,265.0,0.8911664226451927,0.8036971830985915,0.8770971894264221,284.0,188.0,341.0,265.0,0.5885135135135136,0.4169459071325993,0.879392147064209,284.0,188.0,339.0,265.0,0.5899085675584151,0.4183477425552353,0.8798218965530396,284.0,184.0,339.0,265.0,0.5889114266396214,0.41734547196933397,0.8804699182510376,284.0,186.0,339.0,265.0,0.8873414573489182,0.797496647295485,0.8864448070526123,284.0,180.0,339.0,265.0,0.5889114266396214,0.41734547196933397,0.8804699182510376,284.0,186.0,339.0,265.0,0.8183641631379541,0.6925688419464353,0.9076193571090698,280.0,174.0,345.0,269.0,0.8886192671681631,0.7995633187772926,0.8824641704559326,284.0,182.0,341.0,265.0,0.8651844843897823,0.7624010004168403,0.8856163620948792,282.0,174.0,339.0,263.0,0.578441127694859,0.40690620625291646,0.8689602613449097,284.0,190.0,341.0,265.0,0.855410447761194,0.7473512632436837,0.8846974968910217,282.0,176.0,341.0,267.0,0.8886192671681631,0.7995633187772926,0.8824641704559326,284.0,182.0,341.0,265.0
1810_pid-98871_pituitary.png,0.7691946466306645,0.6249523082792827,0.9261956810951233,282.0,172.0,341.0,249.0,0.8146487294469357,0.6872635561160151,0.9254970550537109,282.0,172.0,341.0,247.0,0.7691946466306645,0.6249523082792827,0.9261956810951233,282.0,172.0,341.0,249.0,0.8454356846473029,0.7322551662174304,0.9282097816467285,282.0,174.0,339.0,237.0,0.8272198330381988,0.7053494391716998,0.9234169721603394,284.0,174.0,339.0,243.0,0.7544910179640718,0.6057692307692307,0.9330013990402222,282.0,172.0,341.0,255.0,0.8229665071770335,0.6991869918699187,0.9225634336471558,284.0,174.0,339.0,247.0,0.8229665071770335,0.6991869918699187,0.9225634336471558,284.0,174.0,339.0,247.0,0.7661365762394762,0.6209249431387415,0.9273837208747864,282.0,172.0,341.0,251.0,0.8272198330381988,0.7053494391716998,0.9234169721603394,284.0,174.0,339.0,243.0,0.7631027253668763,0.6169491525423729,0.9293856024742126,282.0,172.0,341.0,253.0,0.8221383647798742,0.6979923109782145,0.9213271141052246,284.0,174.0,339.0,249.0,0.8229665071770335,0.6991869918699187,0.9225634336471558,284.0,174.0,339.0,247.0,0.7781472684085511,0.6368584758942457,0.9230115413665771,284.0,174.0,339.0,253.0,0.8475836431226765,0.7354838709677419,0.9286436438560486,284.0,174.0,339.0,235.0,0.8398869185299409,0.7239698715108551,0.9286405444145203,284.0,174.0,339.0,239.0,0.7661365762394762,0.6209249431387415,0.9273837208747864,282.0,172.0,341.0,251.0,0.7661365762394762,0.6209249431387415,0.9273837208747864,282.0,172.0,341.0,251.0,0.8395512653274197,0.7234712230215827,0.931835949420929,282.0,172.0,341.0,235.0,0.8229665071770335,0.6991869918699187,0.9225634336471558,284.0,174.0,339.0,247.0
1811_pid-98871_pituitary.png,0.7431801425411649,0.5913179507235041,0.926654040813446,284.0,174.0,339.0,263.0,0.7431801425411649,0.5913179507235041,0.926654040813446,284.0,174.0,339.0,263.0,0.7291566265060241,0.5737580583996966,0.9325094223022461,282.0,180.0,341.0,267.0,0.7322033898305085,0.5775401069518716,0.9280916452407837,282.0,172.0,341.0,263.0,0.740813326800588,0.5883268482490273,0.9257179498672485,284.0,174.0,339.0,265.0,0.7282791817087846,0.572672218016654,0.9346051216125488,282.0,184.0,341.0,267.0,0.7399070222657206,0.5871844660194174,0.9295185208320618,284.0,180.0,339.0,265.0,0.7402692778457772,0.5876408861251458,0.9272064566612244,284.0,176.0,339.0,265.0,0.7394383394383395,0.5865943432777994,0.9299881458282471,282.0,180.0,339.0,265.0,0.7288053949903661,0.5733232284956423,0.9336110949516296,282.0,182.0,341.0,267.0,0.7399070222657206,0.5871844660194174,0.9295185208320618,284.0,180.0,339.0,265.0,0.7291566265060241,0.5737580583996966,0.9325094223022461,282.0,180.0,341.0,267.0,0.7431801425411649,0.5913179507235041,0.926654040813446,284.0,174.0,339.0,263.0,0.7277537277537277,0.5720226843100189,0.9374417066574097,282.0,192.0,341.0,267.0,0.7304347826086957,0.5753424657534246,0.9269813895225525,282.0,172.0,341.0,265.0,0.7402692778457772,0.5876408861251458,0.9272064566612244,284.0,176.0,339.0,265.0,0.7304347826086957,0.5753424657534246,0.9269813895225525,282.0,172.0,341.0,265.0,0.7402692778457772,0.5876408861251458,0.9272064566612244,284.0,176.0,339.0,265.0,0.7355874483094138,0.5817622162370142,0.928791344165802,282.0,172.0,341.0,261.0,0.7402692778457772,0.5876408861251458,0.9272064566612244,284.0,176.0,339.0,265.0
1815_pid-98874_pituitary.png,0.03628894214310168,0.018479776847977684,0.8532987833023071,238.0,172.0,303.0,231.0,0.043689320388349516,0.022332506203473945,0.8636062741279602,240.0,172.0,303.0,229.0,0.029221882432891606,0.014827586206896552,0.8562477231025696,240.0,172.0,303.0,231.0,0.0027126525867080024,0.0013581684128831976,0.8523344993591309,180.0,148.0,329.0,297.0,0.03628894214310168,0.018479776847977684,0.8532987833023071,238.0,172.0,303.0,231.0,0.029221882432891606,0.014827586206896552,0.8562477231025696,240.0,172.0,303.0,231.0,0.029221882432891606,0.014827586206896552,0.8562477231025696,240.0,172.0,303.0,231.0,0.03628894214310168,0.018479776847977684,0.8532987833023071,238.0,172.0,303.0,231.0,0.03628894214310168,0.018479776847977684,0.8532987833023071,238.0,172.0,303.0,231.0,0.029221882432891606,0.014827586206896552,0.8562477231025696,240.0,172.0,303.0,231.0,0.029221882432891606,0.014827586206896552,0.8562477231025696,240.0,172.0,303.0,231.0,0.03628894214310168,0.018479776847977684,0.8532987833023071,238.0,172.0,303.0,231.0,0.029221882432891606,0.014827586206896552,0.8562477231025696,240.0,172.0,303.0,231.0,0.029221882432891606,0.014827586206896552,0.8562477231025696,240.0,172.0,303.0,231.0,0.0031269000260575,0.00156589821661592,0.8571882247924805,168.0,160.0,315.0,303.0,0.029221882432891606,0.014827586206896552,0.8562477231025696,240.0,172.0,303.0,231.0,0.02229965156794425,0.01127554615926709,0.7905648350715637,222.0,172.0,303.0,231.0,0.03658982802780827,0.018635855385762207,0.8205127716064453,236.0,172.0,303.0,231.0,0.0,0.0,0.8743842244148254,184.0,170.0,307.0,303.0,0.029221882432891606,0.014827586206896552,0.8562477231025696,240.0,172.0,303.0,231.0
1839_pid-99223_pituitary.png,0.8994106090373281,0.8172081399500178,0.9574658274650574,248.0,174.0,339.0,229.0,0.9067142008318478,0.8293478260869566,0.953903317451477,250.0,174.0,335.0,229.0,0.8988808168073826,0.8163338088445078,0.957668125629425,250.0,174.0,339.0,229.0,0.9218274111675127,0.8549905838041432,0.8859362602233887,248.0,172.0,329.0,229.0,0.8988808168073826,0.8163338088445078,0.957668125629425,250.0,174.0,339.0,229.0,0.8994106090373281,0.8172081399500178,0.9574658274650574,248.0,174.0,339.0,229.0,0.9067142008318478,0.8293478260869566,0.953903317451477,250.0,174.0,335.0,229.0,0.8994106090373281,0.8172081399500178,0.9574658274650574,248.0,174.0,339.0,229.0,0.9059964377597467,0.8281476121562952,0.9540718793869019,248.0,172.0,335.0,229.0,0.9001179709005112,0.8183768323203432,0.9559881687164307,260.0,174.0,339.0,229.0,0.8925716513940339,0.8059859154929577,0.9564051628112793,252.0,172.0,339.0,231.0,0.9067142008318478,0.8293478260869566,0.953304648399353,248.0,174.0,335.0,229.0,0.9119521912350598,0.8381545221530575,0.9537655115127563,250.0,176.0,335.0,227.0,0.8925716513940339,0.8059859154929577,0.9564051628112793,252.0,172.0,339.0,231.0,0.8172833831303149,0.6910221531286436,0.8537353873252869,246.0,170.0,323.0,231.0,0.8988808168073826,0.8163338088445078,0.957668125629425,250.0,174.0,339.0,229.0,0.9022467481277099,0.821903052064632,0.9529463052749634,246.0,172.0,335.0,231.0,0.9103201431696162,0.8354014598540146,0.9587821364402771,248.0,172.0,339.0,229.0,0.8932682926829268,0.8071227080394923,0.9562264084815979,246.0,172.0,339.0,231.0,0.9067142008318478,0.8293478260869566,0.953304648399353,248.0,174.0,335.0,229.0
1844_pid-MR048294_glioma.png,0.8089474490577601,0.6791870337020839,0.9454280138015747,208.0,108.0,301.0,191.0,0.8068880688806888,0.6762886597938145,0.9404579401016235,212.0,104.0,301.0,191.0,0.8070175438596491,0.6764705882352942,0.9388572573661804,212.0,118.0,303.0,191.0,0.8094296577946768,0.6798671435871232,0.9327096343040466,208.0,104.0,303.0,195.0,0.8076331178824253,0.6773360867320599,0.9454917311668396,212.0,106.0,301.0,191.0,0.8071417577343389,0.6766451612903226,0.9455552101135254,212.0,116.0,301.0,191.0,0.8073311117843078,0.6769113538227076,0.929236114025116,204.0,116.0,303.0,195.0,0.8076331178824253,0.6773360867320599,0.9454917311668396,212.0,106.0,301.0,191.0,0.9437197167349981,0.8934368383909669,0.9513716101646423,208.0,126.0,301.0,191.0,0.8068880688806888,0.6762886597938145,0.9470700025558472,212.0,110.0,303.0,191.0,0.8083997547516861,0.6784152302546952,0.9459012746810913,208.0,108.0,299.0,191.0,0.8068286681021224,0.6762052075277133,0.9451643228530884,212.0,116.0,303.0,191.0,0.8075088475150023,0.6771612903225807,0.9476535320281982,212.0,108.0,301.0,191.0,0.8072604214736194,0.6768119680165076,0.9486870765686035,212.0,110.0,301.0,191.0,0.8094296577946768,0.6798671435871232,0.9327096343040466,208.0,104.0,303.0,195.0,0.8067640276710223,0.6761144035042514,0.9455673694610596,212.0,106.0,303.0,191.0,0.8073560446186313,0.6769464105156724,0.9337620735168457,204.0,108.0,303.0,195.0,0.8089506172839506,0.6791915003887017,0.9324880838394165,212.0,120.0,303.0,191.0,0.8074834037417019,0.6771255060728745,0.9298301339149475,206.0,102.0,303.0,195.0,0.8068880688806888,0.6762886597938145,0.939013659954071,214.0,106.0,301.0,191.0
1856_pid-MR048621B_glioma.png,0.0,0.0,0.8014034032821655,282.0,170.0,349.0,231.0,0.0,0.0,0.8220246434211731,282.0,172.0,363.0,231.0,0.0,0.0,0.8049213290214539,282.0,172.0,345.0,231.0,0.5094498615625376,0.3417864642222581,0.9281560778617859,108.0,254.0,335.0,411.0,0.0,0.0,0.8049213290214539,282.0,172.0,345.0,231.0,0.0,0.0,0.8176813125610352,282.0,172.0,345.0,229.0,0.0,0.0,0.8046531081199646,282.0,170.0,365.0,231.0,0.0,0.0,0.8120021224021912,284.0,172.0,345.0,229.0,0.0,0.0,0.8049213290214539,282.0,172.0,345.0,231.0,0.0,0.0,0.8049213290214539,282.0,172.0,345.0,231.0,0.0,0.0,0.8087029457092285,280.0,170.0,357.0,231.0,0.0,0.0,0.8127294778823853,282.0,172.0,347.0,229.0,0.0,0.0,0.8120021224021912,284.0,172.0,345.0,229.0,0.0,0.0,0.8056732416152954,284.0,174.0,345.0,229.0,0.39869249627457576,0.24897934678194045,0.9573241472244263,142.0,300.0,349.0,407.0,0.0,0.0,0.7997778654098511,282.0,172.0,347.0,231.0,0.4608358296911064,0.2994065471252632,0.9416333436965942,148.0,292.0,331.0,407.0,0.0,0.0,0.8095489740371704,284.0,172.0,343.0,229.0,0.0,0.0,0.8298026323318481,282.0,142.0,397.0,231.0,0.0,0.0,0.8049213290214539,282.0,172.0,345.0,231.0
1865_pid-MR048944_glioma.png,0.5890948745910578,0.41752975730406555,0.9879065752029419,208.0,174.0,303.0,277.0,0.5913469387755103,0.4197960129809921,0.9938241839408875,196.0,174.0,303.0,283.0,0.587850008187326,0.4162801484230056,0.9840570092201233,208.0,176.0,301.0,271.0,0.5922662750856583,0.4207232267037552,0.9966718554496765,190.0,168.0,303.0,283.0,0.5890179399094825,0.417452465605194,0.9873358607292175,208.0,180.0,303.0,279.0,0.5876316794934774,0.41606121502550625,0.9846758246421814,212.0,182.0,303.0,283.0,0.5897100501417049,0.41814809089503785,0.9888780117034912,204.0,174.0,303.0,277.0,0.5890179399094825,0.417452465605194,0.9860696792602539,208.0,174.0,301.0,277.0,0.5893577581506924,0.4177939244028755,0.9900178909301758,206.0,174.0,307.0,271.0,0.5911490936802569,0.41959663086314813,0.9925158023834229,184.0,180.0,303.0,275.0,0.5888191982547041,0.41725284068949525,0.9857643842697144,208.0,176.0,303.0,275.0,0.5927254933942261,0.42118683356513675,0.9973417520523071,184.0,172.0,311.0,283.0,0.5888191982547041,0.41725284068949525,0.9842698574066162,206.0,176.0,303.0,271.0,0.5919599630093021,0.42041415546283417,0.9836783409118652,212.0,184.0,303.0,271.0,0.5921174232128296,0.42057301722140705,0.9798495769500732,200.0,172.0,307.0,299.0,0.5909956992759541,0.4194420833011359,0.9936484694480896,198.0,174.0,303.0,283.0,0.5894025294374182,0.4178389240995517,0.9883477091789246,204.0,176.0,303.0,277.0,0.5919599630093021,0.42041415546283417,0.9838707447052002,212.0,182.0,303.0,269.0,0.5929145837861335,0.42137781896818044,0.9788693785667419,188.0,176.0,303.0,299.0,0.5888191982547041,0.41725284068949525,0.9851393103599548,206.0,174.0,303.0,271.0
1875_pid-MR048994_glioma.png,0.9141119340756364,0.8418104616496522,0.9833611845970154,144.0,248.0,269.0,373.0,0.9168741152926246,0.8465074357818837,0.9771868586540222,144.0,248.0,271.0,377.0,0.9352160247689637,0.8783152700678474,0.9451611042022705,140.0,216.0,281.0,373.0,0.5362507146198222,0.36635421104956684,0.9470622539520264,134.0,246.0,343.0,395.0,0.9141119340756364,0.8418104616496522,0.9833611845970154,144.0,248.0,269.0,373.0,0.8923695933323753,0.8056564608199274,0.9656068682670593,154.0,250.0,269.0,375.0,0.6600526422352703,0.49259595043819887,0.9206222891807556,144.0,246.0,309.0,391.0,0.9059719201107376,0.8281066425666516,0.9771960377693176,148.0,250.0,271.0,373.0,0.9180487804878049,0.848512173128945,0.9768974184989929,144.0,248.0,277.0,375.0,0.8905952022483188,0.8027684791459332,0.9777429103851318,150.0,252.0,263.0,367.0,0.9105498941564515,0.8357885223678265,0.9837351441383362,144.0,254.0,267.0,373.0,0.9145098039215687,0.8424855491329479,0.9824671149253845,144.0,248.0,271.0,373.0,0.9045027214250371,0.8256549232158988,0.9701946973800659,150.0,248.0,271.0,375.0,0.8945015220700152,0.8091386283452371,0.9680877923965454,152.0,250.0,269.0,375.0,0.4863424682070571,0.32130284294293404,0.9543481469154358,132.0,238.0,415.0,381.0,0.9146078431372549,0.8426519736247855,0.9828912615776062,144.0,246.0,269.0,373.0,0.7474786210070177,0.5967791317126937,0.9449121952056885,144.0,252.0,291.0,397.0,0.9163038692951132,0.8455357948903133,0.9730949997901917,148.0,248.0,297.0,371.0,0.3311029764762362,0.19839628917135615,0.9589337706565857,122.0,186.0,411.0,389.0,0.9082392386963167,0.8319031704453076,0.9728052020072937,148.0,248.0,271.0,375.0
1888_pid-MR048994B_glioma.png,0.11289138415029151,0.05982240937385573,0.935747504234314,106.0,188.0,233.0,361.0,0.11768966141589715,0.06252404771065795,0.9510457515716553,116.0,188.0,233.0,367.0,0.12599062879620523,0.06723052228670207,0.9169753193855286,108.0,182.0,231.0,331.0,0.14407842243246324,0.07763174057241125,0.9335445165634155,132.0,206.0,233.0,373.0,0.13063716902747885,0.06988326014779908,0.9482783079147339,116.0,202.0,233.0,363.0,0.1638806948541462,0.08925383791503035,0.9255899786949158,118.0,208.0,231.0,325.0,0.05970644725298176,0.030771862932003714,0.9036722779273987,110.0,108.0,233.0,371.0,0.11529019814132913,0.061171326231567194,0.9487967491149902,108.0,192.0,233.0,365.0,0.11145768351008525,0.05901783748073112,0.8930407762527466,126.0,208.0,231.0,317.0,0.10707004811220745,0.056563132727351056,0.9405863881111145,106.0,180.0,233.0,361.0,0.12121505272322725,0.06451779002111117,0.9402179718017578,110.0,188.0,233.0,351.0,0.16568231271370842,0.09032367395356719,0.9255071878433228,124.0,208.0,231.0,335.0,0.12855884942764895,0.06869510664993726,0.9507078528404236,112.0,204.0,233.0,367.0,0.14342179559570864,0.07725060827250609,0.9306002855300903,120.0,196.0,231.0,327.0,0.0696693010051408,0.03609189919707449,0.9574708938598633,134.0,186.0,331.0,367.0,0.11735430249340566,0.06233477847097388,0.9457382559776306,116.0,188.0,231.0,357.0,0.055292802476567204,0.0284324563342914,0.8861578702926636,104.0,102.0,235.0,373.0,0.13748378728923477,0.07381615598885793,0.9426186680793762,112.0,208.0,231.0,355.0,0.062351217725691264,0.03217880262722676,0.9611127972602844,134.0,164.0,325.0,371.0,0.12448740480374927,0.0663751366546931,0.9486608505249023,110.0,202.0,231.0,363.0
1897_pid-MR048944B_glioma.png,0.9205219454329775,0.8527472527472527,0.9504560232162476,246.0,208.0,343.0,301.0,0.9273453093812375,0.8645329363602531,0.9516522884368896,250.0,212.0,345.0,297.0,0.9221010901883052,0.8554615667524825,0.9505741000175476,248.0,212.0,343.0,301.0,0.1841469134466212,0.10141068944963243,0.927073061466217,180.0,170.0,411.0,303.0,0.9276867758689572,0.8651266766020864,0.9529474377632141,250.0,212.0,343.0,295.0,0.9275304451986425,0.8648548026805659,0.9516811966896057,250.0,212.0,343.0,299.0,0.9262654444001595,0.8626577579806979,0.9512320756912231,250.0,212.0,341.0,301.0,0.9254324915490157,0.8612139156180607,0.9511620402336121,248.0,208.0,345.0,297.0,0.9265355279004416,0.8631264023934181,0.9532197117805481,252.0,212.0,341.0,301.0,0.9291338582677166,0.8676470588235294,0.9534804224967957,252.0,212.0,341.0,291.0,0.9223454833597464,0.8558823529411764,0.95173579454422,246.0,208.0,343.0,295.0,0.926037282020445,0.8622620380739082,0.9530428051948547,252.0,212.0,343.0,301.0,0.9264086625225586,0.8629062383264848,0.952827513217926,252.0,212.0,345.0,299.0,0.9275304451986425,0.8648548026805659,0.9523480534553528,250.0,212.0,343.0,297.0,0.5819356441794011,0.4103732258629753,0.9381605386734009,188.0,212.0,347.0,303.0,0.9275304451986425,0.8648548026805659,0.9523480534553528,250.0,212.0,343.0,297.0,0.4996970309028479,0.3330640818524502,0.9330742359161377,188.0,208.0,345.0,301.0,0.9275304451986425,0.8648548026805659,0.9516811966896057,250.0,212.0,343.0,299.0,0.2466415386102252,0.14066806305809723,0.9190759658813477,240.0,168.0,411.0,299.0,0.9257120095598487,0.8616981831664813,0.9514774680137634,250.0,212.0,343.0,301.0
1901_pid-MR049358_glioma.png,0.9488340309216708,0.9026491142532098,0.9686273336410522,156.0,144.0,261.0,231.0,0.9295165182657902,0.8683146766169154,0.9688109755516052,142.0,142.0,263.0,233.0,0.953875171467764,0.9118177347975742,0.9702443480491638,166.0,140.0,263.0,231.0,0.0,0.0,0.9319860339164734,352.0,172.0,411.0,251.0,0.9230007427581084,0.8570114942528736,0.9638074636459351,148.0,148.0,259.0,231.0,0.9459804338579328,0.897497982243745,0.9711123704910278,156.0,142.0,261.0,231.0,0.9317142144223571,0.8721582061663034,0.9670912623405457,168.0,144.0,261.0,233.0,0.9521276595744681,0.9086294416243654,0.9684935212135315,160.0,144.0,261.0,231.0,0.9382258878976604,0.8836398224476855,0.9707837700843811,152.0,140.0,263.0,231.0,0.9438486869880942,0.8936680524464343,0.9624541401863098,166.0,148.0,259.0,229.0,0.7886908937842009,0.6511062203173867,0.9321492910385132,108.0,140.0,263.0,233.0,0.9395395901846699,0.8859732824427481,0.9715299606323242,150.0,142.0,263.0,231.0,0.9413556740289414,0.8892086330935252,0.968018114566803,148.0,144.0,261.0,231.0,0.9396900269541779,0.8862408643152209,0.9707830548286438,158.0,140.0,265.0,233.0,0.0,0.0,0.9310531616210938,352.0,174.0,411.0,251.0,0.9192475149921958,0.8505624809972636,0.9649708271026611,144.0,148.0,259.0,231.0,0.9607722685388328,0.9245059956088498,0.9703928828239441,166.0,142.0,263.0,223.0,0.9395395901846699,0.8859732824427481,0.9715299606323242,150.0,142.0,263.0,231.0,0.0,0.0,0.9545553922653198,170.0,282.0,279.0,361.0,0.9371005718129836,0.8816455696202532,0.9711262583732605,148.0,142.0,263.0,231.0
1910_pid-MR049104B_glioma.png,0.025321349183338164,0.012823022709475333,0.8029976487159729,102.0,164.0,327.0,271.0,0.0,0.0,0.8904783129692078,172.0,392.0,231.0,451.0,0.24196018376722817,0.13763066202090593,0.6587501764297485,208.0,190.0,307.0,269.0,0.08313835253985262,0.0433721195528177,0.8919322490692139,76.0,140.0,425.0,307.0,0.005689515036575454,0.0028528732509169948,0.8387681245803833,110.0,176.0,303.0,269.0,0.0,0.0,0.9027436375617981,282.0,282.0,341.0,343.0,0.0,0.0,0.8426988124847412,124.0,158.0,319.0,271.0,0.00305537873965627,0.0015300267754685707,0.8270205855369568,106.0,174.0,303.0,269.0,0.19377568995889607,0.10728218465539661,0.6914049386978149,206.0,188.0,317.0,269.0,0.0,0.0,0.7487998008728027,196.0,182.0,299.0,267.0,0.001160261058738216,0.0005804672761573066,0.8571605682373047,108.0,180.0,307.0,269.0,0.03622771707878091,0.018448023426061493,0.815915584564209,110.0,182.0,327.0,271.0,0.05967665240133143,0.030756034799656905,0.8206336498260498,104.0,174.0,319.0,271.0,0.8927536231884058,0.806282722513089,0.8658962845802307,246.0,206.0,303.0,267.0,0.037335637759861734,0.01902293559620542,0.9671959280967712,80.0,70.0,425.0,379.0,0.0037538544040756133,0.001880456682337139,0.8352041244506836,108.0,176.0,303.0,269.0,0.0031876743259397,0.0015963815351869098,0.8302053809165955,106.0,176.0,303.0,269.0,0.33078281341965865,0.19816643159379407,0.7026158571243286,216.0,188.0,303.0,269.0,0.10405762845404919,0.05488438362670308,0.9171943664550781,90.0,138.0,419.0,283.0,0.01073926073926074,0.005398618957940992,0.8238853216171265,102.0,176.0,307.0,271.0
1911_pid-MR049104B_glioma.png,0.9053221288515406,0.827021494370522,0.9590593576431274,248.0,238.0,301.0,301.0,0.9066517607602013,0.8292433537832311,0.9582998752593994,246.0,232.0,301.0,301.0,0.906058921623124,0.8282520325203252,0.9399861097335815,246.0,222.0,303.0,303.0,0.9053221288515406,0.827021494370522,0.9578232765197754,248.0,244.0,301.0,301.0,0.9065628476084538,0.8290946083418108,0.9443707466125488,246.0,224.0,303.0,303.0,0.906058921623124,0.8282520325203252,0.9399861097335815,246.0,222.0,303.0,303.0,0.9053221288515406,0.827021494370522,0.9578232765197754,248.0,244.0,301.0,301.0,0.9059350503919373,0.8280450358239508,0.9590581655502319,248.0,236.0,301.0,301.0,0.906547285954113,0.8290685772773797,0.958625316619873,248.0,234.0,301.0,301.0,0.9080779944289693,0.8316326530612245,0.9467999935150146,248.0,224.0,301.0,301.0,0.9065628476084538,0.8290946083418108,0.9443707466125488,246.0,224.0,303.0,303.0,0.906547285954113,0.8290685772773797,0.958625316619873,248.0,234.0,301.0,301.0,0.9059350503919373,0.8280450358239508,0.9590581655502319,248.0,236.0,301.0,301.0,0.906547285954113,0.8290685772773797,0.9579726457595825,248.0,232.0,301.0,301.0,0.0,0.0,0.8508403301239014,176.0,138.0,255.0,191.0,0.9053221288515406,0.827021494370522,0.9590593576431274,248.0,238.0,301.0,301.0,0.9053221288515406,0.827021494370522,0.9578232765197754,248.0,244.0,301.0,301.0,0.9066666666666666,0.8292682926829268,0.9343734979629517,246.0,220.0,303.0,303.0,0.9049217002237137,0.8263534218590398,0.9575212001800537,246.0,238.0,303.0,303.0,0.9059350503919373,0.8280450358239508,0.9590581655502319,248.0,236.0,301.0,301.0
1917_pid-MR049453_glioma.png,0.6789097235646627,0.5139010828211882,0.911430835723877,168.0,278.0,269.0,375.0,0.5569328090271841,0.3859368520822226,0.9240081310272217,154.0,214.0,283.0,377.0,0.6202466598150052,0.4495344506517691,0.9345534443855286,148.0,278.0,285.0,375.0,0.5289301957682421,0.3595547908377245,0.9300505518913269,144.0,208.0,297.0,371.0,0.6318912237330037,0.46187206360679434,0.9183834791183472,174.0,280.0,275.0,375.0,0.6341604823747681,0.46430087443755835,0.9304817914962769,158.0,282.0,285.0,375.0,0.5507970984795705,0.3800690006221368,0.9257888197898865,142.0,220.0,291.0,373.0,0.6321218074656189,0.4621184919210054,0.9168842434883118,170.0,280.0,275.0,375.0,0.6575418994413408,0.48980441115272577,0.9171158075332642,144.0,280.0,271.0,375.0,0.6312556640821669,0.4611932612374016,0.9076248407363892,160.0,220.0,269.0,375.0,0.6915044475957199,0.5284729064039408,0.912513017654419,160.0,280.0,269.0,375.0,0.5394599972864186,0.36935653681798475,0.9096659421920776,166.0,216.0,287.0,377.0,0.5841119365571305,0.41254104165325434,0.9164490699768066,158.0,218.0,277.0,375.0,0.6532223774524691,0.48502615911961033,0.9187595844268799,160.0,282.0,275.0,375.0,0.5297661514070551,0.36032781581927,0.9396026134490967,144.0,208.0,299.0,373.0,0.6101553103592533,0.439009707276695,0.8823609352111816,168.0,216.0,269.0,375.0,0.5387130146906683,0.368656547349343,0.9085886478424072,154.0,216.0,295.0,377.0,0.633660001132952,0.46376451077943615,0.9318018555641174,154.0,284.0,291.0,375.0,0.5535640538531428,0.3827089995431704,0.9227958917617798,144.0,208.0,287.0,371.0,0.6238194410810287,0.4532976701625959,0.9042764902114868,156.0,216.0,269.0,375.0
1924_pid-MR024780G_glioma.png,0.6224918338777414,0.4518970189701897,0.8733567595481873,208.0,318.0,301.0,377.0,0.6224918338777414,0.4518970189701897,0.8733567595481873,208.0,318.0,301.0,377.0,0.6427333974975938,0.4735498510849525,0.8731926679611206,208.0,320.0,301.0,377.0,0.0,0.0,0.8930047154426575,314.0,172.0,411.0,329.0,0.60140383715489,0.4300053533190578,0.8713371753692627,208.0,318.0,299.0,377.0,0.5871141495753056,0.4155425219941349,0.8593106865882874,212.0,320.0,297.0,375.0,0.5327014218009478,0.36304909560723514,0.8622990846633911,208.0,318.0,291.0,377.0,0.6224918338777414,0.4518970189701897,0.8733567595481873,208.0,318.0,301.0,377.0,0.5991516436903499,0.42770628311884934,0.8535187244415283,214.0,324.0,301.0,373.0,0.5327014218009478,0.36304909560723514,0.8622990846633911,208.0,318.0,291.0,377.0,0.5850932853489914,0.413520749665328,0.871273398399353,208.0,318.0,297.0,377.0,0.6170458119299717,0.44617950272892665,0.8601906299591064,212.0,324.0,299.0,375.0,0.5748537450848759,0.4033647375504711,0.8751814365386963,208.0,318.0,295.0,377.0,0.5748537450848759,0.4033647375504711,0.8751814365386963,208.0,318.0,295.0,377.0,0.662321943953077,0.49512806236080176,0.878185510635376,208.0,318.0,307.0,377.0,0.60140383715489,0.4300053533190578,0.8713371753692627,208.0,318.0,299.0,377.0,0.6373153860534679,0.4676910412951022,0.8747074007987976,208.0,318.0,303.0,377.0,0.6024762099662335,0.4311026504612681,0.8600096702575684,212.0,320.0,299.0,375.0,0.0,0.0,0.9353161454200745,324.0,160.0,409.0,269.0,0.6084224992637676,0.4372178329571106,0.8633552193641663,208.0,320.0,301.0,375.0
1936_pid-MR024780G_glioma.png,0.015944947969117152,0.008036545131545555,0.9416501522064209,212.0,320.0,271.0,377.0,0.019742345658357037,0.009969584319026698,0.941951334476471,212.0,320.0,283.0,375.0,0.0208350558081852,0.010527195254407219,0.9345496892929077,208.0,318.0,287.0,377.0,0.0,0.0,0.8290350437164307,352.0,172.0,413.0,235.0,0.015944947969117152,0.008036545131545555,0.9416501522064209,212.0,320.0,271.0,377.0,0.020369297010847064,0.0102894428643132,0.9335306882858276,208.0,318.0,281.0,377.0,0.018750518543101304,0.009463986599664992,0.9335045218467712,208.0,318.0,275.0,377.0,0.015944947969117152,0.008036545131545555,0.9416501522064209,212.0,320.0,271.0,377.0,0.021631439894319683,0.010933978799766297,0.9329754710197449,208.0,318.0,295.0,377.0,0.015786380048702663,0.007955988150655947,0.9432323575019836,212.0,320.0,271.0,375.0,0.015944947969117152,0.008036545131545555,0.9416501522064209,212.0,320.0,271.0,377.0,0.01957340025094103,0.009883426254434871,0.9405153393745422,212.0,320.0,281.0,377.0,0.015944947969117152,0.008036545131545555,0.9416501522064209,212.0,320.0,271.0,377.0,0.01957340025094103,0.009883426254434871,0.9405153393745422,212.0,320.0,281.0,377.0,0.021631439894319683,0.010933978799766297,0.9329754710197449,208.0,318.0,295.0,377.0,0.015944947969117152,0.008036545131545555,0.9416501522064209,212.0,320.0,271.0,377.0,0.0,0.0,0.8048379421234131,356.0,172.0,413.0,233.0,0.018750518543101304,0.009463986599664992,0.9335045218467712,208.0,318.0,275.0,377.0,0.0,0.0,0.8119144439697266,352.0,172.0,413.0,233.0,0.01875261615738803,0.009465055353671934,0.9409489631652832,212.0,320.0,277.0,377.0
1985_pid-MR049019C_glioma.png,0.7159691182446161,0.5575949367088607,0.9342696070671082,166.0,170.0,255.0,277.0,0.6769346356123216,0.511641113003975,0.8986660838127136,160.0,172.0,259.0,293.0,0.6718489727928928,0.5058528428093646,0.8872683048248291,158.0,172.0,263.0,293.0,0.34713226321224067,0.21001817355747388,0.9266390800476074,144.0,154.0,261.0,295.0,0.7454079453225118,0.5941436840313244,0.9343309998512268,168.0,180.0,259.0,293.0,0.741682559864378,0.5894240485011788,0.9313375949859619,168.0,170.0,263.0,267.0,0.4571004085675375,0.2962606323222597,0.8739416599273682,160.0,164.0,263.0,291.0,0.725211296639868,0.5688874514877102,0.9294000267982483,168.0,170.0,259.0,285.0,0.7193018063730465,0.561648177496038,0.9284037947654724,166.0,170.0,263.0,267.0,0.7469149166486252,0.5960608154803041,0.9388059377670288,168.0,180.0,255.0,293.0,0.8276509227400688,0.7059765208110993,0.9212946891784668,172.0,204.0,231.0,267.0,0.6732599365553275,0.5074542897327707,0.8872407078742981,160.0,166.0,263.0,283.0,0.7072831911093471,0.5471292600552656,0.9241747856140137,166.0,172.0,261.0,287.0,0.7258496395468589,0.5696734561914,0.9273765087127686,168.0,174.0,261.0,291.0,0.35609051516610496,0.2166119962511715,0.922173798084259,144.0,156.0,265.0,295.0,0.7404859170070952,0.5879139638101741,0.941371738910675,166.0,180.0,251.0,287.0,0.750054957133436,0.6000703482237073,0.9418732523918152,168.0,176.0,251.0,281.0,0.7198683669271905,0.5623393316195373,0.9400281310081482,166.0,172.0,251.0,279.0,0.2397149335924846,0.13617960986382038,0.8929385542869568,144.0,158.0,281.0,301.0,0.7267080745341615,0.5707317073170731,0.9395995140075684,166.0,174.0,259.0,269.0
1989_pid-MR026175C_glioma.png,0.0,0.0,0.7987852096557617,64.0,184.0,157.0,307.0,0.008220502901353965,0.004127215343529983,0.7856868505477905,68.0,192.0,155.0,307.0,0.2038096435531527,0.1134677306453871,0.8133726716041565,68.0,180.0,181.0,325.0,0.1481380065717415,0.07999408546503031,0.831929087638855,72.0,180.0,185.0,315.0,0.03315929284601997,0.016859165424739194,0.8017414808273315,64.0,188.0,175.0,309.0,0.0,0.0,0.7818448543548584,64.0,182.0,153.0,301.0,0.21766121880146966,0.12212112595962468,0.8138493895530701,72.0,182.0,183.0,327.0,0.00570409982174688,0.002860207365033965,0.7852556109428406,68.0,212.0,153.0,301.0,0.171712158808933,0.09391965255157438,0.8116126656532288,62.0,190.0,171.0,319.0,0.006995452955578874,0.00351000351000351,0.8192803859710693,70.0,216.0,155.0,307.0,0.0066314626059191945,0.003326761951700345,0.7882248759269714,64.0,192.0,155.0,303.0,0.0,0.0,0.9086140394210815,222.0,168.0,415.0,291.0,0.007418647782835947,0.003723134202064647,0.807546854019165,68.0,214.0,157.0,307.0,0.0,0.0,0.790379524230957,64.0,188.0,153.0,303.0,0.27042660882140274,0.15635451505016723,0.9101336002349854,80.0,174.0,197.0,335.0,0.0,0.0,0.8048596382141113,62.0,190.0,157.0,309.0,0.007706201083684527,0.0038680043515048955,0.7622858881950378,72.0,188.0,159.0,307.0,0.02870488322717622,0.014561433741168361,0.807134211063385,62.0,186.0,183.0,303.0,0.235967142577743,0.133765729807639,0.8930171728134155,76.0,176.0,203.0,329.0,0.0,0.0,0.7845426797866821,62.0,196.0,153.0,303.0
1991_pid-MR026175C_glioma.png,0.0,0.0,0.9423438310623169,188.0,208.0,303.0,287.0,0.0,0.0,0.9353169202804565,190.0,208.0,303.0,285.0,0.0,0.0,0.9334169626235962,186.0,208.0,303.0,291.0,0.0,0.0,0.824009358882904,382.0,246.0,451.0,317.0,0.0,0.0,0.9396985769271851,184.0,206.0,307.0,293.0,0.0,0.0,0.951755166053772,188.0,196.0,319.0,287.0,0.0,0.0,0.8602355122566223,358.0,244.0,451.0,309.0,0.0,0.0,0.8276718258857727,380.0,246.0,451.0,313.0,0.0,0.0,0.9334169626235962,186.0,208.0,303.0,291.0,0.0,0.0,0.8640795350074768,368.0,248.0,447.0,307.0,0.0,0.0,0.9395163059234619,186.0,206.0,307.0,293.0,0.0,0.0,0.8170475959777832,380.0,246.0,451.0,327.0,0.0,0.0,0.9388754367828369,186.0,206.0,303.0,291.0,0.0,0.0,0.8412078619003296,376.0,246.0,451.0,307.0,0.0,0.0,0.8299539089202881,376.0,246.0,451.0,325.0,0.0,0.0,0.8612546324729919,364.0,246.0,447.0,309.0,0.0,0.0,0.8448233604431152,364.0,244.0,453.0,329.0,0.0,0.0,0.8255890011787415,378.0,246.0,451.0,317.0,0.0,0.0,0.8517107963562012,358.0,244.0,451.0,317.0,0.0,0.0,0.9423438310623169,188.0,208.0,303.0,287.0
1993_pid-MR026175C_glioma.png,0.0,0.0,0.7736124396324158,318.0,282.0,375.0,339.0,0.0,0.0,0.7736124396324158,318.0,282.0,375.0,339.0,0.0,0.0,0.8004297018051147,316.0,282.0,377.0,341.0,0.0,0.0,0.7980923652648926,316.0,278.0,377.0,341.0,0.0,0.0,0.7736124396324158,318.0,282.0,375.0,339.0,0.0,0.0,0.8004297018051147,316.0,282.0,377.0,341.0,0.0,0.0,0.8059259653091431,316.0,280.0,377.0,341.0,0.0,0.0,0.8004297018051147,316.0,282.0,377.0,341.0,0.0,0.0,0.7832629084587097,318.0,282.0,377.0,341.0,0.0,0.0,0.7832629084587097,318.0,282.0,377.0,341.0,0.0,0.0,0.7736124396324158,318.0,282.0,375.0,339.0,0.0,0.0,0.8059259653091431,316.0,280.0,377.0,341.0,0.0,0.0,0.7832629084587097,318.0,282.0,377.0,341.0,0.0,0.0,0.7728546857833862,318.0,284.0,375.0,339.0,0.0,0.0,0.9434843063354492,68.0,176.0,147.0,255.0,0.0,0.0,0.7736124396324158,318.0,282.0,375.0,339.0,0.0,0.0,0.8383762240409851,314.0,280.0,379.0,343.0,0.0,0.0,0.7832629084587097,318.0,282.0,377.0,341.0,0.0,0.0,0.8059259653091431,316.0,280.0,377.0,341.0,0.0,0.0,0.7728546857833862,318.0,284.0,375.0,339.0
1998_pid-MR051461_glioma.png,0.48554730690254305,0.32060909470171045,0.8673352003097534,170.0,262.0,247.0,341.0,0.0,0.0,0.7557747960090637,62.0,196.0,135.0,267.0,0.6410947543023015,0.47177296307598415,0.9003945589065552,170.0,280.0,233.0,341.0,0.057857503789792826,0.029790555483283465,0.973285436630249,60.0,138.0,409.0,343.0,0.49734457981880664,0.330977130977131,0.8869245648384094,168.0,266.0,243.0,341.0,0.6642351426732461,0.49726951493735944,0.9040578007698059,170.0,282.0,231.0,341.0,0.3817859747837866,0.23593045717965228,0.8492692708969116,152.0,230.0,253.0,343.0,0.6642351426732461,0.49726951493735944,0.9040578007698059,170.0,282.0,231.0,341.0,0.4751117734724292,0.31157154026583267,0.8890032768249512,168.0,264.0,243.0,343.0,0.6642351426732461,0.49726951493735944,0.9040578007698059,170.0,282.0,231.0,341.0,0.4017171848575517,0.2513429920234413,0.8741660118103027,168.0,252.0,251.0,343.0,0.6642351426732461,0.49726951493735944,0.9040578007698059,170.0,282.0,231.0,341.0,0.41118335500650194,0.2587984940252087,0.8610212206840515,168.0,238.0,247.0,343.0,0.6642351426732461,0.49726951493735944,0.9040578007698059,170.0,282.0,231.0,341.0,0.597457627118644,0.4259818731117825,0.9078525900840759,164.0,278.0,235.0,343.0,0.6547066272688898,0.48666457483526826,0.905098557472229,170.0,280.0,231.0,341.0,0.0,0.0,0.75166255235672,68.0,212.0,149.0,265.0,0.6178699641005185,0.447041847041847,0.8988212943077087,170.0,280.0,233.0,343.0,0.6427990235964198,0.473621103117506,0.9027637839317322,168.0,280.0,233.0,341.0,0.4909004589333755,0.3252936241610738,0.8746427297592163,170.0,264.0,245.0,341.0
1999_pid-MR051461_glioma.png,0.9613957961258415,0.9256613756613756,0.9778644442558289,150.0,282.0,235.0,339.0,0.9623854465873342,0.9274980226733457,0.9787471294403076,150.0,280.0,233.0,341.0,0.9660439110868676,0.9343181218675811,0.9784446954727173,144.0,282.0,231.0,341.0,0.9587870434183322,0.9208366428382314,0.9778415560722351,150.0,284.0,237.0,339.0,0.9596696490020646,0.9224662609155861,0.9780555367469788,152.0,282.0,237.0,341.0,0.9642710472279261,0.9310071371927042,0.978981077671051,148.0,282.0,233.0,341.0,0.9526717557251908,0.9096209912536443,0.9794894456863403,152.0,284.0,233.0,339.0,0.9513618677042801,0.9072356215213359,0.9797096252441406,152.0,284.0,237.0,335.0,0.9669702324316977,0.9360526315789474,0.9778453707695007,140.0,282.0,235.0,341.0,0.9537396121883657,0.9115700291236432,0.9803515672683716,154.0,282.0,233.0,341.0,0.9642467248908297,0.9309617918313571,0.9788832664489746,148.0,280.0,235.0,339.0,0.9666348903717826,0.9354243542435424,0.9787519574165344,144.0,282.0,235.0,341.0,0.9613957961258415,0.9256613756613756,0.9787824749946594,150.0,282.0,233.0,341.0,0.958235699517574,0.9198200582164594,0.9790838360786438,152.0,282.0,233.0,341.0,0.9669824086603518,0.936075451925596,0.9439938068389893,140.0,266.0,285.0,347.0,0.9648571037877752,0.9321003963011889,0.9790722727775574,148.0,282.0,235.0,341.0,0.0,0.0,0.8749986886978149,356.0,172.0,413.0,231.0,0.9666348903717826,0.9354243542435424,0.9787519574165344,144.0,282.0,235.0,341.0,0.9563053097345132,0.9162692103868575,0.9792963862419128,150.0,284.0,229.0,339.0,0.9670748299319728,0.9362486828240253,0.978352427482605,142.0,282.0,235.0,341.0
2001_pid-MR051461_glioma.png,0.9133671519862968,0.8405480780890021,0.9468595385551453,110.0,256.0,269.0,345.0,0.7232514486248266,0.5664791613398108,0.9603893756866455,168.0,280.0,265.0,341.0,0.7251242767500611,0.5687803630784966,0.9596936702728271,168.0,280.0,265.0,343.0,0.25815410556942353,0.1482072015640719,0.9732043147087097,122.0,152.0,399.0,351.0,0.7251242767500611,0.5687803630784966,0.9596936702728271,168.0,280.0,265.0,343.0,0.7653697419303922,0.6199181794937356,0.9646210074424744,160.0,280.0,263.0,341.0,0.720804782038198,0.5634830180077501,0.9164630174636841,112.0,262.0,311.0,345.0,0.7966153846153846,0.6619790334952698,0.9654200077056885,154.0,280.0,265.0,343.0,0.8066214051415058,0.6759140884684224,0.9676719903945923,152.0,280.0,263.0,341.0,0.7079616782292699,0.5479417028892867,0.9574795961380005,170.0,280.0,265.0,341.0,0.25667655786350146,0.1472340425531915,0.9774426221847534,110.0,148.0,393.0,347.0,0.7326636422553467,0.5781130145742777,0.9626530408859253,166.0,280.0,265.0,341.0,0.8569150478399536,0.7496512365250475,0.9685755372047424,120.0,278.0,265.0,343.0,0.7777170091413391,0.6362822807466121,0.964614748954773,158.0,280.0,265.0,343.0,0.27410124204893777,0.15881652431011828,0.9640944004058838,142.0,160.0,403.0,345.0,0.7079616782292699,0.5479417028892867,0.9574795961380005,170.0,280.0,265.0,341.0,0.24595041322314048,0.14021862042970223,0.9790369868278503,116.0,142.0,407.0,351.0,0.7218954248366013,0.5648171823063155,0.9640082120895386,168.0,280.0,261.0,341.0,0.283224480142631,0.16497467308140643,0.9683279991149902,120.0,176.0,393.0,349.0,0.8492127425851337,0.7379406898307243,0.967810869216919,122.0,280.0,263.0,341.0
2003_pid-MR051461_glioma.png,0.4364842732960988,0.2791684572410829,0.9557564854621887,142.0,144.0,259.0,345.0,0.1995168071223391,0.11081292394818587,0.9649026393890381,142.0,148.0,335.0,407.0,0.5692946058091286,0.39791183294663574,0.9371632933616638,148.0,196.0,259.0,343.0,0.18778535746897995,0.10362202857312229,0.9686776399612427,140.0,144.0,345.0,407.0,0.3339489269566325,0.2004433911780445,0.9558557271957397,142.0,150.0,263.0,393.0,0.5386762824241015,0.368622144392263,0.7490020394325256,172.0,248.0,333.0,343.0,0.43821172501054406,0.2805833108290575,0.9546796679496765,140.0,148.0,261.0,345.0,0.9034508076358296,0.8239035821894878,0.9499199390411377,160.0,268.0,263.0,343.0,0.47120708748615725,0.3082216588192684,0.881216287612915,158.0,198.0,255.0,395.0,0.8936132983377078,0.8076862248932469,0.9552984833717346,154.0,260.0,261.0,345.0,0.886096807415036,0.7954881656804734,0.9623574614524841,170.0,280.0,263.0,343.0,0.3672879641670279,0.2249557522123894,0.8708072900772095,160.0,250.0,335.0,403.0,0.19440582772618584,0.10766861718509393,0.9709198474884033,144.0,148.0,343.0,405.0,0.5676389591412353,0.3962960056501609,0.7969121932983398,156.0,248.0,335.0,343.0,0.19256049645650497,0.10653772703262769,0.9740886688232422,142.0,148.0,343.0,399.0,0.1946222791293214,0.10780141843971631,0.9715827703475952,142.0,150.0,341.0,403.0,0.3291798750823891,0.1970169440583086,0.9556369781494141,140.0,148.0,261.0,395.0,0.526438569206843,0.35725593667546174,0.7584060430526733,170.0,248.0,341.0,345.0,0.4482505716381207,0.2888678825622776,0.9581930637359619,140.0,150.0,259.0,345.0,0.19267369658669214,0.10660703394998984,0.9713543057441711,142.0,150.0,343.0,405.0
2008_pid-MR051586_glioma.png,0.8488668194550547,0.7374184271651366,0.9444597959518433,102.0,148.0,233.0,233.0,0.8001858119317805,0.6669247787610619,0.9359061121940613,102.0,154.0,231.0,231.0,0.7594728171334432,0.6122177954847278,0.8809866905212402,106.0,164.0,231.0,233.0,0.0,0.0,0.8847911357879639,280.0,212.0,443.0,361.0,0.8375233074005015,0.7204646017699115,0.9400730133056641,104.0,154.0,233.0,233.0,0.7928638246692503,0.6568139045721244,0.9315413236618042,112.0,156.0,233.0,233.0,0.0,0.0,0.8426165580749512,278.0,212.0,447.0,365.0,0.8549367088607595,0.7466283440194561,0.942949652671814,102.0,144.0,233.0,233.0,0.8290786575093948,0.7080566622399291,0.938349723815918,110.0,154.0,233.0,233.0,0.7107178535749964,0.5512508301970335,0.870049238204956,106.0,164.0,231.0,231.0,0.8438618925831202,0.7298971352726469,0.9441505074501038,102.0,150.0,233.0,233.0,0.0,0.0,0.8196312785148621,282.0,220.0,437.0,345.0,0.8488823791632172,0.7374419119274176,0.9459682106971741,106.0,148.0,233.0,233.0,0.8221034797341327,0.6979420225713654,0.9335495233535767,104.0,156.0,233.0,233.0,0.0,0.0,0.836426854133606,280.0,212.0,447.0,357.0,0.8375233074005015,0.7204646017699115,0.9400730133056641,104.0,154.0,233.0,233.0,0.858224493658906,0.751657824933687,0.9423481225967407,104.0,142.0,233.0,233.0,0.7680872826457552,0.6234916417579984,0.934145450592041,116.0,156.0,233.0,233.0,0.0,0.0,0.8912708163261414,280.0,214.0,441.0,365.0,0.8555520404935147,0.7475674480318443,0.9433513283729553,104.0,144.0,233.0,233.0
200_pid-99089_meningioma.png,0.3544771808203351,0.21541918269905913,0.7461854815483093,166.0,214.0,281.0,335.0,0.19335903780859756,0.10702682041154361,0.8284607529640198,156.0,212.0,277.0,355.0,0.186128960779969,0.10261421939897386,0.9283838868141174,152.0,236.0,311.0,349.0,0.2493321460373998,0.14242115971515767,0.7505738139152527,154.0,208.0,287.0,331.0,0.808812729498164,0.6789971228935471,0.7875227928161621,170.0,214.0,259.0,329.0,0.7346669597713783,0.5806115357887421,0.8616189360618591,160.0,232.0,261.0,335.0,0.3859245630174793,0.2390994585351952,0.7491250038146973,160.0,216.0,279.0,333.0,0.3350670134026805,0.2012495494413072,0.7635197043418884,164.0,218.0,285.0,339.0,0.3802592676825108,0.2347655153046897,0.739772617816925,164.0,212.0,259.0,349.0,0.7369349503858875,0.583449720670391,0.8402631878852844,158.0,228.0,263.0,329.0,0.18111254851228978,0.09957325746799431,0.9262368679046631,150.0,222.0,291.0,363.0,0.18900826911177365,0.1043672734049823,0.8359583616256714,158.0,214.0,285.0,355.0,0.4245262933787524,0.2694594594594595,0.7707047462463379,168.0,214.0,261.0,331.0,0.7987421383647799,0.6649214659685864,0.8879799246788025,170.0,232.0,261.0,333.0,0.12890355252052482,0.0688919872057738,0.9300801753997803,148.0,208.0,315.0,351.0,0.3689909051537462,0.22623473181093998,0.758724570274353,168.0,212.0,263.0,331.0,0.1670478273839117,0.09113594445047195,0.8700956106185913,152.0,212.0,287.0,355.0,0.25121495327102805,0.14365113296280463,0.8023021221160889,150.0,214.0,285.0,335.0,0.17868538608806636,0.09810791871058164,0.8903212547302246,144.0,212.0,291.0,345.0,0.35750353463946677,0.2176586325627152,0.7650148868560791,170.0,212.0,263.0,333.0
2010_pid-MR051586_glioma.png,0.8043580131208997,0.6727415245933764,0.9254504442214966,112.0,170.0,229.0,259.0,0.8356663252532149,0.7177206529176033,0.9180150628089905,106.0,160.0,231.0,255.0,0.8529330762875241,0.7435774309723889,0.927722692489624,116.0,172.0,229.0,249.0,0.3962242497274344,0.2470571397903324,0.9528948664665222,108.0,170.0,309.0,303.0,0.8147875937086579,0.6874612427136302,0.921421229839325,120.0,170.0,231.0,237.0,0.7525722684958354,0.603299293008641,0.9211447238922119,140.0,174.0,229.0,239.0,0.8418544752092724,0.7268986989881019,0.9297694563865662,116.0,172.0,231.0,253.0,0.7705806740065948,0.6267842531139195,0.9333194494247437,110.0,170.0,231.0,261.0,0.7746738173377091,0.6322184478703946,0.9178889989852905,138.0,174.0,229.0,243.0,0.8291787303156557,0.7082026537997588,0.9244643449783325,112.0,170.0,231.0,243.0,0.8349104673169312,0.7166062726477571,0.9165103435516357,120.0,168.0,229.0,239.0,0.7242798353909465,0.567741935483871,0.9229788780212402,154.0,172.0,231.0,253.0,0.7951278559540021,0.6599271631294739,0.9149975776672363,126.0,172.0,231.0,235.0,0.8075131257856984,0.6771673074538013,0.9201005101203918,122.0,172.0,231.0,237.0,0.3812050433498345,0.23548692302493748,0.9527697563171387,108.0,168.0,315.0,307.0,0.8610157016683022,0.7559504577275175,0.9183974266052246,110.0,160.0,231.0,251.0,0.853177691309987,0.7439493327301515,0.9328679442405701,120.0,172.0,229.0,255.0,0.7931937172774869,0.6572668112798264,0.9165579080581665,138.0,174.0,229.0,251.0,0.7328738069989396,0.5783747593940916,0.9334390759468079,108.0,170.0,231.0,265.0,0.8582207284450236,0.7516520485401899,0.9258798956871033,118.0,168.0,229.0,247.0
2025_pid-MR051644_glioma.png,0.0,0.0,0.8726090788841248,102.0,138.0,197.0,229.0,0.0123730378578024,0.0062250301960419955,0.6758801937103271,112.0,294.0,233.0,413.0,0.0,0.0,0.739738941192627,222.0,214.0,343.0,307.0,0.0,0.0,0.8061267137527466,236.0,220.0,343.0,309.0,0.0,0.0,0.7332443594932556,224.0,214.0,341.0,307.0,0.0,0.0,0.7425873875617981,230.0,214.0,341.0,307.0,0.0,0.0,0.7399225831031799,216.0,208.0,343.0,307.0,0.0,0.0,0.7636477947235107,230.0,208.0,341.0,307.0,0.0,0.0,0.8747954368591309,282.0,392.0,341.0,451.0,0.0,0.0,0.8180686235427856,100.0,112.0,197.0,231.0,0.006878998417830364,0.003451370193967005,0.8212532997131348,102.0,282.0,223.0,405.0,0.0,0.0,0.7459670901298523,232.0,216.0,339.0,309.0,0.0,0.0,0.8726090788841248,102.0,138.0,197.0,229.0,0.008569353667392882,0.004303114287798118,0.7406842112541199,102.0,282.0,229.0,411.0,0.0,0.0,0.9250306487083435,230.0,196.0,357.0,375.0,0.007329766180458844,0.0036783638637534026,0.7624267339706421,104.0,282.0,227.0,409.0,0.0,0.0,0.9383473992347717,282.0,220.0,343.0,307.0,0.0,0.0,0.740654468536377,228.0,206.0,339.0,307.0,0.0,0.0,0.7528942823410034,220.0,206.0,343.0,311.0,0.0,0.0,0.8726090788841248,102.0,138.0,197.0,229.0
2035_pid-MR051651_glioma.png,0.8080840484401315,0.6779706634369533,0.942773699760437,136.0,252.0,223.0,343.0,0.8212441603147284,0.6967042136003337,0.9451918601989746,136.0,254.0,223.0,343.0,0.6838333535770679,0.5195644149132521,0.9048071503639221,128.0,228.0,229.0,343.0,0.6277998743981579,0.45751334858886344,0.9364727735519409,106.0,214.0,223.0,343.0,0.7846712508691958,0.645645263827082,0.9357739686965942,136.0,248.0,223.0,343.0,0.815235432864506,0.6880991004276655,0.953325629234314,136.0,266.0,223.0,341.0,0.6257895883249837,0.45538120145823424,0.8978399634361267,126.0,218.0,227.0,343.0,0.8308550185873605,0.7106518282988871,0.9505180716514587,136.0,260.0,223.0,343.0,0.7604786023636497,0.6135259978680564,0.9118877053260803,136.0,236.0,223.0,343.0,0.8241105064880703,0.7008400968247188,0.9467015266418457,136.0,256.0,223.0,341.0,0.8188280166435506,0.6932335241450169,0.9528031945228577,136.0,264.0,223.0,343.0,0.8188280166435506,0.6932335241450169,0.9528031945228577,136.0,264.0,223.0,343.0,0.8080840484401315,0.6779706634369533,0.942773699760437,136.0,252.0,223.0,343.0,0.8133836831474488,0.6854647720544701,0.9540798664093018,136.0,268.0,223.0,341.0,0.5965399913739398,0.4250495117120809,0.9410145878791809,106.0,214.0,229.0,347.0,0.8212441603147284,0.6967042136003337,0.9451918601989746,136.0,254.0,223.0,343.0,0.693647721273975,0.5309806034482759,0.9236668348312378,120.0,230.0,227.0,345.0,0.7950806320247598,0.6598621062592943,0.9459921717643738,138.0,254.0,227.0,341.0,0.614637789395071,0.44366576819407005,0.8978558778762817,126.0,212.0,227.0,343.0,0.8254442783590765,0.7027714932126696,0.9466732740402222,136.0,256.0,223.0,343.0
2040_pid-MR051796_glioma.png,0.7326523423740754,0.5780989438576987,0.9309837818145752,138.0,246.0,267.0,339.0,0.7382629802853591,0.5851163663663663,0.9327975511550903,138.0,246.0,265.0,339.0,0.6664454032525722,0.4997511199601792,0.9329670667648315,148.0,250.0,267.0,341.0,0.7133937109748552,0.5544770898915705,0.9350884556770325,136.0,238.0,265.0,339.0,0.7326523423740754,0.5780989438576987,0.9309837818145752,138.0,246.0,267.0,339.0,0.6736687835857352,0.5079189686924493,0.9567849040031433,154.0,260.0,267.0,341.0,0.7275145469659186,0.5717272014632871,0.9316903948783875,140.0,244.0,269.0,343.0,0.665890251421525,0.49912704118311596,0.9374584555625916,148.0,252.0,267.0,341.0,0.742662696724798,0.5906630581867388,0.9328114986419678,140.0,248.0,265.0,339.0,0.6475069774458776,0.47875069715560514,0.9555267095565796,164.0,260.0,267.0,339.0,0.6386424447260949,0.4691217544222613,0.9421650171279907,152.0,252.0,267.0,341.0,0.7437617062413148,0.5920546363986149,0.9335127472877502,142.0,248.0,267.0,341.0,0.7376214715409533,0.5843108504398827,0.9349550604820251,138.0,246.0,267.0,341.0,0.6807994174285945,0.5160696761530913,0.9502959251403809,152.0,256.0,267.0,341.0,0.7228699551569506,0.5660112359550562,0.9377850890159607,136.0,244.0,267.0,341.0,0.7382629802853591,0.5851163663663663,0.9327975511550903,138.0,246.0,265.0,339.0,0.7141564629953556,0.555399193170091,0.9255610704421997,142.0,244.0,267.0,339.0,0.7474783434199597,0.5967787778304121,0.9341030716896057,140.0,248.0,267.0,341.0,0.7164837651318022,0.5582194799471133,0.9363162517547607,136.0,240.0,265.0,339.0,0.7382629802853591,0.5851163663663663,0.9327975511550903,138.0,246.0,265.0,339.0
2042_pid-MR051796_glioma.png,0.0,0.0,0.897472083568573,244.0,172.0,315.0,229.0,0.0,0.0,0.8900877237319946,244.0,172.0,333.0,229.0,0.5927301153019348,0.4211915011803916,0.9239400029182434,204.0,278.0,265.0,339.0,0.0,0.0,0.8828265070915222,244.0,170.0,373.0,235.0,0.0,0.0,0.9046499729156494,244.0,172.0,349.0,233.0,0.0,0.0,0.8942264914512634,246.0,174.0,329.0,229.0,0.0,0.0,0.9034354090690613,240.0,170.0,361.0,233.0,0.0,0.0,0.9026663303375244,244.0,172.0,343.0,231.0,0.5844054580896686,0.41283393004681906,0.9137542247772217,204.0,280.0,267.0,341.0,0.0,0.0,0.8987240791320801,244.0,172.0,345.0,229.0,0.0,0.0,0.9025526642799377,244.0,172.0,349.0,239.0,0.0,0.0,0.8917996287345886,246.0,172.0,341.0,229.0,0.0,0.0,0.8916049599647522,244.0,172.0,333.0,231.0,0.5844054580896686,0.41283393004681906,0.9137542247772217,204.0,280.0,267.0,341.0,0.0,0.0,0.8980849981307983,244.0,170.0,357.0,233.0,0.0,0.0,0.8954513669013977,244.0,174.0,351.0,229.0,0.0,0.0,0.8877016305923462,244.0,172.0,309.0,231.0,0.0,0.0,0.9002677202224731,244.0,172.0,347.0,229.0,0.0,0.0,0.8842647075653076,240.0,170.0,373.0,237.0,0.600678623364033,0.4292642372176805,0.9192104935646057,202.0,280.0,267.0,341.0
2058_pid-MR051796B_glioma.png,0.0,0.0,0.9214942455291748,136.0,284.0,263.0,345.0,0.0,0.0,0.9310481548309326,128.0,222.0,361.0,361.0,0.0,0.0,0.8807834386825562,132.0,282.0,299.0,367.0,0.0,0.0,0.9463921785354614,120.0,212.0,411.0,367.0,0.0,0.0,0.9443756341934204,132.0,220.0,407.0,377.0,0.0,0.0,0.8523275256156921,134.0,284.0,287.0,359.0,0.0,0.0,0.9452148675918579,132.0,206.0,411.0,375.0,0.0,0.0,0.854739785194397,136.0,284.0,287.0,357.0,0.0,0.0,0.925199031829834,138.0,282.0,261.0,345.0,0.004732816025535194,0.0023720211827007944,0.8737900257110596,106.0,224.0,295.0,361.0,0.0,0.0,0.925494372844696,136.0,284.0,263.0,349.0,0.0,0.0,0.8810943365097046,136.0,284.0,291.0,359.0,0.0,0.0,0.8832181692123413,134.0,284.0,293.0,359.0,0.0,0.0,0.8907666206359863,134.0,282.0,295.0,359.0,0.0,0.0,0.9448235034942627,132.0,208.0,411.0,371.0,0.0,0.0,0.9455580711364746,132.0,218.0,397.0,379.0,0.0,0.0,0.9160709977149963,138.0,284.0,265.0,343.0,0.0,0.0,0.8764100074768066,136.0,284.0,293.0,361.0,0.0,0.0,0.9476892948150635,132.0,214.0,409.0,375.0,0.0,0.0,0.8911013603210449,136.0,282.0,281.0,351.0
2068_pid-MR051644C_glioma.png,0.633737965676015,0.4638480392156863,0.9346044063568115,254.0,248.0,341.0,341.0,0.9166860060338826,0.8461868037703514,0.9594448208808899,266.0,266.0,341.0,341.0,0.8639527525838431,0.7604901596732269,0.9424729943275452,252.0,260.0,341.0,341.0,0.0,0.0,0.9174519181251526,110.0,208.0,201.0,331.0,0.8268337037785412,0.7047881501894592,0.9446439146995544,256.0,256.0,341.0,341.0,0.9132569558101473,0.8403614457831325,0.9654425978660583,254.0,278.0,339.0,339.0,0.0,0.0,0.9097640514373779,132.0,212.0,219.0,333.0,0.7745208568207441,0.6320147194112236,0.9415978789329529,256.0,252.0,341.0,341.0,0.8487603305785124,0.7372577171572147,0.9407541155815125,250.0,260.0,341.0,341.0,0.919889502762431,0.8516624040920716,0.9513384699821472,254.0,266.0,341.0,341.0,0.738505236996272,0.5854207711792851,0.9392816424369812,252.0,250.0,341.0,339.0,0.9131757547390592,0.8402239448751077,0.9661267399787903,256.0,278.0,339.0,339.0,0.920431093785829,0.8525913338997451,0.9515201449394226,256.0,264.0,341.0,341.0,0.920431093785829,0.8525913338997451,0.9515201449394226,256.0,264.0,341.0,341.0,0.0,0.0,0.906068742275238,136.0,208.0,197.0,339.0,0.9168394379175305,0.8464483198638877,0.9583449959754944,270.0,260.0,341.0,341.0,0.0,0.0,0.9168007969856262,110.0,208.0,201.0,325.0,0.7862857142857143,0.647834274952919,0.9416801333427429,252.0,256.0,341.0,341.0,0.7967384973791497,0.6621490803484995,0.9440310597419739,256.0,254.0,341.0,341.0,0.776355421686747,0.6344615384615384,0.9407525658607483,254.0,256.0,343.0,341.0
2073_pid-MR051644C_glioma.png,0.0,0.0,0.9759959578514099,234.0,244.0,355.0,365.0,0.0,0.0,0.9603397250175476,278.0,310.0,355.0,373.0,0.0,0.0,0.9776531457901001,234.0,244.0,361.0,363.0,0.0,0.0,0.9572762846946716,256.0,268.0,391.0,373.0,0.0,0.0,0.9732809066772461,238.0,240.0,351.0,367.0,0.0,0.0,0.9807347059249878,238.0,240.0,371.0,367.0,0.0,0.0,0.9699056148529053,238.0,244.0,347.0,367.0,0.0,0.0,0.9783799052238464,238.0,244.0,359.0,371.0,0.0,0.0,0.9750485420227051,224.0,244.0,357.0,367.0,0.004993935934936149,0.0025032184236875982,0.9038508534431458,100.0,136.0,179.0,195.0,0.0,0.0,0.9642779231071472,238.0,240.0,341.0,363.0,0.0,0.0,0.9810333251953125,240.0,244.0,371.0,375.0,0.0,0.0,0.9779483675956726,240.0,244.0,357.0,367.0,0.0,0.0,0.9664320349693298,238.0,240.0,345.0,363.0,0.5201230769230769,0.3514637391882901,0.940354585647583,100.0,232.0,197.0,375.0,0.0,0.0,0.8685205578804016,240.0,244.0,303.0,309.0,0.0075386853590794865,0.003783604381015599,0.9019208550453186,100.0,136.0,203.0,195.0,0.0,0.0,0.9800865054130554,224.0,240.0,365.0,367.0,0.0,0.0,0.9832709431648254,244.0,244.0,375.0,361.0,0.0,0.0,0.9760218858718872,240.0,244.0,351.0,371.0
2080_pid-MR052585B_glioma.png,0.0,0.0,0.7895627617835999,132.0,172.0,307.0,279.0,0.0,0.0,0.7959927320480347,144.0,176.0,299.0,279.0,0.0,0.0,0.8097445964813232,140.0,174.0,301.0,283.0,0.025052310128371884,0.012685049967070412,0.8942402005195618,116.0,174.0,419.0,343.0,0.0,0.0,0.7891492247581482,142.0,172.0,303.0,279.0,0.0,0.0,0.7772347331047058,124.0,172.0,309.0,283.0,0.0,0.0,0.7823027968406677,110.0,174.0,303.0,287.0,0.0,0.0,0.8122605085372925,138.0,174.0,309.0,281.0,0.0,0.0,0.7570592164993286,126.0,172.0,301.0,275.0,0.01624107230212308,0.008187019135924246,0.9594905972480774,314.0,156.0,411.0,341.0,0.0,0.0,0.8133585453033447,136.0,174.0,313.0,281.0,0.05656281920326864,0.029104526640825176,0.9588057398796082,280.0,176.0,421.0,345.0,0.0,0.0,0.7982450723648071,136.0,172.0,303.0,283.0,0.0,0.0,0.8012391924858093,136.0,180.0,303.0,275.0,0.014820762449607734,0.007465704944554922,0.9315177202224731,110.0,150.0,431.0,373.0,0.0,0.0,0.7902547121047974,142.0,174.0,301.0,277.0,0.01436190043928612,0.007232889237199582,0.9548859000205994,132.0,142.0,439.0,361.0,0.0,0.0,0.8031042814254761,138.0,172.0,309.0,281.0,0.0,0.0,0.7841144800186157,126.0,176.0,291.0,295.0,0.0,0.0,0.7882391214370728,138.0,172.0,301.0,279.0
2086_pid-MR047953C_glioma.png,0.0,0.0,0.9007174968719482,330.0,212.0,415.0,303.0,0.0,0.0,0.902919352054596,334.0,214.0,413.0,303.0,0.0,0.0,0.8702479004859924,326.0,212.0,413.0,301.0,0.0,0.0,0.9043082594871521,330.0,214.0,423.0,307.0,0.0,0.0,0.8942033052444458,332.0,212.0,415.0,301.0,0.0,0.0,0.9037340879440308,332.0,212.0,413.0,311.0,0.0,0.0,0.9033646583557129,334.0,212.0,413.0,303.0,0.0,0.0,0.8837156295776367,328.0,212.0,415.0,301.0,0.0,0.0,0.9009831547737122,328.0,212.0,413.0,307.0,0.0,0.0,0.8337997198104858,334.0,216.0,409.0,299.0,0.0,0.0,0.9033646583557129,334.0,212.0,413.0,303.0,0.0,0.0,0.902564525604248,330.0,212.0,413.0,307.0,0.0,0.0,0.9007174968719482,330.0,212.0,415.0,303.0,0.0,0.0,0.8916568756103516,342.0,212.0,411.0,301.0,0.0,0.0,0.907725989818573,318.0,214.0,415.0,375.0,0.0,0.0,0.9063900709152222,334.0,212.0,415.0,303.0,0.0,0.0,0.8983996510505676,328.0,212.0,425.0,303.0,0.0,0.0,0.9041110873222351,328.0,212.0,415.0,307.0,0.0,0.0,0.8933661580085754,324.0,212.0,419.0,303.0,0.0,0.0,0.8981759548187256,330.0,212.0,413.0,303.0
2091_pid-MR053110B_glioma.png,0.0315061475409836,0.01600520494469746,0.9340851306915283,208.0,244.0,269.0,329.0,0.01582591493570722,0.007976071784646061,0.9233798384666443,206.0,240.0,269.0,323.0,0.0,0.0,0.9275102019309998,286.0,224.0,375.0,299.0,0.23768840730707785,0.13487308844395396,0.9834699630737305,128.0,102.0,413.0,377.0,0.0,0.0,0.9298943281173706,208.0,246.0,267.0,317.0,0.030205655526992288,0.01533442088091354,0.9291725158691406,208.0,244.0,267.0,329.0,0.0,0.0,0.9371721148490906,282.0,214.0,379.0,303.0,0.0,0.0,0.9344719052314758,212.0,246.0,265.0,311.0,0.026252518032360776,0.013300849410680188,0.9310594797134399,208.0,244.0,267.0,327.0,0.025013304949441192,0.01266504985179197,0.9277653694152832,212.0,246.0,265.0,327.0,0.013149784261351962,0.006618407445708376,0.9258479475975037,212.0,246.0,265.0,323.0,0.0,0.0,0.9391310811042786,208.0,246.0,267.0,311.0,0.027298942646587634,0.013838357588357589,0.9341040849685669,206.0,244.0,269.0,327.0,0.033749363219561894,0.017164324114256106,0.9329232573509216,208.0,244.0,267.0,331.0,0.2464113980409617,0.14051836204094897,0.9687686562538147,184.0,176.0,407.0,381.0,0.0,0.0,0.9391310811042786,208.0,246.0,267.0,311.0,0.24074694757002635,0.13684611616134124,0.9610259532928467,198.0,212.0,395.0,397.0,0.030205655526992288,0.01533442088091354,0.9291725158691406,208.0,244.0,267.0,329.0,0.22686863054858594,0.127948010202299,0.9317066073417664,206.0,224.0,381.0,375.0,0.027298942646587634,0.013838357588357589,0.9341040849685669,206.0,244.0,269.0,327.0
2100_pid-MR054875_glioma.png,0.0,0.0,0.8417016267776489,100.0,134.0,399.0,231.0,0.011358473421172195,0.0057116746630111945,0.8635596036911011,134.0,280.0,199.0,375.0,0.0,0.0,0.922967255115509,102.0,134.0,265.0,231.0,0.0,0.0,0.8561263084411621,254.0,132.0,403.0,227.0,0.0,0.0,0.8368856906890869,100.0,134.0,397.0,231.0,0.0,0.0,0.9080988168716431,102.0,140.0,261.0,231.0,0.0,0.0,0.6598712801933289,100.0,172.0,233.0,231.0,0.0,0.0,0.8237409591674805,102.0,136.0,347.0,231.0,0.0,0.0,0.8915499448776245,100.0,142.0,255.0,231.0,0.0,0.0,0.8064548373222351,100.0,136.0,355.0,231.0,0.0,0.0,0.9214167594909668,102.0,138.0,291.0,231.0,0.0,0.0,0.9103200435638428,102.0,138.0,261.0,231.0,0.0,0.0,0.8413623571395874,104.0,150.0,249.0,231.0,0.0,0.0,0.7813163995742798,100.0,138.0,361.0,231.0,0.0,0.0,0.873906135559082,246.0,132.0,403.0,229.0,0.0,0.0,0.8663765788078308,102.0,148.0,251.0,231.0,0.0,0.0,0.8941149115562439,100.0,126.0,405.0,231.0,0.0,0.0,0.9166684746742249,102.0,136.0,265.0,231.0,0.0,0.0,0.8594108819961548,104.0,134.0,407.0,229.0,0.0,0.0,0.841105043888092,100.0,150.0,251.0,229.0
2115_pid-MR034997_glioma.png,0.3950793367801747,0.24616751832926018,0.9494546055793762,110.0,138.0,309.0,267.0,0.3467158994899396,0.20971344210167694,0.9250613451004028,110.0,136.0,309.0,285.0,0.8644396771886812,0.7612450521770421,0.9702516198158264,202.0,168.0,301.0,267.0,0.2378447998282709,0.1349738092337678,0.9765083193778992,104.0,136.0,405.0,287.0,0.40571219333577446,0.25447864033073037,0.9418432116508484,116.0,138.0,309.0,267.0,0.4348679304525295,0.27784743467576106,0.9363287091255188,116.0,142.0,307.0,267.0,0.26476140409567733,0.15257925032361122,0.9691175222396851,108.0,136.0,399.0,269.0,0.39704722998638287,0.24769739783600106,0.9476897716522217,112.0,138.0,309.0,267.0,0.86359456421784,0.759935263441827,0.9436116814613342,200.0,170.0,309.0,267.0,0.369567392682032,0.22666830326091403,0.9379468560218811,110.0,138.0,307.0,281.0,0.3032293377120963,0.17870967741935484,0.964573323726654,110.0,136.0,377.0,267.0,0.35891289559781026,0.21870435434842683,0.9219279289245605,112.0,140.0,311.0,283.0,0.39704722998638287,0.24769739783600106,0.9476897716522217,112.0,138.0,309.0,267.0,0.4266461301501733,0.2711698482623593,0.9183747172355652,118.0,138.0,307.0,265.0,0.17644154975556156,0.09675672843495119,0.979856550693512,102.0,138.0,409.0,339.0,0.4032023289665211,0.25250683682771197,0.9429266452789307,116.0,136.0,309.0,267.0,0.2434736749582491,0.13861088871096877,0.9744762778282166,106.0,138.0,405.0,283.0,0.8851540616246498,0.7939698492462312,0.9193152189254761,150.0,150.0,309.0,267.0,0.24870931537598204,0.14201486798256857,0.9660310745239258,102.0,136.0,397.0,283.0,0.4182078961274251,0.264388660876205,0.9402626752853394,118.0,138.0,307.0,267.0
2118_pid-MR034997_glioma.png,0.8752444270629645,0.778164116828929,0.9576376676559448,202.0,172.0,269.0,233.0,0.875146771037182,0.7780097425191371,0.9593409299850464,206.0,172.0,267.0,233.0,0.0,0.0,0.8800042867660522,330.0,282.0,411.0,339.0,0.8749022673964034,0.7776233495482975,0.95802241563797,204.0,172.0,269.0,233.0,0.8749022673964034,0.7776233495482975,0.95802241563797,204.0,172.0,269.0,233.0,0.8749022673964034,0.7776233495482975,0.95802241563797,204.0,172.0,269.0,233.0,0.8752444270629645,0.778164116828929,0.9576376676559448,202.0,172.0,269.0,233.0,0.8749022673964034,0.7776233495482975,0.95802241563797,204.0,172.0,269.0,233.0,0.875,0.7777777777777778,0.9569526314735413,200.0,170.0,269.0,233.0,0.87421875,0.7765440666204025,0.9579543471336365,204.0,170.0,269.0,233.0,0.87421875,0.7765440666204025,0.9584603905677795,206.0,172.0,269.0,233.0,0.876905041031653,0.7807933194154488,0.9541218876838684,192.0,172.0,269.0,233.0,0.8752444270629645,0.778164116828929,0.9576376676559448,202.0,172.0,269.0,233.0,0.8749022673964034,0.7776233495482975,0.95802241563797,204.0,172.0,269.0,233.0,0.0,0.0,0.8907562494277954,320.0,284.0,407.0,357.0,0.8749022673964034,0.7776233495482975,0.95802241563797,204.0,172.0,269.0,233.0,0.876905041031653,0.7807933194154488,0.9553127884864807,196.0,172.0,269.0,233.0,0.0,0.0,0.875052809715271,328.0,284.0,411.0,339.0,0.8781446540880503,0.782761037140855,0.9569939970970154,204.0,172.0,269.0,231.0,0.8752444270629645,0.778164116828929,0.9576376676559448,202.0,172.0,269.0,233.0
2119_pid-MR029209E_glioma.png,0.10896493806424522,0.057621849672476966,0.9340237379074097,240.0,186.0,335.0,341.0,0.0,0.0,0.7385919094085693,176.0,356.0,267.0,413.0,0.06738894907908992,0.034869379975333556,0.9271966814994812,238.0,192.0,333.0,341.0,0.0,0.0,0.8449665904045105,390.0,212.0,447.0,297.0,0.045927601809954754,0.023503531318744934,0.9197546243667603,246.0,198.0,329.0,341.0,0.0452610351781313,0.023154516276937185,0.9274514317512512,244.0,198.0,331.0,341.0,0.00166270783847981,0.0008320456436467372,0.9196440577507019,246.0,202.0,329.0,341.0,0.07756537024829707,0.040347468282089384,0.912720799446106,244.0,190.0,329.0,343.0,0.0,0.0,0.8368604779243469,390.0,212.0,447.0,301.0,0.0016031146226955226,0.0008022003208801283,0.8996500372886658,232.0,202.0,327.0,341.0,0.0016439643024894317,0.0008226583617346339,0.9260330200195312,240.0,202.0,331.0,339.0,0.0,0.0,0.8993200063705444,246.0,206.0,323.0,341.0,0.08047827086686594,0.041926209870627694,0.906268298625946,244.0,190.0,325.0,341.0,0.0016538688718251624,0.000827618822416647,0.9284393191337585,244.0,202.0,331.0,341.0,0.0,0.0,0.80390864610672,378.0,208.0,451.0,303.0,0.06889034227163723,0.03567396703544818,0.9213108420372009,240.0,192.0,331.0,341.0,0.09838091706834755,0.051735343819056284,0.8952423930168152,248.0,188.0,317.0,335.0,0.05414150129421916,0.027823966300853563,0.9060941934585571,230.0,196.0,331.0,341.0,0.050160203292453874,0.025725294650951948,0.866341233253479,224.0,198.0,325.0,335.0,0.0,0.0,0.7365072965621948,180.0,356.0,267.0,413.0
211_pid-100360_meningioma.png,0.3169201154956689,0.18829772633697792,0.9330644607543945,138.0,214.0,267.0,399.0,0.3599861842673344,0.21950192176064867,0.905949592590332,138.0,230.0,265.0,399.0,0.30524909333842337,0.18011442987791143,0.9480896592140198,136.0,212.0,267.0,391.0,0.17209647495361782,0.09414964881653201,0.8760201930999756,126.0,182.0,381.0,415.0,0.3254586880920974,0.19435691778859926,0.9246872067451477,138.0,218.0,267.0,397.0,0.4257051189963128,0.2704100255505536,0.902694821357727,136.0,246.0,275.0,405.0,0.3208672493341836,0.19109105531230453,0.9369134902954102,138.0,212.0,265.0,407.0,0.28877876586789764,0.16875595049190734,0.9473005533218384,138.0,192.0,269.0,403.0,0.31398445765989275,0.18622868518999394,0.9414041638374329,138.0,208.0,269.0,405.0,0.40551696365649853,0.25432504104053544,0.925700843334198,136.0,246.0,265.0,391.0,0.32430999886419565,0.19353818346136467,0.9289634227752686,138.0,214.0,269.0,405.0,0.29820310922673127,0.1752283782180567,0.9461178779602051,134.0,198.0,283.0,405.0,0.29231507506684035,0.1711762344439984,0.9509134292602539,136.0,196.0,269.0,403.0,0.425400309273208,0.2701641006145853,0.9191354513168335,138.0,244.0,265.0,399.0,0.1710208521543539,0.093506179310901,0.8963350057601929,122.0,180.0,381.0,411.0,0.32756899237189985,0.1958639793676569,0.9239431023597717,138.0,218.0,265.0,399.0,0.2794344473007712,0.16240848647841027,0.9531712532043457,136.0,182.0,271.0,403.0,0.32884533775703095,0.1967773212059652,0.9241557121276855,138.0,216.0,267.0,405.0,0.2806935017807943,0.16325972249364862,0.9528982043266296,136.0,190.0,265.0,399.0,0.33353022248474107,0.20014177693761814,0.9199305772781372,138.0,218.0,269.0,403.0
2127_pid-MR029209E_glioma.png,0.328380706287683,0.19644467345098546,0.8891157507896423,280.0,136.0,341.0,199.0,0.33143471252015044,0.19863454849929152,0.8910502195358276,280.0,136.0,343.0,199.0,0.3273001508295626,0.1956717763751127,0.886705219745636,282.0,138.0,341.0,211.0,0.5729010422676051,0.40144451032178086,0.9366753101348877,280.0,138.0,409.0,319.0,0.29140969162995595,0.17055562717545442,0.886165201663971,282.0,138.0,341.0,195.0,0.3203201038174543,0.1907030646407417,0.8909683227539062,282.0,136.0,343.0,199.0,0.5281728665207878,0.3588552313696339,0.9616856575012207,262.0,136.0,397.0,333.0,0.2966297068833022,0.17414282031451406,0.88661128282547,282.0,138.0,341.0,197.0,0.5245823713160397,0.3555483960049708,0.9529097080230713,266.0,134.0,409.0,319.0,0.3228941684665227,0.19253058596265293,0.8904255628585815,282.0,136.0,341.0,201.0,0.15088474414155906,0.08159834475623949,0.8876296281814575,282.0,138.0,339.0,195.0,0.33143471252015044,0.19863454849929152,0.8910502195358276,280.0,136.0,343.0,199.0,0.33143471252015044,0.19863454849929152,0.8910502195358276,280.0,136.0,343.0,199.0,0.2966297068833022,0.17414282031451406,0.88661128282547,282.0,138.0,341.0,197.0,0.5933006976833828,0.4217679618567436,0.9438344240188599,262.0,142.0,405.0,309.0,0.3072394243349324,0.18150199665077935,0.8860742449760437,282.0,136.0,341.0,197.0,0.0,0.0,0.9171783328056335,246.0,282.0,303.0,345.0,0.3931412044210309,0.24466443815890976,0.8799809813499451,278.0,134.0,345.0,211.0,0.0,0.0,0.7970987558364868,170.0,206.0,233.0,329.0,0.2966297068833022,0.17414282031451406,0.88661128282547,282.0,138.0,341.0,197.0
2129_pid-MR053110E_glioma.png,0.0,0.0,0.9566832780838013,282.0,206.0,377.0,307.0,0.0,0.0,0.9557787775993347,284.0,214.0,373.0,303.0,0.0,0.0,0.9575068354606628,286.0,208.0,377.0,307.0,0.16501454525495363,0.08992689551203054,0.9317139387130737,84.0,102.0,409.0,409.0,0.0,0.0,0.9568009376525879,280.0,206.0,377.0,307.0,0.0,0.0,0.9567666053771973,286.0,208.0,375.0,303.0,0.0,0.0,0.9607611894607544,152.0,166.0,399.0,363.0,0.0,0.0,0.9570636749267578,286.0,208.0,377.0,303.0,0.0,0.0,0.959208607673645,282.0,208.0,375.0,311.0,0.0,0.0,0.9506187438964844,288.0,208.0,377.0,299.0,0.0,0.0,0.9579305052757263,284.0,206.0,377.0,303.0,0.0,0.0,0.9584730863571167,284.0,208.0,377.0,309.0,0.0,0.0,0.9574611783027649,282.0,208.0,377.0,307.0,0.0,0.0,0.9585744142532349,284.0,208.0,377.0,303.0,0.0,0.0,0.9717971682548523,234.0,172.0,403.0,371.0,0.0,0.0,0.9574611783027649,282.0,208.0,377.0,307.0,0.10827135924025,0.057234085749617025,0.9367937445640564,94.0,108.0,411.0,363.0,0.0,0.0,0.9584730863571167,284.0,208.0,377.0,309.0,0.0,0.0,0.9707046151161194,214.0,172.0,407.0,373.0,0.0,0.0,0.9582806825637817,282.0,208.0,377.0,303.0
2133_pid-MR053110E_glioma.png,0.7024521531100478,0.5413689790274256,0.9179365038871765,228.0,298.0,377.0,377.0,0.6002828490614553,0.42886010838614863,0.9060730934143066,248.0,262.0,377.0,377.0,0.5254722381224957,0.3563664596273292,0.8400775790214539,250.0,314.0,377.0,377.0,0.34803698650901926,0.21068085887318774,0.8973867297172546,246.0,188.0,409.0,379.0,0.7388038139266108,0.5857961053837343,0.9181032180786133,218.0,280.0,377.0,377.0,0.4791026173660158,0.3150131118881119,0.8227371573448181,252.0,316.0,377.0,377.0,0.6421994884910486,0.47297042757581464,0.9110185503959656,238.0,266.0,377.0,377.0,0.6720368239355581,0.5060658578856152,0.9072063565254211,234.0,304.0,377.0,377.0,0.4044345135785493,0.25347409242701713,0.7954376935958862,260.0,316.0,377.0,377.0,0.6080493310576447,0.4368325290720671,0.7989607453346252,214.0,252.0,371.0,377.0,0.7361431870669746,0.5824577432617634,0.912638783454895,216.0,276.0,377.0,377.0,0.4681597860605048,0.3056192034915439,0.817054033279419,254.0,316.0,377.0,377.0,0.7437648242650758,0.5920585879391235,0.921783447265625,222.0,280.0,377.0,377.0,0.6849294278342692,0.5208309290248124,0.9135591387748718,232.0,302.0,377.0,377.0,0.5037134840732794,0.33664240017648356,0.8316806554794312,254.0,314.0,377.0,377.0,0.6386156648451731,0.4690928552314691,0.8779021501541138,218.0,260.0,375.0,377.0,0.34382140973809105,0.20759923583103376,0.7810762524604797,264.0,316.0,377.0,377.0,0.6849294278342692,0.5208309290248124,0.9135591387748718,232.0,302.0,377.0,377.0,0.33233301364353557,0.1992802018403087,0.8796053528785706,246.0,184.0,407.0,377.0,0.7125379995551272,0.5534439069338862,0.9163447618484497,224.0,296.0,377.0,377.0
2156_pid-MR032322C_glioma.png,0.9224635912456269,0.8560857746904259,0.9869108200073242,198.0,170.0,307.0,263.0,0.9235145899374136,0.8578979160374509,0.9858706593513489,190.0,170.0,309.0,259.0,0.9306293256075969,0.8702588801926551,0.9878307580947876,202.0,142.0,333.0,259.0,0.4028679985292315,0.2522446473793262,0.8723472356796265,140.0,136.0,339.0,299.0,0.9188526599656779,0.8498866213151928,0.9860411286354065,202.0,172.0,303.0,259.0,0.9286117609098976,0.8667369372082517,0.9894842505455017,204.0,144.0,331.0,259.0,0.91344,0.8406714769547932,0.9241597652435303,150.0,168.0,311.0,287.0,0.9328837508028259,0.8742100511585916,0.9799942374229431,202.0,138.0,335.0,261.0,0.9335580163697641,0.8753950338600451,0.98002690076828,196.0,142.0,331.0,265.0,0.9145109632914511,0.8424875170222424,0.9779011011123657,204.0,174.0,303.0,253.0,0.9211212516297262,0.8537764350453172,0.988240122795105,204.0,168.0,307.0,261.0,0.9315751386990432,0.8719145093317279,0.9795566201210022,200.0,138.0,335.0,251.0,0.9298387096774193,0.8688771665410701,0.9875884652137756,196.0,152.0,323.0,261.0,0.9146000985383479,0.8426388258435467,0.9784265160560608,206.0,172.0,303.0,255.0,0.38430959897112127,0.237860916129966,0.8774701356887817,140.0,134.0,341.0,299.0,0.9254844725533122,0.8613039541201328,0.9879035353660583,198.0,160.0,315.0,259.0,0.9260409203088926,0.8622683469236472,0.909043550491333,152.0,140.0,331.0,285.0,0.9272830219202459,0.8644246719951741,0.986904501914978,196.0,158.0,315.0,261.0,0.43806223762244284,0.28046075085324235,0.8845933675765991,144.0,136.0,339.0,295.0,0.9255836575875487,0.8614757808963331,0.9870499968528748,200.0,160.0,315.0,261.0
215_pid-100360_meningioma.png,0.8174670376194508,0.6912847790507365,0.9312477111816406,176.0,286.0,303.0,379.0,0.7592927207021167,0.61198377197545,0.9015238285064697,184.0,294.0,303.0,377.0,0.8151150315889856,0.6879275653923541,0.9333989024162292,174.0,286.0,303.0,383.0,0.0,0.0,0.8746784925460815,324.0,140.0,437.0,227.0,0.779050736497545,0.6380697050938338,0.9136925935745239,182.0,292.0,303.0,379.0,0.7344644422670311,0.580358598207009,0.9544429779052734,174.0,284.0,303.0,403.0,0.8631016042780749,0.7591721542803387,0.9534966945648193,174.0,264.0,307.0,377.0,0.7588615782664941,0.6114238065457578,0.9066751003265381,188.0,294.0,303.0,377.0,0.8279633812864107,0.7064313248123352,0.9405944347381592,172.0,282.0,303.0,379.0,0.8214459591041869,0.6969947330372819,0.940018892288208,180.0,284.0,303.0,377.0,0.8288702170102158,0.7077526582017136,0.9443756937980652,190.0,280.0,303.0,377.0,0.7249207751052003,0.5685299869621904,0.9556484818458557,176.0,286.0,301.0,405.0,0.8322607309440869,0.712711093133785,0.9433472156524658,174.0,280.0,303.0,379.0,0.815993276100138,0.6891795963898185,0.9317463040351868,176.0,286.0,303.0,381.0,0.0,0.0,0.9242748618125916,100.0,240.0,157.0,345.0,0.8283179474883108,0.7069477130870766,0.9424229860305786,174.0,282.0,303.0,377.0,0.0,0.0,0.9158611297607422,134.0,136.0,197.0,199.0,0.8248188297298916,0.7018652532871267,0.9388407468795776,174.0,284.0,303.0,379.0,0.0,0.0,0.9166077375411987,102.0,248.0,153.0,341.0,0.8248188297298916,0.7018652532871267,0.9388407468795776,174.0,284.0,303.0,379.0
2169_pid-MR037458B_glioma.png,0.7391120507399577,0.5861837692823608,0.9273516535758972,280.0,318.0,341.0,377.0,0.7391120507399577,0.5861837692823608,0.9273516535758972,280.0,318.0,341.0,377.0,0.7495812395309883,0.5994641661085064,0.9217788577079773,278.0,316.0,343.0,377.0,0.0,0.0,0.8707900047302246,360.0,180.0,409.0,331.0,0.7391120507399577,0.5861837692823608,0.9273516535758972,280.0,318.0,341.0,377.0,0.7391120507399577,0.5861837692823608,0.9273516535758972,280.0,318.0,341.0,377.0,0.0,0.0,0.8145232200622559,360.0,204.0,409.0,315.0,0.7391120507399577,0.5861837692823608,0.9273516535758972,280.0,318.0,341.0,377.0,0.7396449704142012,0.5868544600938967,0.9260432720184326,278.0,318.0,341.0,377.0,0.7448507776376628,0.5934360348292029,0.9256165623664856,278.0,318.0,343.0,377.0,0.7391120507399577,0.5861837692823608,0.9273516535758972,280.0,318.0,341.0,377.0,0.7404580152671756,0.5878787878787879,0.929930567741394,282.0,318.0,341.0,375.0,0.7391120507399577,0.5861837692823608,0.9273516535758972,280.0,318.0,341.0,377.0,0.739424703891709,0.5865771812080537,0.9283842444419861,282.0,318.0,341.0,377.0,0.7495812395309883,0.5994641661085064,0.9217788577079773,278.0,316.0,343.0,377.0,0.7391120507399577,0.5861837692823608,0.9273516535758972,280.0,318.0,341.0,377.0,0.7386315342116447,0.5855795148247979,0.9332945942878723,282.0,320.0,341.0,375.0,0.7391120507399577,0.5861837692823608,0.9273516535758972,280.0,318.0,341.0,377.0,0.0,0.0,0.8856607675552368,356.0,180.0,411.0,329.0,0.7396449704142012,0.5868544600938967,0.9260432720184326,278.0,318.0,341.0,377.0
2185_pid-MR039473B_glioma.png,0.5918808551525342,0.42033435687478676,0.8707972764968872,282.0,244.0,363.0,329.0,0.5508810572687225,0.38014895880832955,0.8690904974937439,282.0,244.0,373.0,341.0,0.604364443348539,0.43303886925795054,0.8530195355415344,282.0,246.0,361.0,327.0,0.5368856809255917,0.3669471851421938,0.9017351269721985,280.0,244.0,373.0,359.0,0.5685821892844126,0.3972160923442539,0.7769840955734253,282.0,244.0,359.0,323.0,0.5907575035731301,0.4192021636240703,0.8765027523040771,282.0,244.0,365.0,331.0,0.6000980151923548,0.42867145107649224,0.8601097464561462,282.0,244.0,359.0,327.0,0.5907575035731301,0.4192021636240703,0.8765027523040771,282.0,244.0,365.0,331.0,0.5429030530262453,0.37259226584325833,0.9069001078605652,280.0,244.0,371.0,363.0,0.4730499271619653,0.3098005203816132,0.7607653141021729,282.0,246.0,357.0,319.0,0.5825289575289575,0.410963568266939,0.8141292929649353,282.0,244.0,359.0,325.0,0.5393738647291377,0.36927578639356257,0.8968831300735474,282.0,244.0,375.0,357.0,0.5928165437174991,0.4212787899621863,0.8565478920936584,282.0,244.0,361.0,327.0,0.08926510196229319,0.04671768022553363,0.8633617162704468,282.0,246.0,341.0,307.0,0.525399129172714,0.3562992125984252,0.8982264995574951,280.0,244.0,379.0,361.0,0.5918808551525342,0.42033435687478676,0.8707972764968872,282.0,244.0,363.0,329.0,0.5411185969415035,0.37091335581293067,0.9020735621452332,282.0,244.0,373.0,363.0,0.5996617540468713,0.4282263630089717,0.8736169934272766,282.0,244.0,363.0,333.0,0.5536247924737133,0.3827670645852464,0.8829931020736694,280.0,244.0,371.0,341.0,0.5838800374882849,0.4123097286565189,0.8711944818496704,282.0,244.0,367.0,335.0
218_pid-100572_meningioma.png,0.0007171029042667623,0.0003586800573888092,0.8414597511291504,208.0,246.0,267.0,303.0,0.0007171029042667623,0.0003586800573888092,0.8414597511291504,208.0,246.0,267.0,303.0,0.0007171029042667623,0.0003586800573888092,0.8414597511291504,208.0,246.0,267.0,303.0,0.9162303664921466,0.8454106280193237,0.8457697629928589,206.0,244.0,269.0,309.0,0.0007171029042667623,0.0003586800573888092,0.8414597511291504,208.0,246.0,267.0,303.0,0.0007171029042667623,0.0003586800573888092,0.8414597511291504,208.0,246.0,267.0,303.0,0.0007171029042667623,0.0003586800573888092,0.8414597511291504,208.0,246.0,267.0,303.0,0.0007171029042667623,0.0003586800573888092,0.8414597511291504,208.0,246.0,267.0,303.0,0.0007171029042667623,0.0003586800573888092,0.8414597511291504,208.0,246.0,267.0,303.0,0.0007171029042667623,0.0003586800573888092,0.8414597511291504,208.0,246.0,267.0,303.0,0.0007171029042667623,0.0003586800573888092,0.8414597511291504,208.0,246.0,267.0,303.0,0.000708215297450425,0.00035423308537017357,0.8152703046798706,208.0,246.0,267.0,307.0,0.0007171029042667623,0.0003586800573888092,0.8414597511291504,208.0,246.0,267.0,303.0,0.0007171029042667623,0.0003586800573888092,0.8414597511291504,208.0,246.0,267.0,303.0,0.0,0.0,0.922015368938446,68.0,284.0,157.0,377.0,0.0007171029042667623,0.0003586800573888092,0.8414597511291504,208.0,246.0,267.0,303.0,0.000708215297450425,0.00035423308537017357,0.8152703046798706,208.0,246.0,267.0,307.0,0.0007171029042667623,0.0003586800573888092,0.8414597511291504,208.0,246.0,267.0,303.0,0.0007171029042667623,0.0003586800573888092,0.8414597511291504,208.0,246.0,267.0,303.0,0.0015060240963855422,0.0007535795026375283,0.8195114135742188,212.0,248.0,265.0,301.0
2193_pid-MR037458C_glioma.png,0.7759225147067562,0.633883495145631,0.940546452999115,234.0,266.0,379.0,409.0,0.00763055028907146,0.003829887218045113,0.9609525203704834,100.0,174.0,411.0,291.0,0.8559428811423772,0.7481644640234949,0.961785614490509,264.0,280.0,377.0,395.0,0.017256652847170546,0.00870342239299437,0.9507346153259277,64.0,158.0,409.0,309.0,0.007736003359635745,0.003883021212390166,0.9531140327453613,80.0,172.0,411.0,293.0,0.8813784943055761,0.7879148486050509,0.9625737071037292,278.0,282.0,375.0,375.0,0.00986042027302408,0.004954637540738131,0.9567627310752869,94.0,166.0,409.0,297.0,0.8067302155972107,0.6760669097147759,0.9442537426948547,248.0,278.0,379.0,407.0,0.8840707964601769,0.7922283901665345,0.961114764213562,276.0,278.0,373.0,375.0,0.8138019993550467,0.6860591561548499,0.9422823190689087,246.0,260.0,377.0,411.0,0.8602453814694684,0.7547636723583272,0.9633328914642334,264.0,282.0,373.0,393.0,0.0,0.0,0.9542182683944702,104.0,172.0,393.0,261.0,0.00814442785394326,0.004088864658579801,0.9575580358505249,88.0,170.0,407.0,293.0,0.8616549949978562,0.7569365976145637,0.9660739302635193,276.0,280.0,371.0,395.0,0.05811138014527845,0.029925187032418952,0.9514660835266113,74.0,168.0,391.0,329.0,0.009035872413481522,0.004538440591812653,0.9581760168075562,92.0,172.0,411.0,295.0,0.7374038083469078,0.5840377257763146,0.939700722694397,236.0,280.0,379.0,411.0,0.8785980611483967,0.7834818459901582,0.9593884944915771,280.0,284.0,375.0,375.0,0.008850681798932836,0.004445011591058934,0.9525853991508484,86.0,160.0,411.0,297.0,0.7656049469140124,0.620226843100189,0.9464478492736816,232.0,266.0,379.0,405.0
2221_pid-MR029209G_glioma.png,0.6007821583342141,0.4293699954675933,0.948416531085968,248.0,138.0,343.0,195.0,0.5572117492327926,0.3862048009723488,0.9359995126724243,248.0,138.0,343.0,191.0,0.583218121875997,0.4116499024170545,0.9307264089584351,246.0,138.0,331.0,195.0,0.622441917943648,0.4518444093584039,0.9363530874252319,244.0,134.0,361.0,197.0,0.6007821583342141,0.4293699954675933,0.948416531085968,248.0,138.0,343.0,195.0,0.5455750745773947,0.37511394712853235,0.927437424659729,248.0,138.0,335.0,191.0,0.6097256857855362,0.4385650224215247,0.946214497089386,246.0,136.0,343.0,197.0,0.5572117492327926,0.3862048009723488,0.9359995126724243,248.0,138.0,343.0,191.0,0.5572117492327926,0.3862048009723488,0.9369661808013916,248.0,138.0,339.0,191.0,0.6030373338958026,0.43167748754340934,0.9490606188774109,248.0,138.0,341.0,195.0,0.5538833351642316,0.38301428137344273,0.9379397034645081,250.0,138.0,345.0,191.0,0.5970180818441366,0.4255351220982816,0.9399739503860474,248.0,138.0,335.0,195.0,0.6020461976584749,0.43066244152708616,0.9496848583221436,248.0,138.0,339.0,195.0,0.5572117492327926,0.3862048009723488,0.9369661808013916,248.0,138.0,339.0,191.0,0.33315996301433193,0.19987518635370802,0.9601263403892517,240.0,134.0,409.0,331.0,0.6007821583342141,0.4293699954675933,0.948416531085968,248.0,138.0,343.0,195.0,0.5983884648006785,0.426928895612708,0.9469269514083862,248.0,138.0,345.0,195.0,0.5970180818441366,0.4255351220982816,0.9399739503860474,248.0,138.0,335.0,195.0,0.0,0.0,0.8592055439949036,148.0,250.0,297.0,299.0,0.6007821583342141,0.4293699954675933,0.948416531085968,248.0,138.0,343.0,195.0
2229_pid-MR036496B_glioma.png,0.0624153900961881,0.03221298815915275,0.8986177444458008,280.0,168.0,375.0,329.0,0.0031892572387746537,0.001597175521183591,0.9122584462165833,282.0,170.0,375.0,319.0,0.053561763113924646,0.027517833393785517,0.9680126905441284,158.0,160.0,371.0,377.0,0.07005494505494506,0.036298932384341634,0.8929877877235413,278.0,144.0,387.0,331.0,0.030291381563773354,0.015378610460577674,0.9102674126625061,280.0,170.0,375.0,323.0,0.10608263377573512,0.05601228209191759,0.9419420957565308,254.0,168.0,375.0,335.0,0.09765625,0.0513347022587269,0.9231327772140503,272.0,168.0,373.0,331.0,0.0,0.0,0.8704441785812378,280.0,168.0,373.0,235.0,0.08074962105553259,0.04207352096496267,0.924798846244812,158.0,170.0,269.0,373.0,0.0,0.0,0.8717951774597168,280.0,172.0,375.0,235.0,0.040889957907396274,0.020871700429711478,0.9168723821640015,280.0,170.0,375.0,325.0,0.09417996253471998,0.049417028199566164,0.9123409986495972,278.0,166.0,375.0,339.0,0.031209362808842653,0.015852047556142668,0.911304771900177,282.0,170.0,375.0,325.0,0.045680546923555006,0.023374145333121325,0.9111959338188171,280.0,170.0,371.0,329.0,0.06651510706952185,0.03440166887919591,0.9254241585731506,140.0,160.0,269.0,377.0,0.0031892572387746537,0.001597175521183591,0.9122584462165833,282.0,170.0,375.0,319.0,0.04383018556246903,0.022406125091482296,0.9000411033630371,280.0,152.0,377.0,327.0,0.06866175938216483,0.03555139019056545,0.9610617756843567,160.0,164.0,377.0,339.0,0.06811409110259685,0.03525782282944028,0.9354870319366455,144.0,158.0,267.0,377.0,0.051758650271661426,0.026566857478350213,0.9152628779411316,280.0,166.0,375.0,327.0
2235_pid-MR033420_glioma.png,0.0,0.0,0.8918011784553528,64.0,142.0,197.0,303.0,0.0,0.0,0.8485759496688843,64.0,138.0,191.0,293.0,0.17049706039551044,0.09319310546304412,0.9259423017501831,68.0,116.0,251.0,297.0,0.0,0.0,0.9090873599052429,106.0,140.0,227.0,269.0,0.0,0.0,0.9190232753753662,68.0,140.0,197.0,275.0,0.002818627450980392,0.0014113026937473154,0.9214537739753723,108.0,150.0,217.0,299.0,0.0,0.0,0.9393523931503296,86.0,136.0,213.0,269.0,0.0,0.0,0.8727867007255554,62.0,142.0,197.0,303.0,0.0,0.0,0.9410433769226074,104.0,158.0,201.0,301.0,0.0,0.0,0.8690715432167053,64.0,138.0,197.0,297.0,0.0,0.0,0.8419481515884399,62.0,144.0,197.0,275.0,0.005275531853890705,0.00264474213764158,0.9173591136932373,106.0,150.0,217.0,301.0,0.0,0.0,0.9328594207763672,72.0,140.0,215.0,267.0,0.0,0.0,0.8715957403182983,64.0,140.0,197.0,293.0,0.0039227081214586665,0.001965208530460732,0.7674847841262817,278.0,182.0,373.0,343.0,0.0,0.0,0.9330666661262512,70.0,138.0,197.0,281.0,0.010504749487800336,0.005280107849011384,0.9177440404891968,64.0,140.0,223.0,309.0,0.0,0.0,0.9297935962677002,104.0,156.0,211.0,267.0,0.007759129628067808,0.003894674456015579,0.9098466634750366,102.0,116.0,251.0,269.0,0.0,0.0,0.9243454933166504,72.0,140.0,197.0,295.0
2236_pid-MR033420_glioma.png,0.09024888951561728,0.0472568854758916,0.9283275008201599,104.0,192.0,261.0,271.0,0.08807413921396198,0.04606566657231814,0.9275398254394531,102.0,190.0,261.0,271.0,0.003073140749846343,0.0015389350569405972,0.9403040409088135,102.0,198.0,245.0,267.0,0.15799642739965733,0.08577422419252692,0.946509063243866,100.0,188.0,255.0,341.0,0.09624125243488926,0.05055328179475519,0.9243459701538086,104.0,198.0,263.0,271.0,0.08370660694288914,0.04368151935719503,0.8894076347351074,108.0,184.0,259.0,267.0,0.07005253940455342,0.036297640653357534,0.9403606057167053,96.0,192.0,251.0,279.0,0.08967372559839967,0.04694157579259045,0.9228610992431641,106.0,188.0,259.0,271.0,0.0024414435034714275,0.0012222137346268429,0.9388279318809509,100.0,198.0,245.0,267.0,0.09079177104683823,0.047554671968190854,0.917053759098053,104.0,206.0,255.0,267.0,0.09914382329664005,0.05215745647236942,0.9195076823234558,104.0,198.0,265.0,271.0,0.08531061988778477,0.04455585369298122,0.8969295024871826,106.0,186.0,261.0,269.0,0.09036589459550184,0.0473210518914358,0.9247539043426514,102.0,190.0,263.0,271.0,0.09189879120054058,0.048162430156606595,0.9067520499229431,104.0,196.0,259.0,267.0,0.07004862662636352,0.03629553966632618,0.936030387878418,100.0,192.0,251.0,277.0,0.0943034238488784,0.049485015101060945,0.9096912145614624,104.0,200.0,263.0,269.0,0.11035297205091195,0.058398722310950626,0.9296200275421143,100.0,196.0,259.0,281.0,0.06167853733754314,0.03182059246912645,0.9198380708694458,104.0,192.0,251.0,269.0,0.09197751660705161,0.048205677557579006,0.9238120317459106,100.0,200.0,259.0,269.0,0.08511232035719268,0.04444768289128534,0.9168196320533752,102.0,190.0,255.0,269.0
2239_pid-MR024780B_glioma.png,0.4646518439621888,0.30263614290669444,0.9677481651306152,288.0,320.0,397.0,375.0,0.4738095238095238,0.31045241809672386,0.9654757380485535,294.0,318.0,397.0,375.0,0.4765295358649789,0.3127921066297386,0.966759979724884,292.0,316.0,395.0,375.0,0.49546749546749547,0.329316577724221,0.9491395950317383,300.0,316.0,409.0,377.0,0.471998945842667,0.30889962055881337,0.9688178896903992,310.0,318.0,397.0,375.0,0.47318946114126836,0.3099202219909816,0.9586502909660339,288.0,320.0,405.0,375.0,0.4695606140815246,0.3068142511241785,0.9707490801811218,304.0,318.0,391.0,377.0,0.4809059784040032,0.3165742024965326,0.9560961127281189,288.0,318.0,403.0,375.0,0.4791666666666667,0.3150684931506849,0.9576889872550964,286.0,318.0,403.0,375.0,0.475208250694169,0.31165452653485953,0.9617751240730286,288.0,318.0,399.0,375.0,0.4695421366954214,0.30679847381200137,0.9620131254196167,286.0,320.0,403.0,375.0,0.47217806041335453,0.3090530697190427,0.959610104560852,286.0,320.0,405.0,375.0,0.48013635767667495,0.31590752242926157,0.9550525546073914,300.0,318.0,403.0,375.0,0.46014154092669246,0.298820672910163,0.972265362739563,292.0,320.0,387.0,375.0,0.49096816114359976,0.32535308301756805,0.9403110146522522,286.0,314.0,407.0,375.0,0.4739960500329164,0.31061259706643657,0.9658565521240234,302.0,318.0,397.0,375.0,0.4879958246346555,0.32274767000345184,0.9443230032920837,286.0,316.0,409.0,375.0,0.4847533045412904,0.31991708412506475,0.9529622197151184,286.0,316.0,403.0,375.0,0.0,0.0,0.9368455410003662,106.0,182.0,235.0,263.0,0.4695421366954214,0.30679847381200137,0.9598411917686462,288.0,320.0,403.0,375.0
2240_pid-MR024780B_glioma.png,0.0,0.0,0.8428974151611328,280.0,208.0,371.0,267.0,0.0,0.0,0.8382453918457031,282.0,212.0,365.0,265.0,0.0,0.0,0.8469599485397339,282.0,208.0,359.0,265.0,0.0,0.0,0.849852979183197,282.0,208.0,375.0,267.0,0.0,0.0,0.849852979183197,282.0,208.0,375.0,267.0,0.0,0.0,0.8502100110054016,284.0,214.0,371.0,263.0,0.0,0.0,0.8453450798988342,284.0,212.0,375.0,265.0,0.0,0.0,0.8382453918457031,282.0,212.0,365.0,265.0,0.0,0.0,0.8413383364677429,282.0,212.0,359.0,265.0,0.0,0.0,0.8523998260498047,282.0,208.0,365.0,267.0,0.0,0.0,0.8505703210830688,282.0,208.0,373.0,267.0,0.5987409652599673,0.42728785357737104,0.9104662537574768,318.0,316.0,377.0,377.0,0.0,0.0,0.8505703210830688,282.0,208.0,373.0,267.0,0.0,0.0,0.8453760147094727,284.0,214.0,361.0,263.0,0.0,0.0,0.8760524988174438,280.0,184.0,403.0,267.0,0.0,0.0,0.8514750599861145,282.0,208.0,371.0,267.0,0.6609735269000854,0.49362244897959184,0.9122983813285828,316.0,316.0,379.0,379.0,0.0,0.0,0.8431484699249268,282.0,212.0,371.0,265.0,0.0,0.0,0.8403581380844116,280.0,208.0,375.0,267.0,0.0,0.0,0.8389477729797363,280.0,208.0,363.0,267.0
2244_pid-MR049104_glioma.png,0.0,0.0,0.8987649083137512,150.0,278.0,229.0,343.0,0.0,0.0,0.9180832505226135,148.0,270.0,229.0,343.0,0.0,0.0,0.8736078143119812,172.0,136.0,243.0,227.0,0.0,0.0,0.8784127235412598,142.0,280.0,231.0,345.0,0.0,0.0,0.8888251185417175,164.0,278.0,231.0,343.0,0.0,0.0,0.8715348839759827,140.0,280.0,231.0,343.0,0.0,0.0,0.757697582244873,174.0,138.0,261.0,223.0,0.0,0.0,0.913619339466095,144.0,278.0,229.0,341.0,0.0,0.0,0.9138486385345459,352.0,172.0,413.0,231.0,0.0,0.0,0.8685561418533325,176.0,138.0,251.0,215.0,0.0,0.0,0.9191296100616455,154.0,268.0,231.0,341.0,0.0,0.0,0.8639863729476929,138.0,282.0,227.0,351.0,0.0,0.0,0.8930143117904663,166.0,276.0,231.0,343.0,0.0,0.0,0.8810597658157349,168.0,272.0,231.0,345.0,0.0,0.0,0.8745311498641968,136.0,280.0,229.0,347.0,0.0,0.0,0.8813716769218445,160.0,280.0,231.0,343.0,0.0,0.0,0.8182874321937561,172.0,138.0,259.0,227.0,0.0,0.0,0.8953971266746521,166.0,282.0,229.0,345.0,0.0,0.0,0.8102612495422363,176.0,140.0,265.0,227.0,0.0,0.0,0.8904329538345337,160.0,280.0,229.0,341.0
2249_pid-MR049142_glioma.png,0.0,0.0,0.9012808203697205,320.0,218.0,399.0,339.0,0.0,0.0,0.8966114521026611,320.0,206.0,395.0,335.0,0.0,0.0,0.9333350658416748,102.0,142.0,307.0,267.0,0.0,0.0,0.9245799779891968,206.0,142.0,307.0,267.0,0.0,0.0,0.8995165228843689,320.0,214.0,399.0,339.0,0.0,0.0,0.9175487160682678,102.0,148.0,307.0,267.0,0.0,0.0,0.7514822483062744,218.0,152.0,399.0,335.0,0.0,0.0,0.9117835760116577,318.0,220.0,395.0,341.0,0.0,0.0,0.898492157459259,320.0,208.0,405.0,339.0,0.0,0.0,0.9335664510726929,212.0,142.0,303.0,267.0,0.0,0.0,0.8947824835777283,318.0,220.0,407.0,339.0,0.0,0.0,0.9247158765792847,318.0,204.0,381.0,339.0,0.0,0.0,0.8724998235702515,320.0,206.0,405.0,335.0,0.0,0.0,0.9272581338882446,320.0,240.0,381.0,339.0,0.0,0.0,0.9029319882392883,100.0,142.0,269.0,235.0,0.0,0.0,0.8714768886566162,320.0,214.0,405.0,335.0,0.0,0.0,0.9038482904434204,100.0,140.0,265.0,231.0,0.0,0.0,0.9005491733551025,318.0,216.0,399.0,341.0,0.0,0.0,0.9458584785461426,100.0,140.0,307.0,267.0,0.0,0.0,0.8398624658584595,324.0,216.0,403.0,335.0
2258_pid-MR048944B_glioma.png,0.1230727247919225,0.06557138703111369,0.8050888776779175,128.0,244.0,263.0,335.0,0.2750600429781317,0.15946064780888172,0.7814669013023376,128.0,238.0,261.0,333.0,0.5429791777896423,0.3726639794796629,0.9129178524017334,136.0,240.0,215.0,301.0,0.0,0.0,0.9298105239868164,106.0,136.0,197.0,197.0,0.1761174116077385,0.09656181419166057,0.8217192888259888,132.0,244.0,263.0,333.0,0.1751040687525178,0.09595290654893304,0.7839664220809937,134.0,240.0,259.0,331.0,0.5199499513415821,0.35130565470599284,0.8176599740982056,110.0,232.0,265.0,339.0,0.1725983409151726,0.094450139112608,0.8246013522148132,132.0,244.0,261.0,333.0,0.6822529224229543,0.5177419354838709,0.9242890477180481,132.0,218.0,265.0,335.0,0.32749391727493915,0.19581029967995345,0.7046629786491394,132.0,244.0,255.0,327.0,0.6438991483261658,0.4748165651038428,0.8565095663070679,128.0,232.0,265.0,339.0,0.1725983409151726,0.094450139112608,0.8246013522148132,132.0,244.0,261.0,333.0,0.1834107498341075,0.10096434833430742,0.7969532012939453,132.0,240.0,265.0,335.0,0.1879248300679728,0.10370697263901148,0.7678045034408569,132.0,240.0,259.0,331.0,0.5578394427315291,0.38680813999524905,0.9208712577819824,86.0,218.0,265.0,339.0,0.11055002047222601,0.05850910141577579,0.8033397793769836,126.0,244.0,265.0,339.0,0.0767077267637178,0.03988355167394469,0.774289071559906,126.0,244.0,261.0,333.0,0.3163492456096958,0.18789481416189216,0.8051287531852722,132.0,238.0,261.0,333.0,0.6685186575568737,0.5020863877297846,0.9275323152542114,132.0,224.0,267.0,339.0,0.602622473137862,0.4312524436335201,0.8113934993743896,132.0,234.0,263.0,335.0
2259_pid-MR048944B_glioma.png,0.700391542678152,0.5389250421788383,0.9319215416908264,134.0,230.0,195.0,301.0,0.7174652241112829,0.55941190648349,0.9503322243690491,134.0,224.0,195.0,301.0,0.7315805564047692,0.5767654856591949,0.9586805701255798,136.0,218.0,195.0,301.0,0.0,0.0,0.8866690993309021,104.0,318.0,191.0,377.0,0.599257258609048,0.42781393106772714,0.9286327362060547,136.0,234.0,191.0,301.0,0.7321619556913674,0.5774885514581827,0.9594258069992065,136.0,216.0,195.0,301.0,0.7411444141689373,0.5887445887445888,0.9004350900650024,132.0,228.0,217.0,303.0,0.6053781512605042,0.43408050132562065,0.9191235899925232,136.0,234.0,195.0,301.0,0.7350609756097561,0.5811038804531212,0.9593024849891663,134.0,216.0,195.0,301.0,0.7364093193238922,0.5827910339840926,0.9590659737586975,134.0,216.0,195.0,303.0,0.7346752058554438,0.5806218365871294,0.9551390409469604,132.0,222.0,195.0,303.0,0.7154798761609907,0.5570016871535309,0.9511660933494568,136.0,224.0,195.0,301.0,0.6053781512605042,0.43408050132562065,0.9191235899925232,136.0,234.0,195.0,301.0,0.7364093193238922,0.5827910339840926,0.9590659737586975,134.0,216.0,195.0,303.0,0.0,0.0,0.8461896181106567,84.0,318.0,195.0,377.0,0.6843190106231172,0.5201253314051578,0.9252386093139648,134.0,232.0,195.0,301.0,0.0,0.0,0.899350643157959,116.0,318.0,195.0,377.0,0.7253456221198157,0.5690527838033261,0.9674760699272156,136.0,216.0,191.0,301.0,0.0,0.0,0.8872562050819397,106.0,318.0,195.0,377.0,0.7198395556926874,0.5623041696794409,0.9495760798454285,134.0,224.0,195.0,303.0
2260_pid-MR048944B_glioma.png,0.0,0.0,0.9317528605461121,316.0,96.0,379.0,159.0,0.0,0.0,0.9340150952339172,220.0,220.0,367.0,371.0,0.0,0.0,0.9027097821235657,244.0,244.0,339.0,371.0,0.0,0.0,0.9131402969360352,216.0,216.0,347.0,367.0,0.0,0.0,0.934827446937561,318.0,94.0,379.0,159.0,0.0,0.0,0.9317528605461121,316.0,96.0,379.0,159.0,0.0,0.0,0.8350749611854553,216.0,218.0,339.0,367.0,0.0,0.0,0.934827446937561,318.0,94.0,379.0,159.0,0.0,0.0,0.9319024085998535,318.0,96.0,379.0,159.0,0.0,0.0,0.9266260266304016,318.0,94.0,377.0,157.0,0.0,0.0,0.9319024085998535,318.0,96.0,379.0,159.0,0.0,0.0,0.9000410437583923,246.0,246.0,339.0,371.0,0.0,0.0,0.9319024085998535,318.0,96.0,379.0,159.0,0.0,0.0,0.9362503290176392,316.0,94.0,379.0,159.0,0.0,0.0,0.9034610390663147,220.0,220.0,343.0,367.0,0.0,0.0,0.9362503290176392,316.0,94.0,379.0,159.0,0.0,0.0,0.8349679112434387,246.0,246.0,333.0,363.0,0.0,0.0,0.9319024085998535,318.0,96.0,379.0,159.0,0.0,0.0,0.910645604133606,228.0,228.0,343.0,367.0,0.0,0.0,0.9362503290176392,316.0,94.0,379.0,159.0
2262_pid-MR049358_glioma.png,0.8398372037347378,0.7238959966983078,0.8935244083404541,166.0,102.0,259.0,221.0,0.7111208598376837,0.5517358747447243,0.777714729309082,168.0,100.0,243.0,201.0,0.670615787298526,0.5044559585492228,0.8681238889694214,168.0,100.0,247.0,221.0,0.0,0.0,0.8599063754081726,68.0,204.0,175.0,323.0,0.8042511122095897,0.6725919801570897,0.8970826864242554,166.0,102.0,253.0,221.0,0.8635926993275697,0.7599323753169906,0.8143667578697205,170.0,102.0,251.0,203.0,0.5983578279169254,0.42689770601555577,0.9150206446647644,168.0,102.0,263.0,235.0,0.7921847246891652,0.6558823529411765,0.8330112099647522,168.0,102.0,253.0,207.0,0.8060788746546094,0.6751525352409005,0.837108314037323,170.0,102.0,251.0,207.0,0.8285262261165875,0.7072511946810721,0.8958910703659058,170.0,104.0,253.0,217.0,0.7356624917600527,0.5818561001042752,0.8885965943336487,170.0,102.0,255.0,213.0,0.7129838104428005,0.5539820059980006,0.7733500599861145,170.0,100.0,245.0,199.0,0.9230769230769231,0.8571428571428571,0.771045982837677,168.0,102.0,245.0,207.0,0.7391190351337179,0.58619255562487,0.8903685808181763,170.0,102.0,255.0,215.0,0.006884493497978363,0.003454136739952848,0.9337166547775269,68.0,140.0,155.0,307.0,0.8011152416356877,0.6682170542635659,0.8921822905540466,164.0,102.0,253.0,219.0,0.6629102690519791,0.49578592498946483,0.8090235590934753,160.0,100.0,251.0,205.0,0.8164471254462637,0.6898273351362596,0.8940888047218323,172.0,104.0,255.0,215.0,0.708949207202365,0.5491257285595337,0.8850216269493103,168.0,102.0,249.0,217.0,0.8272108843537415,0.7053364269141531,0.8319907784461975,170.0,104.0,253.0,205.0
2269_pid-MR049358_glioma.png,0.44358127791804236,0.2850012478163214,0.9114328622817993,198.0,148.0,293.0,235.0,0.4713863280570534,0.30837505689576694,0.885524332523346,192.0,144.0,295.0,235.0,0.5016244314489928,0.3347788378143972,0.8797178864479065,204.0,150.0,291.0,235.0,0.04653822998193859,0.023823465959873023,0.9730933904647827,106.0,138.0,303.0,367.0,0.4868348370465844,0.32173278169871017,0.9015934467315674,196.0,148.0,295.0,235.0,0.5407636738906089,0.37057991513437055,0.8660143613815308,204.0,150.0,293.0,235.0,0.4649719184156074,0.30290776044675527,0.9139818549156189,180.0,142.0,297.0,235.0,0.47774420946626384,0.3138396401164329,0.8821435570716858,202.0,148.0,293.0,235.0,0.4643084092353315,0.3023448275862069,0.8942258954048157,202.0,150.0,291.0,235.0,0.5053742427203439,0.3381276150627615,0.8665461540222168,202.0,148.0,295.0,235.0,0.49171437179873456,0.3260087894526568,0.8718085885047913,186.0,144.0,297.0,237.0,0.5491959190731455,0.37854588796185934,0.8176214098930359,202.0,144.0,297.0,235.0,0.4967186218211649,0.33042291950886765,0.8835968971252441,202.0,150.0,293.0,235.0,0.4424389170151882,0.28405879027699266,0.9088586568832397,202.0,152.0,287.0,235.0,0.04868835257082896,0.02495160249516025,0.957697331905365,110.0,138.0,325.0,373.0,0.47368421052631576,0.3103448275862069,0.9092659950256348,182.0,144.0,297.0,237.0,0.5588393336915637,0.3877703206562267,0.8056569695472717,204.0,144.0,297.0,233.0,0.46007529225282345,0.29876479670612455,0.8971871733665466,200.0,148.0,293.0,235.0,0.045563982183700495,0.023313110159834928,0.9741866588592529,106.0,140.0,301.0,371.0,0.46007529225282345,0.29876479670612455,0.8971871733665466,200.0,148.0,293.0,235.0
2272_pid-MR049453_glioma.png,0.0,0.0,0.9246916174888611,284.0,174.0,365.0,271.0,0.0,0.0,0.9245476126670837,282.0,190.0,363.0,271.0,0.0,0.0,0.8519976139068604,282.0,182.0,343.0,269.0,0.2129298336656379,0.11915023689439096,0.9552643895149231,108.0,170.0,263.0,373.0,0.0,0.0,0.9120855927467346,282.0,206.0,367.0,269.0,0.0,0.0,0.913252592086792,282.0,182.0,345.0,275.0,0.0,0.0,0.9167807102203369,282.0,168.0,345.0,271.0,0.0,0.0,0.9231970906257629,284.0,190.0,371.0,271.0,0.0,0.0,0.8957685232162476,282.0,174.0,347.0,269.0,0.0,0.0,0.9198054075241089,282.0,204.0,357.0,269.0,0.0,0.0,0.896491289138794,282.0,184.0,365.0,269.0,0.0,0.0,0.9383850693702698,284.0,176.0,373.0,281.0,0.0,0.0,0.9174873232841492,282.0,204.0,359.0,269.0,0.0,0.0,0.905769944190979,282.0,198.0,345.0,269.0,0.0,0.0,0.7290299534797668,220.0,148.0,379.0,271.0,0.0,0.0,0.9047985672950745,282.0,204.0,371.0,269.0,0.0,0.0,0.9136678576469421,284.0,168.0,367.0,269.0,0.0,0.0,0.9147200584411621,282.0,202.0,361.0,269.0,0.0,0.0,0.9136678576469421,284.0,168.0,367.0,269.0,0.0,0.0,0.9264812469482422,282.0,192.0,363.0,271.0
2274_pid-MR049453_glioma.png,0.689175616163177,0.5257573971472357,0.9188674688339233,172.0,252.0,229.0,367.0,0.7146986880142318,0.5560553633217993,0.9166846871376038,174.0,250.0,229.0,373.0,0.6749440888409038,0.5093702712140612,0.9011098742485046,174.0,276.0,229.0,371.0,0.6195669868142601,0.44882075471698113,0.9189811944961548,170.0,240.0,233.0,371.0,0.6861347792408985,0.5222261525763471,0.919851541519165,172.0,256.0,231.0,365.0,0.7050631953379247,0.5444769140853302,0.9134233593940735,174.0,266.0,229.0,371.0,0.7287030793436727,0.5731966053748232,0.9203073382377625,170.0,250.0,231.0,367.0,0.7395757132406731,0.5867672663958212,0.9177149534225464,172.0,256.0,231.0,371.0,0.647185151096794,0.4783989114412065,0.9026567935943604,174.0,280.0,229.0,375.0,0.5685347738014855,0.39716981132075474,0.8969532251358032,174.0,278.0,229.0,359.0,0.7035903560498619,0.5427222478120681,0.9141756296157837,174.0,264.0,229.0,373.0,0.7151736745886654,0.5566306203756403,0.9169425964355469,174.0,254.0,229.0,375.0,0.7440979306324687,0.5924808540264562,0.916677713394165,172.0,250.0,231.0,371.0,0.7282188522152839,0.5725976151508066,0.9145504236221313,172.0,264.0,229.0,371.0,0.7793794618341571,0.6385108536722528,0.9265344142913818,170.0,248.0,233.0,375.0,0.689175616163177,0.5257573971472357,0.9188674688339233,172.0,252.0,229.0,367.0,0.7403643754082891,0.58776074680189,0.9171782732009888,172.0,248.0,229.0,373.0,0.6435512710876157,0.47443833104080696,0.9004065990447998,174.0,280.0,229.0,373.0,0.7128562765312311,0.5538280329799764,0.9227493405342102,170.0,246.0,231.0,365.0,0.7147725588976145,0.5561448005533779,0.9162353873252869,174.0,252.0,229.0,373.0
2276_pid-MR049453_glioma.png,0.0,0.0,0.8814252018928528,324.0,174.0,471.0,309.0,0.0,0.0,0.9027205109596252,330.0,188.0,467.0,319.0,0.0,0.0,0.8847727179527283,330.0,170.0,475.0,309.0,0.0,0.0,0.8996830582618713,320.0,150.0,469.0,317.0,0.0,0.0,0.8931425213813782,326.0,174.0,475.0,319.0,0.0,0.0,0.8987444639205933,326.0,184.0,475.0,315.0,0.0,0.0,0.9086225032806396,326.0,156.0,469.0,311.0,0.0,0.0,0.8948922753334045,326.0,184.0,473.0,319.0,0.0,0.0,0.8947346806526184,324.0,154.0,469.0,309.0,0.0,0.0,0.9243283867835999,324.0,152.0,475.0,367.0,0.0,0.0,0.909720778465271,320.0,152.0,473.0,323.0,0.0,0.0,0.8925177454948425,324.0,174.0,471.0,319.0,0.0,0.0,0.872600257396698,328.0,176.0,469.0,309.0,0.0,0.0,0.8855103254318237,332.0,206.0,475.0,313.0,0.0,0.0,0.8888393640518188,318.0,154.0,471.0,319.0,0.0,0.0,0.8926355838775635,326.0,172.0,467.0,317.0,0.0,0.0,0.9010001420974731,320.0,172.0,469.0,313.0,0.0,0.0,0.8943676948547363,324.0,182.0,473.0,313.0,0.0,0.0,0.9075249433517456,320.0,186.0,471.0,319.0,0.0,0.0,0.8968712091445923,324.0,180.0,471.0,313.0
2279_pid-MR024780G_glioma.png,0.0,0.0,0.9214178919792175,244.0,138.0,311.0,195.0,0.0,0.0,0.9458057284355164,356.0,246.0,413.0,307.0,0.0,0.0,0.9356725215911865,228.0,140.0,347.0,215.0,0.0,0.0,0.732765793800354,236.0,136.0,391.0,203.0,0.0,0.0,0.9361845850944519,356.0,246.0,413.0,303.0,0.0,0.0,0.8056318163871765,246.0,140.0,355.0,191.0,0.0,0.0,0.8553276062011719,232.0,138.0,377.0,207.0,0.0,0.0,0.9361845850944519,356.0,246.0,413.0,303.0,0.0,0.0,0.9181297421455383,224.0,138.0,361.0,217.0,0.0,0.0,0.9361845850944519,356.0,246.0,413.0,303.0,0.0,0.0,0.935360312461853,356.0,248.0,413.0,303.0,0.0,0.0,0.8121353387832642,246.0,140.0,359.0,191.0,0.0,0.0,0.9361845850944519,356.0,246.0,413.0,303.0,0.0,0.0,0.9361845850944519,356.0,246.0,413.0,303.0,0.0,0.0,0.9574354887008667,100.0,170.0,181.0,341.0,0.0,0.0,0.9361845850944519,356.0,246.0,413.0,303.0,0.0,0.0,0.7609158754348755,240.0,136.0,403.0,201.0,0.0,0.0,0.9082111120223999,220.0,136.0,363.0,221.0,0.0,0.0,0.7211466431617737,238.0,138.0,393.0,195.0,0.0,0.0,0.7975796461105347,244.0,138.0,357.0,195.0
227_pid-101127_meningioma.png,0.0005731480154749964,0.00028665615594094884,0.9175103902816772,144.0,246.0,233.0,335.0,0.006576670128071997,0.003299183886091335,0.8495329022407532,152.0,232.0,245.0,333.0,0.0005731480154749964,0.00028665615594094884,0.9175103902816772,144.0,246.0,233.0,335.0,0.0005002501250625312,0.0002501876407305479,0.9299358129501343,140.0,248.0,231.0,339.0,0.0016,0.0008006405124099279,0.9096595644950867,150.0,246.0,235.0,333.0,0.0015856236786469344,0.0007934408886537953,0.9213029146194458,144.0,246.0,233.0,339.0,0.0005614823133071309,0.0002808199943836001,0.9220201373100281,144.0,246.0,231.0,335.0,0.0006453694740238787,0.00032278889606197545,0.9196333289146423,154.0,248.0,233.0,335.0,0.002447081854888046,0.0012250398137939483,0.9206341505050659,140.0,246.0,233.0,341.0,0.0016028209648982208,0.0008020532563362208,0.9186385273933411,152.0,246.0,233.0,333.0,0.020754064337599448,0.01048584411045089,0.861754298210144,158.0,230.0,249.0,333.0,0.0020634511220015478,0.0010327911179963851,0.9202414155006409,142.0,246.0,233.0,339.0,0.0005825808330905913,0.0002913752913752914,0.9274921417236328,148.0,248.0,231.0,335.0,0.005619104956853301,0.002817468303481586,0.912794828414917,166.0,246.0,237.0,331.0,0.0004527447651386531,0.00022642363862787276,0.9269883632659912,136.0,250.0,233.0,343.0,0.0016,0.0008006405124099279,0.9096595644950867,150.0,246.0,235.0,333.0,0.00047365304914150384,0.00023688262465948123,0.9315807819366455,138.0,252.0,231.0,341.0,0.0005990714392691329,0.000299625468164794,0.9177857041358948,148.0,246.0,233.0,335.0,0.0009646689979500784,0.00048256725781155747,0.9280368089675903,140.0,248.0,231.0,341.0,0.00230566534914361,0.0011541632316570487,0.9034145474433899,152.0,246.0,237.0,333.0
2287_pid-MR049453B_glioma.png,0.0,0.0,0.8677906394004822,172.0,140.0,399.0,269.0,0.039828945161831296,0.020319117080891475,0.9543601274490356,172.0,142.0,411.0,371.0,0.0,0.0,0.876945972442627,278.0,148.0,399.0,263.0,0.042634354313923484,0.02178149719133326,0.8893150687217712,172.0,140.0,453.0,335.0,0.0,0.0,0.8764629364013672,172.0,140.0,407.0,267.0,0.0,0.0,0.9470247030258179,278.0,138.0,405.0,265.0,0.03474024254620558,0.017677175963352196,0.8808877468109131,172.0,142.0,405.0,317.0,0.0,0.0,0.8836214542388916,172.0,138.0,399.0,269.0,0.0,0.0,0.8880332708358765,172.0,138.0,407.0,269.0,0.0,0.0,0.8928568363189697,276.0,148.0,393.0,261.0,0.0,0.0,0.9442023038864136,276.0,138.0,407.0,269.0,0.044231306453114815,0.022615816788077895,0.9498633146286011,172.0,140.0,409.0,341.0,0.0,0.0,0.8815087676048279,174.0,138.0,405.0,267.0,0.0,0.0,0.9421055316925049,276.0,140.0,403.0,271.0,0.03988496336880996,0.02034827682224174,0.8827359676361084,172.0,138.0,461.0,335.0,0.0,0.0,0.8500520586967468,172.0,142.0,407.0,271.0,0.0,0.0,0.887113630771637,172.0,138.0,407.0,271.0,0.0,0.0,0.9239412546157837,276.0,140.0,399.0,259.0,0.036367812571778575,0.01852068468046945,0.8722285032272339,170.0,142.0,475.0,335.0,0.0,0.0,0.887113630771637,172.0,138.0,407.0,271.0
2291_pid-MR049453B_glioma.png,0.0,0.0,0.8933230638504028,252.0,392.0,343.0,451.0,0.0,0.0,0.9013471603393555,256.0,392.0,341.0,451.0,0.0,0.0,0.9111758470535278,256.0,394.0,341.0,447.0,0.0,0.0,0.9559688568115234,90.0,142.0,309.0,291.0,0.0,0.0,0.9175582528114319,262.0,392.0,341.0,451.0,0.0,0.0,0.9255040884017944,270.0,392.0,343.0,451.0,0.0,0.0,0.9436751008033752,108.0,150.0,309.0,283.0,0.0,0.0,0.891679048538208,254.0,392.0,341.0,451.0,0.0,0.0,0.9585368037223816,104.0,140.0,309.0,283.0,0.0,0.0,0.9228191375732422,264.0,392.0,343.0,451.0,0.0,0.0,0.9013471603393555,256.0,392.0,341.0,451.0,0.0,0.0,0.9166830778121948,260.0,392.0,341.0,451.0,0.0,0.0,0.8836632370948792,252.0,392.0,341.0,451.0,0.0,0.0,0.921143651008606,266.0,392.0,341.0,451.0,0.0,0.0,0.9550711512565613,100.0,140.0,315.0,287.0,0.0,0.0,0.891679048538208,254.0,392.0,341.0,451.0,0.0,0.0,0.8776569366455078,248.0,392.0,343.0,451.0,0.0,0.0,0.9612126350402832,104.0,140.0,315.0,293.0,0.0,0.0,0.9560176730155945,100.0,142.0,307.0,291.0,0.0,0.0,0.9179517030715942,102.0,150.0,217.0,255.0
2295_pid-MR049453B_glioma.png,0.17417779328280106,0.09539690811186381,0.955590009689331,140.0,138.0,377.0,335.0,0.17462733904218206,0.09566667824999131,0.9564270973205566,142.0,136.0,375.0,335.0,0.1697847383768553,0.09276763336913713,0.9649251103401184,160.0,140.0,313.0,327.0,0.0,0.0,0.7023096680641174,240.0,150.0,379.0,267.0,0.1771130256541652,0.09716072809051936,0.9548355340957642,152.0,138.0,377.0,335.0,0.18939269391378688,0.1046017506265209,0.9649225473403931,166.0,138.0,311.0,331.0,0.13044056083460695,0.06977074817842545,0.9645625948905945,148.0,138.0,379.0,325.0,0.1744219331446201,0.09554339872469424,0.9601920247077942,144.0,138.0,373.0,335.0,0.16037981269510926,0.08718093756628721,0.9486173391342163,154.0,136.0,379.0,331.0,0.1799002042798299,0.09884084636614536,0.9631038308143616,168.0,142.0,307.0,329.0,0.23818083767751214,0.13519028670543823,0.9554244875907898,154.0,142.0,373.0,367.0,0.1297652964319631,0.06938449820463531,0.9282113313674927,166.0,136.0,377.0,323.0,0.17135293927752848,0.09370476291353318,0.9535715579986572,154.0,138.0,377.0,333.0,0.2016968642197843,0.11215954652288124,0.9793627858161926,144.0,140.0,313.0,333.0,0.0,0.0,0.9304942488670349,152.0,138.0,377.0,267.0,0.15819865156940546,0.08589343889025117,0.9549563527107239,144.0,136.0,379.0,331.0,0.1365863282149081,0.07329898362507058,0.9635956883430481,144.0,138.0,379.0,327.0,0.17177097203728361,0.09395484340859432,0.9243881702423096,168.0,138.0,375.0,331.0,0.0,0.0,0.9493420720100403,140.0,138.0,371.0,261.0,0.15802564848014988,0.08579144891445407,0.9564985036849976,144.0,138.0,379.0,331.0
229_pid-101127_meningioma.png,0.863689776733255,0.7600827300930714,0.952978253364563,212.0,212.0,265.0,299.0,0.8606203376521397,0.7553411440385941,0.9535161852836609,212.0,216.0,265.0,301.0,0.863689776733255,0.7600827300930714,0.952978253364563,212.0,212.0,265.0,299.0,0.011181244364292155,0.005622052956111716,0.9017858505249023,136.0,206.0,267.0,375.0,0.8385892116182573,0.7220435869953555,0.956365168094635,214.0,214.0,263.0,299.0,0.863689776733255,0.7600827300930714,0.952978253364563,212.0,212.0,265.0,299.0,0.8606203376521397,0.7553411440385941,0.9535161852836609,212.0,216.0,265.0,301.0,0.8640376692171866,0.7606217616580311,0.954076886177063,212.0,212.0,265.0,297.0,0.8385892116182573,0.7220435869953555,0.956365168094635,214.0,214.0,263.0,299.0,0.863689776733255,0.7600827300930714,0.952978253364563,212.0,212.0,265.0,299.0,0.8640376692171866,0.7606217616580311,0.954076886177063,212.0,212.0,265.0,297.0,0.863689776733255,0.7600827300930714,0.952978253364563,212.0,212.0,265.0,299.0,0.8622660098522168,0.7578801524073433,0.9523341059684753,214.0,214.0,265.0,299.0,0.8385892116182573,0.7220435869953555,0.956365168094635,214.0,214.0,263.0,299.0,0.011504803867572364,0.005785683510801994,0.89812833070755,138.0,206.0,267.0,375.0,0.8385892116182573,0.7220435869953555,0.956365168094635,214.0,214.0,263.0,299.0,0.011648452326418429,0.005858346498156925,0.8866715431213379,140.0,208.0,267.0,373.0,0.863689776733255,0.7600827300930714,0.952978253364563,212.0,212.0,265.0,299.0,0.8731057148073763,0.7747893713545042,0.9534753561019897,208.0,208.0,267.0,297.0,0.8385892116182573,0.7220435869953555,0.956365168094635,214.0,214.0,263.0,299.0
2306_pid-MR050135B_glioma.png,0.6445797237180988,0.47555709103472105,0.9538211822509766,136.0,148.0,201.0,237.0,0.0,0.0,0.7642960548400879,256.0,148.0,371.0,301.0,0.6364709670494795,0.46678211586901763,0.9261850714683533,138.0,142.0,211.0,231.0,0.0,0.0,0.9269806146621704,252.0,140.0,339.0,255.0,0.0,0.0,0.9030548334121704,222.0,142.0,363.0,299.0,0.6453196213626271,0.47636300897170464,0.9478201270103455,138.0,144.0,201.0,233.0,0.0,0.0,0.9326111078262329,256.0,142.0,331.0,237.0,0.30979779324714685,0.18329037319287236,0.9406347274780273,136.0,144.0,319.0,237.0,0.6525876073334881,0.48432655873234587,0.9476379752159119,136.0,142.0,199.0,235.0,0.47337909992372235,0.31008294194064157,0.9011698961257935,136.0,140.0,255.0,233.0,0.0,0.0,0.7795546650886536,256.0,148.0,367.0,299.0,0.3001684762261325,0.17658719233522382,0.9366124868392944,138.0,138.0,307.0,233.0,0.631253223310985,0.4611906556141673,0.9204450845718384,136.0,142.0,213.0,237.0,0.643551598922338,0.47443868739205525,0.9502147436141968,138.0,144.0,199.0,233.0,0.0,0.0,0.9345794320106506,254.0,142.0,335.0,255.0,0.2091346872850178,0.11677856832681965,0.9532498121261597,136.0,138.0,371.0,301.0,0.6517601192523793,0.4834155468617112,0.9423298835754395,136.0,138.0,197.0,235.0,0.6340023612750886,0.4641313742437338,0.9569976925849915,136.0,152.0,201.0,233.0,0.643551598922338,0.47443868739205525,0.9502147436141968,138.0,144.0,199.0,233.0,0.0,0.0,0.7834283709526062,256.0,148.0,367.0,297.0
230_pid-101127_meningioma.png,0.735399284862932,0.5815268614514609,0.9380420446395874,212.0,212.0,265.0,291.0,0.7346701540249927,0.5806155259531466,0.9406750202178955,212.0,212.0,265.0,295.0,0.002041649652919559,0.0010218679746576743,0.8918708562850952,144.0,148.0,267.0,299.0,0.7885174418604651,0.650869826034793,0.9357931613922119,208.0,212.0,265.0,287.0,0.7504846302963168,0.6006205673758865,0.9299541711807251,208.0,208.0,267.0,293.0,0.7346701540249927,0.5806155259531466,0.9406750202178955,212.0,212.0,265.0,295.0,0.7860230547550432,0.6474777448071216,0.9360424876213074,212.0,212.0,265.0,287.0,0.7346701540249927,0.5806155259531466,0.9406750202178955,212.0,212.0,265.0,295.0,0.7399479317327162,0.5872359963269054,0.9404731392860413,212.0,212.0,265.0,293.0,0.735399284862932,0.5815268614514609,0.9380420446395874,212.0,212.0,265.0,291.0,0.7346701540249927,0.5806155259531466,0.9406750202178955,212.0,212.0,265.0,295.0,0.7601834367413003,0.613141862489121,0.9413983225822449,212.0,212.0,267.0,293.0,0.7399479317327162,0.5872359963269054,0.9404731392860413,212.0,212.0,265.0,293.0,0.7346701540249927,0.5806155259531466,0.9406750202178955,212.0,212.0,265.0,295.0,0.00392156862745098,0.0019646365422396855,0.9101721048355103,148.0,142.0,315.0,297.0,0.7504846302963168,0.6006205673758865,0.9299541711807251,208.0,208.0,267.0,293.0,0.8050407709414381,0.673697270471464,0.9356556534767151,212.0,212.0,265.0,281.0,0.7399479317327162,0.5872359963269054,0.9404731392860413,212.0,212.0,265.0,293.0,0.7399479317327162,0.5872359963269054,0.9404731392860413,212.0,212.0,265.0,293.0,0.7346701540249927,0.5806155259531466,0.9406750202178955,212.0,212.0,265.0,295.0
2311_pid-MR050687_glioma.png,0.8270391855096484,0.705086798546629,0.9436157941818237,254.0,158.0,355.0,243.0,0.6701352757544224,0.5039123630672926,0.9311974048614502,250.0,148.0,363.0,243.0,0.6690691746506109,0.5027077004358738,0.9359325170516968,250.0,148.0,363.0,235.0,0.6075586602185206,0.4363262155904296,0.9203749895095825,276.0,140.0,351.0,229.0,0.8276519666269369,0.705978039853599,0.9517143368721008,254.0,164.0,347.0,243.0,0.6448134200616227,0.475811544777062,0.9289799332618713,254.0,144.0,367.0,231.0,0.8292270531400966,0.7082731586548381,0.946762204170227,256.0,160.0,343.0,231.0,0.8105767038978801,0.681487159831353,0.9307276010513306,254.0,154.0,357.0,255.0,0.667791492762632,0.5012664978002933,0.9280526638031006,256.0,148.0,365.0,233.0,0.6544749705039609,0.4864086183139171,0.9012949466705322,250.0,150.0,363.0,263.0,0.6360016253555465,0.46627740705433746,0.9056986570358276,252.0,144.0,367.0,261.0,0.6737012987012987,0.5079559363525091,0.9368639588356018,262.0,150.0,363.0,237.0,0.6726992683865999,0.5068175224833188,0.9223752021789551,266.0,152.0,359.0,231.0,0.6853881692182263,0.521361631753032,0.9275221824645996,252.0,152.0,359.0,243.0,0.6071969696969697,0.435953222735926,0.8836402893066406,278.0,148.0,365.0,229.0,0.8017404886756666,0.6690875232774675,0.9278656840324402,250.0,152.0,363.0,251.0,0.66693662684754,0.5003037667071689,0.9136039018630981,264.0,154.0,355.0,229.0,0.6714955262036643,0.5054522129570237,0.9258468747138977,248.0,148.0,365.0,249.0,0.5936984636750282,0.42217010245648684,0.9137312173843384,276.0,136.0,361.0,229.0,0.6668560068162454,0.5002130379207499,0.917072057723999,262.0,152.0,361.0,231.0
2320_pid-MR050791B_glioma.png,0.37310195227765725,0.22933333333333333,0.9035657644271851,186.0,152.0,483.0,323.0,0.39020521463269553,0.24239438354477152,0.964234471321106,186.0,148.0,405.0,325.0,0.3069506251324433,0.18130045684961513,0.9656885862350464,206.0,150.0,399.0,301.0,0.32885777919185494,0.19678623105627904,0.8891539573669434,208.0,148.0,303.0,301.0,0.32806701304209523,0.19622019279553526,0.9687803387641907,208.0,154.0,375.0,303.0,0.32105124835742443,0.19122158913029866,0.9671300649642944,206.0,152.0,397.0,303.0,0.42613007269051173,0.2707530433718725,0.9739055633544922,184.0,156.0,345.0,329.0,0.30151924196707425,0.1775229071869351,0.9621357917785645,208.0,148.0,403.0,301.0,0.3208652070693748,0.1910896066356667,0.9661499857902527,208.0,144.0,379.0,303.0,0.31137787056367433,0.18439760153304074,0.9629501700401306,206.0,144.0,405.0,303.0,0.22179370565763143,0.12472889470884314,0.8520024418830872,208.0,144.0,477.0,303.0,0.31574543743136535,0.1874689518132141,0.9631313681602478,208.0,148.0,403.0,303.0,0.3244660921693518,0.193649373881932,0.9637598395347595,208.0,160.0,367.0,303.0,0.35154489458660926,0.21325718451910808,0.899226725101471,196.0,148.0,479.0,315.0,0.2914015336922826,0.17055003819709702,0.9556058049201965,208.0,148.0,347.0,299.0,0.4072065273782012,0.2556555726637451,0.9676901698112488,184.0,152.0,399.0,325.0,0.1972674527419053,0.10942691029900332,0.856282651424408,208.0,150.0,479.0,297.0,0.32924378635642515,0.19706273343039818,0.9698466062545776,206.0,154.0,375.0,303.0,0.28825006977393247,0.16839496510793714,0.9318394064903259,208.0,166.0,351.0,299.0,0.38012547051442913,0.2346635270789441,0.9687212705612183,188.0,148.0,403.0,323.0
2336_pid-MR051461_glioma.png,0.44016919088552325,0.28219034289713085,0.8884899020195007,100.0,246.0,215.0,359.0,0.0,0.0,0.936556339263916,182.0,172.0,415.0,379.0,0.44016919088552325,0.28219034289713085,0.8884899020195007,100.0,246.0,215.0,359.0,0.0,0.0,0.9463084936141968,252.0,176.0,411.0,375.0,0.49047981721249045,0.3249243188698285,0.9113410711288452,100.0,246.0,211.0,355.0,0.42020307211663627,0.26598549769281477,0.9084374308586121,96.0,246.0,217.0,361.0,0.47111306128418895,0.3081412034822539,0.8897221088409424,102.0,246.0,213.0,357.0,0.0,0.0,0.8972217440605164,172.0,172.0,271.0,295.0,0.44016919088552325,0.28219034289713085,0.8884899020195007,100.0,246.0,215.0,359.0,0.0,0.0,0.8834810256958008,170.0,172.0,275.0,283.0,0.47111306128418895,0.3081412034822539,0.8897221088409424,102.0,246.0,213.0,357.0,0.42169225743221167,0.2671799966881934,0.8882932066917419,100.0,246.0,217.0,363.0,0.6377132727675604,0.4681197137280416,0.9456405639648438,102.0,246.0,191.0,339.0,0.6341516878562035,0.46429144599582733,0.9428397417068481,102.0,248.0,195.0,339.0,0.0,0.0,0.9235661029815674,266.0,180.0,409.0,373.0,0.6281009879253567,0.45783325332053126,0.946491539478302,100.0,246.0,191.0,335.0,0.464566361473578,0.30256362099727674,0.894162654876709,100.0,246.0,213.0,357.0,0.41208019410037033,0.2595094491355046,0.9032098054885864,100.0,246.0,219.0,363.0,0.38344614653841586,0.23719973554690368,0.921441376209259,100.0,246.0,223.0,365.0,0.6266594711279007,0.45630304935554855,0.9450427293777466,100.0,246.0,195.0,339.0
2338_pid-MR051461_glioma.png,0.44989628781918317,0.29023624953857513,0.85841965675354,102.0,256.0,219.0,373.0,0.5965818759936407,0.4250920419144718,0.9349099397659302,104.0,252.0,191.0,371.0,0.5856963127842834,0.4141234432735733,0.9299526214599609,104.0,252.0,195.0,371.0,0.31394485421513785,0.18620082207868469,0.9295471906661987,100.0,250.0,245.0,377.0,0.49448123620309054,0.3284457478005865,0.8439213037490845,106.0,252.0,215.0,371.0,0.43299394606494224,0.27631925542189834,0.8728245496749878,100.0,256.0,219.0,377.0,0.2667844522968198,0.15392456676860347,0.9359495639801025,100.0,246.0,291.0,377.0,0.664341355656319,0.4973885793871866,0.9468929171562195,104.0,262.0,187.0,373.0,0.3755329227854098,0.23117299701100824,0.8845246434211731,102.0,254.0,227.0,371.0,0.6687927107061503,0.5023956194387406,0.9457780718803406,108.0,250.0,197.0,357.0,0.0,0.0,0.906794011592865,356.0,206.0,453.0,347.0,0.5752682973992072,0.40377307274701413,0.8825755715370178,100.0,254.0,213.0,377.0,0.5157421289355323,0.3474747474747475,0.8801726698875427,104.0,250.0,207.0,373.0,0.4500461549385784,0.29036100421477,0.8528820872306824,102.0,250.0,219.0,371.0,0.37957354010176886,0.23424299065420562,0.9303499460220337,100.0,260.0,233.0,377.0,0.4909718951169728,0.32535636250130057,0.8626725077629089,106.0,248.0,213.0,371.0,0.632739980342907,0.46277955271565496,0.9483726620674133,100.0,268.0,191.0,377.0,0.40308299891712845,0.2524132429198245,0.8567681908607483,104.0,256.0,227.0,367.0,0.5824919125575924,0.41092669432918394,0.8767580389976501,102.0,248.0,213.0,375.0,0.5861735089078234,0.41460073962470895,0.9333393573760986,102.0,250.0,195.0,371.0
2342_pid-MR051586_glioma.png,0.7862046942359892,0.6477242830833991,0.9296000003814697,156.0,140.0,255.0,233.0,0.7092339694311296,0.5494674887892377,0.8982568979263306,160.0,152.0,253.0,235.0,0.5174927113702624,0.34906588003933137,0.7998857498168945,170.0,148.0,261.0,233.0,0.8314441816847428,0.7115143056524773,0.8812164664268494,150.0,142.0,267.0,237.0,0.7545621234611019,0.6058609085810431,0.9202974438667297,158.0,144.0,253.0,233.0,0.6976424023403889,0.5356765327695561,0.8871243000030518,166.0,140.0,253.0,233.0,0.6699838622915546,0.5037411526794742,0.8550547957420349,158.0,142.0,267.0,237.0,0.7790297339593114,0.6380415278133812,0.9283617734909058,156.0,138.0,255.0,235.0,0.7378668991572217,0.58461892700898,0.906584620475769,156.0,140.0,263.0,235.0,0.7874908855221583,0.649472136843512,0.9095865488052368,156.0,144.0,259.0,233.0,0.7905131941071718,0.653593896399411,0.9410173892974854,156.0,138.0,249.0,233.0,0.6594564092918274,0.4919320892381086,0.7965859770774841,168.0,144.0,259.0,235.0,0.7203519166891104,0.5629297039427529,0.9072405099868774,160.0,148.0,253.0,233.0,0.7930980637101811,0.6571354638374951,0.9194872975349426,154.0,142.0,259.0,233.0,0.0,0.0,0.9391869902610779,112.0,254.0,233.0,377.0,0.674496934104845,0.5088610893927548,0.8434420824050903,164.0,148.0,261.0,233.0,0.8095274920733122,0.6800051968299338,0.9221909046173096,152.0,140.0,255.0,233.0,0.7403859502984868,0.5877879422462251,0.8882594704627991,154.0,138.0,263.0,235.0,0.797914389033723,0.6637750104939135,0.869605541229248,154.0,142.0,267.0,235.0,0.7602140490953877,0.613181693614689,0.9190424084663391,158.0,142.0,253.0,233.0
2347_pid-MR033389B_glioma.png,0.5006043513295729,0.3338707510412468,0.9277348518371582,180.0,144.0,361.0,297.0,0.47337128399746997,0.3100762346702022,0.93614661693573,176.0,142.0,363.0,299.0,0.5925075241565024,0.42096674357098646,0.9209755659103394,184.0,144.0,347.0,293.0,0.4548023457202759,0.29433279584693434,0.9344887137413025,174.0,140.0,371.0,301.0,0.5006043513295729,0.3338707510412468,0.9277348518371582,180.0,144.0,361.0,297.0,0.6622813028185099,0.4950826389837454,0.9252607822418213,190.0,150.0,349.0,285.0,0.44440485733796503,0.28568156659159444,0.9268975257873535,172.0,142.0,365.0,303.0,0.5718114637975266,0.40037533512064344,0.9208988547325134,184.0,144.0,351.0,293.0,0.5532640949554896,0.3824223156599323,0.922822892665863,184.0,144.0,355.0,293.0,0.5251929824561403,0.35610963075751806,0.9278309345245361,182.0,142.0,355.0,295.0,0.5279004125352826,0.35860373647984267,0.922995924949646,184.0,148.0,361.0,293.0,0.5718114637975266,0.40037533512064344,0.9208988547325134,184.0,144.0,351.0,293.0,0.508579389079542,0.34100332619492413,0.9305938482284546,180.0,142.0,355.0,297.0,0.5742551389637386,0.40277552783627624,0.9213089942932129,186.0,144.0,355.0,291.0,0.4395113929997651,0.28164985699232276,0.930832028388977,176.0,140.0,399.0,299.0,0.4723256547806879,0.30917954226224903,0.9344953894615173,176.0,142.0,361.0,299.0,0.48907041333115503,0.32368842178106483,0.9402318000793457,180.0,140.0,371.0,297.0,0.7764077929009875,0.6345314953760252,0.9362013339996338,198.0,150.0,345.0,279.0,0.471165953160413,0.30818646022072144,0.9418576955795288,176.0,140.0,367.0,299.0,0.5082620694354536,0.34071807052804676,0.9289979934692383,180.0,144.0,357.0,297.0
2349_pid-MR024780E_glioma.png,0.630392788151964,0.460272684532205,0.8808085918426514,284.0,320.0,365.0,375.0,0.6324895866709388,0.46251171508903466,0.8805868625640869,284.0,320.0,367.0,375.0,0.630392788151964,0.460272684532205,0.8808085918426514,284.0,320.0,365.0,375.0,0.6475716064757161,0.47882136279926335,0.8692706823348999,282.0,318.0,375.0,377.0,0.630392788151964,0.460272684532205,0.8808085918426514,284.0,320.0,365.0,375.0,0.630392788151964,0.460272684532205,0.8808085918426514,284.0,320.0,365.0,375.0,0.6324895866709388,0.46251171508903466,0.8805868625640869,284.0,320.0,367.0,375.0,0.6331821127673364,0.46325272641062115,0.8795799612998962,284.0,318.0,363.0,375.0,0.6324895866709388,0.46251171508903466,0.8805868625640869,284.0,320.0,367.0,375.0,0.6333762886597938,0.46346063177746344,0.8700321316719055,282.0,318.0,359.0,377.0,0.630392788151964,0.460272684532205,0.8808085918426514,284.0,320.0,365.0,375.0,0.6324895866709388,0.46251171508903466,0.8805868625640869,284.0,320.0,367.0,375.0,0.6303148328464784,0.4601895734597156,0.8817976117134094,284.0,320.0,363.0,375.0,0.630392788151964,0.460272684532205,0.8808085918426514,284.0,320.0,365.0,375.0,0.6374960076652827,0.46788560712611343,0.8791645765304565,284.0,318.0,373.0,375.0,0.630392788151964,0.460272684532205,0.8808085918426514,284.0,320.0,365.0,375.0,0.6324895866709388,0.46251171508903466,0.8805868625640869,284.0,320.0,367.0,375.0,0.6303148328464784,0.4601895734597156,0.8817976117134094,284.0,320.0,363.0,375.0,0.643521388716677,0.4744058500914077,0.8661337494850159,282.0,318.0,373.0,377.0,0.6324895866709388,0.46251171508903466,0.8805868625640869,284.0,320.0,367.0,375.0
2352_pid-MR026175E_glioma.png,0.0,0.0,0.7926729917526245,356.0,170.0,413.0,259.0,0.0,0.0,0.7993846535682678,356.0,172.0,413.0,261.0,0.0,0.0,0.8484430313110352,340.0,156.0,415.0,267.0,0.0,0.0,0.7705801725387573,356.0,170.0,413.0,269.0,0.0,0.0,0.7924433350563049,356.0,172.0,413.0,263.0,0.0,0.0,0.7872987985610962,356.0,172.0,413.0,265.0,0.5221668146731334,0.35333271701950636,0.9111264944076538,74.0,228.0,181.0,359.0,0.0,0.0,0.7924433350563049,356.0,172.0,413.0,263.0,0.0,0.0,0.8517983555793762,332.0,150.0,413.0,267.0,0.0,0.0,0.7993846535682678,356.0,172.0,413.0,261.0,0.0,0.0,0.7993846535682678,356.0,172.0,413.0,261.0,0.0,0.0,0.7987858653068542,356.0,172.0,413.0,259.0,0.0,0.0,0.7924433350563049,356.0,172.0,413.0,263.0,0.0,0.0,0.7924433350563049,356.0,172.0,413.0,263.0,0.0,0.0,0.8643735647201538,330.0,148.0,413.0,271.0,0.0,0.0,0.7851964235305786,356.0,170.0,413.0,261.0,0.0,0.0,0.7761542201042175,356.0,170.0,413.0,265.0,0.0,0.0,0.7830743789672852,358.0,174.0,411.0,265.0,0.0,0.0,0.844122052192688,340.0,156.0,415.0,261.0,0.0,0.0,0.7832239866256714,356.0,170.0,413.0,263.0
2364_pid-MR040240C_glioma.png,0.43011332973556393,0.2739773117909935,0.888629674911499,318.0,282.0,379.0,365.0,0.3740629685157421,0.2300599354541263,0.9127084016799927,318.0,282.0,405.0,367.0,0.4779270633397313,0.31399747793190413,0.9019626975059509,318.0,282.0,389.0,365.0,0.38087954110898664,0.23523854511100614,0.9049537181854248,316.0,280.0,397.0,361.0,0.4409937888198758,0.28286852589641437,0.8876844644546509,318.0,282.0,377.0,361.0,0.355568117580554,0.21622550704709523,0.8629995584487915,320.0,284.0,375.0,371.0,0.3180876494023904,0.18912260754216412,0.9125580787658691,318.0,280.0,407.0,373.0,0.37130801687763715,0.22797927461139897,0.8844608068466187,318.0,282.0,377.0,367.0,0.55622009569378,0.3852526926263463,0.8870526552200317,320.0,284.0,381.0,367.0,0.5167827739075365,0.3484201537147737,0.8784520626068115,318.0,282.0,377.0,357.0,0.42622250693999575,0.2708276797829037,0.8911946415901184,320.0,284.0,393.0,373.0,0.4897840046701693,0.32431387707769616,0.8862135410308838,318.0,284.0,379.0,365.0,0.5123042505592841,0.3443609022556391,0.8893114924430847,318.0,282.0,383.0,361.0,0.55622009569378,0.3852526926263463,0.8870526552200317,320.0,284.0,381.0,367.0,0.3504828797190518,0.2124760485416223,0.9126594662666321,318.0,282.0,407.0,371.0,0.489435677988767,0.3240084985835694,0.8919097185134888,318.0,282.0,383.0,363.0,0.3560470924009989,0.2165798611111111,0.9087879657745361,318.0,282.0,405.0,371.0,0.41449916989485336,0.2614310645724258,0.887239933013916,318.0,282.0,377.0,363.0,0.3897476032087654,0.24204131227217496,0.8994984030723572,316.0,280.0,395.0,361.0,0.45896147403685095,0.29782608695652174,0.8878711462020874,318.0,282.0,379.0,363.0
2367_pid-MR040240C_glioma.png,0.3834965437788018,0.23723830734966592,0.9452102184295654,246.0,272.0,303.0,341.0,0.28129545976571474,0.16366714183891662,0.9295831322669983,248.0,282.0,303.0,339.0,0.39934416880524665,0.2494878418099225,0.9450282454490662,246.0,254.0,335.0,341.0,0.34295415959252973,0.2069672131147541,0.9434309601783752,248.0,272.0,307.0,341.0,0.3748099891422367,0.23062533404596472,0.935602068901062,246.0,278.0,303.0,341.0,0.38631298972036515,0.2393977191732003,0.9432843923568726,246.0,262.0,329.0,341.0,0.3917186044845619,0.24356347438752785,0.9438226819038391,246.0,272.0,307.0,341.0,0.3748099891422367,0.23062533404596472,0.935602068901062,246.0,278.0,303.0,341.0,0.3521984878514277,0.2137384176764077,0.9446684718132019,246.0,254.0,303.0,341.0,0.3748099891422367,0.23062533404596472,0.935602068901062,246.0,278.0,303.0,341.0,0.3748099891422367,0.23062533404596472,0.935602068901062,246.0,278.0,303.0,341.0,0.3748099891422367,0.23062533404596472,0.935602068901062,246.0,278.0,303.0,341.0,0.29965156794425085,0.1762295081967213,0.9258008599281311,246.0,280.0,303.0,341.0,0.38317487755690005,0.23699215965787598,0.9425112009048462,246.0,262.0,327.0,341.0,0.6004705430450857,0.4290517359681625,0.9009563326835632,230.0,250.0,407.0,339.0,0.2832670541449985,0.16500356379187456,0.9255678057670593,248.0,280.0,301.0,339.0,0.3379238856804383,0.20331432644333572,0.9453768730163574,248.0,268.0,303.0,339.0,0.38631298972036515,0.2393977191732003,0.9432843923568726,246.0,262.0,329.0,341.0,0.36940732132481113,0.2265478841870824,0.9358546733856201,248.0,278.0,303.0,339.0,0.29032749428789034,0.16981468282252316,0.9270923137664795,248.0,280.0,303.0,339.0
2370_pid-MR040240C_glioma.png,0.6028639274663596,0.4314997939843428,0.9344843626022339,280.0,206.0,403.0,329.0,0.6075886700378372,0.43635717188134904,0.9380077123641968,280.0,206.0,405.0,335.0,0.592751754762928,0.4212133550488599,0.9317344427108765,280.0,206.0,405.0,315.0,0.6044823906083244,0.4331599877638422,0.950391948223114,276.0,182.0,427.0,331.0,0.6137401411374014,0.44273094774666866,0.9231764078140259,280.0,204.0,403.0,327.0,0.6027052305921289,0.4313372122959683,0.934282660484314,280.0,206.0,403.0,327.0,0.15921761315317018,0.08649453313484934,0.6954207420349121,282.0,208.0,343.0,265.0,0.6054103817010127,0.4341136444421876,0.9320968389511108,282.0,206.0,405.0,339.0,0.5850692570606224,0.4134967453213995,0.872552216053009,280.0,206.0,399.0,313.0,0.6138990793936457,0.442896379525593,0.9234187006950378,280.0,204.0,403.0,329.0,0.5899874658998746,0.4184271072997281,0.8927632570266724,280.0,206.0,393.0,335.0,0.6079230174896396,0.4367021544982088,0.9380760192871094,280.0,206.0,407.0,335.0,0.6128785773826063,0.4418348440082127,0.9190752506256104,280.0,204.0,397.0,323.0,0.5943593064249226,0.4228387162819266,0.8696280717849731,280.0,206.0,397.0,315.0,0.6188704999146903,0.44809013193655184,0.9323104023933411,278.0,204.0,409.0,327.0,0.6265788401466793,0.4562175525339926,0.9332084655761719,278.0,204.0,407.0,333.0,0.6131534100789483,0.442120573778714,0.9410327672958374,280.0,206.0,407.0,339.0,0.348869823461475,0.21129153135148637,0.8680977821350098,282.0,206.0,375.0,295.0,0.6340228506711968,0.4641533359344518,0.9386537671089172,278.0,198.0,405.0,329.0,0.6148395308038939,0.4438760305950134,0.9266400933265686,280.0,204.0,407.0,331.0
2386_pid-MR017260F_glioma.png,0.0,0.0,0.9121982455253601,204.0,148.0,407.0,333.0,0.0,0.0,0.8941742777824402,216.0,182.0,293.0,325.0,0.670131412874007,0.5039079946404645,0.9122846722602844,118.0,154.0,195.0,267.0,0.2246474399695083,0.12653680459144973,0.9851623773574829,74.0,128.0,413.0,361.0,0.0,0.0,0.9196872115135193,206.0,158.0,319.0,331.0,0.1828723505370212,0.10063814206506957,0.740134060382843,132.0,176.0,191.0,267.0,0.18730034040324692,0.10332673667788579,0.9719162583351135,108.0,122.0,413.0,373.0,0.20808456494078498,0.11612409875464277,0.7395679950714111,126.0,182.0,197.0,269.0,0.20358622475401347,0.11332924939641814,0.9547538757324219,106.0,144.0,393.0,339.0,0.4531789910158949,0.29297442198145873,0.8378610610961914,124.0,180.0,195.0,267.0,0.0,0.0,0.872351348400116,212.0,174.0,293.0,255.0,0.5657989587505006,0.3945046353177706,0.8919404149055481,120.0,176.0,197.0,269.0,0.0,0.0,0.9069572687149048,208.0,174.0,299.0,327.0,0.13902927433965862,0.07470793195326911,0.7626771330833435,132.0,180.0,195.0,267.0,0.22426727256572015,0.12629562382947088,0.98952317237854,78.0,136.0,413.0,371.0,0.0,0.0,0.8961902260780334,208.0,158.0,293.0,327.0,0.16821199172243276,0.09182939890550038,0.9737330079078674,110.0,136.0,411.0,373.0,0.0,0.0,0.905614972114563,206.0,158.0,393.0,335.0,0.20626073173953244,0.1149892492120998,0.9804511666297913,100.0,136.0,411.0,359.0,0.0,0.0,0.9002320766448975,208.0,168.0,295.0,325.0
2397_pid-MR029209I_glioma.png,0.2460290408344127,0.14026973454079056,0.9312870502471924,222.0,142.0,439.0,285.0,0.19371992909597366,0.10724800224309547,0.9406124949455261,160.0,142.0,441.0,285.0,0.1397857517417035,0.07514497422680412,0.9541942477226257,136.0,144.0,403.0,329.0,0.18308208049688418,0.10076519061849135,0.9562757611274719,156.0,138.0,451.0,303.0,0.3315914020903175,0.1987471189646002,0.8901525735855103,218.0,144.0,399.0,267.0,0.18453095523923854,0.10164368033251464,0.8502448797225952,224.0,156.0,339.0,267.0,0.3756582796957285,0.23126801152737753,0.8333010673522949,212.0,154.0,331.0,265.0,0.2899175845336209,0.16953427619133413,0.8995966911315918,216.0,140.0,439.0,269.0,0.009288537549407115,0.004665938647870545,0.9015872478485107,230.0,166.0,339.0,267.0,0.28566265060240964,0.16663152716283647,0.8998122215270996,216.0,152.0,391.0,265.0,0.008156923674499902,0.004095163806552262,0.87520831823349,224.0,168.0,339.0,267.0,0.2699817075447045,0.156057140391006,0.8971526622772217,204.0,144.0,439.0,269.0,0.25450666666666666,0.14580787093620143,0.9257148504257202,222.0,142.0,439.0,281.0,0.015844364219815485,0.007985444253512585,0.8330037593841553,228.0,164.0,335.0,265.0,0.1531669213788419,0.08293490253769768,0.9603106379508972,140.0,138.0,445.0,327.0,0.24702534032849843,0.14091780446774382,0.9260815382003784,218.0,142.0,437.0,283.0,0.24594523510330518,0.14021525440671753,0.9324864745140076,206.0,138.0,441.0,285.0,0.04561472200469851,0.023339677451667835,0.8216447830200195,228.0,160.0,335.0,265.0,0.13916154771705402,0.07478432506933928,0.9562379121780396,122.0,140.0,443.0,329.0,0.23091565474236955,0.13052834669041258,0.9223858118057251,216.0,144.0,437.0,285.0
2402_pid-MR029209I_glioma.png,0.6583025830258302,0.49064906490649063,0.8795244097709656,244.0,170.0,377.0,231.0,0.0,0.0,0.9081893563270569,282.0,248.0,359.0,347.0,0.0,0.0,0.9168500900268555,156.0,248.0,263.0,331.0,0.0,0.0,0.8765095472335815,282.0,244.0,367.0,355.0,0.0,0.0,0.9095679521560669,282.0,256.0,357.0,347.0,0.0,0.0,0.9107316732406616,282.0,248.0,357.0,347.0,0.0,0.0,0.8855264186859131,278.0,250.0,367.0,357.0,0.0,0.0,0.9223260283470154,284.0,246.0,347.0,343.0,0.0,0.0,0.8919101357460022,282.0,248.0,363.0,355.0,0.0,0.0,0.900041937828064,282.0,252.0,357.0,357.0,0.0,0.0,0.9229249954223633,284.0,250.0,351.0,347.0,0.0,0.0,0.9131451845169067,282.0,248.0,355.0,347.0,0.0,0.0,0.9242764711380005,282.0,250.0,351.0,345.0,0.0,0.0,0.9091808199882507,282.0,252.0,359.0,347.0,0.11939956456972614,0.06349012917377529,0.8841855525970459,282.0,172.0,379.0,357.0,0.0,0.0,0.9007506370544434,282.0,250.0,361.0,351.0,0.0,0.0,0.8979302048683167,282.0,244.0,359.0,347.0,0.0,0.0,0.905868649482727,284.0,254.0,361.0,349.0,0.0,0.0,0.8555247783660889,282.0,244.0,371.0,355.0,0.0,0.0,0.9133161902427673,284.0,248.0,361.0,347.0
2413_pid-MR048297_glioma.png,0.889474454691846,0.8009491167940944,0.9553472399711609,172.0,142.0,231.0,229.0,0.8542393447595935,0.7455652634365899,0.9582798480987549,168.0,142.0,231.0,231.0,0.8526731470230863,0.7431824199099815,0.9546380639076233,168.0,142.0,231.0,229.0,0.8477730323367907,0.7357691289383108,0.9547317028045654,170.0,142.0,233.0,231.0,0.800952380952381,0.6679904686258936,0.9586201906204224,170.0,148.0,231.0,229.0,0.864223490537699,0.7609098122189897,0.9589638113975525,170.0,140.0,231.0,231.0,0.8242801556420234,0.701085517606566,0.9620699286460876,168.0,144.0,233.0,231.0,0.8152446675031367,0.6881122584061424,0.9559749960899353,170.0,144.0,231.0,229.0,0.864223490537699,0.7609098122189897,0.9589638113975525,170.0,140.0,231.0,231.0,0.800381133873273,0.6671961874503575,0.9592350721359253,170.0,148.0,231.0,231.0,0.8637114951164538,0.7601163713303359,0.9588260650634766,170.0,140.0,231.0,229.0,0.8542393447595935,0.7455652634365899,0.9582798480987549,168.0,142.0,231.0,231.0,0.8152446675031367,0.6881122584061424,0.95683753490448,170.0,144.0,231.0,231.0,0.8922583466977694,0.8054751250329034,0.9573748111724854,170.0,142.0,231.0,229.0,0.865796971060129,0.7633527234267583,0.9593310952186584,170.0,140.0,233.0,231.0,0.8028526148969889,0.6706380725443474,0.9616419672966003,170.0,148.0,233.0,231.0,0.8769276393831554,0.7808291523633483,0.9590359330177307,166.0,140.0,233.0,231.0,0.8169146436961628,0.6904951019327509,0.9569453001022339,170.0,144.0,233.0,231.0,0.8730087836831919,0.7746367239101717,0.9590733051300049,168.0,140.0,235.0,233.0,0.8923884514435696,0.8056872037914692,0.9569187164306641,170.0,142.0,231.0,231.0
2439_pid-MR048994_glioma.png,0.0,0.0,0.9078653454780579,318.0,208.0,435.0,377.0,0.7138509279704004,0.555029695619896,0.9839834570884705,136.0,248.0,229.0,347.0,0.7120062152632523,0.5528025241276912,0.9839016795158386,132.0,248.0,229.0,343.0,0.5127237830503988,0.34474012103951585,0.9331430792808533,138.0,230.0,303.0,377.0,0.0,0.0,0.8643416166305542,328.0,198.0,435.0,365.0,0.7070610114583958,0.5468634001484781,0.9845765829086304,132.0,248.0,221.0,341.0,0.5765017232890202,0.404989407237667,0.9344550967216492,132.0,222.0,303.0,379.0,0.0,0.0,0.8594847917556763,316.0,216.0,435.0,377.0,0.7201900237529691,0.562731997030438,0.9727576971054077,132.0,222.0,223.0,343.0,0.7109276870626233,0.5515033407572383,0.9852933287620544,136.0,250.0,231.0,345.0,0.0,0.0,0.857490599155426,318.0,214.0,435.0,377.0,0.7207977207977208,0.5634743875278396,0.9783549904823303,136.0,234.0,233.0,347.0,0.9120989640953434,0.8384025145604141,0.9684266448020935,134.0,230.0,237.0,355.0,0.7150011924636298,0.5564216778025242,0.9813134670257568,132.0,248.0,227.0,347.0,0.5046741588201545,0.3375011284643857,0.9306737780570984,138.0,244.0,303.0,377.0,0.8951356886840758,0.8101770321623876,0.9687192440032959,134.0,232.0,235.0,351.0,0.9265391097452166,0.8631326191355745,0.9699633121490479,122.0,248.0,223.0,363.0,0.602022977022977,0.4306386779812416,0.9308045506477356,128.0,224.0,301.0,375.0,0.712083183936895,0.5528953229398663,0.9845092296600342,140.0,252.0,235.0,351.0,0.7161494013224519,0.5578136599851522,0.9818550944328308,134.0,236.0,229.0,343.0
2441_pid-MR048994_glioma.png,0.7255324543610547,0.5692828011538844,0.9782039523124695,138.0,250.0,237.0,375.0,0.7914888501532729,0.6549288769521536,0.9651415348052979,136.0,240.0,253.0,373.0,0.7309221738307139,0.5759474783646673,0.9753319621086121,138.0,244.0,239.0,373.0,0.7512885797677451,0.6016510841456136,0.9462721943855286,144.0,234.0,267.0,375.0,0.7386449184441656,0.5855963394011737,0.9722924828529358,138.0,240.0,243.0,375.0,0.73076194684679,0.5757485327762857,0.9748023152351379,138.0,244.0,235.0,375.0,0.8512841973112936,0.7410746812386156,0.9474872350692749,140.0,228.0,239.0,371.0,0.7204225800292752,0.5630160151198648,0.9790290594100952,140.0,248.0,235.0,371.0,0.7372189423439266,0.5838058291057395,0.972854495048523,138.0,240.0,243.0,373.0,0.7277904328018223,0.5720680393912265,0.9746940732002258,136.0,250.0,229.0,367.0,0.7342776203966006,0.5801253357206804,0.9737764000892639,138.0,244.0,251.0,373.0,0.7205854279350938,0.5632149607082463,0.9776318073272705,138.0,250.0,229.0,367.0,0.7562786094271928,0.608077190888292,0.9699499011039734,138.0,234.0,237.0,373.0,0.7630121816168328,0.6168307967770814,0.9715431928634644,136.0,244.0,239.0,375.0,0.7266624445851805,0.5706754202725555,0.9788193702697754,144.0,240.0,261.0,367.0,0.73076194684679,0.5757485327762857,0.9748023152351379,138.0,244.0,235.0,375.0,0.6757557794902194,0.5102954341987467,0.9854219555854797,148.0,266.0,223.0,365.0,0.8614894382484453,0.7566811123149151,0.9502193927764893,138.0,224.0,247.0,375.0,0.7261784085149519,0.5700785835074107,0.9797441363334656,142.0,250.0,261.0,371.0,0.7222116301239275,0.5652044165920621,0.9776243567466736,138.0,250.0,229.0,373.0
244_pid-102714_meningioma.png,0.9499162167194191,0.9046099290780142,0.9502888917922974,248.0,144.0,313.0,229.0,0.688591459528362,0.5250777604976672,0.9318792819976807,248.0,144.0,329.0,231.0,0.7461527797033135,0.5950906678460858,0.9373544454574585,248.0,144.0,323.0,231.0,0.6889683350357507,0.5255161667315933,0.9367671608924866,248.0,142.0,327.0,231.0,0.952574275696623,0.9094432699083862,0.9468469619750977,248.0,140.0,317.0,229.0,0.9310037439828847,0.8709139426284189,0.9413653016090393,248.0,148.0,325.0,231.0,0.9479380481433103,0.9010287335934729,0.9534294605255127,248.0,148.0,319.0,231.0,0.9521168422998706,0.9086097388849682,0.9435997605323792,248.0,140.0,315.0,229.0,0.9498602050326188,0.9045083422080227,0.9368517994880676,248.0,144.0,311.0,229.0,0.83208834037025,0.7124582869855395,0.9237582087516785,246.0,138.0,309.0,223.0,0.952574275696623,0.9094432699083862,0.9468469619750977,248.0,140.0,317.0,229.0,0.7151000928012727,0.5565414775072225,0.9334743022918701,248.0,144.0,327.0,231.0,0.9514028974876215,0.9073102483385799,0.945275068283081,248.0,142.0,323.0,229.0,0.9511436413540714,0.9068387997208653,0.9370396733283997,248.0,142.0,325.0,229.0,0.878523158068238,0.7833627278071722,0.9388362169265747,248.0,148.0,313.0,233.0,0.9537838335481496,0.9116508271735304,0.9398288130760193,248.0,140.0,319.0,229.0,0.6889683350357507,0.5255161667315933,0.9367671608924866,248.0,142.0,327.0,231.0,0.850332414464083,0.7396332863187588,0.9138963222503662,248.0,142.0,309.0,229.0,0.7213776402529262,0.5641835016835017,0.9283089637756348,248.0,140.0,315.0,231.0,0.9512511584800741,0.9070342877341817,0.9555439352989197,248.0,142.0,315.0,229.0
2462_pid-MR040240B_glioma.png,0.07473035439137134,0.038815526210484196,0.9611513614654541,112.0,136.0,359.0,375.0,0.18769000747570397,0.10356396436035639,0.9315193891525269,192.0,138.0,367.0,319.0,0.19043478260869565,0.10523786641037962,0.8917198777198792,204.0,136.0,365.0,295.0,0.07594160434730764,0.03946949038495591,0.9662496447563171,112.0,134.0,375.0,371.0,0.19116749202903466,0.10568556855685568,0.8938448429107666,200.0,138.0,363.0,301.0,0.3643491897543126,0.22275487376158518,0.9038650989532471,208.0,136.0,323.0,291.0,0.08028880866425993,0.04182337896795547,0.9580368995666504,128.0,134.0,367.0,373.0,0.1790463833927992,0.09832561453509084,0.9337946772575378,192.0,136.0,359.0,317.0,0.21877373846988604,0.12282198123553065,0.911292552947998,190.0,136.0,373.0,307.0,0.06818841132910909,0.035297651038538144,0.9728391170501709,100.0,108.0,371.0,377.0,0.07626727716936324,0.039645464395459955,0.9626724720001221,110.0,136.0,351.0,371.0,0.24070883583558947,0.13682148852825965,0.8591347932815552,208.0,136.0,373.0,261.0,0.1832005033557047,0.10083694083694084,0.932366669178009,196.0,136.0,367.0,317.0,0.17926211375151646,0.09845574978443207,0.8841060400009155,206.0,142.0,349.0,299.0,0.0728726442033124,0.03781412991939308,0.9696864485740662,70.0,134.0,373.0,373.0,0.1951697584879244,0.1081374602435808,0.8945128321647644,200.0,138.0,373.0,297.0,0.07188732394366197,0.03728377746610566,0.9688668251037598,112.0,108.0,371.0,367.0,0.1892560780317368,0.10451841132014793,0.8918195962905884,204.0,138.0,363.0,295.0,0.07547871351552334,0.03921947449768161,0.9695154428482056,106.0,134.0,365.0,371.0,0.18616899473322648,0.10263855573791188,0.9245961308479309,196.0,140.0,373.0,315.0
2473_pid-MR036496B_glioma.png,0.6495520791549673,0.480990099009901,0.9589073657989502,110.0,288.0,195.0,375.0,0.6495176848874598,0.48095238095238096,0.9638879299163818,110.0,286.0,191.0,375.0,0.6501936690263123,0.4816940431426875,0.9501267671585083,108.0,286.0,195.0,375.0,0.6490048767628839,0.480390243902439,0.9121771454811096,112.0,280.0,199.0,377.0,0.6470509203278249,0.4782522343594836,0.9715257883071899,122.0,294.0,195.0,375.0,0.6500066818121074,0.4814888140962186,0.954614520072937,110.0,286.0,195.0,375.0,0.6527685566325853,0.4845259215454366,0.9172122478485107,106.0,284.0,199.0,375.0,0.648995983935743,0.4803804994054697,0.9641621708869934,108.0,292.0,195.0,375.0,0.649725825865989,0.4811806656101426,0.960895836353302,116.0,284.0,195.0,375.0,0.6483810543216484,0.4797069887151059,0.9698899388313293,110.0,294.0,195.0,377.0,0.6489888844248025,0.4803727200634417,0.9693623185157776,116.0,288.0,195.0,375.0,0.6510882627854186,0.48267669768362703,0.9413532614707947,102.0,286.0,195.0,375.0,0.648634172469202,0.47998414585810545,0.9680736660957336,112.0,292.0,195.0,375.0,0.6489888844248025,0.4803727200634417,0.9693623185157776,116.0,288.0,195.0,375.0,0.6135487880671224,0.4425318271472118,0.9000661969184875,118.0,272.0,213.0,377.0,0.6495520791549673,0.480990099009901,0.9589073657989502,110.0,288.0,195.0,375.0,0.65,0.48148148148148145,0.9521089792251587,106.0,288.0,195.0,375.0,0.6489888844248025,0.4803727200634417,0.9693623185157776,116.0,288.0,195.0,375.0,0.44533582089552237,0.28645145805832234,0.9283049702644348,70.0,212.0,207.0,389.0,0.6491486794476471,0.48054783644303295,0.9664133191108704,110.0,288.0,191.0,375.0
2481_pid-MR033420_glioma.png,0.409128241229614,0.2571723578434988,0.7977169752120972,154.0,136.0,313.0,267.0,0.21993531314319317,0.12355467459530889,0.7220113277435303,158.0,144.0,315.0,267.0,0.40103092783505156,0.2508059316569955,0.7846671342849731,152.0,136.0,315.0,269.0,0.0714171847600829,0.03703091420069433,0.7332048416137695,170.0,134.0,315.0,263.0,0.4238045191802417,0.2688781463577263,0.7059013247489929,170.0,136.0,311.0,267.0,0.42050087361677346,0.2662241887905605,0.7205630540847778,168.0,136.0,311.0,267.0,0.3355269432522651,0.20158148063259226,0.9021623134613037,134.0,140.0,329.0,269.0,0.40937367880654707,0.25736634264884567,0.7971688508987427,158.0,136.0,309.0,267.0,0.41666139140343106,0.2631536862306093,0.7396557331085205,164.0,138.0,311.0,267.0,0.09425395334272742,0.04945777193558988,0.7296215295791626,164.0,138.0,325.0,269.0,0.15122470713525027,0.08179723502304148,0.744857668876648,164.0,142.0,313.0,269.0,0.42050087361677346,0.2662241887905605,0.7205630540847778,168.0,136.0,311.0,267.0,0.4215475024485798,0.2670637875403326,0.7229959964752197,170.0,136.0,309.0,267.0,0.4062150403977626,0.2548744345655904,0.7902546525001526,168.0,138.0,299.0,269.0,0.4082416623013794,0.25647213690215004,0.7744484543800354,152.0,134.0,323.0,265.0,0.0860655737704918,0.044967880085653104,0.7500221729278564,168.0,138.0,317.0,267.0,0.40114155251141553,0.25089247465371983,0.7612525224685669,150.0,138.0,329.0,265.0,0.4169661190965092,0.2633968382650993,0.7256970405578613,168.0,136.0,311.0,269.0,0.3958497800834555,0.24676602924634422,0.808641791343689,150.0,134.0,315.0,267.0,0.15922212093588575,0.08649719379333114,0.7424663305282593,168.0,142.0,309.0,267.0
2497_pid-MR024780E_glioma.png,0.18685223571217058,0.10305405846807121,0.8824455738067627,168.0,284.0,251.0,377.0,0.2912801484230056,0.17046688382193267,0.822417676448822,172.0,284.0,243.0,375.0,0.2253269916765755,0.1269681742043551,0.8131752610206604,174.0,286.0,231.0,375.0,0.0,0.0,0.8285258412361145,70.0,186.0,189.0,263.0,0.25140336808340014,0.1437743636780555,0.8355948328971863,170.0,286.0,245.0,377.0,0.21107456140350878,0.11798958014097456,0.812375545501709,170.0,288.0,233.0,377.0,0.256580770296481,0.14717101080737444,0.8049717545509338,172.0,286.0,235.0,373.0,0.21602191030469017,0.12109000191901746,0.8745851516723633,170.0,284.0,249.0,377.0,0.23058398555087298,0.13031643416127936,0.8100314140319824,172.0,292.0,231.0,375.0,0.2287454998615342,0.12914321450906815,0.8246811628341675,172.0,284.0,233.0,373.0,0.22796992481203007,0.1286490156143924,0.8192631006240845,172.0,288.0,231.0,375.0,0.20852130325814536,0.11639619473978735,0.8469976782798767,170.0,284.0,235.0,377.0,0.2316468253968254,0.13099579242636747,0.8320396542549133,170.0,286.0,237.0,377.0,0.22578828828828829,0.12726118692478577,0.805026650428772,174.0,286.0,233.0,375.0,0.15371498172959805,0.0832563662752342,0.892716109752655,168.0,282.0,263.0,377.0,0.1645586125961664,0.08965615231599887,0.8910326957702637,170.0,282.0,255.0,377.0,0.0,0.0,0.8976824283599854,318.0,216.0,377.0,351.0,0.23058398555087298,0.13031643416127936,0.8100314140319824,172.0,292.0,231.0,375.0,0.16964645785723886,0.09268507638072855,0.8872235417366028,170.0,282.0,259.0,375.0,0.21602191030469017,0.12109000191901746,0.8745851516723633,170.0,284.0,249.0,377.0
2505_pid-MR026175E_glioma.png,0.0,0.0,0.8465403318405151,218.0,140.0,335.0,229.0,0.6741395642563941,0.5084543939033103,0.9407670497894287,206.0,286.0,317.0,379.0,0.0,0.0,0.6633929014205933,212.0,152.0,325.0,231.0,0.3110489265882559,0.1841669255462359,0.9341082572937012,134.0,246.0,329.0,377.0,0.0,0.0,0.8480782508850098,218.0,140.0,335.0,231.0,0.0,0.0,0.8046053051948547,218.0,144.0,331.0,227.0,0.0,0.0,0.7745954394340515,208.0,136.0,341.0,237.0,0.0,0.0,0.8885239958763123,224.0,144.0,329.0,223.0,0.6778491926634269,0.5126867441308988,0.9563031196594238,206.0,282.0,307.0,377.0,0.0,0.0,0.769830048084259,212.0,142.0,333.0,233.0,0.0,0.0,0.8008338809013367,224.0,142.0,333.0,229.0,0.6767200754005656,0.5113960113960114,0.9586801528930664,208.0,284.0,307.0,377.0,0.0,0.0,0.8480782508850098,218.0,140.0,335.0,231.0,0.6709860935524652,0.5048751486325802,0.9640008211135864,216.0,294.0,309.0,379.0,0.0,0.0,0.9286442995071411,142.0,124.0,341.0,251.0,0.0,0.0,0.8286205530166626,218.0,138.0,339.0,231.0,0.674550614947966,0.5089221984296931,0.9363757371902466,204.0,286.0,317.0,379.0,0.0,0.0,0.7592476606369019,216.0,144.0,331.0,229.0,0.309910694837726,0.18336941952778638,0.9362979531288147,134.0,246.0,331.0,377.0,0.0,0.0,0.8480782508850098,218.0,140.0,335.0,231.0
2519_pid-MR040240C_glioma.png,0.11925991975033437,0.06341116510608036,0.9144113063812256,284.0,214.0,377.0,303.0,0.12195652173913044,0.06493807153605742,0.9189772605895996,280.0,208.0,375.0,301.0,0.11384217335058215,0.06035665294924554,0.9187072515487671,282.0,208.0,377.0,303.0,0.12545511286799127,0.06692563817980023,0.8240914344787598,170.0,156.0,267.0,263.0,0.1252737625930793,0.06682242990654205,0.9186655879020691,282.0,212.0,375.0,301.0,0.11705756929637527,0.0621673649643302,0.9183194041252136,280.0,208.0,377.0,303.0,0.11705756929637527,0.0621673649643302,0.9183194041252136,280.0,208.0,377.0,303.0,0.11887040280210158,0.06319096939369254,0.9189345836639404,282.0,208.0,375.0,301.0,0.12115363996997963,0.06448299475005706,0.9166005849838257,282.0,212.0,377.0,303.0,0.11955442814602404,0.06357771260997068,0.9254828095436096,280.0,208.0,373.0,299.0,0.11705756929637527,0.0621673649643302,0.9183194041252136,280.0,208.0,377.0,303.0,0.12345415778251599,0.06578797863879104,0.9184839725494385,278.0,206.0,375.0,301.0,0.12405548663584076,0.06612961404352531,0.9159889221191406,284.0,214.0,375.0,301.0,0.1252737625930793,0.06682242990654205,0.9186655879020691,282.0,212.0,375.0,301.0,0.019908116385911178,0.010054137664346482,0.8242515325546265,172.0,166.0,259.0,265.0,0.1227034851352856,0.06536180308422301,0.9216479063034058,282.0,212.0,373.0,299.0,0.01939275220372184,0.009791316388092176,0.8297847509384155,172.0,156.0,259.0,261.0,0.12405548663584076,0.06612961404352531,0.9159889221191406,284.0,214.0,375.0,301.0,0.0090382714305889,0.004539651014328273,0.9141517281532288,170.0,140.0,301.0,249.0,0.1252737625930793,0.06682242990654205,0.9186655879020691,282.0,212.0,375.0,301.0
2521_pid-MR040240C_glioma.png,0.3624798423221645,0.22135901083269505,0.960982084274292,248.0,278.0,343.0,341.0,0.36834121531185865,0.2257464727113639,0.9626812934875488,248.0,276.0,341.0,341.0,0.345426430355656,0.2087706685837527,0.8271189332008362,180.0,144.0,341.0,341.0,0.3127498675400992,0.18536070113334666,0.9137191772460938,136.0,152.0,345.0,343.0,0.36834121531185865,0.2257464727113639,0.9626812934875488,248.0,276.0,341.0,341.0,0.40619561434041074,0.25485913955012013,0.966630756855011,248.0,264.0,341.0,341.0,0.6230769230769231,0.45251396648044695,0.9117017984390259,222.0,148.0,345.0,343.0,0.36834121531185865,0.2257464727113639,0.9626812934875488,248.0,276.0,341.0,341.0,0.06737995159852248,0.03486456205101167,0.8045415282249451,186.0,152.0,333.0,235.0,0.40944608438965097,0.2574235807860262,0.9659563899040222,250.0,262.0,341.0,341.0,0.36863234900526365,0.22596521929344854,0.9638222455978394,248.0,276.0,343.0,341.0,0.023431498079385403,0.011854634967934184,0.8352075219154358,184.0,148.0,327.0,235.0,0.36192524872277493,0.22094550229809587,0.96062833070755,248.0,278.0,341.0,341.0,0.34721970657489587,0.2100821917808219,0.9524654150009155,250.0,280.0,343.0,341.0,0.288114136441274,0.16830218799887314,0.9595198631286621,136.0,144.0,351.0,359.0,0.35120982304080894,0.2130106231519001,0.9516416192054749,248.0,280.0,343.0,341.0,0.2293314162473041,0.12951684937068617,0.870621383190155,180.0,142.0,331.0,251.0,0.1619174981997737,0.08809044101186479,0.8383082747459412,180.0,168.0,329.0,233.0,0.324369341536147,0.19358045276726737,0.873070478439331,176.0,140.0,345.0,343.0,0.3624798423221645,0.22135901083269505,0.960982084274292,248.0,278.0,343.0,341.0
2528_pid-MR017260F_glioma.png,0.8364400840925017,0.7188629245964828,0.9057355523109436,138.0,174.0,253.0,263.0,0.4502460588873134,0.2905274488697524,0.9086652398109436,148.0,154.0,261.0,263.0,0.41324378330373,0.26043306398013083,0.9667987823486328,110.0,150.0,259.0,343.0,0.3822162897553713,0.23625920284336127,0.9693198800086975,106.0,142.0,323.0,345.0,0.840619771586528,0.7250596059731459,0.8745823502540588,144.0,174.0,251.0,263.0,0.4228266833895116,0.26809145129224654,0.9065282344818115,136.0,144.0,259.0,265.0,0.7621854093660402,0.615750868614078,0.8203059434890747,152.0,186.0,263.0,263.0,0.8472434081499237,0.7349716446124763,0.8822925090789795,140.0,174.0,255.0,259.0,0.424996014666029,0.2698380566801619,0.9068416357040405,138.0,142.0,255.0,263.0,0.8859726660773781,0.7952880859375,0.844497561454773,140.0,168.0,259.0,261.0,0.8064584963368661,0.6756853396901072,0.918875515460968,134.0,174.0,247.0,261.0,0.613335136597241,0.4423095679313372,0.9184354543685913,144.0,142.0,261.0,261.0,0.4458994925519725,0.2869180535074784,0.9238009452819824,150.0,152.0,253.0,265.0,0.8125941332568314,0.6843440444551824,0.8981965184211731,138.0,176.0,259.0,263.0,0.38356517259144773,0.23729083665338646,0.9811717867851257,104.0,140.0,271.0,357.0,0.4895944245474785,0.32414765444757754,0.8895335793495178,150.0,164.0,255.0,265.0,0.4262087520772335,0.27081657280772325,0.8961334228515625,136.0,152.0,259.0,261.0,0.4261825131390349,0.2707953855494839,0.9104008674621582,138.0,148.0,255.0,263.0,0.4400473532893624,0.2820901994796184,0.9209657311439514,164.0,152.0,263.0,263.0,0.43289762117398717,0.2762408040617553,0.8950804471969604,140.0,152.0,251.0,265.0
252_pid-102935_meningioma.png,0.0,0.0,0.7353863716125488,174.0,140.0,339.0,233.0,0.0,0.0,0.919414222240448,248.0,300.0,363.0,407.0,0.0,0.0,0.919585108757019,240.0,172.0,325.0,231.0,0.0,0.0,0.7218654155731201,172.0,138.0,327.0,231.0,0.0,0.0,0.7328565120697021,176.0,140.0,335.0,231.0,0.0,0.0,0.8212549090385437,176.0,142.0,323.0,231.0,0.0,0.0,0.7283701300621033,172.0,138.0,339.0,233.0,0.0,0.0,0.7309887409210205,174.0,140.0,333.0,233.0,0.0,0.0,0.7481374740600586,176.0,142.0,335.0,233.0,0.0,0.0,0.7309440970420837,174.0,140.0,333.0,231.0,0.0,0.0,0.7260103225708008,174.0,140.0,331.0,233.0,0.0,0.0,0.9494128823280334,136.0,282.0,215.0,361.0,0.0,0.0,0.7322021722793579,176.0,140.0,333.0,231.0,0.0,0.0,0.7312315702438354,174.0,140.0,335.0,233.0,0.0,0.0,0.9036234021186829,172.0,138.0,315.0,231.0,0.0,0.0,0.7312315702438354,174.0,140.0,335.0,233.0,0.0,0.0,0.9269453883171082,248.0,298.0,331.0,403.0,0.0,0.0,0.7557483911514282,176.0,144.0,339.0,231.0,0.0,0.0,0.913769543170929,172.0,138.0,313.0,231.0,0.0,0.0,0.7312315702438354,174.0,140.0,335.0,233.0
2530_pid-MR029209I_glioma.png,0.07936130953468404,0.04132027014172929,0.9758235216140747,72.0,140.0,267.0,373.0,0.0,0.0,0.9306803345680237,264.0,216.0,335.0,295.0,0.08287229577626007,0.04322732157783704,0.9708061218261719,68.0,148.0,255.0,373.0,0.05739957716701903,0.029547804320618164,0.93898606300354,72.0,134.0,365.0,411.0,0.0,0.0,0.8201131224632263,176.0,208.0,339.0,383.0,0.11156107119529719,0.05907581627006087,0.9598950147628784,62.0,170.0,221.0,377.0,0.06949288113901776,0.035997215684974646,0.9287855625152588,78.0,150.0,347.0,407.0,0.0781168515887716,0.040645994348485134,0.9804295301437378,64.0,140.0,265.0,375.0,0.08071498913023281,0.04205471760218406,0.975735068321228,74.0,142.0,263.0,377.0,0.301686401148188,0.17763880672695007,0.8494316339492798,90.0,166.0,221.0,303.0,0.009945536348567369,0.004997620180866254,0.851625382900238,108.0,170.0,219.0,307.0,0.11215970961887477,0.05941165160546049,0.9591283202171326,62.0,166.0,215.0,377.0,0.11332568089324846,0.06006637168141593,0.9562442898750305,72.0,156.0,217.0,373.0,0.0,0.0,0.7920653223991394,176.0,212.0,339.0,387.0,0.07856613192020401,0.04088932397070728,0.979979932308197,64.0,142.0,263.0,377.0,0.0,0.0,0.8298309445381165,174.0,206.0,341.0,395.0,0.0781168515887716,0.040645994348485134,0.9804295301437378,64.0,140.0,265.0,375.0,0.07973421926910298,0.04152249134948097,0.9780796766281128,70.0,142.0,263.0,377.0,0.02970212035367843,0.015074939003136981,0.947986364364624,70.0,214.0,195.0,375.0,0.08126917608321485,0.04235569422776911,0.9740462303161621,72.0,144.0,259.0,371.0
254_pid-103673_meningioma.png,0.9217818309365136,0.8549121665582303,0.9782881140708923,172.0,240.0,231.0,303.0,0.9222104892643436,0.8556499020248204,0.9775558114051819,172.0,244.0,231.0,303.0,0.9225352112676056,0.8562091503267973,0.9782143235206604,172.0,244.0,231.0,301.0,0.9217818309365136,0.8549121665582303,0.9782881140708923,172.0,240.0,231.0,303.0,0.9222104892643436,0.8556499020248204,0.9775558114051819,172.0,244.0,231.0,303.0,0.9228601620288834,0.8567691301504251,0.9804138541221619,174.0,244.0,231.0,301.0,0.9222104892643436,0.8556499020248204,0.9775558114051819,172.0,244.0,231.0,303.0,0.9222104892643436,0.8556499020248204,0.9775558114051819,172.0,244.0,231.0,303.0,0.9222104892643436,0.8556499020248204,0.9775558114051819,172.0,244.0,231.0,303.0,0.9222104892643436,0.8556499020248204,0.9775558114051819,172.0,244.0,231.0,303.0,0.9217818309365136,0.8549121665582303,0.9782881140708923,172.0,240.0,231.0,303.0,0.9225352112676056,0.8562091503267973,0.9782143235206604,172.0,244.0,231.0,301.0,0.9222104892643436,0.8556499020248204,0.9775558114051819,172.0,244.0,231.0,303.0,0.9222104892643436,0.8556499020248204,0.9775558114051819,172.0,244.0,231.0,303.0,0.9217818309365136,0.8549121665582303,0.9782881140708923,172.0,240.0,231.0,303.0,0.9222104892643436,0.8556499020248204,0.9775558114051819,172.0,244.0,231.0,303.0,0.0,0.0,0.9255853891372681,62.0,172.0,121.0,231.0,0.9222104892643436,0.8556499020248204,0.9775558114051819,172.0,244.0,231.0,303.0,0.9222104892643436,0.8556499020248204,0.9775558114051819,172.0,244.0,231.0,303.0,0.9222104892643436,0.8556499020248204,0.9775558114051819,172.0,244.0,231.0,303.0
2560_pid-MR051644_glioma.png,0.7831603991804904,0.6436019986965023,0.9624965190887451,204.0,212.0,271.0,301.0,0.9034404896309941,0.8238864202882844,0.9791614413261414,144.0,208.0,271.0,331.0,0.7367337131873413,0.5831974785349419,0.9496850371360779,208.0,212.0,267.0,299.0,0.9203033838973163,0.8523722036096402,0.9781206846237183,142.0,208.0,285.0,333.0,0.7629739177198172,0.6167807846973155,0.9522331357002258,206.0,208.0,269.0,299.0,0.7721358510709282,0.6288446907944789,0.9624942541122437,204.0,212.0,267.0,301.0,0.896160506359348,0.8118576219842043,0.984748125076294,150.0,212.0,281.0,327.0,0.7698683243098723,0.6258422082156053,0.9542085528373718,206.0,208.0,269.0,301.0,0.7843603460801797,0.6452243833532544,0.9637590646743774,204.0,212.0,269.0,303.0,0.7272978767549623,0.571459623953918,0.9392516613006592,208.0,208.0,267.0,297.0,0.7603851073857133,0.6134043015424723,0.9522276520729065,206.0,208.0,271.0,297.0,0.7819180620822027,0.641925668332971,0.960503101348877,202.0,212.0,269.0,301.0,0.7845727116629243,0.6455118452510323,0.9449524879455566,200.0,208.0,269.0,299.0,0.7578805264934189,0.6101510705358113,0.9500324726104736,206.0,208.0,267.0,299.0,0.7859353394350431,0.6473587156958456,0.9562286138534546,206.0,208.0,277.0,301.0,0.7821945895892586,0.6422985009776233,0.943997859954834,202.0,208.0,271.0,299.0,0.7897988694623373,0.6526178579187486,0.9639479517936707,204.0,214.0,271.0,303.0,0.7698683243098723,0.6258422082156053,0.9542085528373718,206.0,208.0,269.0,301.0,0.7408572014491763,0.5883821932681867,0.9471836686134338,208.0,212.0,275.0,295.0,0.7963919210405909,0.6616704681220811,0.9619313478469849,196.0,208.0,271.0,299.0
2561_pid-MR051644_glioma.png,0.8881471070508316,0.7987991151374697,0.9758430123329163,144.0,212.0,267.0,331.0,0.8704595446168479,0.7706315789473684,0.9473040699958801,138.0,216.0,267.0,339.0,0.8876516439078709,0.7979978925184404,0.9771806001663208,148.0,212.0,265.0,329.0,0.821703501365781,0.6973656480505795,0.9074299931526184,118.0,228.0,261.0,333.0,0.7088331515812432,0.5489864864864865,0.917535126209259,206.0,212.0,265.0,299.0,0.8809004655548353,0.7871511321748289,0.9650892615318298,140.0,212.0,265.0,335.0,0.6783544038555563,0.5132649825599831,0.9473476409912109,192.0,220.0,261.0,295.0,0.6744153479904775,0.5087682231143038,0.917862594127655,208.0,212.0,265.0,297.0,0.8716485345698829,0.7724973656480506,0.9761806726455688,148.0,214.0,265.0,329.0,0.6744153479904775,0.5087682231143038,0.917862594127655,208.0,212.0,265.0,297.0,0.7484305821714134,0.5979936642027455,0.9199966192245483,196.0,208.0,267.0,299.0,0.8704595446168479,0.7706315789473684,0.9473040699958801,138.0,216.0,267.0,339.0,0.7311943197802934,0.5762855031147714,0.9381938576698303,196.0,214.0,263.0,299.0,0.7372632702053881,0.5838614279678919,0.9261096715927124,190.0,212.0,267.0,299.0,0.7050174789224758,0.544422389837237,0.8805529475212097,118.0,228.0,265.0,339.0,0.8859556494192186,0.795260663507109,0.9709247350692749,142.0,212.0,267.0,333.0,0.02887869444235542,0.014650896604349485,0.9012687802314758,134.0,170.0,197.0,233.0,0.8834391907786403,0.7912145791635943,0.9720236659049988,142.0,212.0,265.0,333.0,0.8367046708348658,0.7192538729054695,0.9551903605461121,142.0,222.0,255.0,333.0,0.8731307856634227,0.7748288572933123,0.9649692177772522,140.0,214.0,265.0,335.0
2567_pid-MR051651_glioma.png,0.3416757344940152,0.20603674540682415,0.9416238069534302,172.0,278.0,267.0,375.0,0.34583901773533426,0.2090721649484536,0.9422941207885742,172.0,278.0,265.0,373.0,0.3500045549785916,0.21212455830388693,0.9420604705810547,172.0,280.0,263.0,371.0,0.3258620689655172,0.19464469618949537,0.9427686929702759,172.0,278.0,279.0,377.0,0.3491799184081259,0.21151906394996975,0.9405691623687744,170.0,278.0,267.0,375.0,0.3430689137915821,0.20705080413249546,0.9414085149765015,172.0,280.0,265.0,373.0,0.3225850902576822,0.19231085188531996,0.9454250335693359,170.0,264.0,283.0,377.0,0.3491799184081259,0.21151906394996975,0.9405691623687744,170.0,278.0,267.0,375.0,0.37605994872806153,0.2315725561627201,0.9490693211555481,172.0,280.0,261.0,367.0,0.3544111439425918,0.21537040837266572,0.9410525560379028,170.0,278.0,265.0,375.0,0.3554589533522822,0.21614477429849532,0.9420609474182129,170.0,276.0,265.0,373.0,0.3447610697062692,0.20828477592965355,0.9405323266983032,172.0,280.0,265.0,375.0,0.3416757344940152,0.20603674540682415,0.9416238069534302,172.0,278.0,267.0,375.0,0.35584872471416007,0.21643308013266288,0.9419845938682556,172.0,278.0,263.0,373.0,0.32679834905660377,0.19531318826535107,0.9436401724815369,172.0,268.0,279.0,377.0,0.3526925352946149,0.21410243251565225,0.9419928789138794,170.0,278.0,265.0,373.0,0.3384774549530132,0.20371523453715235,0.9406664371490479,172.0,280.0,267.0,375.0,0.3430689137915821,0.20705080413249546,0.9414085149765015,172.0,280.0,265.0,373.0,0.3359126081019572,0.20185995623632386,0.9373675584793091,172.0,264.0,267.0,375.0,0.3483277591973244,0.21089399615267793,0.9418402910232544,170.0,278.0,267.0,373.0
2568_pid-MR051651_glioma.png,0.0,0.0,0.7709429860115051,204.0,136.0,343.0,227.0,0.0,0.0,0.9644253849983215,278.0,172.0,411.0,301.0,0.7753586065573771,0.6331311441121105,0.9612452387809753,168.0,280.0,231.0,341.0,0.0,0.0,0.8207027316093445,204.0,134.0,341.0,229.0,0.0,0.0,0.7873309254646301,206.0,136.0,339.0,223.0,0.0,0.0,0.7521443963050842,206.0,136.0,333.0,219.0,0.0,0.0,0.7439498901367188,204.0,136.0,341.0,229.0,0.0,0.0,0.7657166719436646,206.0,136.0,335.0,223.0,0.0,0.0,0.9674004912376404,286.0,174.0,409.0,301.0,0.0,0.0,0.9368358850479126,206.0,138.0,313.0,217.0,0.8464114832535885,0.73372044794691,0.9610669612884521,160.0,280.0,231.0,343.0,0.0,0.0,0.7547231316566467,206.0,136.0,335.0,219.0,0.0,0.0,0.8771675825119019,206.0,136.0,409.0,299.0,0.8145320197044335,0.6870974444213588,0.9609164595603943,164.0,280.0,231.0,343.0,0.0,0.0,0.8875851035118103,204.0,134.0,409.0,301.0,0.0,0.0,0.7873309254646301,206.0,136.0,339.0,223.0,0.0,0.0,0.7800719141960144,204.0,134.0,331.0,219.0,0.7753586065573771,0.6331311441121105,0.9612452387809753,168.0,280.0,231.0,341.0,0.0,0.0,0.7468719482421875,202.0,134.0,329.0,219.0,0.8860817638952687,0.7954639175257732,0.9603874087333679,152.0,280.0,231.0,343.0
2569_pid-MR051651_glioma.png,0.0,0.0,0.940091073513031,170.0,148.0,327.0,245.0,0.0,0.0,0.9192796945571899,172.0,142.0,263.0,235.0,0.5546980513216284,0.3837938859965292,0.9126805663108826,170.0,280.0,249.0,361.0,0.2766236196893131,0.1605125977410947,0.9616416096687317,166.0,138.0,331.0,357.0,0.0,0.0,0.9532356858253479,170.0,144.0,315.0,237.0,0.0,0.0,0.945521891117096,172.0,142.0,301.0,233.0,0.0,0.0,0.947129487991333,172.0,138.0,317.0,261.0,0.0,0.0,0.944061815738678,170.0,140.0,301.0,235.0,0.0,0.0,0.946607768535614,172.0,144.0,319.0,235.0,0.4807482746095169,0.3164375373580394,0.8685593008995056,170.0,280.0,253.0,363.0,0.0,0.0,0.9515067338943481,172.0,144.0,317.0,239.0,0.0,0.0,0.9178972244262695,172.0,140.0,265.0,235.0,0.0,0.0,0.9199933409690857,170.0,148.0,261.0,235.0,0.351359898798229,0.2131210435449837,0.9005699753761292,170.0,280.0,261.0,371.0,0.0,0.0,0.9297086000442505,172.0,140.0,295.0,255.0,0.0,0.0,0.9445596933364868,170.0,142.0,323.0,259.0,0.0,0.0,0.9162476062774658,172.0,144.0,259.0,235.0,0.0,0.0,0.9229551553726196,172.0,144.0,335.0,237.0,0.0,0.0,0.9487482905387878,170.0,140.0,319.0,243.0,0.0,0.0,0.9497014880180359,172.0,148.0,317.0,235.0
2574_pid-MR051796_glioma.png,0.0,0.0,0.9283909797668457,284.0,214.0,339.0,299.0,0.0,0.0,0.9283909797668457,284.0,214.0,339.0,299.0,0.0,0.0,0.928074300289154,284.0,212.0,339.0,299.0,0.0,0.0,0.9209777116775513,282.0,208.0,341.0,291.0,0.0,0.0,0.9275310039520264,284.0,212.0,339.0,301.0,0.0,0.0,0.9289070963859558,284.0,212.0,339.0,297.0,0.0,0.0,0.928074300289154,284.0,212.0,339.0,299.0,0.0,0.0,0.9274529814720154,284.0,214.0,339.0,301.0,0.0,0.0,0.9289070963859558,284.0,212.0,339.0,297.0,0.0,0.0,0.9261852502822876,282.0,214.0,339.0,303.0,0.0,0.0,0.9275310039520264,284.0,212.0,339.0,301.0,0.0,0.0,0.9289070963859558,284.0,212.0,339.0,297.0,0.0,0.0,0.9289070963859558,284.0,212.0,339.0,297.0,0.0,0.0,0.928074300289154,284.0,212.0,339.0,299.0,0.0,0.0,0.9214665293693542,278.0,204.0,345.0,297.0,0.0,0.0,0.9275310039520264,284.0,212.0,339.0,301.0,0.0,0.0,0.9254546165466309,282.0,214.0,339.0,301.0,0.0,0.0,0.928074300289154,284.0,212.0,339.0,299.0,0.0,0.0,0.9257041811943054,284.0,212.0,341.0,297.0,0.0,0.0,0.928074300289154,284.0,212.0,339.0,299.0
2582_pid-MR051651B_glioma.png,0.0,0.0,0.88045334815979,140.0,134.0,233.0,227.0,0.0,0.0,0.8919110298156738,142.0,136.0,233.0,227.0,0.0,0.0,0.8518699407577515,144.0,134.0,235.0,223.0,0.0,0.0,0.8949238061904907,138.0,136.0,235.0,231.0,0.0,0.0,0.8827165365219116,310.0,328.0,413.0,413.0,0.0,0.0,0.8811855316162109,142.0,134.0,235.0,227.0,0.0,0.0,0.88045334815979,140.0,134.0,233.0,227.0,0.0,0.0,0.8590236306190491,152.0,136.0,233.0,215.0,0.0,0.0,0.8598046898841858,288.0,328.0,411.0,411.0,0.0,0.0,0.8581735491752625,172.0,136.0,233.0,197.0,0.0,0.0,0.8825112581253052,304.0,328.0,413.0,413.0,0.0,0.0,0.8527704477310181,144.0,134.0,235.0,221.0,0.0,0.0,0.8684487342834473,148.0,136.0,233.0,221.0,0.0,0.0,0.8590236306190491,152.0,136.0,233.0,215.0,0.0,0.0,0.8949238061904907,138.0,136.0,235.0,231.0,0.0,0.0,0.8773601651191711,300.0,328.0,413.0,413.0,0.0,0.0,0.8919888138771057,140.0,136.0,233.0,227.0,0.0,0.0,0.8809647560119629,138.0,134.0,235.0,229.0,0.0,0.0,0.8913251161575317,140.0,136.0,233.0,229.0,0.0,0.0,0.8684487342834473,148.0,136.0,233.0,221.0
2586_pid-MR051796B_glioma.png,0.0,0.0,0.9078716039657593,186.0,64.0,341.0,197.0,0.0,0.0,0.9104019403457642,186.0,116.0,269.0,197.0,0.0,0.0,0.8524479866027832,208.0,136.0,267.0,201.0,0.0,0.0,0.9220703840255737,144.0,112.0,271.0,197.0,0.0,0.0,0.913281261920929,188.0,118.0,269.0,199.0,0.0,0.0,0.8484001159667969,206.0,136.0,269.0,199.0,0.0,0.0,0.900945246219635,184.0,84.0,335.0,199.0,0.0,0.0,0.8259820938110352,208.0,136.0,267.0,195.0,0.0,0.0,0.8757259845733643,198.0,124.0,269.0,201.0,0.0,0.0,0.8747859597206116,186.0,116.0,299.0,263.0,0.0,0.0,0.9088730216026306,184.0,64.0,341.0,199.0,0.0,0.0,0.8339875340461731,208.0,136.0,267.0,197.0,0.0,0.0,0.8388583064079285,206.0,136.0,269.0,197.0,0.0,0.0,0.9154198169708252,186.0,116.0,269.0,199.0,0.0,0.0,0.9022040963172913,110.0,68.0,341.0,223.0,0.0,0.0,0.8967684507369995,148.0,64.0,341.0,201.0,0.0,0.0,0.8259820938110352,208.0,136.0,267.0,195.0,0.0,0.0,0.8620909452438354,206.0,136.0,269.0,203.0,0.0,0.0,0.9049739837646484,106.0,72.0,335.0,227.0,0.0,0.0,0.9033010601997375,186.0,112.0,269.0,199.0
2593_pid-MR052550_glioma.png,0.8611281047351034,0.7561237645036528,0.9394948482513428,246.0,214.0,335.0,303.0,0.8631682197155468,0.7592752372735116,0.9282923936843872,246.0,216.0,333.0,303.0,0.8592501536570375,0.7532327586206896,0.9471701383590698,248.0,212.0,339.0,301.0,0.8304477611940299,0.7100561510974988,0.9295725226402283,246.0,220.0,329.0,303.0,0.8631682197155468,0.7592752372735116,0.9282923936843872,246.0,216.0,333.0,303.0,0.8611281047351034,0.7561237645036528,0.9394948482513428,246.0,214.0,335.0,303.0,0.7724333701308942,0.6292394655704008,0.9347131848335266,246.0,222.0,329.0,303.0,0.8611281047351034,0.7561237645036528,0.9394948482513428,246.0,214.0,335.0,303.0,0.8631682197155468,0.7592752372735116,0.9282923936843872,246.0,216.0,333.0,303.0,0.8590852904820766,0.752979414951246,0.9476354718208313,248.0,214.0,335.0,301.0,0.8611281047351034,0.7561237645036528,0.9394948482513428,246.0,214.0,335.0,303.0,0.8611281047351034,0.7561237645036528,0.9394948482513428,246.0,214.0,335.0,303.0,0.8611281047351034,0.7561237645036528,0.9394948482513428,246.0,214.0,335.0,303.0,0.8590852904820766,0.752979414951246,0.9476354718208313,248.0,214.0,335.0,301.0,0.759028443592202,0.6116404841617307,0.9407134652137756,246.0,224.0,325.0,303.0,0.8631682197155468,0.7592752372735116,0.9282923936843872,246.0,216.0,333.0,303.0,0.770764119601329,0.6270270270270271,0.9366017580032349,246.0,222.0,327.0,303.0,0.8611281047351034,0.7561237645036528,0.9394948482513428,246.0,214.0,335.0,303.0,0.8631682197155468,0.7592752372735116,0.9282923936843872,246.0,216.0,333.0,303.0,0.8631682197155468,0.7592752372735116,0.9282923936843872,246.0,216.0,333.0,303.0
25_pid-102420_meningioma.png,0.8369972317212181,0.7196863623634836,0.9706122875213623,230.0,280.0,309.0,341.0,0.8423747799647944,0.7276748686756981,0.9553470015525818,208.0,280.0,309.0,343.0,0.8432930705657978,0.7290464413300357,0.9713806509971619,222.0,282.0,307.0,341.0,0.8433075933075933,0.729068150208623,0.9687034487724304,218.0,280.0,309.0,341.0,0.8369972317212181,0.7196863623634836,0.9706122875213623,230.0,280.0,309.0,341.0,0.8432919954904171,0.7290448343079922,0.9698687791824341,232.0,282.0,307.0,341.0,0.8441370435901561,0.730308934038408,0.9702480435371399,220.0,280.0,309.0,343.0,0.8369972317212181,0.7196863623634836,0.9706122875213623,230.0,280.0,309.0,341.0,0.8455928979074192,0.7324910738808019,0.9690049290657043,224.0,280.0,309.0,343.0,0.8444938114884164,0.7308431749519363,0.9704710841178894,222.0,280.0,307.0,341.0,0.8432189804424495,0.7289356984478935,0.9653656482696533,214.0,280.0,309.0,343.0,0.8354265209590606,0.7173669467787115,0.9714107513427734,230.0,282.0,307.0,341.0,0.8342857142857143,0.7156862745098039,0.968685507774353,232.0,280.0,309.0,341.0,0.8367546432062561,0.719327731092437,0.9710398316383362,230.0,280.0,307.0,341.0,0.8455928979074192,0.7324910738808019,0.9690049290657043,224.0,280.0,309.0,343.0,0.8433889602053916,0.7291897891231964,0.9678220152854919,216.0,280.0,309.0,343.0,0.8432189804424495,0.7289356984478935,0.9653656482696533,214.0,280.0,309.0,343.0,0.8455928979074192,0.7324910738808019,0.9690049290657043,224.0,280.0,309.0,343.0,0.8397987339717579,0.7238388360380527,0.9725634455680847,228.0,282.0,307.0,341.0,0.8441370435901561,0.730308934038408,0.9702480435371399,220.0,280.0,309.0,343.0
2604_pid-MR051644C_glioma.png,0.0,0.0,0.9377685785293579,248.0,212.0,365.0,327.0,0.0,0.0,0.8226561546325684,220.0,212.0,377.0,363.0,0.0,0.0,0.904132068157196,248.0,212.0,377.0,335.0,0.43160191245416146,0.2751864567302001,0.8552552461624146,60.0,138.0,191.0,263.0,0.0,0.0,0.9106400012969971,248.0,214.0,371.0,333.0,0.0,0.0,0.7837123870849609,228.0,214.0,375.0,359.0,0.0,0.0,0.9035521745681763,248.0,208.0,379.0,343.0,0.0,0.0,0.8735809922218323,222.0,214.0,365.0,361.0,0.0,0.0,0.906700074672699,248.0,216.0,375.0,335.0,0.0,0.0,0.8773767948150635,214.0,212.0,365.0,371.0,0.0,0.0,0.9475756287574768,246.0,212.0,363.0,325.0,0.0,0.0,0.8297645449638367,214.0,220.0,375.0,371.0,0.0,0.0,0.9432116150856018,248.0,216.0,363.0,325.0,0.0,0.0,0.9208941459655762,248.0,208.0,373.0,333.0,0.18764385221078134,0.10353585990241294,0.9174895286560059,60.0,144.0,171.0,259.0,0.0,0.0,0.9251682758331299,246.0,208.0,371.0,333.0,0.40830169577322195,0.25651952677776363,0.868848443031311,60.0,142.0,183.0,263.0,0.0,0.0,0.9343498945236206,246.0,214.0,365.0,327.0,0.4177896290652826,0.2640544119417359,0.8586236238479614,60.0,138.0,189.0,261.0,0.0,0.0,0.8196172118186951,224.0,212.0,375.0,359.0
2630_pid-MR034694_glioma.png,0.6702779757662153,0.5040737564322469,0.9112306833267212,136.0,246.0,197.0,303.0,0.6702779757662153,0.5040737564322469,0.9112306833267212,136.0,246.0,197.0,303.0,0.4128768523249872,0.2601416613007083,0.8635931015014648,138.0,248.0,195.0,301.0,0.0,0.0,0.909350574016571,428.0,316.0,485.0,375.0,0.4128768523249872,0.2601416613007083,0.8635931015014648,138.0,248.0,195.0,301.0,0.4128768523249872,0.2601416613007083,0.8635931015014648,138.0,248.0,195.0,301.0,0.4128768523249872,0.2601416613007083,0.8635931015014648,138.0,248.0,195.0,301.0,0.6702779757662153,0.5040737564322469,0.9112306833267212,136.0,246.0,197.0,303.0,0.4128768523249872,0.2601416613007083,0.8635931015014648,138.0,248.0,195.0,301.0,0.4128768523249872,0.2601416613007083,0.8635931015014648,138.0,248.0,195.0,301.0,0.4128768523249872,0.2601416613007083,0.8635931015014648,138.0,248.0,195.0,301.0,0.6702779757662153,0.5040737564322469,0.9112306833267212,136.0,246.0,197.0,303.0,0.40826785104202257,0.2564928096157974,0.8653687834739685,138.0,246.0,195.0,301.0,0.4128768523249872,0.2601416613007083,0.8635931015014648,138.0,248.0,195.0,301.0,0.6702779757662153,0.5040737564322469,0.9112306833267212,136.0,246.0,197.0,303.0,0.4128768523249872,0.2601416613007083,0.8635931015014648,138.0,248.0,195.0,301.0,0.0,0.0,0.9036509990692139,430.0,318.0,485.0,375.0,0.4128768523249872,0.2601416613007083,0.8635931015014648,138.0,248.0,195.0,301.0,0.6594796607733219,0.49195796697405103,0.9003405570983887,136.0,246.0,195.0,303.0,0.40826785104202257,0.2564928096157974,0.8653687834739685,138.0,246.0,195.0,301.0
2634_pid-MR050687C_glioma.png,0.0,0.0,0.8701046705245972,102.0,170.0,187.0,271.0,0.009149909564847325,0.004595981188542112,0.8770300149917603,212.0,180.0,263.0,299.0,0.0,0.0,0.8854397535324097,100.0,170.0,185.0,263.0,0.5400280504908835,0.36988933292345527,0.8776224255561829,202.0,120.0,367.0,307.0,0.0,0.0,0.8791823387145996,106.0,176.0,175.0,261.0,0.0,0.0,0.867016077041626,102.0,166.0,185.0,275.0,0.628694624104597,0.4584643472968861,0.8749775886535645,208.0,140.0,361.0,301.0,0.0,0.0,0.8909757733345032,106.0,172.0,175.0,259.0,0.0,0.0,0.847784698009491,102.0,170.0,167.0,263.0,0.0,0.0,0.8942123651504517,108.0,174.0,175.0,259.0,0.0,0.0,0.9116599559783936,390.0,244.0,453.0,307.0,0.0,0.0,0.8820679187774658,104.0,172.0,173.0,281.0,0.0,0.0,0.8812540769577026,104.0,174.0,179.0,263.0,0.0,0.0,0.8704288005828857,108.0,176.0,187.0,265.0,0.5688189775466193,0.3974472611239142,0.856765866279602,196.0,142.0,365.0,301.0,0.0,0.0,0.8926750421524048,388.0,240.0,453.0,307.0,0.0,0.0,0.8317345380783081,100.0,164.0,191.0,291.0,0.0,0.0,0.8838476538658142,106.0,166.0,179.0,263.0,0.0,0.0,0.8913347721099854,100.0,168.0,183.0,269.0,0.0,0.0,0.8833749294281006,106.0,174.0,175.0,261.0
2643_pid-MR049242C_glioma.png,0.0,0.0,0.9493731260299683,364.0,196.0,451.0,269.0,0.0,0.0,0.9715930819511414,100.0,206.0,157.0,299.0,0.0,0.0,0.9405332803726196,76.0,206.0,207.0,295.0,0.0,0.0,0.9651565551757812,96.0,206.0,159.0,311.0,0.0,0.0,0.9506514072418213,366.0,204.0,451.0,269.0,0.0,0.0,0.9500479102134705,364.0,204.0,451.0,269.0,0.0,0.0,0.9665123224258423,94.0,204.0,163.0,301.0,0.0,0.0,0.9498275518417358,362.0,202.0,451.0,269.0,0.0,0.0,0.9501792788505554,368.0,206.0,451.0,267.0,0.0,0.0,0.9500479102134705,364.0,204.0,451.0,269.0,0.0,0.0,0.9498275518417358,362.0,202.0,451.0,269.0,0.0,0.0,0.9506514072418213,366.0,204.0,451.0,269.0,0.0,0.0,0.949866771697998,364.0,202.0,451.0,269.0,0.0,0.0,0.9478713274002075,362.0,198.0,451.0,269.0,0.0,0.0,0.960271954536438,88.0,204.0,159.0,313.0,0.0,0.0,0.949866771697998,364.0,202.0,451.0,269.0,0.0,0.0,0.9627903699874878,80.0,188.0,157.0,301.0,0.0,0.0,0.9514682292938232,368.0,206.0,451.0,269.0,0.0,0.0,0.9380959272384644,76.0,192.0,211.0,315.0,0.0,0.0,0.9486585855484009,364.0,202.0,451.0,267.0
2649_pid-MR053241C_glioma.png,0.0,0.0,0.9485706090927124,218.0,292.0,319.0,377.0,0.0,0.0,0.8901970982551575,216.0,288.0,327.0,375.0,0.13588652482269503,0.07289605843859383,0.7828853726387024,174.0,140.0,343.0,217.0,0.0,0.0,0.7084700465202332,248.0,138.0,355.0,195.0,0.0,0.0,0.8085059523582458,230.0,136.0,349.0,217.0,0.0,0.0,0.9372898936271667,214.0,286.0,319.0,377.0,0.0,0.0,0.7774881720542908,212.0,284.0,331.0,377.0,0.0,0.0,0.9010087847709656,216.0,288.0,325.0,377.0,0.0,0.0,0.8319764137268066,214.0,286.0,333.0,379.0,0.0,0.0,0.9606240391731262,216.0,292.0,313.0,373.0,0.0,0.0,0.7746348977088928,212.0,286.0,329.0,377.0,0.0,0.0,0.9357506036758423,216.0,288.0,317.0,377.0,0.0,0.0,0.9400008916854858,220.0,294.0,325.0,377.0,0.0,0.0,0.8355437517166138,212.0,286.0,329.0,373.0,0.0,0.0,0.9510372877120972,196.0,286.0,303.0,377.0,0.0,0.0,0.9504917860031128,214.0,288.0,313.0,375.0,0.0,0.0,0.9401331543922424,216.0,292.0,323.0,377.0,0.20797429531181538,0.11605541972290138,0.7502397298812866,180.0,138.0,347.0,229.0,0.0,0.0,0.9634473323822021,214.0,288.0,301.0,375.0,0.0,0.0,0.9132027626037598,218.0,294.0,329.0,377.0
2650_pid-MR034997_glioma.png,0.7366167023554604,0.5830508474576271,0.965598464012146,200.0,172.0,271.0,233.0,0.7399145704793545,0.5871939736346516,0.9618552327156067,190.0,172.0,269.0,233.0,0.7431952662721893,0.591337099811676,0.957061231136322,186.0,170.0,271.0,233.0,0.7323943661971831,0.5777777777777777,0.9257361888885498,170.0,170.0,287.0,237.0,0.734207389749702,0.5800376647834274,0.9672767519950867,204.0,172.0,269.0,233.0,0.7399145704793545,0.5871939736346516,0.9618552327156067,190.0,172.0,269.0,233.0,0.7260076775431862,0.5698681732580038,0.9446107149124146,184.0,172.0,285.0,233.0,0.7339055793991416,0.5796610169491525,0.967536211013794,204.0,172.0,269.0,231.0,0.7378179225101023,0.5845574387947269,0.9633286595344543,192.0,172.0,269.0,231.0,0.734207389749702,0.5800376647834274,0.9672767519950867,204.0,172.0,269.0,233.0,0.735413193617528,0.5815442561205273,0.966778576374054,204.0,172.0,271.0,233.0,0.734207389749702,0.5800376647834274,0.9670425057411194,200.0,172.0,267.0,231.0,0.7333015267175572,0.5789077212806026,0.9682372212409973,204.0,172.0,267.0,231.0,0.7399145704793545,0.5871939736346516,0.9618552327156067,190.0,172.0,269.0,233.0,0.7275341480948958,0.5717514124293785,0.9410409927368164,182.0,172.0,287.0,235.0,0.7339055793991416,0.5796610169491525,0.967536211013794,204.0,172.0,269.0,231.0,0.7369172216936252,0.5834274952919021,0.9660277962684631,202.0,170.0,271.0,235.0,0.7366167023554604,0.5830508474576271,0.9616674780845642,200.0,172.0,277.0,231.0,0.734509056244042,0.5804143126177025,0.9141666889190674,170.0,170.0,297.0,235.0,0.735413193617528,0.5815442561205273,0.9664685726165771,198.0,172.0,267.0,231.0
2673_pid-MR053110E_glioma.png,0.0,0.0,0.8327980041503906,168.0,106.0,247.0,275.0,0.0,0.0,0.8598262667655945,170.0,108.0,251.0,281.0,0.0,0.0,0.7807842493057251,156.0,108.0,229.0,269.0,0.0,0.0,0.8548896312713623,136.0,106.0,249.0,269.0,0.0,0.0,0.7986460328102112,170.0,106.0,235.0,275.0,0.0,0.0,0.8062567114830017,168.0,106.0,235.0,271.0,0.0,0.0,0.8536003828048706,168.0,106.0,251.0,269.0,0.0,0.0,0.8264874815940857,168.0,106.0,239.0,277.0,0.0,0.0,0.8413512110710144,168.0,108.0,239.0,271.0,0.0,0.0,0.870032548904419,172.0,112.0,229.0,271.0,0.0,0.0,0.8408094048500061,172.0,106.0,247.0,275.0,0.0,0.0,0.7856965661048889,168.0,106.0,235.0,283.0,0.0,0.0,0.8474811911582947,170.0,108.0,247.0,275.0,0.0,0.0,0.8343179821968079,172.0,108.0,235.0,271.0,0.0,0.0,0.8009140491485596,140.0,110.0,233.0,267.0,0.0,0.0,0.8411317467689514,172.0,106.0,245.0,271.0,0.0,0.0,0.854891836643219,138.0,108.0,239.0,269.0,0.0,0.0,0.8534666895866394,170.0,110.0,231.0,271.0,0.0,0.0,0.8514199256896973,140.0,108.0,243.0,269.0,0.0,0.0,0.8511993288993835,172.0,108.0,247.0,277.0
2674_pid-MR053110E_glioma.png,0.540671117357695,0.37049298741949077,0.805213451385498,164.0,168.0,309.0,377.0,0.6900793934625563,0.5268100906410397,0.7197557687759399,206.0,256.0,295.0,365.0,0.0,0.0,0.9171724319458008,170.0,120.0,303.0,237.0,0.2878643893668935,0.16813176922384568,0.9346551895141602,102.0,168.0,307.0,355.0,0.0,0.0,0.9596880078315735,176.0,172.0,301.0,231.0,0.0,0.0,0.9393123388290405,172.0,166.0,307.0,235.0,0.4557916097237752,0.29516198240720876,0.8129749894142151,160.0,168.0,309.0,365.0,0.6388867293788385,0.46938542380625997,0.8307105898857117,160.0,246.0,307.0,377.0,0.49779182367002955,0.3313733951882619,0.8118624687194824,154.0,168.0,307.0,375.0,0.0,0.0,0.95433109998703,172.0,170.0,299.0,235.0,0.6376203789996894,0.4680196100786683,0.8228960633277893,160.0,246.0,309.0,377.0,0.24985019175455417,0.14275931727526406,0.9530289769172668,100.0,122.0,325.0,377.0,0.0,0.0,0.9450767636299133,176.0,170.0,307.0,235.0,0.0,0.0,0.952730119228363,174.0,170.0,303.0,233.0,0.15444990752853083,0.08368773524954783,0.9610608220100403,96.0,116.0,357.0,363.0,0.0,0.0,0.9606577157974243,180.0,174.0,301.0,229.0,0.4115030278678644,0.25905181759051815,0.8752679824829102,164.0,118.0,307.0,375.0,0.7659363782646367,0.6206619859578736,0.83547443151474,154.0,244.0,301.0,373.0,0.0,0.0,0.9434991478919983,172.0,170.0,307.0,237.0,0.0,0.0,0.9487795233726501,176.0,170.0,307.0,233.0
2684_pid-MR038469_glioma.png,0.6964959568733153,0.5343258891645989,0.9746609330177307,248.0,246.0,301.0,301.0,0.6986006458557589,0.5368072787427626,0.9751843214035034,248.0,246.0,303.0,301.0,0.7110874200426439,0.5516956162117452,0.9732124209403992,244.0,244.0,307.0,307.0,0.0,0.0,0.9176840782165527,412.0,444.0,471.0,511.0,0.6964959568733153,0.5343258891645989,0.9746609330177307,248.0,246.0,301.0,301.0,0.6964959568733153,0.5343258891645989,0.9746609330177307,248.0,246.0,301.0,301.0,0.6964959568733153,0.5343258891645989,0.9746609330177307,248.0,246.0,301.0,301.0,0.6964959568733153,0.5343258891645989,0.9746609330177307,248.0,246.0,301.0,301.0,0.702441642071371,0.5413564929693961,0.9781550168991089,246.0,246.0,303.0,303.0,0.702441642071371,0.5413564929693961,0.9781550168991089,246.0,246.0,303.0,303.0,0.702441642071371,0.5413564929693961,0.9781550168991089,246.0,246.0,303.0,303.0,0.6964959568733153,0.5343258891645989,0.9746609330177307,248.0,246.0,301.0,301.0,0.6964959568733153,0.5343258891645989,0.9746609330177307,248.0,246.0,301.0,301.0,0.6964959568733153,0.5343258891645989,0.9746609330177307,248.0,246.0,301.0,301.0,0.0,0.0,0.8087299466133118,78.0,174.0,191.0,251.0,0.6964959568733153,0.5343258891645989,0.9746609330177307,248.0,246.0,301.0,301.0,0.0,0.0,0.8473319411277771,74.0,174.0,199.0,255.0,0.6964959568733153,0.5343258891645989,0.9746609330177307,248.0,246.0,301.0,301.0,0.0,0.0,0.8380700349807739,78.0,172.0,203.0,251.0,0.6964959568733153,0.5343258891645989,0.9746609330177307,248.0,246.0,301.0,301.0
2685_pid-MR038469_glioma.png,0.7743573468740083,0.6317969963749352,0.956702470779419,250.0,248.0,339.0,301.0,0.7759112519809825,0.6338684619368203,0.9498279094696045,250.0,246.0,339.0,301.0,0.7770740975300824,0.6354220611082341,0.9453792572021484,248.0,246.0,339.0,301.0,0.7801642451042324,0.6395649922320041,0.9473551511764526,248.0,244.0,341.0,303.0,0.7759112519809825,0.6338684619368203,0.9498279094696045,250.0,246.0,339.0,301.0,0.7743573468740083,0.6317969963749352,0.956702470779419,250.0,248.0,339.0,301.0,0.7824716267339218,0.6426721905748317,0.972546398639679,248.0,246.0,333.0,301.0,0.7759112519809825,0.6338684619368203,0.9498279094696045,250.0,246.0,339.0,301.0,0.7727994915792818,0.6297255308130503,0.9588432312011719,252.0,248.0,339.0,301.0,0.7727994915792818,0.6297255308130503,0.9588432312011719,252.0,248.0,339.0,301.0,0.7727994915792818,0.6297255308130503,0.9588432312011719,252.0,248.0,339.0,301.0,0.774746192893401,0.6323148627654065,0.9591161012649536,252.0,246.0,339.0,303.0,0.7759112519809825,0.6338684619368203,0.9498279094696045,250.0,246.0,339.0,301.0,0.7743573468740083,0.6317969963749352,0.956702470779419,250.0,248.0,339.0,301.0,0.0,0.0,0.8298680782318115,72.0,248.0,191.0,341.0,0.7743573468740083,0.6317969963749352,0.956702470779419,250.0,248.0,339.0,301.0,0.774746192893401,0.6323148627654065,0.9526559114456177,252.0,246.0,339.0,301.0,0.7759112519809825,0.6338684619368203,0.9498279094696045,250.0,246.0,339.0,301.0,0.7801642451042324,0.6395649922320041,0.9473551511764526,248.0,244.0,341.0,303.0,0.7743573468740083,0.6317969963749352,0.956702470779419,250.0,248.0,339.0,301.0
2686_pid-MR038469_glioma.png,0.0,0.0,0.8970355987548828,176.0,110.0,271.0,263.0,0.0,0.0,0.9454946517944336,100.0,110.0,277.0,269.0,0.0,0.0,0.8965933918952942,176.0,150.0,267.0,247.0,0.0,0.0,0.8859506845474243,152.0,104.0,271.0,339.0,0.0,0.0,0.8789968490600586,180.0,170.0,271.0,263.0,0.0,0.0,0.8629248738288879,176.0,142.0,267.0,261.0,0.0,0.0,0.8904803991317749,172.0,172.0,271.0,269.0,0.0,0.0,0.9035879373550415,176.0,120.0,269.0,251.0,0.0,0.0,0.904046893119812,174.0,156.0,269.0,255.0,0.0,0.0,0.9449652433395386,174.0,168.0,271.0,239.0,0.0,0.0,0.8929681777954102,176.0,168.0,271.0,259.0,0.0,0.0,0.9137464761734009,176.0,140.0,267.0,237.0,0.0,0.0,0.821653425693512,180.0,154.0,269.0,261.0,0.0,0.0,0.8915439248085022,174.0,170.0,269.0,263.0,0.003078797985952984,0.0015417723958500626,0.898609459400177,144.0,108.0,291.0,363.0,0.0,0.0,0.9013092517852783,168.0,110.0,279.0,269.0,0.0,0.0,0.9029069542884827,176.0,116.0,269.0,249.0,0.0,0.0,0.8323495388031006,176.0,152.0,271.0,261.0,0.0,0.0,0.8958199620246887,172.0,104.0,269.0,265.0,0.0,0.0,0.839523196220398,174.0,150.0,271.0,263.0
2688_pid-MR032322C_glioma.png,0.0,0.0,0.9345610737800598,64.0,170.0,233.0,357.0,0.0,0.0,0.8734374046325684,72.0,174.0,229.0,335.0,0.0,0.0,0.9353705048561096,70.0,172.0,233.0,355.0,0.0,0.0,0.8893130421638489,74.0,172.0,223.0,343.0,0.11670641803989593,0.06196931756037188,0.8703396320343018,256.0,138.0,479.0,371.0,0.0,0.0,0.7558987140655518,282.0,282.0,445.0,363.0,0.12177397938243886,0.06483457158281704,0.9045315384864807,244.0,142.0,487.0,377.0,0.0,0.0,0.9034458994865417,68.0,172.0,233.0,339.0,0.0,0.0,0.9421932101249695,72.0,170.0,233.0,359.0,0.0,0.0,0.8593774437904358,76.0,172.0,233.0,249.0,0.0,0.0,0.8948498964309692,64.0,170.0,233.0,339.0,0.11221540071029375,0.05944290506052209,0.8621066212654114,254.0,134.0,475.0,371.0,0.0,0.0,0.8960429430007935,74.0,172.0,231.0,339.0,0.0,0.0,0.9056415557861328,70.0,172.0,231.0,341.0,0.0,0.0,0.9402862191200256,72.0,172.0,219.0,359.0,0.0,0.0,0.8969963788986206,74.0,172.0,233.0,339.0,0.0,0.0,0.9134242534637451,64.0,174.0,229.0,351.0,0.0,0.0,0.884110689163208,84.0,172.0,233.0,341.0,0.0,0.0,0.9062813520431519,68.0,174.0,221.0,351.0,0.0,0.0,0.9070442914962769,70.0,172.0,233.0,339.0
2689_pid-MR032322C_glioma.png,0.42788384405583185,0.27217062965608735,0.9208269119262695,122.0,138.0,269.0,299.0,0.8881496881496882,0.7988032909498878,0.9886742234230042,166.0,142.0,261.0,235.0,0.8886118038237739,0.7995512341062079,0.9884021878242493,168.0,140.0,265.0,235.0,0.41904537233624284,0.26505844317334,0.9175558090209961,104.0,140.0,261.0,301.0,0.4094887148779364,0.25745728352157543,0.9289072155952454,106.0,138.0,267.0,299.0,0.88849631092175,0.7993642483171279,0.9886630177497864,168.0,140.0,263.0,235.0,0.35366420835824863,0.21481899995964324,0.92449551820755,108.0,140.0,269.0,323.0,0.8888658080598255,0.7999626098336138,0.9873307943344116,166.0,140.0,265.0,237.0,0.39926643961226094,0.24942716857610475,0.9330973029136658,104.0,138.0,267.0,301.0,0.45708642823408185,0.29624888691006235,0.9292630553245544,108.0,142.0,263.0,297.0,0.8889812026170942,0.800149560665545,0.9865624308586121,166.0,140.0,267.0,237.0,0.8889581385686092,0.800112191473448,0.9883118867874146,164.0,140.0,261.0,237.0,0.43852644577073474,0.2808414171235766,0.9203084707260132,108.0,140.0,265.0,297.0,0.8890965732087227,0.8003365114974762,0.9870163798332214,166.0,138.0,265.0,235.0,0.3712407329696461,0.2279285468911027,0.9130372405052185,104.0,142.0,267.0,317.0,0.8892119198421763,0.8005234623294074,0.985285758972168,166.0,138.0,265.0,237.0,0.3860741169658367,0.23921427930756123,0.9658606648445129,112.0,124.0,269.0,301.0,0.8888658080598255,0.7999626098336138,0.9873307943344116,166.0,140.0,265.0,237.0,0.3633758613631712,0.22202768050692012,0.9191586971282959,106.0,140.0,265.0,317.0,0.8892119198421763,0.8005234623294074,0.985285758972168,166.0,138.0,265.0,237.0
268_pid-103925_meningioma.png,0.8955604075691412,0.8108731466227348,0.9683753848075867,282.0,248.0,343.0,341.0,0.8985930933674402,0.8158593231585932,0.9649425745010376,284.0,248.0,343.0,339.0,0.89546783625731,0.8107213765718068,0.9651504158973694,282.0,254.0,343.0,341.0,0.886575735821967,0.7962604771115409,0.9517574310302734,280.0,234.0,345.0,343.0,0.8956094006194206,0.8109534806994392,0.9673013687133789,282.0,250.0,343.0,341.0,0.8958333333333334,0.8113207547169812,0.9657819271087646,282.0,252.0,341.0,341.0,0.8958333333333334,0.8113207547169812,0.9657819271087646,282.0,252.0,341.0,341.0,0.8985930933674402,0.8158593231585932,0.9649425745010376,284.0,248.0,343.0,339.0,0.8932144806257959,0.8070348454963839,0.9695497751235962,282.0,252.0,343.0,343.0,0.8952068525605977,0.8102936324645331,0.967247486114502,284.0,250.0,343.0,341.0,0.9000183452577508,0.8182121414276184,0.966496467590332,284.0,250.0,341.0,339.0,0.8952831906756511,0.810418727332674,0.9678881764411926,284.0,248.0,343.0,341.0,0.8956094006194206,0.8109534806994392,0.9673013687133789,282.0,250.0,343.0,341.0,0.8995408631772268,0.8174232309746329,0.9656793475151062,284.0,252.0,341.0,339.0,0.3301622831561276,0.19772117962466487,0.9449853301048279,278.0,172.0,377.0,367.0,0.8952831906756511,0.810418727332674,0.9678881764411926,284.0,248.0,343.0,341.0,0.8867348770418237,0.7965172524991938,0.9559636116027832,280.0,240.0,345.0,343.0,0.9008676389145284,0.8196170641585488,0.9618916511535645,284.0,266.0,341.0,341.0,0.8862576246860423,0.7957474226804123,0.950320303440094,280.0,228.0,345.0,343.0,0.8955604075691412,0.8108731466227348,0.9683753848075867,282.0,248.0,343.0,341.0
2701_pid-MR032322C_glioma.png,0.8708855984155428,0.7712996992983628,0.9012172222137451,150.0,148.0,267.0,283.0,0.874510178725031,0.7770040760869565,0.9912485480308533,152.0,144.0,265.0,233.0,0.8479749559773039,0.7360733695652174,0.9863965511322021,170.0,166.0,263.0,231.0,0.466602517841392,0.3042932594258223,0.9205677509307861,102.0,140.0,267.0,293.0,0.8724626579854462,0.7737771739130435,0.9893020391464233,158.0,150.0,265.0,233.0,0.8711656441717791,0.7717391304347826,0.9875522255897522,170.0,150.0,265.0,231.0,0.173871958421923,0.09521345407503234,0.9610904455184937,74.0,140.0,331.0,367.0,0.8719225979499952,0.7729279891304348,0.9878379702568054,168.0,148.0,265.0,233.0,0.8726785372391346,0.7741168478260869,0.9884381890296936,160.0,150.0,267.0,233.0,0.8682364247957712,0.7671535326086957,0.9886310696601868,172.0,158.0,261.0,231.0,0.8722466960352423,0.7734375,0.9885600805282593,166.0,148.0,265.0,233.0,0.8719225979499952,0.7729279891304348,0.9878379702568054,168.0,148.0,265.0,233.0,0.8699740907782363,0.7698709239130435,0.987973690032959,170.0,154.0,263.0,231.0,0.8701909239182577,0.7702105978260869,0.9890541434288025,172.0,152.0,261.0,231.0,0.17059991018007448,0.09325456532412614,0.9634743928909302,64.0,134.0,343.0,363.0,0.5217977528089888,0.3529948312557008,0.9170475006103516,122.0,140.0,267.0,293.0,0.877085915895871,0.7810801630434783,0.980778157711029,118.0,148.0,267.0,233.0,0.8699740907782363,0.7698709239130435,0.987973690032959,170.0,154.0,263.0,231.0,0.23751512706736588,0.13476151240501694,0.9495744705200195,68.0,138.0,269.0,365.0,0.8685626441199078,0.7676630434782609,0.9881848692893982,172.0,158.0,263.0,231.0
2704_pid-MR037458B_glioma.png,0.0,0.0,0.9628680944442749,208.0,172.0,267.0,231.0,0.0,0.0,0.9623602032661438,212.0,172.0,265.0,229.0,0.0,0.0,0.9628680944442749,208.0,172.0,267.0,231.0,0.03312079348211123,0.016839261593876633,0.8667296767234802,108.0,246.0,259.0,343.0,0.0,0.0,0.9628680944442749,208.0,172.0,267.0,231.0,0.0,0.0,0.9628680944442749,208.0,172.0,267.0,231.0,0.0,0.0,0.9623602032661438,212.0,172.0,265.0,229.0,0.0,0.0,0.9628680944442749,208.0,172.0,267.0,231.0,0.0,0.0,0.9628680944442749,208.0,172.0,267.0,231.0,0.0,0.0,0.9617753028869629,212.0,174.0,265.0,229.0,0.0,0.0,0.9628680944442749,208.0,172.0,267.0,231.0,0.0,0.0,0.9628680944442749,208.0,172.0,267.0,231.0,0.0,0.0,0.9628680944442749,208.0,172.0,267.0,231.0,0.0,0.0,0.9628680944442749,208.0,172.0,267.0,231.0,0.015822784810126583,0.007974481658692184,0.895218014717102,104.0,248.0,245.0,341.0,0.0,0.0,0.9628680944442749,208.0,172.0,267.0,231.0,0.0,0.0,0.9426820874214172,124.0,246.0,199.0,333.0,0.0,0.0,0.9628680944442749,208.0,172.0,267.0,231.0,0.014377307169224791,0.007240704500978474,0.9397293925285339,106.0,250.0,217.0,339.0,0.0,0.0,0.9628680944442749,208.0,172.0,267.0,231.0
2705_pid-MR037458B_glioma.png,0.03122348549126082,0.015859334597483194,0.8424588441848755,140.0,246.0,231.0,339.0,0.029777514592674054,0.015113782739373121,0.8555328249931335,138.0,248.0,229.0,341.0,0.029777514592674054,0.015113782739373121,0.8555328249931335,138.0,248.0,229.0,341.0,0.03122348549126082,0.015859334597483194,0.8424588441848755,140.0,246.0,231.0,339.0,0.032915360501567396,0.016733067729083666,0.8592670559883118,142.0,246.0,231.0,335.0,0.02621946028773304,0.013283878202363495,0.855298638343811,138.0,248.0,229.0,339.0,0.030189931160321804,0.015326315789473684,0.853120744228363,138.0,246.0,231.0,339.0,0.02621946028773304,0.013283878202363495,0.855298638343811,138.0,248.0,229.0,339.0,0.027608677012775442,0.013997565640758129,0.8717964291572571,140.0,246.0,229.0,335.0,0.02621946028773304,0.013283878202363495,0.855298638343811,138.0,248.0,229.0,339.0,0.02785949126146392,0.014126524523997543,0.8466790914535522,140.0,248.0,229.0,339.0,0.031234668847097302,0.015865105075172355,0.8616710901260376,136.0,248.0,229.0,343.0,0.03460997891777934,0.017609725574327346,0.8666065335273743,142.0,246.0,231.0,333.0,0.02785949126146392,0.014126524523997543,0.8466790914535522,140.0,248.0,229.0,339.0,0.02621946028773304,0.013283878202363495,0.855298638343811,138.0,248.0,229.0,339.0,0.03460997891777934,0.017609725574327346,0.8666065335273743,142.0,246.0,231.0,333.0,0.026306740027510316,0.013328687167871766,0.8580698370933533,138.0,250.0,227.0,341.0,0.02764412562330505,0.014015789940565954,0.8669842481613159,140.0,248.0,229.0,335.0,0.028194558944765045,0.014298854419265825,0.8562396764755249,136.0,248.0,229.0,341.0,0.03460997891777934,0.017609725574327346,0.8666065335273743,142.0,246.0,231.0,333.0
2716_pid-MR039473B_glioma.png,0.0,0.0,0.9321660399436951,100.0,172.0,271.0,335.0,0.0,0.0,0.9528125524520874,100.0,172.0,271.0,341.0,0.0,0.0,0.9163604378700256,108.0,182.0,271.0,327.0,0.0,0.0,0.9490243792533875,96.0,172.0,283.0,341.0,0.0,0.0,0.9293208122253418,102.0,174.0,271.0,335.0,0.0,0.0,0.9356482625007629,106.0,176.0,269.0,301.0,0.0,0.0,0.9440042972564697,100.0,172.0,275.0,339.0,0.0,0.0,0.9349604249000549,100.0,172.0,271.0,331.0,0.0,0.0,0.9359278678894043,108.0,176.0,269.0,301.0,0.0,0.0,0.9450257420539856,100.0,172.0,271.0,333.0,0.0,0.0,0.9321660399436951,100.0,172.0,271.0,335.0,0.0,0.0,0.9357743859291077,106.0,180.0,269.0,301.0,0.0,0.0,0.9453389048576355,100.0,172.0,269.0,299.0,0.0,0.0,0.9431134462356567,102.0,174.0,271.0,333.0,0.0,0.0,0.9434325695037842,102.0,174.0,275.0,339.0,0.0,0.0,0.9447823762893677,102.0,174.0,271.0,339.0,0.0,0.0,0.9528125524520874,100.0,172.0,271.0,341.0,0.0,0.0,0.9214395880699158,110.0,180.0,271.0,335.0,0.19033443835554653,0.10517658201031826,0.9353917837142944,96.0,134.0,343.0,333.0,0.0,0.0,0.9528125524520874,100.0,172.0,271.0,341.0
2719_pid-MR039473B_glioma.png,8.439174648719355e-05,4.219765381044814e-05,0.9029873013496399,122.0,198.0,303.0,375.0,0.5865547271474219,0.4149822695035461,0.8410539031028748,198.0,196.0,317.0,355.0,8.32258332986559e-05,4.161464835622139e-05,0.8651435375213623,132.0,190.0,303.0,375.0,0.175516423975618,0.09620060508194592,0.9369922876358032,112.0,140.0,373.0,377.0,0.4974158722866659,0.33104028128105173,0.746483564376831,154.0,198.0,307.0,359.0,0.00432744320230797,0.0021684134441633538,0.8611358404159546,132.0,182.0,309.0,377.0,0.18333245479943072,0.10091689879294335,0.9388818740844727,134.0,112.0,367.0,371.0,0.0,0.0,0.9084677696228027,120.0,200.0,303.0,375.0,0.15732340113965557,0.08537765185543501,0.7979215979576111,128.0,186.0,317.0,377.0,0.8514217060472568,0.7412831241283124,0.9359472393989563,206.0,200.0,303.0,311.0,0.08040353089533417,0.04188564221147782,0.7582908868789673,132.0,202.0,309.0,371.0,0.20611698802110687,0.11489990520269894,0.8482738137245178,110.0,184.0,325.0,375.0,0.18490285065948092,0.10186939620651261,0.9322823286056519,136.0,116.0,373.0,375.0,0.6195431638196217,0.44879575194386495,0.8436916470527649,164.0,190.0,307.0,351.0,0.19673194664071686,0.10909745019561991,0.8541028499603271,70.0,182.0,327.0,377.0,0.1629705655951028,0.0887141830952191,0.7753633856773376,126.0,196.0,315.0,371.0,0.1729352203044328,0.09465193693528917,0.9427845478057861,106.0,140.0,371.0,377.0,0.004528681650452868,0.002269479700764899,0.8418606519699097,132.0,188.0,307.0,375.0,0.19108134146900949,0.10563290978721246,0.8583821654319763,106.0,180.0,331.0,375.0,0.024592417992535847,0.012449288043910588,0.8622230887413025,122.0,190.0,309.0,373.0
2720_pid-MR039473B_glioma.png,0.0,0.0,0.8571582436561584,64.0,138.0,155.0,265.0,0.006443298969072165,0.003232062055591467,0.9015613794326782,180.0,108.0,269.0,221.0,0.00547008547008547,0.002742543709290367,0.8910893201828003,186.0,134.0,269.0,217.0,0.0,0.0,0.8937945365905762,70.0,140.0,155.0,263.0,0.0,0.0,0.8575690984725952,64.0,140.0,155.0,265.0,0.0,0.0,0.8178892135620117,70.0,288.0,259.0,371.0,0.0,0.0,0.893352210521698,104.0,288.0,263.0,371.0,0.004887091338051905,0.0024495312104062844,0.9334245324134827,190.0,118.0,269.0,205.0,0.0,0.0,0.925288200378418,80.0,286.0,261.0,375.0,0.005663665408074354,0.002839874754241608,0.92125403881073,182.0,108.0,269.0,213.0,0.0,0.0,0.8049123287200928,64.0,142.0,151.0,265.0,0.0,0.0,0.8718991279602051,102.0,282.0,259.0,365.0,0.0,0.0,0.8352797627449036,64.0,140.0,153.0,265.0,0.0,0.0,0.8352797627449036,64.0,140.0,153.0,265.0,0.017860348231915277,0.009010640706361784,0.9414437413215637,62.0,140.0,253.0,377.0,0.0,0.0,0.8914543986320496,104.0,286.0,261.0,371.0,0.0004144218814753419,0.0002072538860103627,0.9088439345359802,206.0,134.0,269.0,197.0,0.00021579628830384117,0.00010790978741771878,0.9029994606971741,208.0,136.0,267.0,195.0,0.0,0.0,0.8651455640792847,64.0,140.0,155.0,267.0,0.0,0.0,0.8937368988990784,104.0,284.0,261.0,371.0
2733_pid-MR029209E_glioma.png,0.0,0.0,0.8041574954986572,236.0,182.0,413.0,275.0,0.0,0.0,0.9192088842391968,236.0,192.0,323.0,267.0,0.016071633566754676,0.008100914246036338,0.9384788870811462,102.0,188.0,191.0,339.0,0.13281208161516628,0.07112946710262147,0.9415910243988037,100.0,188.0,191.0,357.0,0.0,0.0,0.7904757261276245,236.0,158.0,345.0,271.0,0.019209180491455657,0.009697732997481109,0.9344353675842285,102.0,212.0,191.0,341.0,0.0,0.0,0.8347686529159546,224.0,170.0,415.0,275.0,0.005124919923126201,0.002569043031470777,0.9351691007614136,104.0,192.0,183.0,329.0,0.02138139482816523,0.010806223479490807,0.9425784945487976,102.0,184.0,191.0,343.0,0.0,0.0,0.9326623678207397,104.0,180.0,181.0,325.0,0.007926195426195427,0.003978866349227056,0.9369437098503113,108.0,192.0,181.0,331.0,0.018445619165448207,0.009308661596094904,0.9405404329299927,100.0,186.0,191.0,341.0,0.00997825252654471,0.0050141424530727695,0.9365003108978271,106.0,198.0,187.0,333.0,0.007924249546706064,0.003977885652642934,0.9377169609069824,104.0,214.0,185.0,331.0,0.0,0.0,0.7887665629386902,218.0,180.0,423.0,277.0,0.0,0.0,0.7859876155853271,232.0,144.0,419.0,269.0,0.01227821628550226,0.006177029595438501,0.9225571155548096,102.0,222.0,189.0,335.0,0.1734741661897081,0.09497493163172288,0.9419038891792297,104.0,184.0,191.0,363.0,0.016072955257908236,0.008101585842335095,0.9388548731803894,100.0,188.0,191.0,339.0,0.0,0.0,0.8089509010314941,238.0,190.0,339.0,269.0
2742_pid-MR053110E_glioma.png,0.7382761330888132,0.5851328903654485,0.9230625033378601,208.0,188.0,297.0,335.0,0.0,0.0,0.8697696328163147,340.0,208.0,415.0,267.0,0.7420956362686177,0.5899459908599917,0.9209327697753906,206.0,190.0,297.0,335.0,0.0,0.0,0.8712144494056702,324.0,206.0,419.0,269.0,0.7557875016726884,0.6074424607442461,0.9230475425720215,206.0,192.0,297.0,335.0,0.3183928374046645,0.18933841653794328,0.9616305828094482,136.0,184.0,301.0,387.0,0.7551521768800328,0.6066220809121807,0.9340249300003052,216.0,186.0,295.0,329.0,0.7469975449538849,0.5961660665113323,0.9235788583755493,208.0,190.0,297.0,333.0,0.0,0.0,0.7513718605041504,328.0,206.0,487.0,269.0,0.5172398291750955,0.34883579917535773,0.9325181245803833,136.0,198.0,295.0,335.0,0.33347804694509564,0.20010420284821118,0.9607470631599426,140.0,190.0,299.0,395.0,0.7547195344745923,0.6060638991523581,0.9249838590621948,212.0,188.0,295.0,333.0,0.7316145115790855,0.576807696286335,0.9214123487472534,212.0,186.0,299.0,333.0,0.7762632520996833,0.6343384338433843,0.9243663549423218,206.0,196.0,299.0,335.0,0.0,0.0,0.7573609948158264,320.0,204.0,485.0,271.0,0.8977045908183633,0.8143956541421458,0.9347230195999146,214.0,200.0,295.0,333.0,0.0,0.0,0.7658306956291199,346.0,206.0,477.0,269.0,0.3528078878069692,0.2141874558500948,0.959807813167572,142.0,176.0,301.0,371.0,0.031197143394098854,0.01584574264986636,0.9235023856163025,136.0,220.0,217.0,309.0,0.7556512378902045,0.6072664359861591,0.9251260161399841,208.0,192.0,297.0,335.0
2762_pid-MR032322C_glioma.png,0.0036869595751218014,0.001846884481773009,0.8079439401626587,246.0,388.0,303.0,451.0,0.006756756756756757,0.003389830508474576,0.795540452003479,244.0,390.0,303.0,453.0,0.006756756756756757,0.003389830508474576,0.795540452003479,244.0,390.0,303.0,453.0,0.004740168539325843,0.002375714914210295,0.8115033507347107,246.0,390.0,303.0,453.0,0.0059649122807017545,0.002991377793418969,0.7960190773010254,244.0,388.0,303.0,453.0,0.021684671989979646,0.010961180800126627,0.914147138595581,110.0,360.0,227.0,441.0,0.004123530443937533,0.002066024880214515,0.8097748160362244,244.0,388.0,307.0,453.0,0.0036869595751218014,0.001846884481773009,0.8079439401626587,246.0,388.0,303.0,451.0,0.004123530443937533,0.002066024880214515,0.8097748160362244,244.0,388.0,307.0,453.0,0.004123530443937533,0.002066024880214515,0.8097748160362244,244.0,388.0,307.0,453.0,0.0027206108210101367,0.0013621583618947184,0.8062676787376404,244.0,382.0,307.0,453.0,0.021512919443470127,0.010873419217586574,0.9198774099349976,108.0,360.0,223.0,441.0,0.0042982456140350876,0.002153751483451277,0.8147851824760437,246.0,388.0,303.0,453.0,0.004645251763880976,0.0023280330317139593,0.8009628057479858,244.0,384.0,303.0,453.0,0.0,0.0,0.8799675703048706,102.0,318.0,159.0,377.0,0.0059649122807017545,0.002991377793418969,0.7960190773010254,244.0,388.0,303.0,453.0,0.004041113941843099,0.0020246478873239436,0.8045430183410645,246.0,390.0,303.0,451.0,0.004123530443937533,0.002066024880214515,0.8097748160362244,244.0,388.0,307.0,453.0,0.006756756756756757,0.003389830508474576,0.795540452003479,244.0,390.0,303.0,453.0,0.0059649122807017545,0.002991377793418969,0.7960190773010254,244.0,388.0,303.0,453.0
2763_pid-MR032322C_glioma.png,0.0,0.0,0.9272851347923279,60.0,244.0,123.0,307.0,0.0,0.0,0.9294577836990356,62.0,244.0,121.0,307.0,0.07910880283015317,0.0411833855799373,0.9269407391548157,214.0,250.0,263.0,335.0,0.0,0.0,0.9285416007041931,62.0,244.0,121.0,303.0,0.0,0.0,0.9272851347923279,60.0,244.0,123.0,307.0,0.07903650733910425,0.04114420062695925,0.9284742474555969,214.0,250.0,263.0,333.0,0.0,0.0,0.9285416007041931,62.0,244.0,121.0,303.0,0.0,0.0,0.9272851347923279,60.0,244.0,123.0,307.0,0.08033397269547557,0.041847889972963445,0.921379566192627,212.0,248.0,265.0,333.0,0.0,0.0,0.9272851347923279,60.0,244.0,123.0,307.0,0.0,0.0,0.9272851347923279,60.0,244.0,123.0,307.0,0.0,0.0,0.9272851347923279,60.0,244.0,123.0,307.0,0.07867494824016563,0.040948275862068964,0.9309554100036621,214.0,250.0,263.0,329.0,0.07903650733910425,0.04114420062695925,0.9292932748794556,214.0,250.0,263.0,331.0,0.0,0.0,0.931974470615387,62.0,244.0,121.0,309.0,0.0,0.0,0.9339329600334167,60.0,240.0,123.0,307.0,0.0,0.0,0.9294577836990356,62.0,244.0,121.0,307.0,0.07918109287972301,0.04122257053291536,0.92779141664505,212.0,248.0,263.0,333.0,0.0,0.0,0.9285416007041931,62.0,244.0,121.0,303.0,0.07990068840988601,0.04161278946749736,0.9236350655555725,212.0,248.0,265.0,331.0
2764_pid-MR032322C_glioma.png,0.04608594657375145,0.023586475819106948,0.8814058303833008,208.0,208.0,297.0,295.0,0.04130572575533488,0.021088398683997627,0.8012599945068359,208.0,208.0,291.0,293.0,0.05325031364713535,0.027353446629749856,0.8946670293807983,208.0,208.0,291.0,301.0,0.0,0.0,0.9131448268890381,400.0,250.0,483.0,367.0,0.0446647824676829,0.022842519311880954,0.8805153369903564,208.0,208.0,299.0,295.0,0.05102750846592754,0.02618174894082925,0.8992737531661987,208.0,208.0,293.0,299.0,0.035147332094504914,0.01788802421098141,0.8593952655792236,208.0,208.0,287.0,291.0,0.04848036267752232,0.024842364765562036,0.9058582186698914,208.0,208.0,297.0,299.0,0.0371900826446281,0.018947368421052633,0.8164067268371582,208.0,208.0,295.0,291.0,0.04881437569470174,0.025017802041300736,0.9025266766548157,208.0,208.0,297.0,301.0,0.04597911705440557,0.02353051467141652,0.8997998833656311,212.0,208.0,301.0,297.0,0.051871582784242254,0.02662636729994243,0.8841024041175842,208.0,208.0,287.0,297.0,0.05823172145208401,0.0299890167613772,0.8642213940620422,206.0,208.0,295.0,295.0,0.04904505840904877,0.025139001093000046,0.9041698575019836,208.0,208.0,295.0,299.0,0.0,0.0,0.6341503858566284,424.0,248.0,485.0,329.0,0.04730105731775181,0.024223425477343973,0.899557888507843,208.0,208.0,295.0,297.0,0.028167511336356362,0.014284941291055678,0.8908040523529053,208.0,208.0,287.0,271.0,0.04573747060722025,0.023403954135799557,0.8983595371246338,208.0,208.0,299.0,297.0,0.0,0.0,0.6179192066192627,428.0,248.0,485.0,327.0,0.06040952469192996,0.03114550492022547,0.8808923959732056,206.0,208.0,293.0,297.0
2800_pid-MR029209G_glioma.png,0.02797724517392521,0.014187080298874492,0.9307559132575989,212.0,248.0,265.0,365.0,0.0,0.0,0.8458880186080933,292.0,96.0,479.0,207.0,0.0,0.0,0.9256462454795837,136.0,168.0,195.0,265.0,0.0,0.0,0.9192779064178467,134.0,168.0,197.0,267.0,0.0,0.0,0.9245997071266174,136.0,170.0,195.0,265.0,0.0,0.0,0.9224272966384888,136.0,170.0,195.0,263.0,0.0,0.0,0.873482346534729,302.0,96.0,483.0,213.0,0.0,0.0,0.9192779064178467,134.0,168.0,197.0,267.0,0.007789317507418398,0.003909886427108546,0.9220541715621948,212.0,246.0,267.0,359.0,0.0,0.0,0.9245997071266174,136.0,170.0,195.0,265.0,0.03612833647883527,0.018396485447556288,0.9364936947822571,208.0,248.0,267.0,367.0,0.0,0.0,0.7928381562232971,320.0,106.0,471.0,197.0,0.0,0.0,0.9245997071266174,136.0,170.0,195.0,265.0,0.0,0.0,0.9233081936836243,136.0,172.0,195.0,265.0,0.0,0.0,0.9245997071266174,136.0,170.0,195.0,265.0,0.0,0.0,0.7849785089492798,314.0,96.0,475.0,199.0,0.0,0.0,0.9277758598327637,136.0,170.0,195.0,267.0,0.0,0.0,0.9220200777053833,136.0,168.0,195.0,261.0,0.0,0.0,0.9224272966384888,136.0,170.0,195.0,263.0,0.03807017543859649,0.01940445318787445,0.9352643489837646,212.0,246.0,267.0,371.0
2802_pid-MR029209G_glioma.png,0.0,0.0,0.887003481388092,148.0,96.0,233.0,185.0,0.0,0.0,0.8938902020454407,154.0,96.0,235.0,179.0,0.46297896859694615,0.3012183692596064,0.9080047011375427,208.0,250.0,295.0,333.0,0.0,0.0,0.8888339400291443,154.0,96.0,233.0,175.0,0.0,0.0,0.88723224401474,152.0,96.0,233.0,183.0,0.45539906103286387,0.2948328267477204,0.9040617942810059,208.0,252.0,267.0,333.0,0.0,0.0,0.88723224401474,152.0,96.0,233.0,183.0,0.0,0.0,0.911210834980011,170.0,100.0,233.0,159.0,0.44431401320616287,0.28560648934163363,0.9034174680709839,206.0,250.0,281.0,331.0,0.46899956439668944,0.3063353566009105,0.9107068777084351,208.0,252.0,267.0,335.0,0.4722098710538017,0.30908032596041907,0.8999817371368408,212.0,256.0,263.0,335.0,0.0,0.0,0.89251708984375,154.0,96.0,233.0,179.0,0.0,0.0,0.90684974193573,160.0,96.0,233.0,171.0,0.4988706945228684,0.33233026142561595,0.921400249004364,204.0,252.0,267.0,339.0,0.002380952380952381,0.0011918951132300357,0.9288675785064697,212.0,356.0,303.0,413.0,0.0,0.0,0.8840653300285339,144.0,96.0,233.0,187.0,0.0,0.0,0.9085968732833862,172.0,100.0,231.0,157.0,0.4444770426873991,0.28574122972463223,0.9042143821716309,208.0,250.0,283.0,331.0,0.0,0.0,0.8907179832458496,152.0,96.0,233.0,181.0,0.0,0.0,0.8796753287315369,144.0,94.0,233.0,187.0
2809_pid-MR033420_glioma.png,0.0,0.0,0.85382080078125,212.0,350.0,351.0,441.0,0.0,0.0,0.8578730821609497,212.0,352.0,351.0,443.0,0.0,0.0,0.865268349647522,212.0,352.0,345.0,445.0,0.0,0.0,0.8728170990943909,214.0,332.0,371.0,447.0,0.0,0.0,0.8535513877868652,212.0,350.0,355.0,443.0,0.20336420336420336,0.1131916684199453,0.8754600882530212,104.0,136.0,195.0,261.0,0.0,0.0,0.8657796382904053,208.0,342.0,351.0,445.0,0.0,0.0,0.85577791929245,212.0,348.0,349.0,439.0,0.0,0.0,0.8676348924636841,212.0,350.0,349.0,447.0,0.15241790217541915,0.08249587520623969,0.9170668721199036,208.0,142.0,267.0,237.0,0.14285714285714285,0.07692307692307693,0.9235715270042419,208.0,136.0,267.0,235.0,0.0,0.0,0.8806297183036804,208.0,350.0,347.0,451.0,0.0,0.0,0.7662583589553833,206.0,104.0,301.0,231.0,0.0,0.0,0.849995493888855,212.0,356.0,343.0,435.0,0.0,0.0,0.8680707216262817,208.0,340.0,365.0,447.0,0.0,0.0,0.8590394258499146,212.0,352.0,355.0,443.0,0.0,0.0,0.8425085544586182,374.0,228.0,487.0,361.0,0.0,0.0,0.8578251600265503,212.0,350.0,345.0,441.0,0.0,0.0,0.8675050139427185,208.0,344.0,365.0,447.0,0.0,0.0,0.8531856536865234,212.0,352.0,347.0,443.0
280_pid-104281_meningioma.png,0.9188531711555169,0.8498874959819993,0.9530278444290161,172.0,314.0,261.0,375.0,0.927004797806717,0.8639412328329608,0.961365818977356,172.0,314.0,255.0,377.0,0.9045383411580594,0.8257142857142857,0.9451099634170532,172.0,314.0,267.0,375.0,0.9094587759231159,0.8339517625231911,0.9410952925682068,170.0,312.0,265.0,379.0,0.9233431389513757,0.8576020572163292,0.9562750458717346,172.0,314.0,259.0,375.0,0.9072743207712533,0.8302855309592557,0.951810359954834,174.0,316.0,263.0,375.0,0.893631551989073,0.807716049382716,0.9408016800880432,172.0,312.0,267.0,377.0,0.9150146526460955,0.8433428662217985,0.9490096569061279,172.0,312.0,263.0,377.0,0.9351582549187339,0.8782133676092545,0.9549577832221985,172.0,310.0,259.0,375.0,0.9292517006802721,0.8678526048284625,0.9425790905952454,166.0,314.0,267.0,375.0,0.9188531711555169,0.8498874959819993,0.9530278444290161,172.0,314.0,261.0,375.0,0.9344566133108677,0.8769765970904491,0.9469117522239685,172.0,304.0,263.0,377.0,0.9138706329989623,0.8414012738853504,0.9528973698616028,172.0,314.0,261.0,377.0,0.9139165357080495,0.8414790996784566,0.9542229771614075,172.0,316.0,261.0,375.0,0.716656571774682,0.5584292996035491,0.9407808184623718,170.0,302.0,269.0,377.0,0.9245901639344263,0.8597560975609756,0.952378511428833,172.0,312.0,261.0,375.0,0.9055172413793103,0.8273471959672338,0.9471436142921448,172.0,312.0,265.0,377.0,0.9188531711555169,0.8498874959819993,0.9530278444290161,172.0,314.0,261.0,375.0,0.7610921501706485,0.6143250688705234,0.9413650035858154,170.0,308.0,269.0,379.0,0.9339055793991416,0.8760064412238325,0.9627735018730164,172.0,312.0,255.0,375.0
2818_pid-MR024780B_glioma.png,0.9092092417832737,0.8335322195704057,0.9514011740684509,158.0,318.0,231.0,407.0,0.9078476066427874,0.8312462731067383,0.95274418592453,164.0,318.0,231.0,403.0,0.8970588235294118,0.8133333333333334,0.9135289788246155,144.0,320.0,229.0,407.0,0.9072567523592581,0.8302561048243002,0.9515058398246765,166.0,318.0,231.0,405.0,0.9040829552819183,0.8249556475458308,0.9481186270713806,164.0,316.0,233.0,407.0,0.9023525620367386,0.8220786846741045,0.9363256096839905,148.0,326.0,229.0,411.0,0.9135559921414538,0.840867992766727,0.9525197148323059,158.0,320.0,229.0,409.0,0.9141546526867628,0.8418829209414604,0.9528353810310364,160.0,320.0,229.0,409.0,0.9083224967490247,0.8320428826682549,0.9501773715019226,152.0,320.0,229.0,409.0,0.9141546526867628,0.8418829209414604,0.9574834704399109,154.0,318.0,231.0,397.0,0.8976327575175944,0.8142774230992456,0.940523624420166,150.0,318.0,231.0,409.0,0.9072031148604802,0.830166270783848,0.9505060315132141,156.0,320.0,231.0,411.0,0.9123728257302265,0.8388654194327098,0.952340841293335,168.0,320.0,229.0,409.0,0.9083224967490247,0.8320428826682549,0.9501773715019226,152.0,320.0,229.0,409.0,0.9075520833333334,0.8307508939213349,0.9518396258354187,164.0,318.0,231.0,405.0,0.9068484258357676,0.8295724465558195,0.9510220885276794,156.0,316.0,233.0,403.0,0.9053042629352425,0.8269916765755053,0.9511815309524536,168.0,318.0,231.0,405.0,0.9051472968598252,0.826729745712596,0.9441483020782471,150.0,324.0,229.0,411.0,0.8916349809885932,0.8044596912521441,0.8953660130500793,142.0,318.0,231.0,405.0,0.9017080244924267,0.8210093896713615,0.9477870464324951,152.0,318.0,231.0,409.0
2828_pid-MR048297_glioma.png,0.9431932773109244,0.8924936386768448,0.9884615540504456,170.0,318.0,233.0,379.0,0.9425981873111783,0.8914285714285715,0.9879981279373169,170.0,316.0,233.0,379.0,0.9423205902079141,0.8909321496512366,0.9843915104866028,170.0,318.0,233.0,389.0,0.9431932773109244,0.8924936386768448,0.9884615540504456,170.0,318.0,233.0,379.0,0.9431932773109244,0.8924936386768448,0.9884615540504456,170.0,318.0,233.0,379.0,0.9422431161853593,0.8907936507936508,0.9873892068862915,172.0,318.0,231.0,383.0,0.9386666666666666,0.8844221105527639,0.979737401008606,168.0,316.0,243.0,387.0,0.9431932773109244,0.8924936386768448,0.9884615540504456,170.0,318.0,233.0,379.0,0.9419657832941966,0.8902980342422321,0.9853871464729309,170.0,318.0,233.0,387.0,0.9431932773109244,0.8924936386768448,0.9884615540504456,170.0,318.0,233.0,379.0,0.9431932773109244,0.8924936386768448,0.9884615540504456,170.0,318.0,233.0,379.0,0.9428763440860215,0.8919262555626192,0.9880220890045166,172.0,318.0,231.0,381.0,0.9431932773109244,0.8924936386768448,0.9884615540504456,170.0,318.0,233.0,379.0,0.9431932773109244,0.8924936386768448,0.9885729551315308,172.0,318.0,231.0,379.0,0.9431932773109244,0.8924936386768448,0.9884615540504456,170.0,318.0,233.0,379.0,0.9431932773109244,0.8924936386768448,0.9884615540504456,170.0,318.0,233.0,379.0,0.9425981873111783,0.8914285714285715,0.9874624013900757,168.0,318.0,233.0,381.0,0.9435104236718225,0.8930617441120305,0.9886953830718994,172.0,318.0,233.0,379.0,0.9431932773109244,0.8924936386768448,0.9884615540504456,170.0,318.0,233.0,379.0,0.9431932773109244,0.8924936386768448,0.9881954193115234,170.0,318.0,231.0,379.0
2845_pid-MR048944_glioma.png,0.7159789947486872,0.5576069175040897,0.8790444135665894,190.0,214.0,269.0,389.0,0.7241536359495977,0.5675868633983817,0.9370861053466797,208.0,216.0,267.0,341.0,0.7373689973408415,0.583994053518335,0.9148839116096497,192.0,214.0,267.0,359.0,0.7298041615667075,0.5745603469043604,0.9317349195480347,206.0,222.0,269.0,341.0,0.690714182239606,0.5275503429962382,0.9407049417495728,208.0,214.0,271.0,341.0,0.6687245685421636,0.502318718381113,0.9326193928718567,208.0,212.0,269.0,341.0,0.6781347739550754,0.5130135513013552,0.9263156056404114,198.0,222.0,269.0,355.0,0.6303830911492735,0.46026234567901236,0.9219974279403687,196.0,214.0,271.0,357.0,0.6801711840228245,0.5153480328577604,0.9310810565948486,208.0,212.0,267.0,341.0,0.5957287373548146,0.4242262540021345,0.9144940376281738,208.0,208.0,277.0,341.0,0.6633263743910925,0.49625156184922947,0.9356115460395813,208.0,212.0,271.0,341.0,0.7133243606998654,0.5543933054393305,0.8904849290847778,188.0,212.0,271.0,365.0,0.72,0.5625,0.9396238327026367,208.0,216.0,269.0,341.0,0.6701349831271091,0.5039120321421019,0.9321329593658447,208.0,212.0,269.0,339.0,0.7485943775100402,0.5982028241335045,0.9196191430091858,192.0,228.0,269.0,363.0,0.7023125644424805,0.5412031782065835,0.9393888115882874,208.0,214.0,269.0,341.0,0.7411135577225543,0.5887056471764118,0.8828369379043579,184.0,220.0,269.0,367.0,0.6633263743910925,0.49625156184922947,0.9356115460395813,208.0,212.0,271.0,341.0,0.7358930514534432,0.5821446138711264,0.8768059611320496,186.0,218.0,269.0,373.0,0.7140718562874252,0.5552968568102444,0.9361803531646729,208.0,214.0,267.0,341.0
2854_pid-MR049104_glioma.png,0.29627928341754706,0.17390132111081155,0.9500349760055542,248.0,250.0,341.0,347.0,0.35449299258037925,0.2154308617234469,0.9465864300727844,248.0,250.0,341.0,343.0,0.3885542168674699,0.2411214953271028,0.9404401779174805,256.0,260.0,341.0,343.0,0.5560186320176513,0.38505942275042443,0.9383388757705688,280.0,282.0,341.0,345.0,0.35449299258037925,0.2154308617234469,0.9465864300727844,248.0,250.0,341.0,343.0,0.3421750663129973,0.2064,0.9405561089515686,250.0,252.0,341.0,343.0,0.27608346709470305,0.1601489757914339,0.9265303015708923,218.0,250.0,343.0,361.0,0.349025974025974,0.21140609636184857,0.9539979100227356,246.0,248.0,341.0,343.0,0.3285368648923978,0.19655645284168824,0.9426194429397583,250.0,252.0,343.0,345.0,0.349025974025974,0.21140609636184857,0.9539979100227356,246.0,248.0,341.0,343.0,0.35449299258037925,0.2154308617234469,0.9465864300727844,248.0,250.0,341.0,343.0,0.35250717311108076,0.2139658318129043,0.9494867324829102,248.0,248.0,341.0,343.0,0.30406599882144963,0.17929117442668518,0.9474549889564514,248.0,250.0,341.0,345.0,0.3421750663129973,0.2064,0.9405561089515686,250.0,252.0,341.0,343.0,0.5307443365695793,0.36123348017621143,0.9443425536155701,278.0,280.0,343.0,345.0,0.349025974025974,0.21140609636184857,0.9539979100227356,246.0,248.0,341.0,343.0,0.49422532142078884,0.32821997105643996,0.9392088055610657,272.0,282.0,341.0,349.0,0.3808118081180812,0.23518687329079307,0.9376482963562012,252.0,254.0,341.0,343.0,0.2988532375767404,0.1756775160016342,0.9253790974617004,218.0,260.0,341.0,345.0,0.29627928341754706,0.17390132111081155,0.9500349760055542,248.0,250.0,341.0,347.0
2856_pid-MR049104_glioma.png,0.335707019328586,0.2017114914425428,0.9231542348861694,246.0,248.0,335.0,339.0,0.36,0.21951219512195122,0.9193755388259888,250.0,248.0,333.0,335.0,0.3371360463136387,0.2027442146221585,0.9313081502914429,246.0,246.0,339.0,341.0,0.3509393831974477,0.21281169389509888,0.9243838787078857,250.0,248.0,335.0,339.0,0.345489443378119,0.2088167053364269,0.9216985106468201,248.0,248.0,339.0,339.0,0.33776867963152507,0.20320197044334976,0.9271069169044495,246.0,246.0,335.0,339.0,0.33962264150943394,0.20454545454545456,0.9216825366020203,246.0,248.0,339.0,339.0,0.4191363251481795,0.26513122656668453,0.9143898487091064,248.0,250.0,335.0,335.0,0.3358208955223881,0.20179372197309417,0.9297304153442383,246.0,246.0,341.0,343.0,0.3590208522212149,0.21878453038674034,0.9019504189491272,246.0,248.0,339.0,357.0,0.335707019328586,0.2017114914425428,0.9231542348861694,246.0,248.0,335.0,339.0,0.3420279841077906,0.20629297770368826,0.922537624835968,248.0,248.0,339.0,341.0,0.35100159546179754,0.21285745001075038,0.9218714237213135,248.0,248.0,335.0,335.0,0.3434518647007806,0.20732984293193718,0.9229628443717957,246.0,246.0,335.0,335.0,0.3420279841077906,0.20629297770368826,0.922537624835968,248.0,248.0,339.0,341.0,0.3442280945757997,0.20789584208315834,0.9225233793258667,248.0,248.0,335.0,339.0,0.42208484331699,0.2674952715482302,0.9136375784873962,250.0,252.0,339.0,339.0,0.3403816400206292,0.20509633312616532,0.9298853874206543,246.0,246.0,339.0,339.0,0.41044776119402987,0.25821596244131456,0.9150863885879517,250.0,250.0,333.0,339.0,0.35100159546179754,0.21285745001075038,0.9218714237213135,248.0,248.0,335.0,335.0
285_pid-105555_meningioma.png,0.0,0.0,0.9317850470542908,318.0,172.0,377.0,231.0,0.0,0.0,0.9324617981910706,318.0,172.0,377.0,229.0,0.0,0.0,0.9339357614517212,318.0,174.0,375.0,229.0,0.0,0.0,0.9286477565765381,314.0,170.0,377.0,231.0,0.0,0.0,0.9341052174568176,318.0,172.0,375.0,229.0,0.0,0.0,0.9341052174568176,318.0,172.0,375.0,229.0,0.0,0.0,0.9341052174568176,318.0,172.0,375.0,229.0,0.0,0.0,0.9297471642494202,316.0,170.0,377.0,231.0,0.0,0.0,0.9341052174568176,318.0,172.0,375.0,229.0,0.0,0.0,0.9341052174568176,318.0,172.0,375.0,229.0,0.0,0.0,0.9341052174568176,318.0,172.0,375.0,229.0,0.0,0.0,0.9315143823623657,316.0,172.0,377.0,231.0,0.0,0.0,0.9341052174568176,318.0,172.0,375.0,229.0,0.0,0.0,0.9341052174568176,318.0,172.0,375.0,229.0,0.0008921601427456229,0.0004462791476068281,0.7581788301467896,86.0,288.0,229.0,373.0,0.0,0.0,0.9341052174568176,318.0,172.0,375.0,229.0,0.0,0.0,0.919760525226593,314.0,156.0,379.0,233.0,0.0,0.0,0.9341052174568176,318.0,172.0,375.0,229.0,0.0,0.0,0.9301146864891052,314.0,172.0,377.0,231.0,0.0,0.0,0.9341052174568176,318.0,172.0,375.0,229.0
2862_pid-MR048994B_glioma.png,0.0,0.0,0.9127486944198608,310.0,122.0,487.0,267.0,0.0,0.0,0.960834264755249,350.0,144.0,479.0,271.0,0.0,0.0,0.9676347970962524,352.0,148.0,487.0,267.0,0.0,0.0,0.8810397386550903,288.0,118.0,471.0,277.0,0.0,0.0,0.9650306701660156,350.0,136.0,489.0,269.0,0.0,0.0,0.9635308384895325,352.0,150.0,485.0,267.0,0.0,0.0,0.9155002236366272,298.0,112.0,479.0,271.0,0.0,0.0,0.962178647518158,352.0,138.0,485.0,267.0,0.0,0.0,0.8860254883766174,288.0,116.0,487.0,271.0,0.0,0.0,0.9668654799461365,356.0,140.0,483.0,265.0,0.0,0.0,0.8144339323043823,428.0,136.0,487.0,227.0,0.0,0.0,0.9038705825805664,350.0,202.0,427.0,269.0,0.0,0.0,0.9642829895019531,350.0,140.0,485.0,269.0,0.0,0.0,0.9688467979431152,352.0,140.0,487.0,265.0,0.06847205869033603,0.03544968582950389,0.9516451358795166,112.0,140.0,243.0,265.0,0.0,0.0,0.9642829895019531,350.0,140.0,485.0,269.0,0.0,0.0,0.8785032629966736,296.0,118.0,483.0,269.0,0.0,0.0,0.964078962802887,350.0,148.0,487.0,269.0,0.059443911792905084,0.030632411067193676,0.9468041062355042,106.0,152.0,265.0,267.0,0.0,0.0,0.9657082557678223,350.0,142.0,485.0,269.0
2871_pid-MR049358_glioma.png,0.7717989903625516,0.6283979448855674,0.7877991199493408,140.0,214.0,263.0,309.0,0.8167687769457681,0.6902867005465528,0.825056254863739,140.0,206.0,261.0,309.0,0.7686862132027609,0.6242813338443848,0.762427031993866,142.0,216.0,255.0,307.0,0.8234962511979255,0.6999520843315764,0.811137855052948,136.0,206.0,265.0,311.0,0.8041958041958042,0.672514619883041,0.8240959644317627,142.0,208.0,267.0,309.0,0.7935901885919241,0.6578114510405677,0.8208706378936768,142.0,208.0,261.0,303.0,0.8305644123734407,0.7102267291686597,0.8477586507797241,148.0,206.0,269.0,311.0,0.8049493040041245,0.6735691688236985,0.8245463371276855,144.0,208.0,267.0,311.0,0.7682588415894196,0.6237177643562458,0.7377277612686157,138.0,216.0,259.0,303.0,0.786051114862898,0.6475158258200652,0.831483006477356,148.0,208.0,255.0,307.0,0.7508361204013378,0.6010709504685409,0.8922731876373291,142.0,196.0,267.0,313.0,0.7970002884338044,0.6625107892970173,0.826681911945343,142.0,206.0,253.0,303.0,0.8053376095298093,0.6741131351869607,0.8136724829673767,140.0,208.0,265.0,309.0,0.7888386123680241,0.651307596513076,0.8142249584197998,144.0,212.0,259.0,307.0,0.8266591676040494,0.7045345604448279,0.8360268473625183,138.0,204.0,261.0,309.0,0.8185319438151336,0.6928092042186001,0.8231625556945801,140.0,206.0,267.0,309.0,0.7304597067577996,0.5753733935394234,0.7727303504943848,136.0,216.0,261.0,311.0,0.7885296337145179,0.6508864398658362,0.8098354935646057,142.0,212.0,263.0,303.0,0.7953560907988217,0.6602416570771001,0.8231366872787476,144.0,208.0,255.0,309.0,0.7723715949873508,0.6291574810696827,0.7854340672492981,140.0,214.0,255.0,303.0
2872_pid-MR049358_glioma.png,0.5868479944913066,0.4152759166768181,0.8665117621421814,158.0,212.0,259.0,329.0,0.7331158632354718,0.5786763303452223,0.9698082804679871,174.0,216.0,235.0,301.0,0.6445339357626952,0.4755072463768116,0.9086237549781799,172.0,214.0,259.0,317.0,0.47779896485971124,0.3138869005010737,0.8482012748718262,148.0,214.0,307.0,331.0,0.48981800960692784,0.3243436968013619,0.8856314420700073,156.0,208.0,301.0,329.0,0.5499359795134443,0.3792494481236203,0.8981176018714905,172.0,214.0,261.0,323.0,0.735715911677669,0.5819229384227583,0.9099810123443604,142.0,212.0,251.0,333.0,0.5272631021704606,0.3580158159597412,0.9153268933296204,172.0,212.0,259.0,331.0,0.7553455404607207,0.6068716780561884,0.9481129050254822,172.0,214.0,255.0,303.0,0.5520430596618907,0.3812565445026178,0.8877010941505432,158.0,208.0,299.0,317.0,0.5271154569386988,0.35787968542539067,0.8598527908325195,154.0,212.0,261.0,327.0,0.7671804380577124,0.6222974243278812,0.875390887260437,170.0,212.0,255.0,329.0,0.5289767582251735,0.3595978249717862,0.8876768350601196,170.0,212.0,291.0,327.0,0.7511669658886894,0.60149511213341,0.9415096044540405,172.0,214.0,259.0,301.0,0.7318611987381703,0.5771144278606966,0.919745147228241,144.0,214.0,245.0,331.0,0.4914923291492329,0.32581360946745563,0.8540312051773071,156.0,212.0,297.0,331.0,0.7360728405415119,0.5823696682464455,0.9542596936225891,158.0,220.0,233.0,317.0,0.7509881422924901,0.6012658227848101,0.9422072172164917,174.0,214.0,259.0,301.0,0.742614093573974,0.5906015724995429,0.9101324081420898,144.0,212.0,251.0,331.0,0.7482151356496907,0.5977186311787073,0.9627436399459839,172.0,214.0,251.0,303.0
2875_pid-MR049104B_glioma.png,0.8943089430894309,0.8088235294117647,0.921044111251831,206.0,240.0,269.0,363.0,0.8944881889763779,0.8091168091168092,0.932834267616272,208.0,240.0,267.0,349.0,0.8948194662480377,0.8096590909090909,0.9290221929550171,206.0,244.0,269.0,355.0,0.0,0.0,0.6922473907470703,64.0,212.0,191.0,301.0,0.8955974842767296,0.8109339407744874,0.9243675470352173,208.0,244.0,267.0,359.0,0.8942731277533039,0.8087649402390438,0.9331566095352173,208.0,244.0,269.0,351.0,0.8936835522201376,0.8078010175240249,0.9270135164260864,198.0,234.0,269.0,347.0,0.895447409733124,0.8106878908470722,0.9190962314605713,208.0,244.0,267.0,365.0,0.8945546112684923,0.8092255125284739,0.9370565414428711,208.0,240.0,269.0,347.0,0.8952978056426333,0.8104426787741204,0.9227210283279419,208.0,244.0,269.0,363.0,0.8950520012606367,0.8100399315459212,0.9304029941558838,212.0,244.0,267.0,357.0,0.8953159383841559,0.8104723961297666,0.9212960004806519,208.0,244.0,267.0,363.0,0.8944881889763779,0.8091168091168092,0.9314610958099365,208.0,244.0,267.0,351.0,0.8942731277533039,0.8087649402390438,0.9331566095352173,208.0,244.0,269.0,351.0,0.0,0.0,0.762981653213501,428.0,282.0,487.0,341.0,0.8955974842767296,0.8109339407744874,0.9243675470352173,208.0,244.0,267.0,359.0,0.0,0.0,0.7261359691619873,64.0,212.0,195.0,303.0,0.8948362720403022,0.8096866096866097,0.9352902173995972,208.0,244.0,269.0,349.0,0.8970541653468482,0.813325674899483,0.9653980731964111,208.0,244.0,267.0,313.0,0.8948362720403022,0.8096866096866097,0.9279580116271973,208.0,244.0,267.0,355.0
2888_pid-MR024780G_glioma.png,0.0,0.0,0.9423755407333374,204.0,180.0,299.0,335.0,0.0,0.0,0.9318466186523438,206.0,180.0,307.0,335.0,0.00011133997661860491,5.5673087629439926e-05,0.9402313828468323,200.0,182.0,301.0,335.0,0.08374582709796247,0.04370288048538732,0.9340354204177856,100.0,164.0,325.0,341.0,0.0,0.0,0.9381335377693176,204.0,176.0,303.0,335.0,0.0006638269624384577,0.0003320236843561507,0.9461801052093506,196.0,182.0,297.0,333.0,0.13965993314925157,0.07507225997968908,0.9082433581352234,100.0,222.0,199.0,341.0,0.0,0.0,0.9374630451202393,206.0,176.0,301.0,335.0,0.000552761041401802,0.00027645692801061595,0.9431804418563843,198.0,182.0,299.0,335.0,0.0,0.0,0.9423755407333374,204.0,180.0,299.0,335.0,0.0,0.0,0.9374630451202393,206.0,176.0,301.0,335.0,0.1055291827464909,0.05570377848283819,0.9391875267028809,100.0,182.0,299.0,341.0,0.0,0.0,0.940028965473175,208.0,180.0,299.0,331.0,0.0,0.0,0.9401940107345581,206.0,180.0,299.0,333.0,0.07716109069812416,0.04012873378256059,0.9331283569335938,100.0,154.0,339.0,343.0,0.0,0.0,0.9387779235839844,206.0,180.0,301.0,335.0,0.10296601580974259,0.054277370183061474,0.9480186700820923,102.0,176.0,301.0,341.0,0.1055291827464909,0.05570377848283819,0.9391875267028809,100.0,182.0,299.0,341.0,0.10337828990441272,0.05450654147537022,0.9398533701896667,96.0,184.0,307.0,343.0,0.0,0.0,0.9387779235839844,206.0,180.0,301.0,335.0
2912_pid-MR050791B_glioma.png,0.0,0.0,0.8409667015075684,68.0,116.0,189.0,229.0,0.0,0.0,0.8455790281295776,358.0,282.0,479.0,375.0,0.07057007387804609,0.03657560864098754,0.9707105159759521,248.0,282.0,341.0,373.0,0.0,0.0,0.9308203458786011,70.0,78.0,291.0,229.0,0.07848679204261333,0.04084634532699706,0.9729289412498474,244.0,280.0,343.0,367.0,0.3708145005073333,0.22760729249235648,0.9546220302581787,248.0,282.0,341.0,377.0,0.0,0.0,0.9622548222541809,68.0,90.0,279.0,231.0,0.0,0.0,0.8020098805427551,68.0,122.0,181.0,229.0,0.0,0.0,0.9014588594436646,100.0,74.0,295.0,195.0,0.045495093666369314,0.02327704244637152,0.9749354124069214,252.0,280.0,343.0,365.0,0.09474353539635438,0.04972744465457782,0.967555582523346,238.0,280.0,343.0,373.0,0.0,0.0,0.9312315583229065,80.0,76.0,293.0,219.0,0.0,0.0,0.9065217971801758,74.0,74.0,295.0,221.0,0.08665882101208944,0.04529188101095952,0.9691453576087952,244.0,280.0,343.0,373.0,0.0,0.0,0.9443304538726807,80.0,80.0,287.0,219.0,0.0,0.0,0.6201155781745911,68.0,136.0,183.0,229.0,0.0,0.0,0.9159302711486816,64.0,76.0,293.0,233.0,0.0,0.0,0.8883103132247925,100.0,72.0,297.0,195.0,0.0,0.0,0.9402024745941162,68.0,102.0,267.0,229.0,0.0,0.0,0.8020098805427551,68.0,122.0,181.0,229.0
2914_pid-MR049019C_glioma.png,0.0,0.0,0.9270291924476624,424.0,208.0,487.0,301.0,0.0,0.0,0.9299432039260864,426.0,208.0,487.0,297.0,0.0,0.0,0.7792350053787231,64.0,284.0,153.0,375.0,0.0,0.0,0.7938866019248962,60.0,280.0,155.0,377.0,0.0,0.0,0.9370927810668945,244.0,60.0,307.0,155.0,0.0,0.0,0.9593455195426941,244.0,60.0,307.0,123.0,0.0,0.0,0.8469548225402832,68.0,284.0,155.0,377.0,0.0,0.0,0.9114301204681396,428.0,212.0,485.0,299.0,0.0,0.0,0.7842043042182922,64.0,282.0,155.0,375.0,0.0,0.0,0.9569264650344849,244.0,62.0,307.0,127.0,0.0,0.0,0.9295034408569336,426.0,208.0,487.0,295.0,0.0,0.0,0.9630075097084045,246.0,62.0,303.0,121.0,0.0,0.0,0.957693874835968,244.0,62.0,307.0,125.0,0.0,0.0,0.9020007848739624,430.0,216.0,485.0,301.0,0.0,0.0,0.7926667332649231,62.0,282.0,157.0,377.0,0.0,0.0,0.9297974109649658,244.0,60.0,307.0,149.0,0.0,0.0,0.9106101989746094,428.0,212.0,485.0,301.0,0.0,0.0,0.9597986340522766,244.0,62.0,307.0,123.0,0.0,0.0,0.7950042486190796,60.0,280.0,153.0,375.0,0.0,0.0,0.8906489014625549,428.0,216.0,483.0,299.0
291_pid-106284_meningioma.png,0.7362054526844701,0.582535709026653,0.950409471988678,120.0,240.0,197.0,307.0,0.7058261700095511,0.5453874538745388,0.9399383664131165,124.0,240.0,195.0,307.0,0.839046072313873,0.72272124871153,0.9699356555938721,112.0,240.0,197.0,311.0,0.6705426356589147,0.5043731778425656,0.8924011588096619,132.0,232.0,205.0,307.0,0.6902021472095947,0.5269531826908876,0.9470090866088867,126.0,244.0,195.0,307.0,0.8240804996530188,0.7007966951903216,0.9703304171562195,110.0,240.0,195.0,309.0,0.7276814988290398,0.5719334413193933,0.9498956203460693,122.0,240.0,197.0,307.0,0.7276814988290398,0.5719334413193933,0.9498956203460693,122.0,240.0,197.0,307.0,0.8044014084507042,0.672802238256516,0.9643711447715759,112.0,240.0,197.0,307.0,0.8050414242904989,0.6736981855730934,0.9688335657119751,110.0,244.0,195.0,307.0,0.7481748452083911,0.5976672080318913,0.9510778188705444,116.0,240.0,195.0,303.0,0.8117616172223681,0.6831639416703491,0.9599254131317139,116.0,240.0,197.0,309.0,0.6831971995332555,0.5188303057155517,0.9412055015563965,128.0,244.0,195.0,307.0,0.8063721175849322,0.6755640760949713,0.967601478099823,110.0,240.0,195.0,307.0,0.006771856165775039,0.0033974315417544337,0.9007980823516846,132.0,182.0,213.0,309.0,0.730715156059612,0.5756904445429035,0.959151029586792,120.0,244.0,195.0,307.0,0.6605395790097836,0.49313855688357683,0.9309260845184326,134.0,244.0,195.0,307.0,0.7913144077600783,0.6546900309232808,0.9577602744102478,116.0,240.0,197.0,307.0,0.6826254826254826,0.5181711606096131,0.886043906211853,128.0,230.0,203.0,307.0,0.7900705420126797,0.6529889298892989,0.9582870602607727,116.0,240.0,195.0,307.0
2925_pid-MR051586_glioma.png,0.06905064711603202,0.035759947309286735,0.9145151972770691,122.0,100.0,267.0,307.0,0.07840638803941556,0.04080279386410857,0.8843948245048523,140.0,100.0,265.0,299.0,0.06077166183829339,0.03133806403422402,0.9397849440574646,126.0,102.0,281.0,307.0,0.04076495009274799,0.020806564324519286,0.9345811605453491,108.0,94.0,393.0,301.0,0.047434283218130896,0.024293309469916303,0.9510482549667358,124.0,102.0,363.0,307.0,0.07328886771478482,0.038038326808159904,0.9586851596832275,118.0,138.0,295.0,307.0,0.04538191115372323,0.023217789404839765,0.9487399458885193,132.0,100.0,383.0,307.0,0.07272584012922034,0.03773507767784137,0.9008611440658569,126.0,100.0,265.0,303.0,0.0481745348260654,0.024681784148037223,0.9518308043479919,118.0,100.0,343.0,309.0,0.07707080828323314,0.04007989925745799,0.9021222591400146,138.0,102.0,263.0,303.0,0.04778793134691553,0.024478862780459344,0.9508267641067505,134.0,102.0,367.0,307.0,0.06896809385040724,0.03571566768564021,0.96526038646698,118.0,124.0,295.0,307.0,0.07404733253108704,0.038447119590119545,0.88990318775177,120.0,102.0,263.0,301.0,0.0603998298596342,0.031140350877192982,0.9421939849853516,136.0,100.0,291.0,307.0,0.0370125313283208,0.018855205098872365,0.9619431495666504,110.0,84.0,387.0,317.0,0.047722454888578666,0.024444503297227152,0.9524134397506714,126.0,100.0,363.0,303.0,0.0604512558535547,0.031167690956979806,0.9472380876541138,120.0,102.0,295.0,301.0,0.07049568471702436,0.036535645014448004,0.9508663415908813,118.0,140.0,335.0,307.0,0.043972273171196494,0.02248039358955624,0.9492670893669128,112.0,100.0,371.0,309.0,0.07240351427674929,0.037561551296138036,0.9030749797821045,122.0,102.0,265.0,303.0
2928_pid-MR051586_glioma.png,0.6991460811222934,0.5374516469347087,0.909855306148529,172.0,104.0,287.0,229.0,0.6564287865100873,0.48857014791573283,0.9449781775474548,180.0,116.0,235.0,223.0,0.6976630567543359,0.5357008878329373,0.9150535464286804,172.0,106.0,279.0,231.0,0.0,0.0,0.8032787442207336,326.0,136.0,467.0,201.0,0.6937510197422092,0.5311016737446915,0.9105581045150757,174.0,106.0,279.0,229.0,0.7090030881304933,0.5491903827281649,0.9203518033027649,172.0,104.0,279.0,229.0,0.6765883376849434,0.5112455609627778,0.894892156124115,172.0,116.0,283.0,231.0,0.6874699181774426,0.5237745996821904,0.8940470814704895,176.0,106.0,285.0,227.0,0.7063809748057452,0.5460502366217692,0.9195379614830017,172.0,102.0,281.0,231.0,0.6892085120699807,0.5257956878850103,0.9203488826751709,174.0,108.0,269.0,229.0,0.6795889771134984,0.5146798726565264,0.8969603180885315,172.0,106.0,291.0,229.0,0.7039229615597127,0.5431181485992692,0.9219059348106384,172.0,102.0,279.0,227.0,0.7066698165209859,0.5463955187530444,0.9118233919143677,174.0,104.0,283.0,229.0,0.6918767507002801,0.5289079229122056,0.9144638180732727,174.0,106.0,275.0,229.0,0.6985069834644405,0.5366966818798569,0.9081339836120605,172.0,106.0,285.0,223.0,0.6977597066092641,0.5358148646994,0.9113361835479736,176.0,104.0,281.0,227.0,0.7021176470588235,0.5409717186366932,0.9114782810211182,174.0,102.0,283.0,221.0,0.6911090742438131,0.5280112044817927,0.9146685600280762,174.0,108.0,277.0,229.0,0.6764444444444444,0.5110812625923439,0.9131219983100891,176.0,116.0,271.0,227.0,0.6959010054137664,0.533625904400427,0.9078627824783325,174.0,102.0,285.0,229.0
2931_pid-MR051586_glioma.png,0.5304820212123825,0.36099049407346556,0.9241818785667419,174.0,70.0,263.0,191.0,0.5300954032957502,0.3606325230115648,0.9233105182647705,174.0,70.0,263.0,189.0,0.544735956945846,0.37432104472437305,0.9229731559753418,170.0,68.0,261.0,191.0,0.518578352180937,0.3500545256270447,0.9123942255973816,172.0,64.0,265.0,191.0,0.5579021471312918,0.386868440322187,0.9194868206977844,172.0,70.0,259.0,191.0,0.5527550843038415,0.38193610377131876,0.9160807728767395,172.0,74.0,263.0,195.0,0.5407198540388124,0.3705387588088202,0.91746586561203,170.0,70.0,263.0,195.0,0.5768667642752562,0.4053497942386831,0.9251381158828735,172.0,70.0,255.0,191.0,0.5397525004238006,0.3696308335268168,0.9101132750511169,172.0,72.0,265.0,191.0,0.5726495726495726,0.40119760479041916,0.9288922548294067,174.0,68.0,251.0,189.0,0.5579021471312918,0.386868440322187,0.9194868206977844,172.0,70.0,259.0,191.0,0.5231625470617123,0.3542451784526712,0.9118464589118958,172.0,68.0,265.0,191.0,0.538669825689626,0.3686160972785177,0.9142981767654419,172.0,70.0,263.0,191.0,0.5639978696964317,0.3927555940165657,0.9215347766876221,172.0,72.0,259.0,195.0,0.5236818588025023,0.35472154963680386,0.9129791259765625,172.0,64.0,263.0,195.0,0.5405836955557527,0.3704108922927304,0.9245092868804932,174.0,70.0,261.0,189.0,0.532388495206336,0.36275846398545786,0.9155504703521729,172.0,64.0,261.0,191.0,0.5582417582417583,0.3871951219512195,0.9145174622535706,172.0,76.0,263.0,195.0,0.5527299243460031,0.3819120796070034,0.92756587266922,174.0,64.0,253.0,189.0,0.5377043417120759,0.36771246544055775,0.9223822355270386,174.0,72.0,263.0,191.0
2935_pid-MR051644_glioma.png,0.8856836173353012,0.7948223961468994,0.9135028719902039,198.0,198.0,291.0,301.0,0.9369322940153321,0.8813477154284329,0.9028295278549194,190.0,204.0,301.0,301.0,0.6581501451679801,0.4904797230464886,0.9487267732620239,206.0,206.0,267.0,301.0,0.9262164480941292,0.8625727656660198,0.9554462432861328,192.0,192.0,297.0,307.0,0.6895349758377565,0.5261757949461976,0.9670054912567139,204.0,200.0,279.0,297.0,0.6686361398325947,0.5022189349112426,0.9470727443695068,200.0,206.0,267.0,299.0,0.9344303166292696,0.8769302760879738,0.9470077753067017,198.0,198.0,285.0,307.0,0.6857188600704451,0.5217444268485808,0.9587927460670471,204.0,202.0,277.0,299.0,0.6627062706270627,0.49555774925962487,0.9514806270599365,204.0,206.0,267.0,301.0,0.6697127937336814,0.5034347399411188,0.9560816287994385,208.0,204.0,267.0,285.0,0.6685845799769851,0.5021607605877269,0.963302731513977,206.0,204.0,267.0,291.0,0.9303051101266613,0.8696920205319645,0.9376261830329895,188.0,200.0,295.0,301.0,0.939734291765612,0.886319612590799,0.9246126413345337,190.0,202.0,279.0,301.0,0.6823982663135083,0.5179093567251462,0.9538231492042542,198.0,204.0,287.0,295.0,0.9016097789058847,0.8208465093651179,0.9214985966682434,204.0,192.0,271.0,307.0,0.6795928259815802,0.5146842878120411,0.9634028077125549,204.0,204.0,277.0,297.0,0.6862483311081442,0.5223577235772358,0.9408828020095825,204.0,196.0,301.0,303.0,0.6448952108408383,0.4759006211180124,0.9448840618133545,208.0,206.0,265.0,299.0,0.6843291995490417,0.5201371036846615,0.9570084810256958,206.0,200.0,269.0,301.0,0.9344912214461015,0.877037562012757,0.9213998317718506,188.0,202.0,295.0,301.0
2937_pid-MR051644_glioma.png,0.7448486390231494,0.5934333198216457,0.9590889811515808,182.0,170.0,301.0,283.0,0.746705524581855,0.5957941563037105,0.9530359506607056,180.0,168.0,301.0,287.0,0.7348590060986655,0.5808514700267278,0.9379213452339172,176.0,140.0,299.0,285.0,0.8011194029850747,0.668222844693433,0.9245897531509399,174.0,136.0,299.0,297.0,0.7448732645522863,0.5934645829104932,0.9539911150932312,186.0,164.0,301.0,277.0,0.7537196308619499,0.6047753374974814,0.9440715909004211,186.0,150.0,299.0,283.0,0.7365240512448634,0.5829347618136599,0.9375211596488953,180.0,142.0,301.0,287.0,0.74859417451191,0.5982025648793295,0.9562139511108398,176.0,160.0,301.0,275.0,0.8566966028894963,0.7493169398907104,0.9310557842254639,182.0,144.0,299.0,299.0,0.7508692079145332,0.6011133603238866,0.9502683281898499,184.0,154.0,297.0,271.0,0.7407312379730596,0.5882233088834555,0.959462583065033,182.0,174.0,301.0,271.0,0.7393376221110317,0.5864675864675865,0.9295090436935425,176.0,142.0,299.0,293.0,0.7326887274037596,0.5781442517296939,0.9377930760383606,176.0,142.0,301.0,287.0,0.737966537966538,0.5847440342647359,0.9572725296020508,186.0,174.0,301.0,271.0,0.8105367973205395,0.6814307458143074,0.9300376176834106,172.0,134.0,297.0,303.0,0.7497812773403325,0.5997200839748076,0.9564077258110046,192.0,174.0,301.0,279.0,0.7423500611995104,0.5902676399026764,0.9367323517799377,176.0,140.0,301.0,277.0,0.7485093830414862,0.5980942828485456,0.9523515701293945,196.0,174.0,301.0,277.0,0.7293863854266539,0.5740426334653839,0.9362124800682068,172.0,136.0,299.0,283.0,0.7487790955793746,0.5984387672343877,0.9359849095344543,180.0,172.0,301.0,291.0
2960_pid-MR051651B_glioma.png,0.0,0.0,0.81816565990448,134.0,244.0,197.0,307.0,0.0,0.0,0.9062093496322632,362.0,318.0,487.0,393.0,0.0,0.0,0.8259533643722534,136.0,244.0,197.0,303.0,0.0,0.0,0.884470522403717,316.0,122.0,375.0,211.0,0.0,0.0,0.900794506072998,362.0,218.0,445.0,299.0,0.0,0.0,0.8390308022499084,136.0,246.0,195.0,303.0,0.0,0.0,0.8315023183822632,136.0,244.0,195.0,303.0,0.0,0.0,0.81816565990448,134.0,244.0,197.0,307.0,0.0,0.0,0.8461146950721741,138.0,246.0,195.0,301.0,0.0,0.0,0.8390308022499084,136.0,246.0,195.0,303.0,0.01795009872554299,0.009056330374932078,0.8055257797241211,134.0,240.0,197.0,307.0,0.0,0.0,0.9581552147865295,326.0,320.0,411.0,407.0,0.01795009872554299,0.009056330374932078,0.8055257797241211,134.0,240.0,197.0,307.0,0.0,0.0,0.8315023183822632,136.0,244.0,195.0,303.0,0.6039538714991762,0.43261741798442294,0.8707133531570435,136.0,168.0,231.0,303.0,0.0,0.0,0.8256883025169373,326.0,148.0,445.0,297.0,0.0,0.0,0.8259533643722534,136.0,244.0,197.0,303.0,0.0,0.0,0.8411619067192078,136.0,246.0,195.0,301.0,0.027926960257787327,0.014161220043572984,0.8065652847290039,136.0,238.0,197.0,303.0,0.01795009872554299,0.009056330374932078,0.8055257797241211,134.0,240.0,197.0,307.0
2975_pid-MR052550_glioma.png,0.9020289855072464,0.8215417106652587,0.9285440444946289,244.0,280.0,307.0,343.0,0.0,0.0,0.8391464352607727,64.0,282.0,121.0,341.0,0.9097303634232122,0.8344086021505376,0.934022843837738,246.0,282.0,303.0,341.0,0.0,0.0,0.843351423740387,62.0,282.0,123.0,341.0,0.9097303634232122,0.8344086021505376,0.934022843837738,246.0,282.0,303.0,341.0,0.9097303634232122,0.8344086021505376,0.934022843837738,246.0,282.0,303.0,341.0,0.9097303634232122,0.8344086021505376,0.934022843837738,246.0,282.0,303.0,341.0,0.9097303634232122,0.8344086021505376,0.934022843837738,246.0,282.0,303.0,341.0,0.9020289855072464,0.8215417106652587,0.9285440444946289,244.0,280.0,307.0,343.0,0.9097303634232122,0.8344086021505376,0.934022843837738,246.0,282.0,303.0,341.0,0.9020289855072464,0.8215417106652587,0.9285440444946289,244.0,280.0,307.0,343.0,0.9097303634232122,0.8344086021505376,0.934022843837738,246.0,282.0,303.0,341.0,0.9097303634232122,0.8344086021505376,0.934022843837738,246.0,282.0,303.0,341.0,0.9097303634232122,0.8344086021505376,0.934022843837738,246.0,282.0,303.0,341.0,0.0,0.0,0.8603445291519165,62.0,282.0,211.0,341.0,0.9097303634232122,0.8344086021505376,0.934022843837738,246.0,282.0,303.0,341.0,0.0,0.0,0.8475534319877625,348.0,212.0,435.0,355.0,0.9020289855072464,0.8215417106652587,0.9285440444946289,244.0,280.0,307.0,343.0,0.0,0.0,0.8588049411773682,62.0,282.0,125.0,341.0,0.9020289855072464,0.8215417106652587,0.9285440444946289,244.0,280.0,307.0,343.0
2982_pid-MR052550_glioma.png,0.0,0.0,0.8535928726196289,368.0,148.0,451.0,233.0,0.0,0.0,0.8525425791740417,366.0,148.0,451.0,233.0,0.0,0.0,0.9062750339508057,374.0,154.0,451.0,231.0,0.33464125560538116,0.2009424436216762,0.8616122007369995,248.0,212.0,339.0,377.0,0.0,0.0,0.8524338006973267,368.0,150.0,451.0,233.0,0.0,0.0,0.9244868159294128,376.0,156.0,451.0,231.0,0.0,0.0,0.8780347108840942,362.0,140.0,451.0,233.0,0.0,0.0,0.9166556000709534,374.0,150.0,451.0,233.0,0.0,0.0,0.8820240497589111,364.0,144.0,451.0,233.0,0.0,0.0,0.942467212677002,388.0,150.0,451.0,233.0,0.0,0.0,0.8118802905082703,250.0,216.0,335.0,297.0,0.0,0.0,0.8525425791740417,366.0,148.0,451.0,233.0,0.0,0.0,0.8525425791740417,366.0,148.0,451.0,233.0,0.0,0.0,0.9428568482398987,388.0,168.0,451.0,231.0,0.0,0.0,0.7740582227706909,360.0,140.0,439.0,221.0,0.0,0.0,0.8704828023910522,362.0,142.0,453.0,233.0,0.0,0.0,0.8480646014213562,360.0,138.0,445.0,229.0,0.0,0.0,0.8947448134422302,372.0,150.0,451.0,233.0,0.0,0.0,0.8229724764823914,362.0,142.0,445.0,229.0,0.0,0.0,0.8525425791740417,366.0,148.0,451.0,233.0
2987_pid-MR051644C_glioma.png,0.49329407916257767,0.32739904472427267,0.8789436221122742,138.0,176.0,223.0,261.0,0.0,0.0,0.883837103843689,352.0,352.0,415.0,413.0,0.5348175320979065,0.3650176983510317,0.8791602849960327,134.0,172.0,227.0,263.0,0.0,0.0,0.8736203908920288,358.0,138.0,425.0,231.0,0.0,0.0,0.8976008296012878,362.0,154.0,483.0,227.0,0.5219064725126692,0.35309434944883256,0.8867772221565247,136.0,174.0,227.0,263.0,0.0,0.0,0.8747923374176025,250.0,320.0,335.0,409.0,0.0,0.0,0.8605934381484985,360.0,170.0,479.0,227.0,0.0,0.0,0.8682276010513306,250.0,320.0,339.0,409.0,0.5389206508764214,0.3688510491916065,0.8781613707542419,134.0,170.0,227.0,263.0,0.0,0.0,0.847797691822052,248.0,324.0,335.0,411.0,0.0,0.0,0.8816940784454346,358.0,168.0,477.0,231.0,0.0,0.0,0.9023278951644897,360.0,156.0,477.0,229.0,0.5286494727480625,0.35929539763405577,0.8807786107063293,136.0,172.0,227.0,263.0,0.0,0.0,0.9304022192955017,264.0,320.0,339.0,395.0,0.0,0.0,0.847797691822052,248.0,324.0,335.0,411.0,0.0,0.0,0.893316388130188,318.0,62.0,375.0,121.0,0.5417376490630323,0.37149532710280375,0.8602075576782227,138.0,174.0,231.0,267.0,0.0,0.0,0.887368381023407,368.0,150.0,463.0,219.0,0.0,0.0,0.847797691822052,248.0,324.0,335.0,411.0
2995_pid-MR049942B_glioma.png,0.6694290045477513,0.503114081725657,0.793338418006897,230.0,282.0,331.0,365.0,0.8061983892343766,0.6753202391118702,0.925534725189209,246.0,280.0,327.0,341.0,0.57702948383527,0.40551049883346296,0.8079053163528442,228.0,280.0,333.0,377.0,0.021528145403211577,0.01088119871566179,0.8937599658966064,216.0,282.0,329.0,409.0,0.7123287671232876,0.5531914893617021,0.7891604900360107,232.0,282.0,327.0,359.0,0.7921129016114503,0.6557838912827312,0.9249610304832458,246.0,280.0,329.0,341.0,0.6736948808920425,0.5079486395597677,0.7879055738449097,230.0,282.0,331.0,363.0,0.7839036755386565,0.6446065659197499,0.9229893684387207,248.0,282.0,327.0,341.0,0.350635518000426,0.21258825555364216,0.877422571182251,222.0,278.0,329.0,403.0,0.5940948404413957,0.42257106491302504,0.7564732432365417,224.0,282.0,331.0,367.0,0.6736948808920425,0.5079486395597677,0.7879055738449097,230.0,282.0,331.0,363.0,0.7754647667816987,0.6332727272727273,0.9247441291809082,248.0,282.0,319.0,341.0,0.6597585513078471,0.49226842816393934,0.7853252291679382,228.0,282.0,329.0,363.0,0.6415996938384998,0.4723200450767714,0.7689443826675415,224.0,280.0,331.0,365.0,0.7731636060100167,0.6302092192549753,0.9223750829696655,248.0,282.0,329.0,341.0,0.7304210940574577,0.5753254804711717,0.8200811147689819,232.0,280.0,329.0,357.0,0.0,0.0,0.9163318276405334,62.0,244.0,121.0,309.0,0.7921129016114503,0.6557838912827312,0.9249610304832458,246.0,280.0,329.0,341.0,0.0,0.0,0.9082670211791992,60.0,172.0,155.0,315.0,0.6267638980964106,0.45641379310344826,0.7801319360733032,224.0,280.0,329.0,367.0
29_pid-102714_meningioma.png,0.889492999864075,0.8009791921664626,0.8911807537078857,172.0,168.0,265.0,261.0,0.7985016791526738,0.6645882605891206,0.8793771266937256,172.0,168.0,265.0,249.0,0.8786407766990292,0.7835497835497836,0.8990482091903687,172.0,170.0,263.0,253.0,0.9295193158360365,0.8683195592286501,0.9308779835700989,174.0,168.0,261.0,243.0,0.889492999864075,0.8009791921664626,0.8911807537078857,172.0,168.0,265.0,261.0,0.7985016791526738,0.6645882605891206,0.8793771266937256,172.0,168.0,265.0,249.0,0.9218772153693464,0.8550762756443977,0.9051857590675354,172.0,168.0,263.0,259.0,0.9163806123850062,0.8456664977192093,0.9163171648979187,172.0,166.0,265.0,255.0,0.889492999864075,0.8009791921664626,0.8911807537078857,172.0,168.0,265.0,261.0,0.928998193691816,0.8674104826154645,0.9235587120056152,172.0,166.0,265.0,259.0,0.9138073016744441,0.8412939095274198,0.9164994955062866,172.0,166.0,265.0,253.0,0.7877376794722546,0.6498079385403329,0.8792737722396851,174.0,168.0,265.0,249.0,0.8170488534396809,0.6906868942267173,0.9207637906074524,172.0,168.0,261.0,259.0,0.9138073016744441,0.8412939095274198,0.9164994955062866,172.0,166.0,265.0,253.0,0.8625352112676057,0.7582961862308073,0.8989483118057251,174.0,170.0,263.0,255.0,0.9097702740105176,0.8344757552678345,0.8962225317955017,172.0,168.0,265.0,263.0,0.9285395929282425,0.8666112035496395,0.9691998958587646,172.0,168.0,253.0,235.0,0.8033290653008963,0.6713032313289108,0.8769139051437378,172.0,168.0,265.0,253.0,0.9314987424175174,0.8717806701744669,0.9370316863059998,174.0,168.0,265.0,233.0,0.889492999864075,0.8009791921664626,0.8911807537078857,172.0,168.0,265.0,261.0
2_pid-100360_meningioma.png,0.8800636397013829,0.7858157578406731,0.9450929164886475,156.0,288.0,299.0,379.0,0.6099181214274679,0.4387641698155146,0.8919588327407837,172.0,310.0,293.0,395.0,0.688332368268674,0.5247765147334731,0.9420210123062134,158.0,300.0,293.0,375.0,0.9199106197812537,0.851698606271777,0.9669185280799866,168.0,260.0,299.0,379.0,0.6329440315486121,0.4629978919338733,0.9434254169464111,172.0,304.0,295.0,377.0,0.568498051999682,0.39713397022883806,0.9306365251541138,170.0,316.0,295.0,377.0,0.9529213483146067,0.9100761884322353,0.9766811728477478,120.0,248.0,299.0,379.0,0.6415689810640216,0.47228675738466647,0.9391782879829407,164.0,304.0,299.0,379.0,0.5791712620135497,0.40762918607229987,0.9440955519676208,172.0,314.0,283.0,377.0,0.9515927899331141,0.9076557093425606,0.9775670766830444,142.0,254.0,301.0,379.0,0.9153081042905067,0.8438415626695605,0.9697161316871643,170.0,264.0,295.0,397.0,0.5852552576030021,0.41368258178603007,0.9152365922927856,174.0,314.0,301.0,375.0,0.5881983185353972,0.41662956366874443,0.9376993179321289,172.0,312.0,293.0,377.0,0.5901201602136181,0.4185606060606061,0.9364665746688843,172.0,310.0,293.0,377.0,0.0,0.0,0.9096537828445435,320.0,250.0,377.0,343.0,0.6033224654556746,0.4319697643397065,0.9328835606575012,174.0,308.0,293.0,383.0,0.5451188182402055,0.37468270610307913,0.9257999658584595,188.0,314.0,287.0,377.0,0.5820672282138077,0.4105041083721963,0.933499276638031,170.0,314.0,295.0,377.0,0.6762442278091328,0.5108527131782946,0.9498200416564941,170.0,298.0,295.0,377.0,0.5833333333333334,0.4117647058823529,0.9415550231933594,176.0,312.0,287.0,377.0
3011_pid-MR054875_glioma.png,0.0,0.0,0.8618027567863464,62.0,246.0,125.0,303.0,0.0,0.0,0.845153272151947,60.0,244.0,125.0,307.0,0.0,0.0,0.9197596311569214,398.0,286.0,483.0,397.0,0.0,0.0,0.8114811182022095,144.0,84.0,331.0,183.0,0.0,0.0,0.845153272151947,60.0,244.0,125.0,307.0,0.0,0.0,0.9461687207221985,284.0,320.0,341.0,407.0,0.0,0.0,0.7034892439842224,142.0,78.0,331.0,187.0,0.0,0.0,0.8581217527389526,62.0,246.0,123.0,303.0,0.0,0.0,0.8571983575820923,60.0,224.0,147.0,307.0,0.0,0.0,0.845153272151947,60.0,244.0,125.0,307.0,0.0,0.0,0.9093523025512695,356.0,360.0,443.0,409.0,0.0,0.0,0.8410192728042603,282.0,318.0,461.0,409.0,0.0,0.0,0.8741443753242493,62.0,244.0,125.0,307.0,0.0,0.0,0.845153272151947,60.0,244.0,125.0,307.0,0.0,0.0,0.8829041719436646,136.0,86.0,323.0,191.0,0.0,0.0,0.8776251077651978,244.0,78.0,319.0,149.0,0.0,0.0,0.881095826625824,64.0,248.0,125.0,301.0,0.0,0.0,0.9377855658531189,284.0,320.0,345.0,403.0,0.0,0.0,0.8763558864593506,60.0,222.0,143.0,309.0,0.0,0.0,0.9090646505355835,216.0,72.0,307.0,139.0
3018_pid-MR050687C_glioma.png,0.5285929901056515,0.3592432186004103,0.9550654292106628,180.0,282.0,267.0,367.0,0.5264485745521823,0.35726515237986534,0.9643197655677795,182.0,284.0,265.0,367.0,0.5271656854499579,0.35792599360438554,0.9623759388923645,186.0,282.0,267.0,363.0,0.0,0.0,0.9263747334480286,100.0,282.0,157.0,341.0,0.5309704923514169,0.3614430408558097,0.9503604173660278,176.0,282.0,267.0,371.0,0.5249494268374916,0.3558857142857143,0.9664722084999084,188.0,282.0,267.0,361.0,0.0,0.0,0.9263747334480286,100.0,282.0,157.0,341.0,0.0,0.0,0.8920750617980957,378.0,298.0,479.0,407.0,0.520288013553579,0.35161438058163497,0.9707443714141846,190.0,284.0,265.0,359.0,0.5270145365935636,0.35778665145464916,0.9643027782440186,180.0,284.0,265.0,367.0,0.5318864774624374,0.3622924721400955,0.9477919936180115,176.0,282.0,267.0,373.0,0.5251453121051302,0.3560657984921179,0.9702494740486145,182.0,286.0,263.0,367.0,0.527791771620487,0.3585034789551728,0.9587793946266174,182.0,282.0,267.0,365.0,0.522121647914728,0.3532913566113337,0.9701767563819885,190.0,282.0,267.0,357.0,0.0,0.0,0.9263701438903809,96.0,280.0,159.0,343.0,0.0,0.0,0.8972758054733276,392.0,304.0,483.0,405.0,0.0,0.0,0.9283396601676941,102.0,282.0,157.0,341.0,0.5137254901960784,0.34564643799472294,0.9523791670799255,192.0,282.0,267.0,357.0,0.0,0.0,0.9263747334480286,100.0,282.0,157.0,341.0,0.511228308948622,0.34338932693406465,0.9460430145263672,176.0,280.0,269.0,373.0
3020_pid-MR056144_glioma.png,0.39715929521754767,0.24778463264161527,0.9085339307785034,104.0,220.0,219.0,299.0,0.0,0.0,0.9266691207885742,208.0,328.0,267.0,413.0,0.3859744990892532,0.23913779483128314,0.9050027132034302,108.0,220.0,219.0,299.0,0.0,0.0,0.966303288936615,320.0,360.0,459.0,511.0,0.0,0.0,0.9257661700248718,206.0,332.0,269.0,415.0,0.4379456443112535,0.2803651759724795,0.8931812047958374,106.0,224.0,215.0,297.0,0.0,0.0,0.8356991410255432,326.0,358.0,453.0,441.0,0.0,0.0,0.9179514646530151,208.0,334.0,269.0,413.0,0.3972829399982583,0.24788089545750924,0.9130529761314392,102.0,220.0,219.0,301.0,0.3720157411456056,0.22851310700472713,0.9050095677375793,108.0,218.0,221.0,299.0,0.14485981308411214,0.07808564231738035,0.8833263516426086,118.0,222.0,217.0,295.0,0.0,0.0,0.9186757206916809,208.0,336.0,269.0,413.0,0.0,0.0,0.9278558492660522,206.0,330.0,269.0,415.0,0.4379456443112535,0.2803651759724795,0.8931812047958374,106.0,224.0,215.0,297.0,0.0,0.0,0.9263702630996704,208.0,332.0,269.0,413.0,0.0,0.0,0.9278558492660522,206.0,330.0,269.0,415.0,0.0,0.0,0.9278558492660522,206.0,330.0,269.0,415.0,0.3821803307842789,0.23623172474442125,0.9027360081672668,106.0,218.0,221.0,297.0,0.0,0.0,0.9276254177093506,208.0,330.0,269.0,413.0,0.4815838955867714,0.31716200466200467,0.8913185000419617,104.0,228.0,213.0,301.0
3027_pid-MR034997_glioma.png,0.8494692827275652,0.738328207995527,0.9487636089324951,208.0,172.0,297.0,263.0,0.8488652824722356,0.7374161073825504,0.9463471174240112,208.0,172.0,299.0,261.0,0.8459292896529355,0.7329960652051715,0.9673830270767212,208.0,172.0,281.0,261.0,0.0,0.0,0.8086152076721191,106.0,68.0,227.0,189.0,0.8491566265060241,0.7378559463986599,0.9457635879516602,208.0,172.0,299.0,263.0,0.8452940223554187,0.7320426487093153,0.9547733068466187,212.0,174.0,297.0,263.0,0.8492842206852179,0.7380486441151803,0.9499406814575195,206.0,172.0,295.0,261.0,0.8491566265060241,0.7378559463986599,0.9457635879516602,208.0,172.0,299.0,263.0,0.8489533011272141,0.7375489647453833,0.9503544569015503,208.0,172.0,295.0,261.0,0.8465522822920039,0.7339320797081111,0.9641510248184204,208.0,172.0,285.0,261.0,0.8490687219010918,0.7377232142857143,0.9460020065307617,208.0,172.0,299.0,265.0,0.8479588556734169,0.7360491071428571,0.942291259765625,208.0,172.0,301.0,263.0,0.8486312399355878,0.737062937062937,0.9492650032043457,208.0,172.0,297.0,261.0,0.8474685585295066,0.7353105763850027,0.9552030563354492,208.0,174.0,297.0,263.0,0.0,0.0,0.8086152076721191,106.0,68.0,227.0,189.0,0.8494692827275652,0.738328207995527,0.9487636089324951,208.0,172.0,297.0,263.0,0.0,0.0,0.8116756677627563,106.0,64.0,229.0,189.0,0.8469865891097108,0.734585201793722,0.9610289335250854,208.0,174.0,291.0,261.0,0.0,0.0,0.7978873252868652,102.0,64.0,229.0,195.0,0.8488652824722356,0.7374161073825504,0.9463471174240112,208.0,172.0,299.0,261.0
3028_pid-MR034997_glioma.png,0.14822178042853987,0.08004294405344149,0.8337424993515015,212.0,176.0,297.0,301.0,0.14967655587776044,0.08089210367691381,0.8878985047340393,212.0,174.0,291.0,301.0,0.12967436467291527,0.06933250671626369,0.8557593822479248,208.0,174.0,299.0,303.0,0.31303942150688124,0.1855641592920354,0.899116039276123,212.0,174.0,269.0,265.0,0.13347921225382933,0.07151230949589683,0.8638489246368408,208.0,176.0,297.0,303.0,0.13347921225382933,0.07151230949589683,0.8638489246368408,208.0,176.0,297.0,303.0,0.16006679389312978,0.08699598081161675,0.8882428407669067,214.0,176.0,297.0,293.0,0.13217768147345613,0.07076566125290024,0.8503468036651611,208.0,176.0,299.0,303.0,0.147423926178183,0.07957779886148007,0.8801591992378235,212.0,174.0,293.0,301.0,0.0,0.0,0.8646209836006165,400.0,248.0,485.0,301.0,0.15388143561518175,0.08335403726708075,0.8203637599945068,212.0,180.0,297.0,301.0,0.1397771065514009,0.07513997760358343,0.9210138916969299,208.0,176.0,285.0,303.0,0.1540050493458802,0.08342658212109909,0.8337744474411011,214.0,174.0,299.0,299.0,0.13217768147345613,0.07076566125290024,0.8503468036651611,208.0,176.0,299.0,303.0,0.25630252100840334,0.14698795180722893,0.9129475355148315,208.0,172.0,269.0,267.0,0.14509676721807763,0.07822336208906505,0.8914933800697327,208.0,184.0,291.0,303.0,0.18829802160796968,0.10393432465923172,0.9234526753425598,212.0,170.0,299.0,271.0,0.09443388924072901,0.04955686853766617,0.925534725189209,188.0,152.0,297.0,303.0,0.1353231824140365,0.07257192299372701,0.8866108059883118,208.0,172.0,295.0,299.0,0.14926037148259372,0.08064903846153847,0.8788294792175293,212.0,176.0,293.0,301.0
3030_pid-53669_meningioma.png,0.965562788942353,0.9334184604159066,0.9584674835205078,134.0,288.0,265.0,407.0,0.9639053812081801,0.930325632162998,0.9586889743804932,138.0,304.0,267.0,409.0,0.9678581587181189,0.9377181701267683,0.9662233591079712,134.0,314.0,261.0,397.0,0.9624611910810048,0.9276387377584331,0.9581286907196045,134.0,292.0,271.0,403.0,0.966012084592145,0.9342585829072315,0.9567509889602661,136.0,296.0,261.0,409.0,0.9676746611053181,0.9373737373737374,0.9634647369384766,136.0,314.0,261.0,399.0,0.9667359667359667,0.9356136820925554,0.9601966142654419,132.0,292.0,263.0,405.0,0.9666509211147851,0.9354543792283782,0.9593238830566406,136.0,296.0,259.0,407.0,0.9668999432570455,0.9359209080922739,0.9636344909667969,134.0,302.0,267.0,403.0,0.9665659236871931,0.9352951928349479,0.9542481899261475,136.0,304.0,255.0,411.0,0.9662009063444109,0.9346118721461187,0.957257866859436,134.0,296.0,261.0,409.0,0.9665406427221171,0.9352478507408085,0.9594005346298218,136.0,312.0,265.0,407.0,0.9661032952506845,0.9344292237442923,0.9571433067321777,136.0,298.0,261.0,409.0,0.9671867612293145,0.9364585240798389,0.9604288339614868,136.0,304.0,261.0,405.0,0.9682072696213343,0.938373804267844,0.9695457220077515,134.0,300.0,269.0,387.0,0.9660185010383235,0.9342705860872741,0.9572577476501465,136.0,298.0,263.0,409.0,0.9678152215070049,0.9376375641966251,0.9676681756973267,136.0,296.0,265.0,399.0,0.9675527386245388,0.9371449514385193,0.9639716148376465,134.0,302.0,261.0,403.0,0.9681456200227532,0.938257993384785,0.9733840227127075,136.0,298.0,261.0,395.0,0.966188137514167,0.9345879773433218,0.9604494571685791,134.0,298.0,265.0,407.0
3032_pid-MR033389B_glioma.png,0.9212541307326509,0.8540047818290496,0.9583407044410706,104.0,208.0,265.0,379.0,0.6545857243531662,0.4865309787488776,0.9325184226036072,102.0,276.0,201.0,397.0,0.5149673977474807,0.3467717792635466,0.92791748046875,104.0,284.0,191.0,377.0,0.6592649566933083,0.49171904619375434,0.8589160442352295,116.0,282.0,267.0,391.0,0.9371513180508183,0.8817354097218767,0.9545843601226807,102.0,208.0,265.0,387.0,0.8625638116846285,0.7583403979454446,0.961209237575531,108.0,214.0,255.0,379.0,0.6059193823253226,0.4346372617503243,0.9457705616950989,104.0,278.0,197.0,383.0,0.9346805632906356,0.8773711725168036,0.9586257338523865,102.0,214.0,261.0,383.0,0.8931358760100383,0.8069065178393462,0.961018443107605,106.0,214.0,261.0,379.0,0.8664104882459313,0.7643070787637088,0.9602925777435303,102.0,236.0,219.0,379.0,0.9348327719279633,0.8776394422310757,0.9612389802932739,100.0,218.0,261.0,381.0,0.0,0.0,0.9485464096069336,282.0,356.0,373.0,413.0,0.9346874917132932,0.8773833822870514,0.9569553732872009,102.0,208.0,265.0,381.0,0.9401335057122503,0.8870301219815783,0.959586501121521,100.0,214.0,263.0,381.0,0.64000814000814,0.47059703725871616,0.8550196886062622,110.0,288.0,261.0,395.0,0.9341117155366857,0.8763692491535551,0.95770263671875,102.0,212.0,265.0,381.0,0.0,0.0,0.8789452314376831,278.0,328.0,413.0,419.0,0.8510674881788222,0.74074628354784,0.9629168510437012,108.0,216.0,255.0,375.0,0.09847552315121674,0.05178767055074196,0.826084315776825,170.0,214.0,263.0,345.0,0.8969004176742141,0.813072937425269,0.9560266733169556,106.0,208.0,267.0,379.0
3051_pid-MR017260F_glioma.png,0.919910067449413,0.8516976593579425,0.9328441023826599,104.0,108.0,267.0,231.0,0.9480892885148204,0.9013020574495577,0.9230238795280457,104.0,112.0,255.0,229.0,0.6679800182931119,0.5014789773927741,0.9588303565979004,104.0,118.0,231.0,231.0,0.8711977186311787,0.7717894736842106,0.9041837453842163,102.0,120.0,259.0,233.0,0.9128018492106428,0.8395910612503392,0.9366188049316406,104.0,104.0,271.0,229.0,0.945230960008267,0.896149701185461,0.9322647452354431,106.0,110.0,259.0,227.0,0.9068712940355773,0.8296107211231653,0.9152987599372864,104.0,112.0,263.0,235.0,0.9232763348123038,0.8574868043337346,0.9403166770935059,106.0,104.0,267.0,227.0,0.6686357243319269,0.5022184660891612,0.9532037377357483,106.0,120.0,235.0,229.0,0.6656775469831849,0.4988880652335063,0.9449223279953003,108.0,118.0,247.0,223.0,0.9188142410248771,0.849820887296776,0.9395355582237244,106.0,104.0,265.0,229.0,0.9306458164094232,0.8702877219637262,0.9297869205474854,106.0,110.0,263.0,229.0,0.9246376811594202,0.8598382749326146,0.9375016689300537,106.0,106.0,271.0,227.0,0.9516281017694482,0.9077199640467393,0.9246958494186401,106.0,112.0,259.0,227.0,0.6668076109936575,0.5001585791309864,0.9639302492141724,102.0,126.0,223.0,235.0,0.9060957129588894,0.8283135222093128,0.9356653690338135,104.0,104.0,269.0,231.0,0.9644891657349731,0.9314138817480719,0.9082172513008118,102.0,110.0,243.0,231.0,0.6654416961130742,0.4986231730565558,0.9391480684280396,108.0,118.0,251.0,223.0,0.6683070866141733,0.5018477457501848,0.9534091353416443,102.0,122.0,231.0,233.0,0.9289468364665454,0.8673209398886478,0.9354346990585327,106.0,108.0,265.0,229.0
3054_pid-MR017260F_glioma.png,0.30974358974358973,0.18325242718446602,0.7039148807525635,142.0,112.0,231.0,195.0,0.43992839844161313,0.2819924406047516,0.9158026576042175,144.0,122.0,231.0,195.0,0.4004318488529015,0.2503374730021598,0.8494606018066406,150.0,120.0,231.0,195.0,0.5510899182561307,0.38034790785143396,0.9521432518959045,138.0,104.0,245.0,191.0,0.43614101752163814,0.2788876889848812,0.9141000509262085,144.0,126.0,231.0,195.0,0.3962764518049467,0.24709773218142547,0.9021129012107849,150.0,122.0,231.0,195.0,0.5827445146894756,0.4111781684597219,0.9478539228439331,86.0,116.0,233.0,253.0,0.4544126851658669,0.2940064794816415,0.9145247936248779,142.0,120.0,231.0,195.0,0.32645001128413453,0.1950643921515744,0.8679707050323486,144.0,110.0,231.0,195.0,0.41590933390356033,0.2625539956803456,0.9241032600402832,148.0,124.0,231.0,195.0,0.3962764518049467,0.24709773218142547,0.9021129012107849,150.0,122.0,231.0,195.0,0.2923005993545413,0.17116630669546437,0.7974822521209717,148.0,116.0,231.0,195.0,0.45457390215917387,0.2941414686825054,0.9353923797607422,142.0,124.0,231.0,195.0,0.4126848082279837,0.2599892008639309,0.9299017786979675,148.0,128.0,231.0,195.0,0.5035521741321106,0.3364983164983165,0.9442384839057922,144.0,102.0,235.0,195.0,0.43885991254412304,0.2811150107991361,0.9176172018051147,144.0,124.0,231.0,195.0,0.3263739984200429,0.19501011463250167,0.8104691505432129,138.0,108.0,231.0,191.0,0.3724940956774867,0.2288741900647948,0.9167742729187012,152.0,128.0,231.0,195.0,0.38988385976337786,0.24214642038560064,0.9142009019851685,142.0,106.0,233.0,197.0,0.442224792345705,0.2838822894168467,0.889777660369873,144.0,118.0,231.0,195.0
3056_pid-MR029209I_glioma.png,0.005238285031031145,0.0026260204372894904,0.9287857413291931,144.0,174.0,261.0,297.0,0.0,0.0,0.8406059145927429,286.0,158.0,403.0,283.0,0.08715313463514902,0.04556200300881152,0.9385268092155457,140.0,174.0,263.0,311.0,0.0,0.0,0.8328378200531006,292.0,172.0,409.0,267.0,0.0,0.0,0.8926709890365601,286.0,148.0,407.0,367.0,0.19679293516151522,0.10913496236725435,0.9358890056610107,126.0,172.0,261.0,307.0,0.0,0.0,0.8365122079849243,288.0,170.0,407.0,265.0,0.007686309457502506,0.003857981548783897,0.9401818513870239,148.0,174.0,263.0,309.0,0.2311544187305454,0.13068094873756694,0.9417759776115417,112.0,172.0,259.0,301.0,0.1910567214182681,0.10561786191995061,0.9357916116714478,128.0,172.0,263.0,307.0,0.013871797740239401,0.006984341556832263,0.9292755126953125,142.0,174.0,261.0,297.0,0.2166742183960127,0.12150007622338534,0.9384196996688843,124.0,174.0,263.0,311.0,0.00036077205219169024,0.00018041857108491702,0.931101381778717,144.0,174.0,255.0,295.0,0.13919849408034873,0.07480566499840273,0.9302973747253418,138.0,172.0,261.0,313.0,0.0,0.0,0.9026972651481628,286.0,172.0,411.0,295.0,0.012364243943191312,0.006220578345662408,0.9359650015830994,144.0,172.0,261.0,303.0,0.0,0.0,0.9287132620811462,320.0,172.0,409.0,229.0,0.05859292222928587,0.030180647273918025,0.9337210655212402,140.0,172.0,263.0,301.0,0.0,0.0,0.8463711738586426,288.0,170.0,411.0,269.0,0.25584558017109016,0.1466874591277227,0.9403383135795593,116.0,172.0,261.0,307.0
3057_pid-MR029209I_glioma.png,0.004061635315919072,0.002034950270902755,0.8371617197990417,80.0,100.0,335.0,271.0,0.0,0.0,0.6751588582992554,234.0,144.0,339.0,293.0,0.0,0.0,0.8001635670661926,246.0,140.0,327.0,253.0,0.0,0.0,0.7424150705337524,182.0,104.0,335.0,299.0,0.0,0.0,0.7002713680267334,234.0,138.0,335.0,283.0,0.0,0.0,0.7430905699729919,232.0,142.0,331.0,267.0,0.0,0.0,0.7556529641151428,230.0,140.0,335.0,265.0,0.0,0.0,0.7637646794319153,228.0,142.0,333.0,255.0,0.0,0.0,0.8975627422332764,154.0,138.0,339.0,319.0,0.0,0.0,0.7884467840194702,236.0,140.0,327.0,251.0,0.0,0.0,0.7790800929069519,136.0,100.0,335.0,253.0,0.0,0.0,0.6479701399803162,236.0,144.0,331.0,291.0,0.0,0.0,0.6679561138153076,236.0,140.0,333.0,285.0,0.0,0.0,0.7279475927352905,230.0,152.0,331.0,255.0,0.0,0.0,0.6898261904716492,180.0,112.0,335.0,297.0,0.0,0.0,0.7561988234519958,214.0,136.0,339.0,287.0,0.0,0.0,0.720083475112915,176.0,134.0,335.0,301.0,0.0,0.0,0.7166056632995605,238.0,140.0,333.0,277.0,0.0,0.0,0.7878989577293396,174.0,96.0,339.0,309.0,0.0889950858843154,0.046569783901104084,0.8630324602127075,74.0,102.0,339.0,297.0
3059_pid-MR029209I_glioma.png,0.3313046937151949,0.19854115515720722,0.9597488641738892,60.0,140.0,229.0,403.0,0.5084461161298989,0.34088350520106275,0.9291924238204956,60.0,252.0,227.0,407.0,0.5242133031844733,0.3552093973442288,0.9286915063858032,60.0,216.0,227.0,345.0,0.02412116679132386,0.01220781678811394,0.9387970566749573,62.0,280.0,123.0,345.0,0.0,0.0,0.7460737228393555,366.0,246.0,453.0,361.0,0.0297111416781293,0.015079586707623568,0.9364928007125854,60.0,278.0,125.0,345.0,0.03145984730015638,0.015981308411214954,0.9370103478431702,62.0,276.0,127.0,345.0,0.3431526038233355,0.20711177421360188,0.9516627788543701,60.0,142.0,231.0,391.0,0.5330132052821128,0.36333878887070375,0.9341537952423096,60.0,212.0,219.0,345.0,0.1978721864369979,0.1097991967871486,0.9368822574615479,62.0,254.0,149.0,345.0,0.3948328987911827,0.24597619680458344,0.9516952633857727,60.0,192.0,231.0,405.0,0.11527012477040978,0.061160024195174405,0.9276518821716309,60.0,214.0,131.0,345.0,0.06266612968183649,0.032346582404789624,0.939749002456665,60.0,276.0,125.0,347.0,0.6701897428154412,0.5039739610930285,0.9275534749031067,62.0,252.0,227.0,349.0,0.0,0.0,0.7905426025390625,360.0,256.0,439.0,367.0,0.0,0.0,0.7681736946105957,360.0,246.0,453.0,367.0,0.10896103896103897,0.05761966897877893,0.9230115413665771,62.0,216.0,127.0,345.0,0.18545052128836856,0.10220196443474353,0.9392141103744507,60.0,216.0,155.0,345.0,0.47496554892053283,0.31144578313253013,0.9441738724708557,60.0,204.0,217.0,405.0,0.38419773514659494,0.23777521761392728,0.9486148953437805,60.0,142.0,223.0,357.0
308_pid-106720_meningioma.png,0.8052784833653429,0.674030284173408,0.9498854279518127,144.0,318.0,269.0,409.0,0.8040917544947304,0.6723691031622603,0.947557806968689,142.0,316.0,269.0,407.0,0.7323850915316739,0.5777662337662338,0.9326292872428894,156.0,318.0,271.0,409.0,0.8194112967382657,0.6940700808625337,0.9592729806900024,138.0,316.0,271.0,411.0,0.8225451880801172,0.6985789855824085,0.9599389433860779,142.0,318.0,269.0,413.0,0.7218015145476285,0.5647022139070783,0.9346908330917358,156.0,318.0,267.0,407.0,0.6981661554525876,0.5362943653499098,0.9121546149253845,140.0,314.0,291.0,407.0,0.5185412667946258,0.35002072968490877,0.7848349809646606,202.0,316.0,269.0,409.0,0.7050117726202489,0.5444155844155845,0.93055659532547,156.0,318.0,269.0,405.0,0.828442712772434,0.7071294949075037,0.9583644270896912,140.0,316.0,269.0,423.0,0.8024338755743201,0.6700539195354624,0.94789057970047,148.0,316.0,275.0,411.0,0.38435828877005346,0.23789822093504345,0.7257764935493469,202.0,316.0,269.0,403.0,0.8098500277726347,0.680460485376478,0.9553070068359375,142.0,320.0,267.0,409.0,0.7343770556505723,0.5802494802494802,0.9346604347229004,156.0,318.0,267.0,409.0,0.2097368184676188,0.1171541819276504,0.8165395259857178,148.0,288.0,333.0,413.0,0.812753908654438,0.6845707175445873,0.9577304124832153,140.0,318.0,267.0,409.0,0.0015817779183802593,0.0007915149596327371,0.9182486534118652,204.0,316.0,269.0,381.0,0.7484878048780488,0.5980667290302464,0.9323039650917053,154.0,318.0,269.0,409.0,0.0,0.0,0.9343041181564331,96.0,106.0,293.0,235.0,0.7910915934755333,0.6543850544888428,0.9409225583076477,148.0,318.0,269.0,407.0
315_pid-107190_meningioma.png,0.0,0.0,0.923229992389679,308.0,264.0,391.0,355.0,0.0,0.0,0.8200762271881104,296.0,218.0,405.0,367.0,0.0,0.0,0.9203159809112549,298.0,228.0,393.0,341.0,0.0,0.0,0.9186316132545471,294.0,228.0,383.0,341.0,0.0,0.0,0.906620442867279,292.0,254.0,405.0,365.0,0.0,0.0,0.861213207244873,296.0,224.0,379.0,341.0,0.0,0.0,0.9467412233352661,316.0,254.0,405.0,339.0,0.0,0.0,0.9104783535003662,308.0,262.0,397.0,361.0,0.0,0.0,0.932696521282196,296.0,246.0,391.0,341.0,0.0,0.0,0.8823087215423584,300.0,248.0,411.0,371.0,0.0,0.0,0.9247394800186157,310.0,248.0,399.0,363.0,0.0,0.0,0.8214660882949829,294.0,218.0,395.0,343.0,0.0,0.0,0.9159144163131714,292.0,260.0,395.0,339.0,0.0,0.0,0.9036113023757935,308.0,230.0,399.0,359.0,0.0,0.0,0.7490324974060059,288.0,218.0,381.0,343.0,0.0,0.0,0.922280490398407,292.0,254.0,407.0,359.0,0.0,0.0,0.918881893157959,316.0,276.0,393.0,357.0,0.0,0.0,0.9239069223403931,294.0,256.0,395.0,339.0,0.0,0.0,0.8210495710372925,294.0,222.0,383.0,341.0,0.0,0.0,0.9275727272033691,296.0,240.0,393.0,341.0
320_pid-107494_meningioma.png,0.8474685585295066,0.7353105763850027,0.9111063480377197,172.0,152.0,265.0,263.0,0.2104779411764706,0.11761684643040575,0.9084634780883789,144.0,140.0,271.0,267.0,0.8487394957983193,0.7372262773722628,0.9056124687194824,168.0,156.0,265.0,263.0,0.106283551539026,0.056124321899090425,0.9505255818367004,138.0,138.0,295.0,341.0,0.8441308531109686,0.730299667036626,0.8617285490036011,158.0,144.0,271.0,267.0,0.8524164774570224,0.742792538157151,0.9306498765945435,172.0,160.0,263.0,263.0,0.11794959711983542,0.06267079613773001,0.9388403296470642,144.0,140.0,291.0,333.0,0.8480154888673765,0.7361344537815127,0.8971598148345947,168.0,148.0,267.0,263.0,0.8524164774570224,0.742792538157151,0.9306498765945435,172.0,160.0,263.0,263.0,0.21245136186770427,0.11885067479320853,0.8992239236831665,144.0,144.0,267.0,267.0,0.8470209339774557,0.7346368715083799,0.9142639636993408,172.0,144.0,271.0,265.0,0.8474685585295066,0.7353105763850027,0.9046343564987183,170.0,152.0,265.0,263.0,0.23353446078014786,0.132204368324834,0.8625454902648926,154.0,140.0,271.0,267.0,0.8447444551591128,0.7312186978297162,0.8842257261276245,164.0,148.0,271.0,267.0,0.22684497275879148,0.12793296089385475,0.8763953447341919,152.0,138.0,267.0,267.0,0.22850961138387285,0.12899285982713266,0.9062668085098267,154.0,142.0,293.0,267.0,0.847741935483871,0.7357222844344905,0.9055993556976318,170.0,144.0,265.0,263.0,0.8555591783501794,0.7475783475783476,0.9398629665374756,174.0,168.0,263.0,263.0,0.07318435754189945,0.03798202377500725,0.9459877014160156,138.0,138.0,269.0,341.0,0.8461043142305216,0.7332589285714286,0.9072493314743042,170.0,144.0,267.0,265.0
321_pid-107494_meningioma.png,0.9043522267206477,0.8254041570438799,0.9699087738990784,206.0,190.0,267.0,269.0,0.555714968914395,0.3847682119205298,0.8614649772644043,206.0,188.0,299.0,295.0,0.9078050012629452,0.8311748381128584,0.97150057554245,206.0,186.0,267.0,267.0,0.10568097246340859,0.05578837087480356,0.834911584854126,172.0,150.0,441.0,339.0,0.8487144790257104,0.7371885284438175,0.9420773983001709,206.0,200.0,267.0,269.0,0.5585500394011033,0.3874917996938552,0.8454059362411499,206.0,188.0,299.0,299.0,0.9025487256371814,0.8224043715846995,0.9558788537979126,206.0,188.0,287.0,285.0,0.9064784471893118,0.8289534347625634,0.971854031085968,206.0,186.0,267.0,269.0,0.8748346123313046,0.7775164628410159,0.9455000162124634,206.0,196.0,267.0,269.0,0.8509719222462203,0.7406015037593985,0.9453846216201782,208.0,200.0,267.0,267.0,0.9043522267206477,0.8254041570438799,0.9699087738990784,206.0,190.0,267.0,269.0,0.46249139710942877,0.3008057296329454,0.8489198088645935,206.0,190.0,301.0,299.0,0.8168776371308016,0.6904422253922967,0.9362896680831909,206.0,202.0,267.0,267.0,0.5824193812407923,0.4108545034642032,0.8461631536483765,206.0,190.0,297.0,295.0,0.10022184523032755,0.052754499244401704,0.8792203664779663,100.0,104.0,303.0,333.0,0.8171074845244795,0.6907706945765937,0.9396955370903015,208.0,202.0,267.0,267.0,0.5300506879073136,0.3605911330049261,0.8461998701095581,180.0,148.0,307.0,295.0,0.8171074845244795,0.6907706945765937,0.9396955370903015,208.0,202.0,267.0,267.0,0.8941118258287977,0.8085011185682327,0.9236464500427246,188.0,188.0,267.0,285.0,0.9031773830372779,0.8234489051094891,0.9328234195709229,206.0,190.0,291.0,287.0
327_pid-108514_meningioma.png,0.7671619490329543,0.6222730945327228,0.9272177815437317,144.0,140.0,235.0,259.0,0.6509287217494739,0.4825013564839935,0.9262416958808899,154.0,144.0,233.0,253.0,0.8,0.6666666666666666,0.9413654208183289,140.0,140.0,231.0,255.0,0.3117318703433075,0.18464594863062295,0.9513677954673767,92.0,136.0,249.0,375.0,0.7692690203878667,0.6250505050505051,0.9188193678855896,144.0,140.0,239.0,261.0,0.7128489682677301,0.5538192105617675,0.930739164352417,150.0,140.0,233.0,251.0,0.6441300753261069,0.4750677506775068,0.909246563911438,156.0,144.0,245.0,261.0,0.7329860814618735,0.5785146246124815,0.9367422461509705,148.0,140.0,233.0,263.0,0.6904530601430716,0.5272457512813596,0.9260743260383606,152.0,140.0,235.0,237.0,0.8081395348837209,0.6780487804878049,0.938180685043335,140.0,138.0,233.0,251.0,0.7729870978278621,0.6299747105017969,0.9343000650405884,144.0,138.0,235.0,253.0,0.6875497743562516,0.5238673139158576,0.9325993657112122,154.0,140.0,233.0,261.0,0.6764547896150402,0.5110930735930735,0.9176546335220337,152.0,142.0,235.0,259.0,0.7316656706223854,0.5768712977921379,0.9433546662330627,148.0,140.0,233.0,249.0,0.2893740200217103,0.1691626477141326,0.937985897064209,100.0,138.0,255.0,375.0,0.7348956114188325,0.580897211370066,0.9294154644012451,148.0,140.0,243.0,255.0,0.7058336781133637,0.5453964194373402,0.8453821539878845,148.0,138.0,263.0,263.0,0.73070677719853,0.5756800430918395,0.9413021802902222,148.0,140.0,235.0,249.0,0.33072949162694354,0.19812815835899888,0.9390400052070618,96.0,136.0,243.0,375.0,0.7823524596873209,0.6425114278031729,0.9267845749855042,144.0,140.0,245.0,247.0
328_pid-108514_meningioma.png,0.00045049103522839894,0.00022529626458793313,0.8037315607070923,102.0,154.0,235.0,339.0,0.00015318627450980392,7.659900421294524e-05,0.9060219526290894,100.0,168.0,235.0,341.0,0.0,0.0,0.905860960483551,102.0,244.0,157.0,335.0,0.0035481009596000325,0.001777203328217142,0.8264051675796509,100.0,152.0,235.0,341.0,0.003075103489059728,0.0015399194503672115,0.8451884388923645,100.0,154.0,235.0,341.0,0.0,0.0,0.905860960483551,102.0,244.0,157.0,335.0,0.0,0.0,0.8877301216125488,102.0,170.0,235.0,339.0,8.07297973682086e-05,4.036652807492028e-05,0.8672292232513428,102.0,166.0,233.0,339.0,0.0,0.0,0.9120608568191528,102.0,238.0,163.0,333.0,0.013279010110155426,0.006683882728239405,0.7953270673751831,102.0,144.0,233.0,339.0,0.03076153557584094,0.015621031242062483,0.7961021661758423,100.0,142.0,235.0,341.0,0.0,0.0,0.9093658328056335,102.0,196.0,157.0,339.0,0.0,0.0,0.8799716830253601,102.0,168.0,235.0,339.0,8.499426288725512e-05,4.2498937526561835e-05,0.8312958478927612,102.0,158.0,235.0,339.0,0.016942044787385726,0.008543393672813399,0.8063132762908936,100.0,144.0,235.0,341.0,0.00015318627450980392,7.659900421294524e-05,0.9060219526290894,100.0,168.0,235.0,341.0,0.0013352806175672856,0.0006680863501607583,0.8369970321655273,100.0,154.0,233.0,339.0,0.0,0.0,0.9240596294403076,102.0,198.0,165.0,335.0,0.0,0.0,0.9067795276641846,100.0,234.0,183.0,341.0,8.115565654926148e-05,4.057947490159477e-05,0.8623200058937073,102.0,164.0,235.0,339.0
334_pid-108590_meningioma.png,0.9353824659448131,0.8786089238845144,0.9776276350021362,136.0,246.0,195.0,307.0,0.9449378330373002,0.8956228956228957,0.979387640953064,138.0,248.0,191.0,303.0,0.9353824659448131,0.8786089238845144,0.9776276350021362,136.0,246.0,195.0,307.0,0.9321739130434783,0.8729641693811075,0.9739148616790771,136.0,244.0,197.0,307.0,0.9438757500882456,0.8937165775401069,0.975149393081665,138.0,246.0,195.0,303.0,0.9353824659448131,0.8786089238845144,0.9776276350021362,136.0,246.0,195.0,307.0,0.9438757500882456,0.8937165775401069,0.975149393081665,138.0,246.0,195.0,303.0,0.9363191042687193,0.8802631578947369,0.9779242873191833,136.0,246.0,195.0,303.0,0.9353824659448131,0.8786089238845144,0.9776276350021362,136.0,246.0,195.0,307.0,0.9449378330373002,0.8956228956228957,0.979387640953064,138.0,248.0,191.0,303.0,0.9444247787610619,0.8947015425888666,0.9773289561271667,138.0,246.0,191.0,303.0,0.9353824659448131,0.8786089238845144,0.9776276350021362,136.0,246.0,195.0,307.0,0.9438757500882456,0.8937165775401069,0.975149393081665,138.0,246.0,195.0,303.0,0.9438757500882456,0.8937165775401069,0.975149393081665,138.0,246.0,195.0,303.0,0.0,0.0,0.9106118679046631,138.0,140.0,227.0,231.0,0.9449378330373002,0.8956228956228957,0.979387640953064,138.0,248.0,191.0,303.0,0.0,0.0,0.91795814037323,138.0,144.0,221.0,231.0,0.9363191042687193,0.8802631578947369,0.9779242873191833,136.0,246.0,195.0,303.0,0.9312022237665045,0.871261378413524,0.9737740755081177,136.0,244.0,197.0,309.0,0.9449378330373002,0.8956228956228957,0.979387640953064,138.0,248.0,191.0,303.0
336_pid-108945_meningioma.png,0.3523626769009355,0.21385936817586257,0.8834491968154907,118.0,140.0,295.0,275.0,0.34547802606347594,0.2088083636879701,0.9054707288742065,116.0,138.0,297.0,275.0,0.9486741777626039,0.902359818142455,0.985268235206604,108.0,176.0,197.0,269.0,0.3724513684927425,0.22884192907207868,0.86516273021698,122.0,136.0,293.0,261.0,0.3445980342248502,0.20816577565406633,0.889110803604126,118.0,136.0,303.0,271.0,0.9487740301600092,0.9025405168637758,0.9856436252593994,128.0,174.0,197.0,269.0,0.33078823265214463,0.19817032153908248,0.9107087850570679,116.0,136.0,303.0,275.0,0.36565605946713436,0.22373262469337693,0.8584951162338257,120.0,138.0,293.0,271.0,0.3683720930232558,0.22576966932725198,0.8484271764755249,120.0,140.0,293.0,271.0,0.35928877988963825,0.21898355754857998,0.8742600679397583,118.0,138.0,297.0,271.0,0.36513130296165786,0.2233398337267782,0.8626330494880676,120.0,142.0,299.0,271.0,0.3372618045458024,0.2028351820315736,0.9043402075767517,118.0,136.0,301.0,275.0,0.9465787679017958,0.8985757444971947,0.9826604127883911,122.0,174.0,205.0,269.0,0.3601299395534356,0.2196088264794383,0.8668850660324097,120.0,138.0,297.0,271.0,0.26311518449568,0.1514868355961084,0.8842650651931763,128.0,136.0,297.0,245.0,0.3013642704045181,0.17741547828873577,0.9353013634681702,112.0,138.0,301.0,285.0,0.3356797686541608,0.20169181527206217,0.9442328810691833,110.0,136.0,311.0,261.0,0.3796800691742326,0.23432413682693848,0.8727432489395142,118.0,140.0,287.0,271.0,0.36017473007500206,0.2196421391234419,0.8991253972053528,124.0,136.0,301.0,263.0,0.38183471145937053,0.23596768152389105,0.8867924213409424,118.0,144.0,285.0,275.0
343_pid-109968_meningioma.png,0.9552134968258109,0.9142666888629932,0.9736823439598083,278.0,144.0,373.0,267.0,0.922562301388192,0.8562558211735486,0.9774319529533386,254.0,148.0,373.0,267.0,0.9190276000731128,0.8501859993236388,0.9597213268280029,280.0,188.0,371.0,267.0,0.9473412048608119,0.899950876043884,0.9736202955245972,276.0,140.0,373.0,267.0,0.9196763700058387,0.8512970969734404,0.9774217009544373,266.0,142.0,375.0,267.0,0.9492052522460263,0.9033212758960868,0.9710384011268616,278.0,140.0,375.0,265.0,0.9312473572938689,0.8713404019623359,0.976712167263031,270.0,144.0,373.0,267.0,0.9565595134665508,0.9167360532889259,0.9835940003395081,256.0,156.0,373.0,267.0,0.9560372595107512,0.9157771847898599,0.973270058631897,278.0,144.0,371.0,267.0,0.9579140782220666,0.9192275398824518,0.9923214316368103,260.0,176.0,375.0,265.0,0.923064043532859,0.8571206467661692,0.976005494594574,266.0,142.0,373.0,265.0,0.9202269692923899,0.852241112828439,0.9769277572631836,268.0,138.0,375.0,267.0,0.9552134968258109,0.9142666888629932,0.9736823439598083,278.0,144.0,373.0,267.0,0.9574912891986063,0.9184491978609626,0.9853894114494324,268.0,158.0,375.0,265.0,0.9460273736765086,0.8975824893825547,0.974967360496521,278.0,138.0,375.0,267.0,0.9339782756279701,0.8761343735074033,0.9764648675918579,272.0,140.0,373.0,267.0,0.9205740030035041,0.8528366053485855,0.9782143831253052,250.0,142.0,373.0,265.0,0.9542177048041004,0.9124439275627181,0.9733193516731262,278.0,142.0,373.0,267.0,0.9183656486643921,0.8490537005693184,0.9791442155838013,254.0,144.0,375.0,265.0,0.9563702865104938,0.9163885180240321,0.9739914536476135,276.0,148.0,371.0,267.0
347_pid-110116_meningioma.png,0.8650399481753401,0.7621765601217656,0.9419342875480652,284.0,174.0,349.0,263.0,0.8650399481753401,0.7621765601217656,0.9419342875480652,284.0,174.0,349.0,263.0,0.8962673152162419,0.8120329565050776,0.940830409526825,284.0,176.0,343.0,265.0,0.8177463028535722,0.6916842847075405,0.9458276033401489,284.0,172.0,373.0,263.0,0.8650399481753401,0.7621765601217656,0.9419342875480652,284.0,174.0,349.0,263.0,0.8876226654004432,0.7979510529311327,0.9427711963653564,284.0,176.0,349.0,265.0,0.8466960352422908,0.73414820473644,0.9388728141784668,284.0,174.0,347.0,261.0,0.8603970061828832,0.7549971444888635,0.9431034326553345,284.0,176.0,349.0,263.0,0.8660328435609335,0.7637195121951219,0.942267119884491,284.0,174.0,347.0,263.0,0.8904138513513513,0.8024738344433873,0.9423820376396179,284.0,176.0,347.0,265.0,0.8821605654604916,0.7891657229143073,0.9431149363517761,284.0,180.0,351.0,265.0,0.8806290207290922,0.7867177522349936,0.9494624137878418,284.0,174.0,361.0,265.0,0.8563297143459471,0.7487557603686636,0.9491389989852905,284.0,174.0,359.0,263.0,0.8935990720236212,0.8076629813191003,0.942361056804657,284.0,176.0,345.0,265.0,0.845402356732803,0.7322051639916259,0.9489585161209106,280.0,168.0,377.0,265.0,0.8660328435609335,0.7637195121951219,0.942267119884491,284.0,174.0,347.0,263.0,0.8246960972488804,0.7016875340228633,0.9493509531021118,284.0,172.0,363.0,261.0,0.8941151655768825,0.8085065802021744,0.9421319365501404,284.0,174.0,345.0,265.0,0.8808649530803754,0.7870944221655122,0.94855135679245,282.0,176.0,361.0,265.0,0.8660328435609335,0.7637195121951219,0.942267119884491,284.0,174.0,347.0,263.0
358_pid-111532_meningioma.png,0.9013728893798327,0.8204538925596093,0.9470207691192627,102.0,208.0,195.0,331.0,0.8958792072978924,0.8113960113960114,0.8989272117614746,102.0,208.0,195.0,363.0,0.8925101848950172,0.8058856819468024,0.8952100276947021,102.0,208.0,195.0,367.0,0.27871995280932016,0.16192597669636738,0.9234520196914673,100.0,204.0,231.0,373.0,0.9045050761421319,0.8256588473790907,0.9458858966827393,104.0,208.0,191.0,331.0,0.9010919449279949,0.8199884792626728,0.9432330131530762,102.0,212.0,191.0,335.0,0.3096646942800789,0.18319719953325556,0.9093873500823975,102.0,204.0,227.0,371.0,0.8984915147705845,0.8156918687589159,0.9576066136360168,102.0,208.0,195.0,319.0,0.9023388116308471,0.8220558594874748,0.9510314464569092,102.0,208.0,191.0,331.0,0.9043616177636796,0.8254198031268095,0.9472794532775879,104.0,208.0,191.0,329.0,0.9019794140934283,0.8214594750504759,0.9446706771850586,102.0,212.0,189.0,335.0,0.8981262793260903,0.8150900257216348,0.9063159227371216,102.0,208.0,191.0,363.0,0.9027667984189723,0.8227665706051873,0.9599729180335999,104.0,208.0,191.0,317.0,0.9023388116308471,0.8220558594874748,0.9510314464569092,102.0,208.0,191.0,331.0,0.3335493372606775,0.20015554298642535,0.9192551970481873,100.0,208.0,217.0,375.0,0.9034712315739419,0.823937554206418,0.9409785270690918,104.0,208.0,195.0,333.0,0.8859853787525276,0.7953085730242949,0.8913471698760986,102.0,208.0,195.0,373.0,0.9050492219752302,0.8265661252900232,0.9422814846038818,104.0,208.0,191.0,335.0,0.39724777083479607,0.24785351322936744,0.8843907117843628,102.0,206.0,201.0,373.0,0.9043616177636796,0.8254198031268095,0.9472794532775879,104.0,208.0,191.0,329.0
360_pid-111532_meningioma.png,0.9727545601477718,0.9469543717689368,0.9269057512283325,102.0,182.0,195.0,375.0,0.972866874494862,0.9471672661870504,0.9259289503097534,102.0,184.0,195.0,377.0,0.9696618805002316,0.9411103618790739,0.9080421924591064,104.0,182.0,195.0,377.0,0.9726296339069177,0.9467176258992805,0.9241440296173096,102.0,188.0,195.0,377.0,0.9727482678983834,0.9469424460431655,0.9244449138641357,102.0,186.0,195.0,377.0,0.972866874494862,0.9471672661870504,0.9259289503097534,102.0,184.0,195.0,377.0,0.9697601668404588,0.9412955465587044,0.9085105657577515,104.0,184.0,195.0,377.0,0.9728606074604458,0.9471553856532494,0.9268345832824707,102.0,182.0,195.0,377.0,0.9735779393100266,0.9485161870503597,0.9367697238922119,102.0,186.0,191.0,375.0,0.9728606074604458,0.9471553856532494,0.9268345832824707,102.0,182.0,195.0,377.0,0.9735779393100266,0.9485161870503597,0.9367697238922119,102.0,186.0,191.0,375.0,0.9725173210161663,0.9465048325466396,0.9274444580078125,102.0,180.0,195.0,377.0,0.9728793998845932,0.9471910112359551,0.9240900278091431,102.0,186.0,195.0,375.0,0.9735779393100266,0.9485161870503597,0.9367697238922119,102.0,186.0,191.0,375.0,0.9688332754026184,0.9395505617977528,0.8988314867019653,104.0,186.0,197.0,377.0,0.9733533279501673,0.9480898876404494,0.9377623796463013,102.0,184.0,191.0,375.0,0.9659990684676293,0.9342342342342342,0.9750363826751709,104.0,176.0,175.0,317.0,0.9722799722799723,0.9460552933243426,0.9214022159576416,102.0,190.0,195.0,375.0,0.9666550482165679,0.9354621092871599,0.882548451423645,106.0,182.0,195.0,377.0,0.9732348869404707,0.9478651685393259,0.9386446475982666,102.0,182.0,191.0,375.0
379_pid-112648_meningioma.png,0.940509090909091,0.8876990664470071,0.9626711010932922,284.0,148.0,377.0,231.0,0.7789688616641144,0.6379598662207357,0.9443586468696594,314.0,172.0,377.0,229.0,0.9208333333333333,0.8532818532818532,0.9429290294647217,266.0,152.0,379.0,233.0,0.8173741362290227,0.6911519198664441,0.9452316164970398,314.0,168.0,377.0,231.0,0.9407837445573295,0.8881885448067964,0.9624108672142029,280.0,144.0,377.0,231.0,0.8565107458912768,0.7490326147042565,0.9535530209541321,308.0,164.0,377.0,231.0,0.7950352230795035,0.6597995545657016,0.9397768974304199,314.0,170.0,377.0,231.0,0.939755529685681,0.8863573977491078,0.9531918168067932,268.0,140.0,377.0,231.0,0.7755871764100806,0.6334360123214786,0.9455035328865051,316.0,172.0,375.0,229.0,0.9406644421877267,0.8879758970145166,0.9602636098861694,278.0,142.0,377.0,231.0,0.9403050108932461,0.8873355263157895,0.9622704386711121,286.0,148.0,377.0,231.0,0.9369131455399061,0.8813138283190726,0.9459959268569946,264.0,150.0,379.0,231.0,0.7932260795935647,0.6573112545607634,0.9472343325614929,316.0,170.0,375.0,229.0,0.7789688616641144,0.6379598662207357,0.9443586468696594,314.0,172.0,377.0,229.0,0.7957817207900904,0.6608284681679177,0.9376400113105774,314.0,170.0,379.0,231.0,0.9297629499561019,0.8687448728465955,0.9542009830474854,292.0,152.0,377.0,231.0,0.9370793093356745,0.8816079295154186,0.9523021578788757,268.0,150.0,377.0,231.0,0.7777398429498122,0.6363128491620111,0.944096028804779,316.0,172.0,377.0,229.0,0.7950352230795035,0.6597995545657016,0.9397768974304199,314.0,170.0,377.0,231.0,0.8570975918884665,0.7499306903243693,0.9582253098487854,308.0,164.0,377.0,229.0
390_pid-113554_meningioma.png,0.8013490725126475,0.6685424873382104,0.9401220083236694,172.0,244.0,233.0,303.0,0.7688328483672809,0.6244747899159664,0.9425889253616333,172.0,244.0,235.0,303.0,0.8573492235464066,0.7503160556257902,0.9459171891212463,172.0,244.0,231.0,303.0,0.2796005706134094,0.1625207296849088,0.860831618309021,138.0,174.0,231.0,303.0,0.8013490725126475,0.6685424873382104,0.9401220083236694,172.0,244.0,233.0,303.0,0.8013490725126475,0.6685424873382104,0.9401220083236694,172.0,244.0,233.0,303.0,0.8573492235464066,0.7503160556257902,0.9459171891212463,172.0,244.0,231.0,303.0,0.8013490725126475,0.6685424873382104,0.9401220083236694,172.0,244.0,233.0,303.0,0.8013490725126475,0.6685424873382104,0.9401220083236694,172.0,244.0,233.0,303.0,0.9242245779348253,0.8591240875912409,0.9513269662857056,174.0,246.0,229.0,301.0,0.7688328483672809,0.6244747899159664,0.9425889253616333,172.0,244.0,235.0,303.0,0.8573492235464066,0.7503160556257902,0.9459171891212463,172.0,244.0,231.0,303.0,0.8013490725126475,0.6685424873382104,0.9401220083236694,172.0,244.0,233.0,303.0,0.8013490725126475,0.6685424873382104,0.9401220083236694,172.0,244.0,233.0,303.0,0.2796005706134094,0.1625207296849088,0.860831618309021,138.0,174.0,231.0,303.0,0.8134661628306424,0.6855819339895773,0.9419003129005432,174.0,246.0,233.0,301.0,0.0,0.0,0.9208338856697083,138.0,174.0,199.0,233.0,0.8573492235464066,0.7503160556257902,0.9459171891212463,172.0,244.0,231.0,303.0,0.2796005706134094,0.1625207296849088,0.860831618309021,138.0,174.0,231.0,303.0,0.8013490725126475,0.6685424873382104,0.9401220083236694,172.0,244.0,233.0,303.0
391_pid-113554_meningioma.png,0.9550990728958372,0.9140570633263744,0.986598789691925,172.0,236.0,233.0,317.0,0.9562841530054644,0.9162303664921466,0.9881399869918823,172.0,238.0,231.0,313.0,0.9568871026671538,0.917338003502627,0.9895263910293579,174.0,240.0,231.0,309.0,0.9547848193208643,0.9134815844336345,0.9857305288314819,172.0,220.0,233.0,329.0,0.9546279491833031,0.9131944444444444,0.9860788583755493,172.0,232.0,235.0,323.0,0.9546460176991151,0.9132275132275133,0.9875905513763428,172.0,240.0,233.0,313.0,0.9551316984559491,0.9141168289290682,0.9858596324920654,172.0,222.0,233.0,327.0,0.9551316984559491,0.9141168289290682,0.9865497946739197,172.0,230.0,233.0,325.0,0.9548220542135349,0.9135497529992943,0.9876139163970947,172.0,240.0,233.0,311.0,0.9546794399410464,0.9132886852308777,0.9869081974029541,172.0,236.0,233.0,315.0,0.9552568587737065,0.9143461402890377,0.9869593381881714,172.0,238.0,235.0,317.0,0.9548553528653031,0.9136107193229901,0.9872933626174927,172.0,238.0,233.0,315.0,0.9571246122970261,0.91777466759972,0.9882387518882751,174.0,238.0,231.0,313.0,0.9572836801752465,0.9180672268907563,0.989105761051178,174.0,240.0,231.0,311.0,0.9553376906318083,0.9144942648592284,0.9846850633621216,172.0,216.0,233.0,327.0,0.9546279491833031,0.9131944444444444,0.9858444333076477,172.0,230.0,235.0,323.0,0.9542981501632208,0.9125910509885536,0.9856755137443542,172.0,222.0,235.0,327.0,0.9548220542135349,0.9135497529992943,0.9876139163970947,172.0,240.0,233.0,311.0,0.9549745824255628,0.9138290479499652,0.985236406326294,172.0,218.0,233.0,327.0,0.9568871026671538,0.917338003502627,0.9895263910293579,174.0,240.0,231.0,309.0
3_pid-100360_meningioma.png,0.03130552500211524,0.015901667526216263,0.7161113619804382,248.0,282.0,301.0,341.0,0.07552328064929517,0.0392435407973009,0.7173258662223816,246.0,282.0,301.0,341.0,0.9690299218601105,0.9399205102135133,0.9874217510223389,142.0,280.0,317.0,393.0,0.1075059676421183,0.05680650284966832,0.7579866647720337,246.0,284.0,301.0,341.0,0.6386886918808597,0.46917166416791606,0.943562924861908,212.0,282.0,303.0,363.0,0.6118626430801248,0.4407796101949025,0.943598210811615,216.0,282.0,303.0,363.0,0.1075059676421183,0.05680650284966832,0.7579866647720337,246.0,284.0,301.0,341.0,0.966327705295472,0.9348491879350348,0.9748772382736206,142.0,254.0,307.0,405.0,0.0419349225682965,0.021416511152581533,0.7332079410552979,248.0,284.0,301.0,339.0,0.9665008291873963,0.9351732991014121,0.9839392304420471,140.0,250.0,303.0,397.0,0.9674886282020589,0.9370246707475423,0.973603367805481,132.0,254.0,307.0,405.0,0.0419349225682965,0.021416511152581533,0.7332079410552979,248.0,284.0,301.0,339.0,0.1075059676421183,0.05680650284966832,0.7579866647720337,246.0,284.0,301.0,341.0,0.9683929931454683,0.9387227759320783,0.9864503741264343,144.0,254.0,307.0,391.0,0.07552328064929517,0.0392435407973009,0.7173258662223816,246.0,282.0,301.0,341.0,0.056879457296921204,0.02927222271954167,0.7309504747390747,248.0,284.0,301.0,341.0,0.0400067521944632,0.020411678580656276,0.7098531126976013,246.0,282.0,303.0,341.0,0.48336776123655534,0.3187112530527898,0.9289516806602478,224.0,282.0,303.0,355.0,0.9671096663160914,0.9363139868555032,0.9777977466583252,136.0,254.0,331.0,407.0,0.056879457296921204,0.02927222271954167,0.7309504747390747,248.0,284.0,301.0,341.0
401_pid-114359_meningioma.png,0.9645046970804972,0.9314428509343764,0.9541031122207642,136.0,296.0,367.0,377.0,0.41053273192734363,0.25828322493557493,0.8316982388496399,104.0,208.0,359.0,377.0,0.9012618862508223,0.8202699760505117,0.9543018937110901,136.0,302.0,329.0,377.0,0.943430971974449,0.8929193899782135,0.9486878514289856,142.0,292.0,351.0,373.0,0.0,0.0,0.9219753742218018,106.0,138.0,267.0,261.0,0.8328352514783494,0.713554151231205,0.9472935795783997,136.0,312.0,335.0,377.0,0.29112783889853955,0.17036256165054026,0.9676616787910461,104.0,136.0,361.0,375.0,0.9190557485135692,0.8502341792833025,0.9623324871063232,136.0,298.0,271.0,377.0,0.8488838725859041,0.737444166031158,0.9506982564926147,138.0,310.0,339.0,377.0,0.9726255125789649,0.9467098166127292,0.9859179258346558,134.0,266.0,329.0,379.0,0.4061679348192041,0.254837346852556,0.9608598947525024,106.0,140.0,275.0,379.0,0.8880009686402712,0.7985627177700348,0.951103687286377,138.0,304.0,339.0,377.0,0.9354932021984379,0.878804347826087,0.9627484083175659,136.0,296.0,327.0,377.0,0.9098574821852732,0.8346225078984639,0.9619736671447754,136.0,300.0,269.0,377.0,0.8827963525835866,0.7901839155512025,0.9440464377403259,148.0,304.0,357.0,377.0,0.2966226138032305,0.17413793103448275,0.9799282550811768,104.0,138.0,335.0,379.0,0.9670391375147397,0.936181778647532,0.9685588479042053,138.0,288.0,373.0,375.0,0.8328352514783494,0.713554151231205,0.9472935795783997,136.0,312.0,335.0,377.0,0.9344633424275846,0.8769884506428416,0.9515360593795776,140.0,294.0,341.0,373.0,0.2981025354335887,0.1751589279848511,0.9738240242004395,108.0,138.0,335.0,377.0
402_pid-114359_meningioma.png,0.9811138014527845,0.9629277566539924,0.9836875200271606,112.0,238.0,261.0,377.0,0.9820468716405074,0.9647270039074876,0.9909370541572571,110.0,246.0,265.0,377.0,0.5850725150336046,0.4135,0.8473010063171387,108.0,174.0,255.0,379.0,0.4826236205282419,0.31806454025352426,0.8263548016548157,102.0,170.0,265.0,375.0,0.9812742143779596,0.9632368476653286,0.9897552132606506,104.0,250.0,261.0,377.0,0.8451308451308451,0.7317979197622585,0.9764248132705688,144.0,312.0,245.0,377.0,0.45260437916496665,0.2924942872209527,0.825538158416748,104.0,172.0,271.0,373.0,0.9810467370234762,0.9627985626717396,0.9944514036178589,108.0,254.0,261.0,377.0,0.9825540823447313,0.9657064471879286,0.9852727055549622,108.0,230.0,255.0,379.0,0.9789070507633382,0.9586855452240067,0.9794769287109375,122.0,218.0,259.0,377.0,0.9818729492765317,0.9643913778529163,0.9929652214050293,104.0,250.0,255.0,377.0,0.9824806534823731,0.9655645927960284,0.9931850433349609,102.0,248.0,251.0,377.0,0.9812721989021633,0.9632329635499207,0.9905746579170227,104.0,250.0,259.0,377.0,0.9800723659340066,0.9609234353489358,0.9931663870811462,142.0,262.0,253.0,377.0,0.5434013354257055,0.3730618108073852,0.8383907079696655,104.0,168.0,255.0,377.0,0.9818787976555359,0.9644026618781029,0.9887690544128418,108.0,246.0,263.0,377.0,0.5206139568088524,0.3519121727590783,0.8385691046714783,106.0,170.0,263.0,377.0,0.9819766503470168,0.9645914808159815,0.9960240125656128,108.0,252.0,253.0,377.0,0.4863256665522371,0.3212881765951013,0.8179280757904053,100.0,170.0,263.0,375.0,0.9818181818181818,0.9642857142857143,0.9940006136894226,106.0,250.0,255.0,377.0
408_pid-97737_meningioma.png,0.9650447427293065,0.9324506890029721,0.9702233672142029,74.0,172.0,155.0,291.0,0.9664749614251649,0.9351248642779587,0.9728781580924988,76.0,172.0,157.0,291.0,0.9627156371730662,0.9281115879828327,0.966753363609314,74.0,172.0,157.0,297.0,0.9672108274033766,0.9365036476627938,0.9489015340805054,70.0,170.0,159.0,301.0,0.9669897457508076,0.9360892031547458,0.9733898639678955,76.0,172.0,157.0,287.0,0.9626233152702515,0.9279399946423788,0.9657768607139587,72.0,172.0,155.0,295.0,0.9110595514307811,0.8366477272727273,0.9354310631752014,68.0,168.0,157.0,301.0,0.9641412027347566,0.9307650862068966,0.9692656993865967,74.0,172.0,157.0,293.0,0.9647256438969765,0.9318550567874527,0.9692085981369019,72.0,174.0,157.0,287.0,0.9673331455927907,0.9367330242705209,0.9731401205062866,78.0,172.0,159.0,285.0,0.9663677130044843,0.9349240780911063,0.9708921909332275,74.0,172.0,155.0,287.0,0.9267452642734137,0.8634904961737843,0.9447498321533203,68.0,174.0,157.0,301.0,0.9669897457508076,0.9360892031547458,0.9733898639678955,76.0,172.0,157.0,287.0,0.9685908319185059,0.9390946502057613,0.975934624671936,76.0,172.0,155.0,269.0,0.9260331666227954,0.8622549019607844,0.9333634376525879,68.0,172.0,159.0,307.0,0.9680236653049725,0.938028938028938,0.9739084243774414,76.0,172.0,157.0,281.0,0.9346922354834384,0.8773917421953675,0.9525221586227417,68.0,176.0,157.0,299.0,0.9657294726535179,0.9337300513930213,0.9698041677474976,72.0,172.0,157.0,285.0,0.9022057886013005,0.8218350754936121,0.920242428779602,68.0,168.0,157.0,307.0,0.9669644123068198,0.9360417238539666,0.9759271740913391,76.0,174.0,155.0,269.0
413_pid-97737_meningioma.png,0.8130976528542452,0.68505859375,0.9104346036911011,96.0,170.0,159.0,233.0,0.8130976528542452,0.68505859375,0.9104346036911011,96.0,170.0,159.0,233.0,0.8094825093957791,0.6799417192812045,0.9142429828643799,100.0,172.0,159.0,233.0,0.0,0.0,0.9180105924606323,248.0,172.0,339.0,307.0,0.8054567022538552,0.6742800397219464,0.9018940329551697,100.0,172.0,157.0,231.0,0.9267707082833133,0.8635346756152126,0.9037210941314697,100.0,172.0,171.0,243.0,0.8094825093957791,0.6799417192812045,0.9142429828643799,100.0,172.0,159.0,233.0,0.7727272727272727,0.6296296296296297,0.8941086530685425,100.0,172.0,159.0,231.0,0.8094825093957791,0.6799417192812045,0.9142429828643799,100.0,172.0,159.0,233.0,0.7727272727272727,0.6296296296296297,0.8941086530685425,100.0,172.0,159.0,231.0,0.8296865759905382,0.708943911066195,0.920712947845459,100.0,172.0,157.0,233.0,0.8130976528542452,0.68505859375,0.9104346036911011,96.0,170.0,159.0,233.0,0.7727272727272727,0.6296296296296297,0.8941086530685425,100.0,172.0,159.0,231.0,0.8054567022538552,0.6742800397219464,0.9018940329551697,100.0,172.0,157.0,231.0,0.14205350624812127,0.07645726436462812,0.9612190127372742,96.0,170.0,235.0,335.0,0.8054567022538552,0.6742800397219464,0.9018940329551697,100.0,172.0,157.0,231.0,0.8094825093957791,0.6799417192812045,0.9142429828643799,100.0,172.0,159.0,233.0,0.7727272727272727,0.6296296296296297,0.8941086530685425,100.0,172.0,159.0,231.0,0.8975422917331631,0.814128546612623,0.8996097445487976,96.0,170.0,163.0,233.0,0.8091693956534683,0.6795,0.9048062562942505,102.0,174.0,157.0,231.0
414_pid-97875_meningioma.png,0.03235933349432504,0.01644575355915562,0.8766450881958008,230.0,158.0,309.0,235.0,0.952764555108019,0.9097902097902097,0.9279542565345764,248.0,172.0,303.0,233.0,0.9501970619849517,0.9051194539249147,0.9609288573265076,244.0,168.0,309.0,247.0,0.9521373766898064,0.9086471408647141,0.9076668620109558,246.0,172.0,303.0,233.0,0.015419501133786848,0.007769652650822669,0.9071888327598572,228.0,154.0,307.0,235.0,0.9562386980108499,0.9161469161469161,0.9453124403953552,244.0,170.0,309.0,237.0,0.9521373766898064,0.9086471408647141,0.9076668620109558,246.0,172.0,303.0,233.0,0.9546937296121784,0.9133148404993066,0.9494885802268982,246.0,170.0,309.0,237.0,0.955158585490339,0.9141660851360781,0.9282093644142151,248.0,172.0,307.0,233.0,0.9562386980108499,0.9161469161469161,0.9453124403953552,244.0,170.0,309.0,237.0,0.0450070323488045,0.02302158273381295,0.8741419315338135,230.0,156.0,317.0,237.0,0.9569931333574269,0.9175329175329175,0.9431195259094238,244.0,168.0,309.0,237.0,0.952764555108019,0.9097902097902097,0.9279542565345764,248.0,172.0,303.0,233.0,0.955158585490339,0.9141660851360781,0.9282093644142151,248.0,172.0,307.0,233.0,0.9420442571127503,0.8904382470119522,0.706255316734314,240.0,170.0,307.0,233.0,0.9553214674900109,0.9144645340751043,0.9016908407211304,246.0,170.0,307.0,233.0,0.04332634521313766,0.02214285714285714,0.8890291452407837,230.0,156.0,311.0,237.0,0.9568684305907937,0.9173036831132731,0.9426692128181458,246.0,170.0,307.0,235.0,0.956268221574344,0.9162011173184358,0.9479196667671204,246.0,172.0,303.0,235.0,0.955288985823337,0.9144050104384134,0.9070436358451843,246.0,172.0,307.0,233.0
41_pid-103673_meningioma.png,0.9328832406671962,0.8742091551916635,0.9627478122711182,168.0,214.0,263.0,301.0,0.9327764518695306,0.8740216175922475,0.9642139077186584,172.0,212.0,261.0,299.0,0.9333865177502991,0.87509349289454,0.9655587077140808,174.0,214.0,263.0,297.0,0.9319309386783092,0.8725380899293943,0.9626922607421875,170.0,212.0,267.0,301.0,0.9330153051083284,0.874441132637854,0.9638834595680237,170.0,214.0,261.0,301.0,0.932247168686668,0.8730926684034239,0.9633899331092834,170.0,212.0,265.0,299.0,0.9329353233830846,0.8743006340917568,0.9643355011940002,172.0,214.0,263.0,299.0,0.930720506730008,0.8704183635690484,0.9616580605506897,156.0,212.0,263.0,301.0,0.9332536361825065,0.8748599178184535,0.964862048625946,172.0,212.0,259.0,297.0,0.9323517707918823,0.873276183376817,0.9643139243125916,172.0,212.0,255.0,301.0,0.9319579448522118,0.8725854383358098,0.9623791575431824,168.0,212.0,263.0,301.0,0.93227408142999,0.8731398809523809,0.962857723236084,168.0,212.0,265.0,299.0,0.9330153051083284,0.874441132637854,0.9638834595680237,170.0,214.0,261.0,301.0,0.9330943847072879,0.8745800671892497,0.9649859070777893,172.0,216.0,263.0,299.0,0.9311917509418997,0.8712430426716141,0.9626405239105225,170.0,208.0,265.0,299.0,0.9328832406671962,0.8742091551916635,0.9629306793212891,168.0,214.0,261.0,301.0,0.9336785500896235,0.8756070227867015,0.9642937779426575,170.0,214.0,263.0,297.0,0.9319579448522118,0.8725854383358098,0.9623791575431824,168.0,212.0,263.0,301.0,0.9318768619662363,0.87244328746746,0.9634761810302734,172.0,212.0,265.0,301.0,0.9323786793953859,0.8733233979135618,0.9640493988990784,172.0,214.0,261.0,301.0
423_pid-98241_meningioma.png,0.9670058587727413,0.9361194029850747,0.9698732495307922,68.0,140.0,157.0,269.0,0.9670058587727413,0.9361194029850747,0.9698732495307922,68.0,140.0,157.0,269.0,0.9352053578633099,0.8782964534707487,0.9716809391975403,84.0,156.0,157.0,269.0,0.0,0.0,0.9576822519302368,102.0,318.0,197.0,407.0,0.9666975023126735,0.9355416293643688,0.9704304933547974,70.0,140.0,169.0,269.0,0.9619556673479013,0.9266999848553688,0.9737326502799988,78.0,152.0,157.0,269.0,0.9667925109792742,0.9357196122296794,0.9691014885902405,70.0,138.0,163.0,271.0,0.9662593190377373,0.9347211895910781,0.9695732593536377,64.0,138.0,169.0,267.0,0.9653984656333177,0.9331113801452785,0.9731947779655457,76.0,150.0,159.0,269.0,0.9678863671452833,0.9377711293941661,0.9703490138053894,68.0,140.0,159.0,267.0,0.9664460520240111,0.9350707371556217,0.9701558351516724,68.0,140.0,171.0,269.0,0.9673141430688821,0.9366973863121317,0.9726371169090271,74.0,144.0,159.0,269.0,0.9678219741025045,0.9376502403846154,0.9710873961448669,72.0,142.0,163.0,269.0,0.967611963427863,0.9372560792554788,0.9710951447486877,72.0,142.0,167.0,269.0,0.0,0.0,0.9315814971923828,86.0,304.0,217.0,411.0,0.9662229745325844,0.9346531705864841,0.9699838161468506,64.0,138.0,157.0,269.0,0.0,0.0,0.954752504825592,102.0,318.0,195.0,407.0,0.962112875334067,0.926991820660406,0.974179208278656,78.0,150.0,157.0,269.0,0.0,0.0,0.9421077966690063,86.0,304.0,207.0,411.0,0.9670058587727413,0.9361194029850747,0.9698732495307922,68.0,140.0,157.0,269.0
44_pid-103925_meningioma.png,0.5997361477572559,0.42830224232146225,0.932846188545227,214.0,254.0,307.0,339.0,0.7056814653834212,0.5452146797793236,0.9441189765930176,212.0,260.0,303.0,341.0,0.6403718833638541,0.4709904682967261,0.9313575625419617,218.0,256.0,303.0,339.0,0.5383704405495026,0.3683357640576892,0.9201861619949341,212.0,250.0,319.0,341.0,0.6237650933040615,0.45324027916251247,0.9355130195617676,214.0,256.0,307.0,339.0,0.6312135517911691,0.46114830594441064,0.935683012008667,214.0,256.0,303.0,339.0,0.577489837398374,0.40596535095552777,0.9211404919624329,214.0,252.0,307.0,335.0,0.6021192052980132,0.43073716126587075,0.9323318600654602,214.0,254.0,309.0,339.0,0.7113337507827175,0.5519922254616132,0.9459489583969116,212.0,262.0,303.0,341.0,0.9414288779231924,0.8893392784758817,0.9401140213012695,238.0,264.0,303.0,339.0,0.6693250627676857,0.5029966703662597,0.9246315956115723,228.0,254.0,307.0,339.0,0.7174050632911393,0.5593387614113002,0.9442029595375061,214.0,264.0,303.0,341.0,0.6269480071714246,0.45660907995178784,0.9364672899246216,212.0,256.0,303.0,339.0,0.6332358267168129,0.4633102323685283,0.9341482520103455,216.0,256.0,303.0,339.0,0.5366544681855743,0.3667312036140691,0.925388514995575,212.0,250.0,315.0,345.0,0.7193650793650793,0.5617253346554288,0.9424498677253723,214.0,264.0,303.0,339.0,0.5740623816138402,0.4025859015232023,0.9278619885444641,212.0,252.0,309.0,341.0,0.7180540199020692,0.5601281419418432,0.9375882148742676,218.0,262.0,307.0,339.0,0.5814786390381171,0.40991884580703336,0.9259493947029114,216.0,252.0,309.0,341.0,0.7085411471321695,0.5486362539222785,0.9427114725112915,212.0,260.0,303.0,339.0
457_pid-101016_meningioma.png,0.9696831287467884,0.9411503934389892,0.9693101048469543,154.0,214.0,253.0,335.0,0.9688589223472944,0.9395988030588496,0.9745621681213379,154.0,216.0,249.0,339.0,0.8498051491726826,0.738835814263497,0.9774037599563599,168.0,216.0,233.0,339.0,0.9751063226538135,0.9514219320570986,0.9596298336982727,154.0,214.0,271.0,339.0,0.9350910380704658,0.8780948151437771,0.9824720621109009,158.0,216.0,237.0,333.0,0.9085177326462565,0.8323705843145968,0.9830304384231567,160.0,222.0,233.0,339.0,0.7025941230486685,0.5415376448730426,0.9435929656028748,150.0,172.0,251.0,339.0,0.9738190096755834,0.9489739323349973,0.9828522205352783,152.0,216.0,245.0,335.0,0.849530381445275,0.7384205264911696,0.9773823618888855,168.0,218.0,235.0,341.0,0.975099488345651,0.9514089194586199,0.9885225892066956,150.0,214.0,233.0,335.0,0.9436884091975598,0.8933807196801422,0.9786852598190308,156.0,214.0,233.0,333.0,0.9271199570943329,0.8641413019329038,0.9872032403945923,158.0,222.0,233.0,335.0,0.9746008295925905,0.9504599357198271,0.9810851812362671,152.0,216.0,247.0,339.0,0.9542605061527746,0.9125222024866785,0.9811094403266907,154.0,218.0,235.0,335.0,0.9375700053056653,0.8824769725890578,0.9806478023529053,158.0,216.0,237.0,339.0,0.9651015956836184,0.9325568496949529,0.9781931638717651,154.0,214.0,243.0,335.0,0.9731390849078079,0.9476834404788296,0.9839807748794556,152.0,220.0,245.0,341.0,0.8384972889233152,0.7219073024341447,0.9791121482849121,168.0,220.0,233.0,333.0,0.98127635648018,0.9632409758251462,0.9183993339538574,142.0,142.0,265.0,335.0,0.9382657869934025,0.8837106080781181,0.9794216156005859,158.0,216.0,243.0,335.0
459_pid-101082_meningioma.png,0.9492827868852459,0.9034617259873232,0.9671817421913147,138.0,138.0,205.0,217.0,0.9448698315467075,0.895500725689405,0.9667242169380188,138.0,138.0,215.0,215.0,0.27688234836097486,0.16068685042928152,0.8859316110610962,108.0,136.0,221.0,293.0,0.16848052609642014,0.09198948113684637,0.9324333071708679,102.0,136.0,227.0,371.0,0.9100658055081647,0.8349731663685152,0.9009286165237427,108.0,136.0,219.0,269.0,0.9511316872427984,0.9068170671897989,0.968379020690918,138.0,138.0,201.0,215.0,0.9404912636110407,0.8876673040152964,0.9655260443687439,136.0,136.0,223.0,213.0,0.9133627019089574,0.8405405405405405,0.9117785692214966,110.0,136.0,217.0,265.0,0.9393939393939394,0.8857142857142857,0.965475857257843,136.0,136.0,221.0,219.0,0.952061855670103,0.9085095917363503,0.9696515202522278,138.0,138.0,201.0,211.0,0.9525528623001547,0.9094042343673068,0.9706245064735413,138.0,138.0,205.0,207.0,0.26756297554849673,0.154443117857752,0.90223628282547,104.0,136.0,219.0,299.0,0.9479887266205483,0.9011203117389186,0.967602014541626,138.0,138.0,215.0,211.0,0.9552624773726403,0.9143564356435644,0.9716517925262451,138.0,138.0,205.0,203.0,0.23693425834159235,0.13438764802878128,0.9167224764823914,104.0,136.0,219.0,319.0,0.9397773279352226,0.8863961813842482,0.9654655456542969,136.0,136.0,221.0,217.0,0.2963639382367591,0.17395965305525776,0.9009894728660583,108.0,138.0,201.0,309.0,0.9509375802722836,0.9064642507345739,0.9687305688858032,138.0,138.0,205.0,213.0,0.24958563535911601,0.14258660143612403,0.913702130317688,102.0,136.0,217.0,313.0,0.9407294832826748,0.8880918220946915,0.9655628800392151,136.0,136.0,211.0,219.0
462_pid-101127_meningioma.png,0.0,0.0,0.9351704716682434,356.0,136.0,413.0,219.0,0.0,0.0,0.9368785619735718,360.0,140.0,413.0,223.0,0.0,0.0,0.9663329720497131,358.0,136.0,467.0,219.0,0.0,0.0,0.952761173248291,62.0,244.0,125.0,303.0,0.0,0.0,0.934561014175415,356.0,138.0,413.0,223.0,0.0,0.0,0.9655576944351196,358.0,138.0,467.0,223.0,0.0,0.0,0.9471871852874756,62.0,246.0,123.0,303.0,0.0,0.0,0.9335164427757263,358.0,138.0,415.0,223.0,0.0,0.0,0.9660482406616211,358.0,136.0,467.0,221.0,0.0,0.0,0.9346659779548645,356.0,136.0,413.0,221.0,0.0,0.0,0.9197157621383667,356.0,138.0,413.0,227.0,0.0,0.0,0.9183182716369629,360.0,138.0,415.0,227.0,0.0,0.0,0.9364866018295288,356.0,138.0,413.0,221.0,0.0,0.0,0.9373111724853516,358.0,138.0,421.0,221.0,0.0,0.0,0.9522019624710083,62.0,246.0,125.0,303.0,0.0,0.0,0.9366962909698486,352.0,138.0,413.0,223.0,0.0,0.0,0.9402256011962891,358.0,140.0,409.0,219.0,0.0,0.0,0.9651697874069214,358.0,136.0,471.0,223.0,0.0,0.0,0.9557254314422607,62.0,244.0,127.0,303.0,0.0,0.0,0.9625905752182007,356.0,136.0,459.0,221.0
464_pid-101127_meningioma.png,0.8740970072239422,0.7763519706691109,0.9447281360626221,208.0,174.0,265.0,229.0,0.8717156105100463,0.7726027397260274,0.9471924304962158,212.0,172.0,265.0,229.0,0.8740970072239422,0.7763519706691109,0.9447281360626221,208.0,174.0,265.0,229.0,0.8739063304168811,0.7760511882998172,0.9438024759292603,208.0,172.0,265.0,229.0,0.8740970072239422,0.7763519706691109,0.9447281360626221,208.0,174.0,265.0,229.0,0.8740970072239422,0.7763519706691109,0.9447281360626221,208.0,174.0,265.0,229.0,0.8740970072239422,0.7763519706691109,0.9447281360626221,208.0,174.0,265.0,229.0,0.8740970072239422,0.7763519706691109,0.9447281360626221,208.0,174.0,265.0,229.0,0.8739063304168811,0.7760511882998172,0.9438024759292603,208.0,172.0,265.0,229.0,0.8739063304168811,0.7760511882998172,0.9438024759292603,208.0,172.0,265.0,229.0,0.8740970072239422,0.7763519706691109,0.9447281360626221,208.0,174.0,265.0,229.0,0.8740970072239422,0.7763519706691109,0.9447281360626221,208.0,174.0,265.0,229.0,0.8720330237358102,0.7731015553522416,0.9474656581878662,212.0,174.0,265.0,229.0,0.8740970072239422,0.7763519706691109,0.9447281360626221,208.0,174.0,265.0,229.0,0.8716632443531828,0.7725204731574158,0.9437105655670166,208.0,172.0,265.0,231.0,0.8740970072239422,0.7763519706691109,0.9447281360626221,208.0,174.0,265.0,229.0,0.8739063304168811,0.7760511882998172,0.9438024759292603,208.0,172.0,265.0,229.0,0.8740970072239422,0.7763519706691109,0.9447281360626221,208.0,174.0,265.0,229.0,0.8740970072239422,0.7763519706691109,0.9447281360626221,208.0,174.0,265.0,229.0,0.8740970072239422,0.7763519706691109,0.9447281360626221,208.0,174.0,265.0,229.0
472_pid-101801_meningioma.png,0.0,0.0,0.9130566120147705,134.0,284.0,197.0,393.0,0.0,0.0,0.9214035868644714,112.0,288.0,197.0,391.0,0.0,0.0,0.9302617907524109,132.0,284.0,195.0,383.0,0.0,0.0,0.9054961800575256,136.0,300.0,195.0,395.0,0.0,0.0,0.926106870174408,132.0,286.0,195.0,387.0,0.0,0.0,0.9105274677276611,132.0,284.0,195.0,399.0,0.0,0.0,0.914708137512207,136.0,284.0,197.0,389.0,0.0,0.0,0.9296053647994995,134.0,284.0,195.0,383.0,0.0,0.0,0.9107061624526978,106.0,282.0,197.0,407.0,0.0,0.0,0.9296605587005615,120.0,292.0,195.0,383.0,0.0,0.0,0.9114009737968445,132.0,284.0,197.0,403.0,0.0,0.0,0.9301669001579285,120.0,286.0,195.0,393.0,0.0,0.0,0.915901243686676,134.0,286.0,197.0,391.0,0.0,0.0,0.9303761720657349,128.0,284.0,195.0,387.0,0.0,0.0,0.8999112844467163,136.0,288.0,195.0,399.0,0.0,0.0,0.9211016297340393,134.0,284.0,195.0,389.0,0.0,0.0,0.932328462600708,118.0,288.0,191.0,391.0,0.0,0.0,0.9038466811180115,134.0,284.0,195.0,405.0,0.0,0.0,0.9219976663589478,136.0,294.0,195.0,381.0,0.0,0.0,0.9282742738723755,118.0,284.0,195.0,397.0
478_pid-102675_meningioma.png,0.0,0.0,0.8460571765899658,220.0,138.0,303.0,191.0,0.0,0.0,0.9084336161613464,218.0,136.0,303.0,195.0,0.2159075458871516,0.12101813747904283,0.8690773844718933,152.0,120.0,319.0,223.0,0.13873806403295263,0.07453978472990645,0.7009616494178772,142.0,108.0,333.0,231.0,0.0,0.0,0.7236154675483704,240.0,138.0,301.0,191.0,0.0,0.0,0.9054154753684998,234.0,112.0,327.0,195.0,0.19993290841999328,0.11106969809914274,0.8983743190765381,156.0,136.0,307.0,219.0,0.0,0.0,0.8215734958648682,222.0,138.0,303.0,191.0,0.0,0.0,0.8539144396781921,218.0,138.0,303.0,191.0,0.0,0.0,0.9017103910446167,220.0,136.0,303.0,195.0,0.0,0.0,0.6618170738220215,238.0,138.0,301.0,191.0,0.13369582600351831,0.07163667523564696,0.8184468150138855,158.0,104.0,335.0,219.0,0.0,0.0,0.8215734958648682,222.0,138.0,303.0,191.0,0.0,0.0,0.6715288758277893,234.0,138.0,301.0,191.0,0.11253625523686754,0.05962300232208715,0.7678913474082947,138.0,106.0,335.0,235.0,0.0,0.0,0.8050217628479004,224.0,138.0,303.0,191.0,0.12646167171935904,0.06749884419787332,0.9010285139083862,152.0,136.0,303.0,227.0,0.0,0.0,0.8141695261001587,224.0,138.0,301.0,191.0,0.13682313298330853,0.07343539703903096,0.6731509566307068,140.0,112.0,327.0,231.0,0.0,0.0,0.8606616258621216,218.0,138.0,301.0,191.0
482_pid-102714_meningioma.png,0.830360846121941,0.7099290780141844,0.9522705674171448,282.0,168.0,343.0,231.0,0.7909103901672145,0.6541371158392435,0.9548456072807312,284.0,168.0,341.0,229.0,0.8331494760066188,0.7140155991491374,0.9618437886238098,282.0,166.0,341.0,231.0,0.9069617809805688,0.8297621850718154,0.9779692888259888,284.0,160.0,345.0,231.0,0.8093232238135355,0.6797169811320755,0.9515393972396851,284.0,170.0,341.0,231.0,0.7909103901672145,0.6541371158392435,0.9548456072807312,284.0,168.0,341.0,229.0,0.8884221580467314,0.7992442135096836,0.9741339087486267,282.0,164.0,343.0,231.0,0.8059280169371913,0.6749408983451537,0.9515556693077087,282.0,168.0,341.0,231.0,0.9411036872061371,0.8887590558541716,0.9768552780151367,282.0,158.0,343.0,231.0,0.8650751072961373,0.7622311510281258,0.9692516922950745,282.0,164.0,341.0,231.0,0.9474595129187786,0.900164435048156,0.9827264547348022,282.0,150.0,343.0,231.0,0.830360846121941,0.7099290780141844,0.9522705674171448,282.0,168.0,343.0,231.0,0.830360846121941,0.7099290780141844,0.9522705674171448,282.0,168.0,343.0,231.0,0.9411036872061371,0.8887590558541716,0.9768552780151367,282.0,158.0,343.0,231.0,0.9307005408124764,0.8703834391907787,0.9780434966087341,282.0,158.0,345.0,231.0,0.8059280169371913,0.6749408983451537,0.9515556693077087,282.0,168.0,341.0,231.0,0.9309694454922671,0.8708539167254764,0.977664053440094,282.0,158.0,345.0,233.0,0.7909103901672145,0.6541371158392435,0.9548456072807312,284.0,168.0,341.0,229.0,0.8220551378446115,0.6978723404255319,0.9553919434547424,284.0,168.0,343.0,231.0,0.8331494760066188,0.7140155991491374,0.9618437886238098,282.0,166.0,341.0,231.0
484_pid-102714_meningioma.png,0.5686821705426357,0.39731369150779894,0.891876757144928,282.0,172.0,341.0,231.0,0.5686821705426357,0.39731369150779894,0.891876757144928,282.0,172.0,341.0,231.0,0.5686821705426357,0.39731369150779894,0.891876757144928,282.0,172.0,341.0,231.0,0.0,0.0,0.9337443113327026,392.0,282.0,475.0,403.0,0.6613832853025937,0.4940796555435953,0.8993779420852661,284.0,174.0,339.0,229.0,0.5686821705426357,0.39731369150779894,0.891876757144928,282.0,172.0,341.0,231.0,0.6613832853025937,0.4940796555435953,0.8993779420852661,284.0,174.0,339.0,229.0,0.5686821705426357,0.39731369150779894,0.891876757144928,282.0,172.0,341.0,231.0,0.6613832853025937,0.4940796555435953,0.8993779420852661,284.0,174.0,339.0,229.0,0.6613832853025937,0.4940796555435953,0.8993779420852661,284.0,174.0,339.0,229.0,0.5686821705426357,0.39731369150779894,0.891876757144928,282.0,172.0,341.0,231.0,0.5686821705426357,0.39731369150779894,0.891876757144928,282.0,172.0,341.0,231.0,0.6613832853025937,0.4940796555435953,0.8993779420852661,284.0,174.0,339.0,229.0,0.6046204620462046,0.43330179754020814,0.897828221321106,284.0,174.0,341.0,229.0,0.0,0.0,0.9402759075164795,136.0,316.0,195.0,377.0,0.6613832853025937,0.4940796555435953,0.8993779420852661,284.0,174.0,339.0,229.0,0.5686821705426357,0.39731369150779894,0.891876757144928,282.0,172.0,341.0,231.0,0.6613832853025937,0.4940796555435953,0.8993779420852661,284.0,174.0,339.0,229.0,0.0,0.0,0.9495047926902771,394.0,284.0,473.0,391.0,0.6613832853025937,0.4940796555435953,0.8993779420852661,284.0,174.0,339.0,229.0
486_pid-102818_meningioma.png,0.9515318528124493,0.9075448361162647,0.9788950085639954,208.0,168.0,277.0,239.0,0.9500245780763559,0.9048064918851436,0.9727863073348999,212.0,170.0,275.0,231.0,0.9503197245450073,0.9053420805998126,0.9723763465881348,208.0,170.0,271.0,233.0,0.9538113695090439,0.911701142327879,0.979619562625885,208.0,170.0,283.0,233.0,0.9527355131110392,0.9097372488408038,0.9800281524658203,208.0,170.0,281.0,233.0,0.9511877643996095,0.9069190195470059,0.9775922894477844,212.0,172.0,279.0,231.0,0.9512866159572746,0.9070987654320988,0.9783551692962646,208.0,170.0,279.0,243.0,0.95247301433865,0.9092586896339587,0.9765545129776001,208.0,168.0,283.0,247.0,0.9348299547662925,0.8776344762503933,0.9564293622970581,212.0,172.0,269.0,231.0,0.9503197245450073,0.9053420805998126,0.9723763465881348,208.0,170.0,271.0,233.0,0.9499918019347434,0.9047470331043098,0.9705127477645874,208.0,168.0,271.0,233.0,0.9481652130985684,0.9014392991239049,0.9712415933609009,208.0,172.0,271.0,233.0,0.9527355131110392,0.9097372488408038,0.9800281524658203,208.0,170.0,281.0,233.0,0.9517128874388254,0.9078742608154373,0.9777166843414307,208.0,170.0,275.0,233.0,0.9536573550783142,0.9114197530864198,0.9786900281906128,206.0,170.0,283.0,235.0,0.9512594046450769,0.9070492825951342,0.9757297039031982,208.0,170.0,275.0,231.0,0.9513810369891779,0.9072704867529267,0.9782727360725403,208.0,168.0,281.0,245.0,0.9444720702801259,0.894786432160804,0.9659252762794495,212.0,172.0,271.0,231.0,0.0,0.0,0.6150414347648621,332.0,324.0,425.0,389.0,0.9517622218612961,0.9079640533002789,0.9796581864356995,208.0,168.0,277.0,233.0
490_pid-102960_meningioma.png,0.6477024070021882,0.47896440129449835,0.9140719175338745,172.0,142.0,269.0,231.0,0.8397076321604624,0.7237034866686199,0.9116154909133911,172.0,144.0,269.0,229.0,0.5983845636078079,0.42692492396350246,0.9183086156845093,168.0,140.0,265.0,231.0,0.4188785927438354,0.2649250024833615,0.9136663675308228,150.0,140.0,277.0,253.0,0.680401751223281,0.5156128024980484,0.9137250781059265,172.0,148.0,269.0,231.0,0.8529258551831915,0.7435664547381169,0.9204649329185486,174.0,144.0,269.0,229.0,0.47898706896551724,0.3149132128940843,0.9177109003067017,158.0,140.0,271.0,245.0,0.8381572187018325,0.7214033018867925,0.919736921787262,174.0,150.0,267.0,231.0,0.8558921379793382,0.7480869299051117,0.9237157106399536,176.0,142.0,267.0,229.0,0.6662492172824045,0.49953051643192486,0.9171103239059448,172.0,142.0,263.0,231.0,0.6380838323353294,0.46851916989096026,0.9113129377365112,172.0,142.0,271.0,231.0,0.684085510688836,0.51985559566787,0.9182663559913635,168.0,156.0,267.0,229.0,0.8367659574468085,0.7193444541995903,0.9215236902236938,174.0,144.0,267.0,231.0,0.833248859604663,0.7141615986099045,0.9196992516517639,174.0,142.0,267.0,231.0,0.4076003677597303,0.2559661277906082,0.9280305504798889,144.0,142.0,293.0,255.0,0.8529514495284667,0.743605359317905,0.9194127917289734,174.0,148.0,267.0,229.0,0.8457676994980093,0.732753449310138,0.9193959832191467,176.0,148.0,269.0,231.0,0.8529258551831915,0.7435664547381169,0.9204649329185486,174.0,144.0,269.0,229.0,0.42272943414170233,0.2680132649984926,0.9214216470718384,150.0,140.0,281.0,251.0,0.853866203301477,0.7449969678593087,0.920191764831543,174.0,142.0,267.0,229.0
502_pid-103925_meningioma.png,0.963515954244431,0.9296003717472119,0.9828073382377625,282.0,216.0,341.0,303.0,0.9634205426356589,0.9294227623276466,0.9815521240234375,280.0,224.0,343.0,303.0,0.9585555016965585,0.9204095880847103,0.9768368005752563,280.0,238.0,343.0,307.0,0.0,0.0,0.7808869481086731,428.0,318.0,487.0,377.0,0.9635335178721868,0.9296330701346958,0.9829722046852112,282.0,218.0,341.0,303.0,0.9569238257483572,0.9174055062995801,0.9746142029762268,282.0,238.0,341.0,303.0,0.9635335178721868,0.9296330701346958,0.9822644591331482,282.0,220.0,341.0,303.0,0.964148219441771,0.9307781649245064,0.9812443852424622,280.0,222.0,341.0,303.0,0.9635335178721868,0.9296330701346958,0.9822644591331482,282.0,220.0,341.0,303.0,0.9636891793754538,0.9299229152067274,0.9817926287651062,280.0,218.0,343.0,303.0,0.9641654641654641,0.9308103087996286,0.9815212488174438,280.0,220.0,341.0,303.0,0.9632219944531533,0.9290532682019074,0.9816209077835083,282.0,228.0,341.0,303.0,0.9635335178721868,0.9296330701346958,0.9829722046852112,282.0,218.0,341.0,303.0,0.9569238257483572,0.9174055062995801,0.9746142029762268,282.0,238.0,341.0,303.0,0.9603876438522108,0.9237939874155209,0.9757592082023621,282.0,236.0,341.0,303.0,0.963515954244431,0.9296003717472119,0.9828073382377625,282.0,216.0,341.0,303.0,0.96349302607641,0.9295576878071612,0.9800625443458557,280.0,224.0,341.0,307.0,0.9635335178721868,0.9296330701346958,0.9822644591331482,282.0,220.0,341.0,303.0,0.9627291489620007,0.9281367041198502,0.9807501435279846,280.0,228.0,343.0,303.0,0.964148219441771,0.9307781649245064,0.9812443852424622,280.0,222.0,341.0,303.0
509_pid-104167_meningioma.png,0.8576592860370538,0.7507911392405063,0.9427430033683777,136.0,126.0,197.0,231.0,0.9304706853839801,0.8699814700432366,0.9644038677215576,136.0,150.0,199.0,231.0,0.9299719887955182,0.8691099476439791,0.964214026927948,136.0,150.0,201.0,231.0,0.681881051175657,0.5173137460650578,0.937590479850769,132.0,118.0,201.0,237.0,0.9286887939533355,0.8668711656441718,0.9618571400642395,136.0,148.0,199.0,233.0,0.9311203319502075,0.8711180124223602,0.9651826024055481,136.0,154.0,197.0,231.0,0.9056183351901957,0.8275159976730657,0.9485052227973938,134.0,136.0,197.0,233.0,0.9307883817427386,0.8705371002794163,0.9653322100639343,138.0,152.0,197.0,231.0,0.9169628432956382,0.8466587112171837,0.953133761882782,134.0,140.0,199.0,231.0,0.929342492639843,0.8680109990834097,0.9594282507896423,136.0,152.0,217.0,231.0,0.9311203319502075,0.8711180124223602,0.9651826024055481,136.0,154.0,197.0,231.0,0.9308009909165978,0.8705591597157862,0.9644328355789185,136.0,154.0,203.0,231.0,0.9302479338842975,0.869592088998764,0.9635241031646729,136.0,150.0,197.0,233.0,0.9308862433862434,0.8707083204454067,0.9639054536819458,136.0,152.0,199.0,231.0,0.7092198581560284,0.5494505494505495,0.9404566287994385,132.0,124.0,199.0,237.0,0.8963242224316682,0.8121263877028181,0.9459847807884216,136.0,132.0,201.0,231.0,0.9296424452133795,0.8685344827586207,0.9629926085472107,136.0,148.0,199.0,231.0,0.9321837174597911,0.8729813664596273,0.9656022191047668,134.0,158.0,199.0,231.0,0.6835294117647058,0.5192135835567471,0.9370481371879578,134.0,116.0,199.0,233.0,0.9060210258043963,0.8281887012230634,0.94752436876297,136.0,134.0,199.0,231.0
523_pid-106284_meningioma.png,0.8726523133302795,0.7740755790329135,0.9683482050895691,102.0,156.0,159.0,247.0,0.8348761769127304,0.7165557517316311,0.9780967235565186,100.0,170.0,157.0,243.0,0.8969941075557545,0.8132269407627807,0.9812583327293396,100.0,170.0,171.0,259.0,0.0,0.0,0.9502562284469604,64.0,316.0,153.0,411.0,0.8338081671415005,0.7149837133550488,0.9718950986862183,102.0,168.0,157.0,245.0,0.8614029666254636,0.7565476998235853,0.9789906740188599,100.0,168.0,159.0,243.0,0.8650726531867456,0.7622273404687712,0.9777540564537048,100.0,168.0,159.0,249.0,0.8459186073864973,0.7329800244598451,0.9678945541381836,102.0,156.0,157.0,239.0,0.8745235554200336,0.7770251964237334,0.9755993485450745,100.0,166.0,159.0,253.0,0.9155588020452885,0.8442678162468005,0.9801943898200989,100.0,148.0,171.0,253.0,0.8421714195930552,0.7273714208169358,0.9715750217437744,102.0,166.0,157.0,245.0,0.8392800757814967,0.7230685527747551,0.9788637161254883,100.0,168.0,159.0,235.0,0.8610661112396821,0.7560281766458954,0.9726338982582092,102.0,164.0,159.0,249.0,0.8348761769127304,0.7165557517316311,0.9780967235565186,100.0,170.0,157.0,243.0,0.0,0.0,0.9475628733634949,64.0,312.0,153.0,411.0,0.8022488389146908,0.669795918367347,0.9735402464866638,102.0,170.0,157.0,235.0,0.8885555722213889,0.7994601889338732,0.9670043587684631,100.0,140.0,157.0,263.0,0.8593943139678616,0.7534543484150636,0.9781554937362671,100.0,170.0,159.0,251.0,0.0,0.0,0.9358597993850708,64.0,312.0,171.0,413.0,0.8190797398217297,0.69359445124439,0.9728204607963562,102.0,166.0,157.0,237.0
524_pid-106284_meningioma.png,0.9642722259989425,0.9310093348891482,0.9709981083869934,100.0,168.0,195.0,237.0,0.9532866707242849,0.9107428405291467,0.9796323180198669,104.0,168.0,195.0,249.0,0.9726507191295923,0.9467575801537792,0.99325031042099,80.0,170.0,195.0,265.0,0.9727875941251025,0.9470169835970388,0.9916964173316956,80.0,168.0,195.0,251.0,0.9716003005259204,0.9447691408533022,0.9703582525253296,80.0,172.0,191.0,235.0,0.973302595374433,0.9479936259597277,0.9936313629150391,72.0,170.0,195.0,263.0,0.9726262400238681,0.946711195005082,0.992744505405426,86.0,168.0,195.0,255.0,0.9728560775540641,0.9471467983156672,0.9918109774589539,80.0,168.0,191.0,253.0,0.973137882282908,0.9476811594202899,0.9915879368782043,68.0,170.0,195.0,253.0,0.9614659527939069,0.9257914609352309,0.9787581562995911,102.0,170.0,195.0,259.0,0.9727110050700865,0.9468718246479896,0.9948520660400391,90.0,170.0,189.0,243.0,0.9726921935292372,0.9468361745160359,0.9931595325469971,68.0,168.0,195.0,255.0,0.9728601252609603,0.9471544715447154,0.990485429763794,86.0,168.0,195.0,239.0,0.961044843726408,0.9250108995785497,0.9802744388580322,102.0,170.0,195.0,253.0,0.9726661687826736,0.9467868566443733,0.9908257722854614,74.0,170.0,195.0,247.0,0.9726735045294602,0.9468007579070107,0.983122706413269,70.0,172.0,189.0,237.0,0.9043906442347148,0.8254681647940075,0.9416295886039734,76.0,94.0,229.0,263.0,0.9727110050700865,0.9468718246479896,0.9903354644775391,68.0,172.0,195.0,239.0,0.9728803457010877,0.9471928042942115,0.9915967583656311,72.0,170.0,195.0,255.0,0.9725196555597154,0.9465092552106107,0.9911572337150574,86.0,170.0,195.0,245.0
547_pid-106914_meningioma.png,0.6742445770578763,0.5085738782509288,0.9478223323822021,246.0,296.0,341.0,379.0,0.9374164215030757,0.8822048829599799,0.9371141195297241,246.0,300.0,333.0,383.0,0.8753476611883692,0.7783273381294964,0.9409446716308594,248.0,310.0,343.0,377.0,0.6723428143712575,0.5064129668780831,0.9641910791397095,246.0,294.0,367.0,383.0,0.6798170383076043,0.5149415331312256,0.9470497369766235,246.0,298.0,343.0,381.0,0.9183673469387755,0.8490566037735849,0.9410209059715271,248.0,316.0,341.0,377.0,0.6722139117427075,0.506266722996761,0.9559202194213867,244.0,292.0,343.0,381.0,0.6742445770578763,0.5085738782509288,0.9478223323822021,246.0,296.0,341.0,379.0,0.9425973673497082,0.8914271047227926,0.9676251411437988,248.0,316.0,335.0,377.0,0.8079500808874509,0.6777820860798759,0.9380502700805664,248.0,304.0,343.0,379.0,0.6737160120845922,0.5079726651480638,0.9449424743652344,246.0,296.0,341.0,381.0,0.9276947705442903,0.8651405822343866,0.9482080936431885,248.0,314.0,339.0,377.0,0.6803788386109251,0.515586486878353,0.9443719387054443,246.0,298.0,341.0,379.0,0.9406279994515289,0.8879109500388299,0.9428688287734985,248.0,308.0,339.0,377.0,0.674451191032228,0.5088090204369274,0.9565507173538208,244.0,296.0,375.0,383.0,0.6875723658818989,0.5238935450669019,0.935108482837677,246.0,300.0,339.0,381.0,0.680445756738737,0.5156633463259709,0.9379498958587646,244.0,298.0,339.0,381.0,0.9183673469387755,0.8490566037735849,0.9410209059715271,248.0,316.0,341.0,377.0,0.6730247779336138,0.5071871476888388,0.965277910232544,246.0,294.0,373.0,383.0,0.810442416541527,0.6812973392891823,0.9256280064582825,246.0,302.0,339.0,379.0
550_pid-107190_meningioma.png,0.0,0.0,0.9097661972045898,206.0,246.0,265.0,303.0,0.0,0.0,0.9097661972045898,206.0,246.0,265.0,303.0,0.0,0.0,0.9169862270355225,202.0,244.0,267.0,303.0,0.0,0.0,0.9105876088142395,202.0,246.0,265.0,303.0,0.0,0.0,0.9105942249298096,208.0,246.0,265.0,303.0,0.0,0.0,0.9097661972045898,206.0,246.0,265.0,303.0,0.0,0.0,0.9097661972045898,206.0,246.0,265.0,303.0,0.0,0.0,0.9151445627212524,206.0,244.0,267.0,303.0,0.0,0.0,0.9097661972045898,206.0,246.0,265.0,303.0,0.0,0.0,0.9097661972045898,206.0,246.0,265.0,303.0,0.0,0.0,0.9105942249298096,208.0,246.0,265.0,303.0,0.0,0.0,0.9165749549865723,204.0,244.0,267.0,303.0,0.0,0.0,0.9105942249298096,208.0,246.0,265.0,303.0,0.0,0.0,0.9105942249298096,208.0,246.0,265.0,303.0,0.0,0.0,0.797583281993866,140.0,240.0,267.0,371.0,0.0,0.0,0.9097661972045898,206.0,246.0,265.0,303.0,0.0,0.0,0.796286404132843,138.0,240.0,267.0,375.0,0.0,0.0,0.9105942249298096,208.0,246.0,265.0,303.0,0.0,0.0,0.7789911031723022,144.0,240.0,267.0,367.0,0.0,0.0,0.9097661972045898,206.0,246.0,265.0,303.0
554_pid-107248_meningioma.png,0.9190164674035641,0.8501669449081803,0.9542602300643921,212.0,256.0,269.0,339.0,0.919774011299435,0.8514644351464435,0.9585941433906555,208.0,254.0,269.0,341.0,0.913641488162345,0.8410128684101287,0.9493578672409058,212.0,250.0,267.0,339.0,0.0,0.0,0.9556119441986084,396.0,408.0,473.0,511.0,0.903558052434457,0.8240819812126388,0.9569781422615051,212.0,262.0,269.0,339.0,0.9192855527922225,0.8506276150627615,0.9541647434234619,212.0,256.0,267.0,339.0,0.9196650825978728,0.8512777545035609,0.9610362648963928,208.0,256.0,267.0,339.0,0.9186991869918699,0.849624060150376,0.9581670165061951,208.0,254.0,271.0,341.0,0.9181365897783809,0.8486622073578596,0.9534485340118408,212.0,254.0,267.0,339.0,0.9179070816418584,0.8482701125468946,0.9535670280456543,212.0,254.0,269.0,339.0,0.916892502258356,0.8465387823185988,0.9665389060974121,208.0,264.0,269.0,341.0,0.9135913591359136,0.8409279204639603,0.9512994885444641,212.0,252.0,269.0,335.0,0.9021815622800844,0.8217948717948718,0.9586099982261658,212.0,264.0,267.0,339.0,0.9156680985756274,0.8444537114261885,0.964091956615448,212.0,270.0,267.0,339.0,0.9196650825978728,0.8512777545035609,0.9589135646820068,208.0,254.0,267.0,339.0,0.9190045248868778,0.8501465048137296,0.9572803974151611,208.0,252.0,269.0,339.0,0.9185051778478163,0.8492922564529559,0.9606631398200989,208.0,256.0,275.0,339.0,0.9190164674035641,0.8501669449081803,0.9542602300643921,212.0,256.0,269.0,339.0,0.9220489977728286,0.8553719008264463,0.9628766179084778,204.0,248.0,275.0,341.0,0.9038146501287152,0.8245089666951324,0.9548905491828918,212.0,260.0,269.0,339.0
556_pid-107494_meningioma.png,0.603462111658833,0.4321129535380069,0.9360641241073608,284.0,212.0,339.0,269.0,0.603462111658833,0.4321129535380069,0.9360641241073608,284.0,212.0,339.0,269.0,0.603462111658833,0.4321129535380069,0.9360641241073608,284.0,212.0,339.0,269.0,0.6696302721457227,0.5033414832925835,0.9383674263954163,282.0,208.0,341.0,271.0,0.603462111658833,0.4321129535380069,0.9360641241073608,284.0,212.0,339.0,269.0,0.5976905311778291,0.4262187088274045,0.9356247782707214,284.0,212.0,339.0,267.0,0.603462111658833,0.4321129535380069,0.9360641241073608,284.0,212.0,339.0,269.0,0.603462111658833,0.4321129535380069,0.9360641241073608,284.0,212.0,339.0,269.0,0.603462111658833,0.4321129535380069,0.9360641241073608,284.0,212.0,339.0,269.0,0.6122402634268196,0.441171657666503,0.9366652369499207,284.0,212.0,339.0,271.0,0.603462111658833,0.4321129535380069,0.9360641241073608,284.0,212.0,339.0,269.0,0.603462111658833,0.4321129535380069,0.9360641241073608,284.0,212.0,339.0,269.0,0.603462111658833,0.4321129535380069,0.9360641241073608,284.0,212.0,339.0,269.0,0.5976905311778291,0.4262187088274045,0.9356247782707214,284.0,212.0,339.0,267.0,0.0,0.0,0.8438491821289062,394.0,246.0,451.0,307.0,0.603462111658833,0.4321129535380069,0.9360641241073608,284.0,212.0,339.0,269.0,0.6696302721457227,0.5033414832925835,0.9383674263954163,282.0,208.0,341.0,271.0,0.5976905311778291,0.4262187088274045,0.9356247782707214,284.0,212.0,339.0,267.0,0.6696302721457227,0.5033414832925835,0.9383674263954163,282.0,208.0,341.0,271.0,0.603462111658833,0.4321129535380069,0.9360641241073608,284.0,212.0,339.0,269.0
55_pid-104281_meningioma.png,0.5332225913621262,0.3635334088335221,0.9536765217781067,282.0,282.0,355.0,361.0,0.5317871194864361,0.3622002820874471,0.9532887935638428,282.0,282.0,355.0,367.0,0.49089529590288317,0.32528908999497236,0.9453951120376587,282.0,282.0,345.0,365.0,0.0,0.0,0.865967869758606,214.0,204.0,303.0,267.0,0.5360050093926112,0.3661248930710009,0.9533279538154602,282.0,282.0,351.0,365.0,0.4892249527410208,0.3238238238238238,0.946963906288147,282.0,282.0,347.0,365.0,0.0,0.0,0.7456768155097961,186.0,170.0,303.0,269.0,0.5358931552587646,0.3660205245153934,0.9536401629447937,282.0,282.0,351.0,367.0,0.4892249527410208,0.3238238238238238,0.9540101289749146,282.0,282.0,351.0,361.0,0.4936105283234789,0.3276778931375032,0.9438316822052002,282.0,282.0,343.0,371.0,0.535,0.3651877133105802,0.9486148953437805,282.0,282.0,365.0,365.0,0.49108159392789374,0.3254527162977867,0.9489190578460693,282.0,282.0,349.0,367.0,0.5633926609536366,0.3921688589782808,0.9457420706748962,282.0,284.0,347.0,365.0,0.49089529590288317,0.32528908999497236,0.9453951120376587,282.0,282.0,345.0,365.0,0.0,0.0,0.8623474836349487,216.0,206.0,303.0,267.0,0.49108159392789374,0.3254527162977867,0.9489190578460693,282.0,282.0,349.0,367.0,0.5313469894475481,0.3617920540997464,0.9542746543884277,282.0,282.0,359.0,363.0,0.5313469894475481,0.3617920540997464,0.9542746543884277,282.0,282.0,359.0,363.0,0.0,0.0,0.8580271005630493,216.0,206.0,303.0,269.0,0.5331118953705626,0.3634305123124823,0.9529415965080261,282.0,282.0,361.0,365.0
568_pid-108514_meningioma.png,0.5207334510892422,0.35202137942798656,0.9642716646194458,134.0,246.0,265.0,409.0,0.8410681524767276,0.7257270168855535,0.9450961351394653,134.0,250.0,223.0,379.0,0.7862790104565162,0.647825173355747,0.9421358108520508,136.0,248.0,229.0,377.0,0.7823432133316371,0.6424989552862516,0.9439555406570435,128.0,238.0,219.0,379.0,0.5293488948740969,0.3599418604651163,0.9648923873901367,134.0,246.0,263.0,405.0,0.8065698207040963,0.6758416493036518,0.9423145651817322,134.0,250.0,227.0,377.0,0.4742244350823439,0.31080877554094083,0.9556899666786194,118.0,248.0,275.0,413.0,0.7677707480461481,0.6230745998187859,0.9439119100570679,134.0,248.0,229.0,379.0,0.7677707480461481,0.6230745998187859,0.9439119100570679,134.0,248.0,229.0,379.0,0.757360157016683,0.6094768015794669,0.9423720240592957,136.0,246.0,231.0,377.0,0.5754787135155234,0.4039804241435563,0.9568977952003479,134.0,248.0,247.0,395.0,0.5165813487647452,0.3482370592648162,0.941646933555603,134.0,314.0,197.0,379.0,0.7866310840005083,0.6483033095936321,0.9433807134628296,134.0,246.0,227.0,379.0,0.7862790104565162,0.647825173355747,0.9421358108520508,136.0,248.0,229.0,377.0,0.800599700149925,0.6675,0.9436860084533691,120.0,244.0,219.0,379.0,0.5369470945359931,0.36700456458592684,0.9620521068572998,134.0,246.0,259.0,403.0,0.6116504854368932,0.4405594405594406,0.9410686492919922,134.0,312.0,197.0,379.0,0.7905996551503928,0.6537121132115323,0.9431325793266296,134.0,248.0,227.0,379.0,0.29792353408243305,0.17503534068419566,0.9614670872688293,104.0,176.0,267.0,409.0,0.7677707480461481,0.6230745998187859,0.9439119100570679,134.0,248.0,229.0,379.0
574_pid-108945_meningioma.png,0.9480916030534351,0.9013062409288825,0.9857004284858704,136.0,174.0,227.0,261.0,0.9476896251089799,0.9005799502899752,0.9860591888427734,136.0,174.0,231.0,263.0,0.9476553980370774,0.900518134715026,0.9851729869842529,138.0,174.0,229.0,263.0,0.9473913517046073,0.9000413907284768,0.9860432744026184,134.0,172.0,235.0,265.0,0.947896228471768,0.9009531703273933,0.9858582615852356,136.0,174.0,227.0,263.0,0.9472880061115355,0.8998548621190131,0.9852178692817688,138.0,174.0,223.0,265.0,0.9477351916376306,0.9006622516556292,0.9847365617752075,136.0,174.0,247.0,265.0,0.9478848669864806,0.9009326424870466,0.9863002896308899,134.0,172.0,227.0,261.0,0.9459991254919108,0.8975316324414022,0.9842202067375183,140.0,180.0,227.0,263.0,0.9476896251089799,0.9005799502899752,0.9860591888427734,136.0,174.0,231.0,263.0,0.9475863571973412,0.9003934562021122,0.9863168597221375,134.0,174.0,231.0,263.0,0.9475863571973412,0.9003934562021122,0.9859241843223572,136.0,174.0,229.0,265.0,0.947402880838062,0.9000622019489944,0.9843072891235352,138.0,176.0,227.0,263.0,0.9474487570867859,0.9001450176092811,0.9847000241279602,138.0,174.0,227.0,265.0,0.9475977775356793,0.9004140786749483,0.9858093857765198,134.0,172.0,239.0,261.0,0.9477929155313352,0.9007665216490574,0.9861529469490051,136.0,174.0,229.0,263.0,0.9477124183006536,0.9006211180124224,0.9861456751823425,134.0,174.0,229.0,265.0,0.9474143574078114,0.9000829187396352,0.984693706035614,138.0,174.0,227.0,263.0,0.949669877692391,0.9041632316570486,0.9832227826118469,124.0,160.0,245.0,263.0,0.9472764981988866,0.8998340937370386,0.9848973155021667,138.0,176.0,223.0,263.0
582_pid-109968_meningioma.png,0.8826446280991735,0.7899408284023669,0.9716131687164307,254.0,310.0,341.0,379.0,0.8602941176470589,0.7548387096774194,0.9688553214073181,264.0,312.0,341.0,377.0,0.9678169139996424,0.9376407413822969,0.9789371490478516,252.0,298.0,341.0,377.0,0.8114711667874521,0.6827526132404181,0.9651066064834595,252.0,318.0,341.0,377.0,0.8008784773060029,0.6678876678876678,0.9553908705711365,266.0,318.0,341.0,377.0,0.9153054480219054,0.8438370473537604,0.9724077582359314,256.0,304.0,341.0,377.0,0.8834403580463125,0.7912164517253398,0.9718641042709351,254.0,310.0,341.0,377.0,0.8337403337403337,0.7148839644041179,0.9628316760063171,264.0,316.0,341.0,377.0,0.9714900484131254,0.944560669456067,0.984261691570282,250.0,296.0,341.0,377.0,0.9736023464580926,0.9485625216487703,0.9889276623725891,250.0,288.0,341.0,379.0,0.9741440798858774,0.9495915174691465,0.9887085556983948,254.0,292.0,341.0,377.0,0.8820492841141522,0.7889876285067084,0.9717798829078674,256.0,310.0,341.0,377.0,0.8351603735282176,0.7169745555942837,0.9646403789520264,252.0,316.0,341.0,377.0,0.9366386088243456,0.8808281141266527,0.9747501611709595,264.0,300.0,341.0,377.0,0.8360871768879878,0.7183417523079603,0.964666485786438,250.0,316.0,341.0,377.0,0.8609153181773057,0.7557957120446226,0.9702505469322205,260.0,312.0,341.0,377.0,0.8965185612617811,0.812445529022137,0.9747588634490967,260.0,308.0,339.0,377.0,0.9173880316146029,0.8473839735790023,0.9739258289337158,254.0,304.0,341.0,379.0,0.8966246754495625,0.8126198361512986,0.9747803211212158,262.0,308.0,341.0,377.0,0.9348268839103869,0.8776290630975143,0.9754154682159424,254.0,302.0,341.0,377.0
587_pid-111077_meningioma.png,0.2533809760730924,0.14506940128444168,0.9026362895965576,104.0,206.0,233.0,375.0,0.2620038337463182,0.15075052456017646,0.9186444878578186,104.0,220.0,231.0,377.0,0.2553497055866724,0.14636154099440238,0.8701366782188416,102.0,190.0,229.0,375.0,0.1355597133476895,0.07270799409247548,0.921125590801239,102.0,140.0,239.0,373.0,0.25053898670499464,0.143209242618742,0.9186388254165649,104.0,212.0,233.0,377.0,0.2566705471478463,0.14723008707730115,0.8774411082267761,106.0,192.0,231.0,375.0,0.13567783034683156,0.07277595715770123,0.8963305354118347,104.0,148.0,235.0,375.0,0.2550180371843493,0.14614365226610124,0.8810158967971802,104.0,192.0,231.0,375.0,0.25958236658932715,0.1491494694182264,0.9049347043037415,106.0,208.0,231.0,377.0,0.238061797752809,0.1351135910721403,0.8832070827484131,104.0,180.0,231.0,375.0,0.2647267230384052,0.15255621495072685,0.9129694700241089,110.0,222.0,233.0,377.0,0.24976236817091385,0.14270197579393815,0.884747326374054,102.0,186.0,231.0,375.0,0.24059040590405903,0.13674496644295303,0.8803400993347168,104.0,184.0,233.0,375.0,0.258827879460159,0.14865151836908047,0.9088128209114075,106.0,212.0,231.0,377.0,0.13447528341447812,0.07208442869661294,0.9265825748443604,102.0,142.0,237.0,375.0,0.25994990258836626,0.14939219449776073,0.9200107455253601,102.0,218.0,231.0,377.0,0.2030438010393467,0.11299318322660608,0.8801919221878052,102.0,174.0,229.0,373.0,0.25335035098915126,0.14504932407745708,0.8889307975769043,110.0,206.0,235.0,375.0,0.18647735469420296,0.10282604144860791,0.8968148231506348,100.0,150.0,235.0,371.0,0.2621828244453825,0.1508690489042427,0.9115247130393982,106.0,218.0,231.0,377.0
589_pid-111366_meningioma.png,0.9333543903979785,0.8750370151021617,0.9345419406890869,208.0,140.0,325.0,267.0,0.9327226784586229,0.8739271973956791,0.9252371788024902,212.0,140.0,327.0,265.0,0.9339876523666297,0.8761508761508762,0.9545901417732239,208.0,148.0,325.0,267.0,0.9395051875498803,0.8859121011438892,0.9653738141059875,208.0,136.0,297.0,255.0,0.938755980861244,0.8845807033363391,0.9672282338142395,208.0,148.0,295.0,267.0,0.9384173580089342,0.8839795611662158,0.9695863723754883,208.0,158.0,299.0,265.0,0.9362986497220016,0.8802270011947432,0.9627372026443481,208.0,136.0,301.0,263.0,0.9381180223285487,0.8834484830279363,0.9661458134651184,208.0,142.0,291.0,267.0,0.9327651515151515,0.8740017746228926,0.9326441884040833,208.0,138.0,323.0,267.0,0.8568932378123362,0.7496178538673188,0.9539141058921814,208.0,200.0,277.0,267.0,0.9387364390555201,0.8845460012026458,0.967202365398407,208.0,150.0,295.0,267.0,0.9328700047385879,0.874185908821788,0.9184189438819885,212.0,140.0,329.0,265.0,0.9339234903572557,0.8760379596678529,0.9388408064842224,208.0,140.0,323.0,265.0,0.9395348837209302,0.8859649122807017,0.9657948613166809,208.0,180.0,295.0,267.0,0.938444409098139,0.8840275696733593,0.9601903557777405,204.0,132.0,301.0,259.0,0.938755980861244,0.8845807033363391,0.9672282338142395,208.0,148.0,295.0,267.0,0.9370517928286852,0.881559220389805,0.9660199284553528,208.0,136.0,291.0,259.0,0.9342188488298545,0.8765578635014837,0.9339755177497864,208.0,144.0,331.0,267.0,0.9375698547022194,0.8824767057409078,0.9637963771820068,212.0,136.0,295.0,259.0,0.9333543903979785,0.8750370151021617,0.9345419406890869,208.0,140.0,325.0,267.0
597_pid-111710_meningioma.png,0.6235997012696042,0.45306565382528485,0.9578115344047546,172.0,280.0,235.0,341.0,0.6264066016504126,0.4560349535772802,0.9594084620475769,172.0,280.0,233.0,341.0,0.6208689194207204,0.4501884760366182,0.9579508900642395,172.0,276.0,235.0,341.0,0.6264066016504126,0.4560349535772802,0.9594084620475769,172.0,280.0,233.0,341.0,0.6264066016504126,0.4560349535772802,0.9594084620475769,172.0,280.0,233.0,341.0,0.6019417475728155,0.4305555555555556,0.9489070773124695,170.0,278.0,243.0,343.0,0.6264066016504126,0.4560349535772802,0.9594084620475769,172.0,280.0,233.0,341.0,0.0,0.0,0.8737242221832275,396.0,324.0,477.0,373.0,0.6318577374195989,0.4618362831858407,0.9602569937705994,174.0,278.0,233.0,339.0,0.625,0.45454545454545453,0.9529917240142822,172.0,262.0,233.0,341.0,0.5741692360397397,0.40269101393560786,0.9439270496368408,172.0,278.0,251.0,341.0,0.6264066016504126,0.4560349535772802,0.9589337110519409,170.0,280.0,233.0,341.0,0.6264066016504126,0.4560349535772802,0.9594084620475769,172.0,280.0,233.0,341.0,0.6171470805617147,0.4462854088722608,0.9563188552856445,172.0,278.0,237.0,341.0,0.0,0.0,0.9169934988021851,108.0,238.0,151.0,365.0,0.620817843866171,0.4501347708894879,0.9585407972335815,172.0,278.0,235.0,341.0,0.0,0.0,0.8973501324653625,408.0,320.0,485.0,375.0,0.6264066016504126,0.4560349535772802,0.9594084620475769,172.0,280.0,233.0,341.0,0.6264066016504126,0.4560349535772802,0.9594084620475769,172.0,280.0,233.0,341.0,0.620817843866171,0.4501347708894879,0.9585407972335815,172.0,278.0,235.0,341.0
59_pid-58392_pituitary.png,0.9234937838699394,0.8578620076991412,0.9726929664611816,222.0,170.0,307.0,287.0,0.6635310313181141,0.49648068669527895,0.9453786611557007,218.0,174.0,331.0,295.0,0.9309677419354838,0.8708509354254678,0.9641284942626953,216.0,170.0,307.0,295.0,0.6585476895060324,0.49092143220770407,0.9436660408973694,214.0,172.0,333.0,297.0,0.9247002398081535,0.8599464763603925,0.9748360514640808,230.0,170.0,307.0,283.0,0.9274943856272057,0.8647921029015854,0.9513750076293945,218.0,170.0,311.0,295.0,0.9288581981692628,0.8671664167916042,0.9560773372650146,216.0,170.0,309.0,297.0,0.9238870272857826,0.858540925266904,0.9760493636131287,224.0,170.0,307.0,285.0,0.9278383579217447,0.8653903679329943,0.9512760639190674,216.0,170.0,311.0,295.0,0.760137179745814,0.6130816791409046,0.8739606142044067,246.0,172.0,303.0,265.0,0.9268762026940346,0.8637178720860729,0.9794480204582214,230.0,172.0,303.0,283.0,0.6614065180102916,0.49410558687852385,0.9450541734695435,218.0,170.0,335.0,295.0,0.905849233656553,0.8279016580903373,0.9361863136291504,214.0,170.0,317.0,297.0,0.925339728217426,0.8610532579589408,0.9824585914611816,224.0,172.0,303.0,287.0,0.9231505102040817,0.8572697660645543,0.9819565415382385,218.0,172.0,303.0,293.0,0.6679768786127168,0.5014754382919632,0.9485983848571777,228.0,172.0,327.0,285.0,0.923739629865986,0.858286391935962,0.9819617867469788,220.0,170.0,303.0,291.0,0.0047694753577106515,0.002390438247011952,0.8420647978782654,246.0,172.0,303.0,237.0,0.6617091865919231,0.494443494614464,0.9377267956733704,216.0,170.0,325.0,295.0,0.6603493549491951,0.4929265382648713,0.9406394958496094,216.0,170.0,329.0,295.0
600_pid-112002_meningioma.png,0.7681951219512195,0.6236337715824489,0.9256763458251953,62.0,110.0,173.0,231.0,0.7427246376811594,0.5907414238288454,0.8833330273628235,64.0,122.0,153.0,229.0,0.7482709616295594,0.5977898879806237,0.9230537414550781,62.0,110.0,187.0,229.0,0.5612940947183784,0.39013817393660255,0.9081323742866516,62.0,118.0,191.0,231.0,0.43577269433806026,0.2785865537321334,0.8497474193572998,64.0,122.0,187.0,229.0,0.7666817564508828,0.6216414623403318,0.9353779554367065,64.0,106.0,187.0,229.0,0.22468387501306303,0.12655992465269603,0.8477287888526917,62.0,132.0,183.0,231.0,0.680041056265746,0.5151986427258589,0.9017320871353149,62.0,116.0,181.0,231.0,0.7595750379430408,0.6123506549589751,0.9309386610984802,62.0,106.0,183.0,231.0,0.21836687485542447,0.12256556738509478,0.8960981369018555,64.0,124.0,191.0,229.0,0.8329741379310345,0.7137580794090489,0.9377557039260864,64.0,112.0,169.0,229.0,0.7541158672243481,0.6052857142857143,0.933336615562439,62.0,106.0,185.0,231.0,0.6832507247732161,0.5188920454545455,0.9016717672348022,64.0,116.0,189.0,229.0,0.9568312284730195,0.9172353070658156,0.9238132834434509,64.0,108.0,185.0,229.0,0.7314798206278027,0.5766402714932126,0.9250490665435791,60.0,108.0,191.0,233.0,0.8236227612786217,0.7001349007515899,0.9212054014205933,62.0,116.0,155.0,231.0,0.674496644295302,0.5088607594936709,0.9015575051307678,62.0,116.0,183.0,231.0,0.7277237168479298,0.5719856028794241,0.9274457097053528,64.0,112.0,185.0,229.0,0.5612940947183784,0.39013817393660255,0.9081323742866516,62.0,118.0,191.0,231.0,0.8016969218626677,0.669026840111971,0.9441206455230713,64.0,108.0,163.0,229.0
606_pid-112252_meningioma.png,0.9558781668089952,0.9154852780806979,0.9862717986106873,100.0,238.0,159.0,307.0,0.9552579082359647,0.9143480632842335,0.9868547916412354,100.0,238.0,159.0,303.0,0.9552579082359647,0.9143480632842335,0.9861053228378296,100.0,240.0,159.0,303.0,0.9560251284980011,0.9157549234135668,0.9855319857597351,102.0,238.0,159.0,307.0,0.9557774607703281,0.9153005464480874,0.985614001750946,100.0,244.0,159.0,303.0,0.9557774607703281,0.9153005464480874,0.9855237603187561,100.0,244.0,157.0,303.0,0.9552579082359647,0.9143480632842335,0.9859535098075867,100.0,240.0,163.0,303.0,0.9552579082359647,0.9143480632842335,0.9868547916412354,100.0,238.0,159.0,303.0,0.9571183533447685,0.9177631578947368,0.9843317866325378,102.0,240.0,157.0,303.0,0.9567706842255941,0.9171240395170143,0.9838452339172363,102.0,244.0,157.0,301.0,0.9552579082359647,0.9143480632842335,0.9863366484642029,100.0,240.0,157.0,303.0,0.9562482127537889,0.9161643835616439,0.9844092726707458,102.0,244.0,159.0,307.0,0.9557774607703281,0.9153005464480874,0.985614001750946,100.0,244.0,159.0,303.0,0.9571183533447685,0.9177631578947368,0.9844802021980286,102.0,240.0,157.0,301.0,0.9554357082032359,0.9146739130434782,0.9859004020690918,100.0,238.0,163.0,309.0,0.9568448128036582,0.9172602739726028,0.984673023223877,102.0,240.0,159.0,303.0,0.9565962307252999,0.9168035030103996,0.9839115142822266,102.0,234.0,159.0,303.0,0.9567706842255941,0.9171240395170143,0.983671247959137,102.0,244.0,157.0,303.0,0.9568448128036582,0.9172602739726028,0.984673023223877,102.0,240.0,159.0,303.0,0.9552579082359647,0.9143480632842335,0.9861053228378296,100.0,240.0,159.0,303.0
615_pid-112648_meningioma.png,0.39960707269155205,0.2496931009084213,0.6423242688179016,282.0,206.0,367.0,333.0,0.033124128312412834,0.016840985640843822,0.8294809460639954,282.0,208.0,371.0,333.0,0.033124128312412834,0.016840985640843822,0.8294809460639954,282.0,208.0,371.0,333.0,0.012471482889733841,0.006274869911233548,0.8617338538169861,282.0,206.0,355.0,323.0,0.9084967320261438,0.8323353293413174,0.7010027766227722,284.0,206.0,365.0,333.0,0.04170317154371824,0.02129563350035791,0.8155987858772278,282.0,208.0,371.0,335.0,0.8955550689730677,0.8108643933386201,0.687545120716095,284.0,204.0,365.0,331.0,0.04448336252189142,0.022747626723983522,0.8126171231269836,284.0,208.0,371.0,335.0,0.1411192214111922,0.07591623036649214,0.6941834688186646,282.0,206.0,363.0,331.0,0.044591534575857864,0.022804204525209336,0.606137752532959,262.0,190.0,371.0,333.0,0.02854715378079864,0.014480262023789003,0.8762871623039246,284.0,208.0,373.0,335.0,0.1411192214111922,0.07591623036649214,0.6941834688186646,282.0,206.0,363.0,331.0,0.18888002128225592,0.10428907168037603,0.67551189661026,282.0,206.0,365.0,331.0,0.02854715378079864,0.014480262023789003,0.8762871623039246,284.0,208.0,373.0,335.0,0.1941747572815534,0.10752688172043011,0.6564719080924988,284.0,200.0,367.0,331.0,0.6345637583892617,0.4647333497173753,0.6709986329078674,282.0,204.0,367.0,335.0,0.010494097070397902,0.005274725274725275,0.9267431497573853,282.0,208.0,347.0,325.0,0.18888002128225592,0.10428907168037603,0.67551189661026,282.0,206.0,365.0,331.0,0.0,0.0,0.9349706172943115,150.0,182.0,231.0,341.0,0.46482836240855374,0.3027859237536657,0.6484492421150208,282.0,208.0,367.0,333.0
61_pid-105937_meningioma.png,0.9634976283769849,0.9295662554715479,0.8322457671165466,208.0,200.0,349.0,309.0,0.96651808852493,0.9352056168505517,0.9456347227096558,190.0,240.0,343.0,325.0,0.9666562792147086,0.9354644149577804,0.9885950684547424,206.0,244.0,341.0,323.0,0.3337096091435022,0.2002709797611991,0.9152148962020874,182.0,182.0,365.0,341.0,0.9671517671517672,0.9363929146537843,0.9900904893875122,200.0,236.0,343.0,311.0,0.9673189009159034,0.9367063092118525,0.9927736520767212,212.0,244.0,341.0,313.0,0.3749801807515459,0.23075421992389503,0.8895094394683838,184.0,204.0,363.0,343.0,0.9673189009159034,0.9367063092118525,0.9921873807907104,208.0,240.0,343.0,309.0,0.9677150593626328,0.9374495560936239,0.9929006695747375,212.0,244.0,343.0,309.0,0.9666701277125948,0.9354903536977492,0.9882326126098633,202.0,238.0,341.0,319.0,0.32544434939644523,0.19434669088432285,0.8171526193618774,184.0,188.0,359.0,331.0,0.9675,0.937046004842615,0.9930339455604553,212.0,244.0,341.0,309.0,0.967131266902434,0.9363544813695871,0.9917635917663574,206.0,240.0,343.0,311.0,0.9662197276790354,0.9346470943092701,0.9918467402458191,212.0,240.0,341.0,319.0,0.2772079939049405,0.16090624574772078,0.9553624987602234,180.0,180.0,373.0,359.0,0.9675338189386056,0.9371094537391655,0.991991400718689,206.0,240.0,343.0,309.0,0.3355323827764773,0.2015854074326628,0.9180242419242859,184.0,174.0,371.0,331.0,0.966916354556804,0.93595166163142,0.9936608672142029,212.0,240.0,341.0,311.0,0.3278006860944593,0.19602967383646236,0.9172118306159973,182.0,190.0,363.0,351.0,0.9677150593626328,0.9374495560936239,0.9929006695747375,212.0,244.0,343.0,309.0
622_pid-113098_meningioma.png,0.928487493704885,0.8665204449318502,0.9566507935523987,212.0,174.0,301.0,265.0,0.9077516059957174,0.8310853199498118,0.9506956338882446,214.0,176.0,299.0,263.0,0.927743236430852,0.8652248863814449,0.9576409459114075,212.0,176.0,301.0,265.0,0.4644988680798518,0.3025063664388152,0.8382954597473145,182.0,152.0,283.0,249.0,0.9350692705725254,0.8780564263322884,0.966820240020752,216.0,180.0,301.0,267.0,0.9217641094964515,0.8548816799874628,0.9492341876029968,212.0,174.0,299.0,265.0,0.8954525768731052,0.8106963613550816,0.948166012763977,214.0,176.0,297.0,263.0,0.928487493704885,0.8665204449318502,0.9566507935523987,212.0,174.0,301.0,265.0,0.927743236430852,0.8652248863814449,0.9576409459114075,212.0,176.0,301.0,265.0,0.936963943708885,0.8814037286542378,0.9644845128059387,214.0,176.0,301.0,267.0,0.9410009943652635,0.8885758998435055,0.9681692123413086,214.0,176.0,303.0,267.0,0.9084374465172,0.8322358105989338,0.9484103322029114,212.0,176.0,299.0,263.0,0.9254485721506192,0.861241768579492,0.9600756168365479,214.0,180.0,301.0,265.0,0.928487493704885,0.8665204449318502,0.9566507935523987,212.0,174.0,301.0,265.0,0.709592641261498,0.5498981670061099,0.7976124882698059,176.0,150.0,291.0,259.0,0.9247892074198988,0.8601003764115432,0.9609930515289307,216.0,180.0,301.0,265.0,0.6993677340403834,0.537713658460091,0.9336905479431152,212.0,174.0,291.0,255.0,0.926829268292683,0.8636363636363636,0.9593248963356018,214.0,176.0,301.0,265.0,0.0,0.0,0.8746182322502136,100.0,280.0,157.0,341.0,0.928487493704885,0.8665204449318502,0.9566507935523987,212.0,174.0,301.0,265.0
647_pid-114018_meningioma.png,0.8811742182514358,0.7875884097650011,0.9752742648124695,246.0,214.0,327.0,301.0,0.8894176581089542,0.8008570139828597,0.9516156315803528,240.0,212.0,335.0,303.0,0.815563555801717,0.6885667523965396,0.959411084651947,248.0,216.0,303.0,301.0,0.0,0.0,0.8447317481040955,100.0,278.0,195.0,375.0,0.879570442342112,0.7850296668188042,0.9774323105812073,248.0,216.0,333.0,301.0,0.8591942560829677,0.7531468531468531,0.9632226824760437,246.0,214.0,307.0,301.0,0.8897252540459164,0.8013559322033899,0.9614201784133911,238.0,214.0,327.0,307.0,0.8802762854950115,0.7861549006168609,0.9760924577713013,246.0,214.0,323.0,301.0,0.8860270444301352,0.7953757225433526,0.9626451730728149,246.0,220.0,307.0,303.0,0.8709465668898516,0.7713953488372093,0.9659703969955444,246.0,218.0,309.0,303.0,0.8758135902108826,0.779064381658175,0.9664813876152039,246.0,216.0,311.0,303.0,0.8935162094763093,0.8075276087446472,0.9561930298805237,240.0,212.0,329.0,307.0,0.885623812539582,0.7947260741077518,0.9600412249565125,244.0,212.0,335.0,303.0,0.8701588551923329,0.7701603532419242,0.9692675471305847,248.0,214.0,309.0,301.0,0.0,0.0,0.8564053773880005,100.0,264.0,189.0,373.0,0.8836382113821138,0.7915339098771051,0.9716474413871765,244.0,214.0,331.0,303.0,0.0,0.0,0.8921706080436707,102.0,278.0,189.0,397.0,0.8864016467258459,0.7959796672828097,0.962524950504303,246.0,218.0,307.0,301.0,0.0,0.0,0.8636221885681152,100.0,260.0,187.0,373.0,0.8866371120962635,0.7963594994311718,0.9689658880233765,244.0,212.0,327.0,303.0
650_pid-114359_meningioma.png,0.6786430002862869,0.5135954934459972,0.869583249092102,142.0,206.0,267.0,303.0,0.68901356437753,0.5255687973997833,0.930778980255127,152.0,208.0,265.0,307.0,0.27081811541271,0.1566163269616644,0.7922393679618835,138.0,212.0,263.0,303.0,0.0005877858108505261,0.00029397930385700844,0.8757905960083008,200.0,96.0,379.0,231.0,0.00024099289070972406,0.00012051096649795132,0.8887618780136108,208.0,102.0,379.0,231.0,0.00012454851164528583,6.227813414710095e-05,0.909229576587677,212.0,102.0,375.0,231.0,0.00024099289070972406,0.00012051096649795132,0.8887618780136108,208.0,102.0,379.0,231.0,0.9055922410235245,0.8274724238710286,0.9262170791625977,144.0,100.0,283.0,303.0,0.6546909090909091,0.48664720510325443,0.8116961717605591,140.0,212.0,263.0,303.0,0.4928969856840601,0.3270492998833139,0.8755717277526855,142.0,100.0,389.0,307.0,0.5265886928085319,0.35739422538590737,0.8880038857460022,144.0,100.0,365.0,303.0,0.6911952360697575,0.5281117972050698,0.9357302188873291,152.0,208.0,265.0,303.0,0.6750394717956079,0.5094789296934243,0.9141743183135986,148.0,208.0,267.0,303.0,0.5219318712085861,0.3531176006314128,0.8853349089622498,142.0,100.0,361.0,303.0,0.00036659131178591066,0.00018332925934979222,0.9139181971549988,208.0,100.0,371.0,231.0,0.6911952360697575,0.5281117972050698,0.9357302188873291,152.0,208.0,265.0,303.0,0.0003659875564230816,0.00018302727106338844,0.9033499360084534,208.0,100.0,373.0,231.0,0.00012708095056551024,6.354451293130838e-05,0.9136102795600891,214.0,106.0,375.0,231.0,0.00011776482364717659,5.888587916617595e-05,0.8652379512786865,206.0,96.0,377.0,231.0,0.6642066420664207,0.4972375690607735,0.878753662109375,144.0,208.0,267.0,303.0
684_pid-98241_meningioma.png,0.0,0.0,0.8987047672271729,396.0,212.0,473.0,275.0,0.0,0.0,0.8751302361488342,96.0,96.0,159.0,159.0,0.9165681109558113,0.8459859085045153,0.9830619096755981,76.0,246.0,155.0,367.0,0.0,0.0,0.8751302361488342,96.0,96.0,159.0,159.0,0.0,0.0,0.866933286190033,100.0,100.0,157.0,157.0,0.9521085746971036,0.9085946804287416,0.9830968976020813,72.0,244.0,155.0,365.0,0.0,0.0,0.8751302361488342,96.0,96.0,159.0,159.0,0.0,0.0,0.8751302361488342,96.0,96.0,159.0,159.0,0.9120837605915052,0.8383768230975295,0.9826030731201172,78.0,244.0,157.0,371.0,0.0,0.0,0.8751302361488342,96.0,96.0,159.0,159.0,0.0,0.0,0.9143930673599243,394.0,212.0,475.0,277.0,0.6056523852510243,0.4343625498007968,0.9650206565856934,80.0,248.0,153.0,307.0,0.0,0.0,0.8736414313316345,100.0,100.0,157.0,159.0,0.9449939812634113,0.8957237821212422,0.9792957901954651,74.0,246.0,165.0,367.0,0.0,0.0,0.7783124446868896,396.0,212.0,475.0,293.0,0.0,0.0,0.866933286190033,100.0,100.0,157.0,157.0,0.0,0.0,0.866933286190033,100.0,100.0,157.0,157.0,0.9516078676241024,0.9076831447290054,0.983429491519928,72.0,246.0,155.0,365.0,0.0,0.0,0.8737691640853882,102.0,102.0,155.0,157.0,0.5861146317420082,0.4145418326693227,0.9572725296020508,84.0,246.0,155.0,307.0
692_pid-99089_meningioma.png,0.9629237288135594,0.9284984678243106,0.983180582523346,102.0,174.0,171.0,239.0,0.9606756400105568,0.9243270695784662,0.974290668964386,102.0,172.0,183.0,249.0,0.9634727368978295,0.9295199182839632,0.9812775254249573,102.0,174.0,189.0,237.0,0.9611829944547134,0.9252669039145908,0.9755415916442871,102.0,172.0,179.0,249.0,0.9624537281861449,0.9276248725790011,0.9773660898208618,102.0,174.0,175.0,247.0,0.9636893718526371,0.929923273657289,0.9840514063835144,102.0,174.0,181.0,235.0,0.9529042386185244,0.9100449775112444,0.9627416133880615,102.0,172.0,183.0,255.0,0.9624537281861449,0.9276248725790011,0.9773660898208618,102.0,174.0,175.0,247.0,0.9631983055334922,0.9290091930541369,0.982039749622345,102.0,174.0,185.0,237.0,0.9621993127147767,0.9271523178807947,0.9762888550758362,102.0,174.0,187.0,245.0,0.9601688208915853,0.9233891425672247,0.9744148254394531,102.0,172.0,175.0,251.0,0.9623741388447271,0.9274770173646578,0.9838029742240906,102.0,174.0,169.0,237.0,0.9629237288135594,0.9284984678243106,0.9827175140380859,102.0,174.0,181.0,237.0,0.9631983055334922,0.9290091930541369,0.9824276566505432,102.0,174.0,183.0,237.0,0.958421052631579,0.9201616978271855,0.9720051884651184,100.0,172.0,181.0,251.0,0.9579390115667719,0.9192734611503531,0.9710463881492615,100.0,172.0,183.0,251.0,0.961864406779661,0.926530612244898,0.9831424355506897,102.0,174.0,163.0,243.0,0.9631983055334922,0.9290091930541369,0.9832860231399536,102.0,174.0,187.0,235.0,0.9614368726888537,0.9257375381485249,0.9759780764579773,102.0,172.0,185.0,247.0,0.9634340222575517,0.9294478527607362,0.9839407205581665,102.0,174.0,183.0,235.0
697_pid-99308_meningioma.png,0.8626302083333334,0.7584430452203778,0.957927405834198,102.0,284.0,191.0,375.0,0.8587496943516179,0.7524639337237538,0.9416512250900269,106.0,266.0,189.0,373.0,0.8695441319107663,0.7691977691977692,0.9577668309211731,102.0,282.0,189.0,371.0,0.0,0.0,0.7600889801979065,100.0,170.0,189.0,265.0,0.8751505419510237,0.7780157030692363,0.963355302810669,102.0,288.0,187.0,375.0,0.8736799677549375,0.7756942456341254,0.9595406651496887,100.0,278.0,189.0,375.0,0.8720660097732916,0.7731534090909091,0.9587929844856262,104.0,282.0,189.0,377.0,0.8890467171717171,0.8002557181417815,0.9663830399513245,100.0,286.0,185.0,377.0,0.8740562248995984,0.776287630189756,0.9562286734580994,102.0,280.0,195.0,377.0,0.8852354856643634,0.7941008834425762,0.9681640863418579,100.0,284.0,169.0,377.0,0.8844963086449155,0.7929120409906063,0.9683306217193604,100.0,288.0,175.0,377.0,0.5573392088972825,0.38632727272727274,0.7125661373138428,102.0,174.0,191.0,377.0,0.870658393101781,0.7709433423719138,0.9560316205024719,104.0,282.0,191.0,375.0,0.8771339264246213,0.7811563169164882,0.962796688079834,102.0,286.0,187.0,375.0,0.0,0.0,0.7927920818328857,100.0,172.0,183.0,267.0,0.8753818941952083,0.778381469831284,0.9499138593673706,102.0,268.0,191.0,375.0,0.8486295168326611,0.7370603374320847,0.9544461369514465,106.0,286.0,189.0,373.0,0.9486142322097378,0.9022513536620119,0.9750284552574158,84.0,266.0,189.0,375.0,0.0,0.0,0.778600811958313,100.0,172.0,185.0,267.0,0.8749900151769311,0.7777619994319795,0.9541066884994507,104.0,278.0,191.0,377.0
708_pid-99815_meningioma.png,0.23740998428151922,0.13469382111797806,0.9477332830429077,170.0,174.0,413.0,453.0,0.24702694565708264,0.14091884929154144,0.7630554437637329,172.0,364.0,231.0,451.0,0.2717855647075248,0.1572637973374693,0.9330708980560303,170.0,180.0,383.0,453.0,0.004275461902580546,0.002142310635042081,0.807663083076477,216.0,172.0,411.0,377.0,0.24048195150856747,0.1366748989672205,0.9455211758613586,170.0,176.0,411.0,453.0,0.2303370786516854,0.13015873015873017,0.95705246925354,152.0,176.0,409.0,453.0,0.23901577410887323,0.13572851510803394,0.9460329413414001,170.0,174.0,411.0,453.0,0.24864713089646723,0.1419743189867514,0.9415342807769775,170.0,174.0,399.0,453.0,0.2418755976107986,0.13757592880350333,0.94228595495224,170.0,176.0,411.0,451.0,0.9315845824411135,0.8719310552159535,0.9194545745849609,170.0,278.0,323.0,453.0,0.809133693568067,0.6794496487119438,0.9304960370063782,170.0,316.0,271.0,453.0,0.2311281650441744,0.13066416711301554,0.9573124051094055,150.0,176.0,407.0,453.0,0.23901577410887323,0.13572851510803394,0.9460329413414001,170.0,174.0,411.0,453.0,0.5632627838714661,0.39204301075268816,0.8839206695556641,170.0,262.0,323.0,453.0,0.23722618844570065,0.13457551212230118,0.9432264566421509,172.0,172.0,415.0,451.0,0.23740998428151922,0.13469382111797806,0.9477332830429077,170.0,174.0,413.0,453.0,0.28520441271901364,0.1663197729422895,0.7839555740356445,172.0,362.0,231.0,451.0,0.2413336140594231,0.13722535211267606,0.9462052583694458,170.0,174.0,407.0,453.0,0.23740998428151922,0.13469382111797806,0.9477332830429077,170.0,174.0,413.0,453.0,0.24173233231991065,0.1374832380549086,0.945033848285675,170.0,176.0,409.0,453.0
716_pid-100820_glioma.png,0.5878917218914973,0.41632198536430165,0.9478423595428467,74.0,190.0,207.0,269.0,0.5910494693694199,0.41949625378606725,0.9447021484375,78.0,188.0,221.0,275.0,0.3354439699602415,0.20152158527954706,0.9532934427261353,132.0,206.0,199.0,267.0,0.6921594782866459,0.5292384406165005,0.9229351282119751,80.0,186.0,253.0,295.0,0.586411866007444,0.41483926746836436,0.9454575777053833,76.0,188.0,217.0,287.0,0.5927098050296694,0.4211709902819051,0.9441970586776733,76.0,190.0,221.0,269.0,0.3360541216265902,0.20196217076188794,0.9540597200393677,132.0,204.0,199.0,267.0,0.5925298013245033,0.4209892343597079,0.9467797875404358,68.0,182.0,233.0,267.0,0.3377647918188459,0.20319915626647916,0.9540284872055054,132.0,206.0,199.0,269.0,0.5833968012185834,0.4118279569892473,0.943163275718689,72.0,190.0,229.0,291.0,0.5757868729186808,0.40428420576255847,0.9494025707244873,70.0,182.0,221.0,269.0,0.669371373729442,0.5030489803947282,0.9105912446975708,72.0,184.0,263.0,299.0,0.593552827807732,0.4220228384991843,0.9449820518493652,80.0,190.0,219.0,269.0,0.5877089973718056,0.41613873930947104,0.9440597891807556,74.0,190.0,217.0,267.0,0.3386320548344757,0.20382724719101122,0.9550548791885376,132.0,202.0,199.0,269.0,0.5871273335190861,0.4155557308511478,0.9446972012519836,76.0,188.0,215.0,283.0,0.5780943532569423,0.4065630898794831,0.9461114406585693,64.0,180.0,231.0,267.0,0.3372468447314353,0.2028243601059135,0.9543986916542053,132.0,204.0,201.0,267.0,0.5874827877226492,0.4159119496855346,0.8848783373832703,78.0,188.0,265.0,303.0,0.5888319022647381,0.417265599477295,0.954666793346405,74.0,198.0,203.0,269.0
734_pid-106494_glioma.png,0.8377429173495669,0.7207896857373086,0.7994547486305237,248.0,136.0,367.0,227.0,0.899526302667664,0.8173991844132307,0.8413987755775452,252.0,136.0,371.0,221.0,0.8301800775017096,0.7096648480124708,0.8118226528167725,250.0,138.0,377.0,227.0,0.1951219512195122,0.10810810810810811,0.7783520221710205,282.0,136.0,375.0,221.0,0.8453510436432637,0.7321281840591619,0.814434826374054,250.0,136.0,365.0,227.0,0.8391866913123844,0.7229299363057324,0.801211953163147,250.0,136.0,373.0,227.0,0.5779270340406045,0.40639759553456417,0.7753562927246094,244.0,136.0,377.0,229.0,0.8982456140350877,0.8152866242038217,0.8452180624008179,252.0,136.0,367.0,221.0,0.893553963941714,0.8075892857142857,0.8323992490768433,252.0,136.0,373.0,223.0,0.595621769534813,0.42411777441004544,0.7690920233726501,246.0,136.0,373.0,229.0,0.840552995391705,0.724960254372019,0.7987126708030701,250.0,136.0,375.0,227.0,0.8959345435949885,0.8114867994441871,0.8782110810279846,264.0,136.0,367.0,217.0,0.8868440686396418,0.7966934763181412,0.8367778062820435,250.0,136.0,367.0,223.0,0.8228310502283105,0.6989914662529092,0.7938877940177917,248.0,136.0,371.0,227.0,0.08145257084676735,0.042455333451264815,0.7695440649986267,282.0,136.0,391.0,223.0,0.8893290418420401,0.8007133303611235,0.8338773846626282,250.0,136.0,371.0,223.0,0.897876643073812,0.8146788990825689,0.8553926348686218,264.0,136.0,381.0,221.0,0.8260177393677507,0.7036032545524991,0.7870792746543884,248.0,136.0,373.0,227.0,0.282568556383779,0.16452974436569245,0.8348240852355957,224.0,134.0,403.0,235.0,0.8982456140350877,0.8152866242038217,0.8452180624008179,252.0,136.0,367.0,221.0
742_pid-112105_glioma.png,0.3886912970893518,0.24122708230100454,0.8933103680610657,278.0,208.0,361.0,379.0,0.22256993230297611,0.12522007832991988,0.8054326772689819,278.0,208.0,407.0,379.0,0.4349956127522667,0.27795168901555856,0.9214335680007935,276.0,212.0,347.0,379.0,0.48526989049326485,0.32036723073478135,0.8812122941017151,104.0,202.0,259.0,377.0,0.39380734757501684,0.24518064316908553,0.8894761204719543,276.0,208.0,365.0,377.0,0.39353647971675015,0.24497069167643612,0.9050832986831665,280.0,214.0,357.0,377.0,0.5149841182157161,0.34678694317864783,0.9228677749633789,108.0,208.0,259.0,403.0,0.3971517837680738,0.24777878513145965,0.8970108032226562,278.0,208.0,359.0,379.0,0.3550350952585589,0.21583141028432098,0.8837741613388062,278.0,212.0,371.0,377.0,0.5646001562907007,0.3933399872969785,0.9284954071044922,254.0,208.0,347.0,377.0,0.389868804664723,0.24213480602960483,0.8949954509735107,278.0,208.0,361.0,377.0,0.33405312027639816,0.20051847051198962,0.8612252473831177,280.0,214.0,371.0,379.0,0.37725606316976873,0.23248034061780423,0.8877663612365723,278.0,206.0,365.0,375.0,0.4134061382037281,0.2605620431026298,0.9172502756118774,280.0,214.0,347.0,377.0,0.47340678127077596,0.3101066973590071,0.8532559871673584,118.0,192.0,259.0,379.0,0.3837734349600838,0.23745027043940817,0.8894138932228088,278.0,208.0,363.0,377.0,0.5172342336119362,0.3488307090282307,0.8922512531280518,116.0,204.0,261.0,407.0,0.3888641755634638,0.24136026874050895,0.9022679328918457,280.0,208.0,355.0,377.0,0.006806767116045467,0.003415006133748881,0.8897914886474609,102.0,208.0,249.0,375.0,0.37285525736911573,0.22914695146681088,0.8887089490890503,280.0,212.0,363.0,377.0
769_pid-106494_glioma.png,0.901370149565945,0.8204493526275705,0.9372568130493164,206.0,116.0,301.0,231.0,0.8971211298207495,0.8134357762017337,0.922426700592041,206.0,136.0,299.0,231.0,0.8987643615868198,0.8161417322834645,0.9271553754806519,206.0,136.0,297.0,233.0,0.0004781638508128785,0.00023913909924272618,0.9383887052536011,108.0,136.0,189.0,251.0,0.8919063402116968,0.8049015824006175,0.9385786056518555,204.0,116.0,301.0,233.0,0.903551166211389,0.8240705251054044,0.9416142106056213,206.0,122.0,299.0,233.0,0.9003414425949637,0.818746361342907,0.9282518625259399,206.0,134.0,299.0,231.0,0.8984179850124896,0.8155706727135299,0.9325395226478577,206.0,112.0,301.0,231.0,0.8909013424248882,0.8032660902977906,0.9368293881416321,204.0,112.0,301.0,233.0,0.9011430990685859,0.8200732036216528,0.9487242102622986,206.0,128.0,295.0,231.0,0.8893612498671485,0.8007655502392345,0.9443967342376709,204.0,108.0,293.0,235.0,0.8970697133185233,0.8133512372913869,0.9386031031608582,208.0,122.0,301.0,229.0,0.8995784239541671,0.8174852652259332,0.9103451371192932,204.0,136.0,301.0,233.0,0.9022683909264363,0.8219389725762842,0.936543881893158,206.0,132.0,299.0,233.0,0.001358080579447714,0.0006795016987542468,0.9361299276351929,106.0,136.0,195.0,259.0,0.8969618337117526,0.8131738874730445,0.9015136957168579,204.0,136.0,303.0,231.0,0.0005296142642775179,0.00026487727352993113,0.9209167957305908,104.0,132.0,189.0,233.0,0.9063217191737951,0.8286913391835178,0.9418280124664307,204.0,118.0,299.0,233.0,0.0,0.0,0.8999779224395752,100.0,280.0,189.0,373.0,0.89209425236732,0.8052077121844564,0.9101532697677612,204.0,134.0,303.0,233.0
780_pid-112027_glioma.png,0.1555150235192474,0.08431352139065265,0.9432117342948914,174.0,190.0,267.0,303.0,0.10294277337387338,0.05426445334859759,0.9408712387084961,172.0,202.0,265.0,301.0,0.16333605220228384,0.08893083157544132,0.9423348903656006,174.0,200.0,267.0,303.0,0.1003584229390681,0.052830188679245285,0.9452528953552246,176.0,168.0,263.0,301.0,0.1660950005196965,0.0905690319655407,0.9387470483779907,174.0,202.0,267.0,303.0,0.16333605220228384,0.08893083157544132,0.9423348903656006,174.0,200.0,267.0,303.0,0.16214041440354054,0.08822241681260946,0.9469373226165771,176.0,198.0,267.0,303.0,0.1393092743500194,0.0748696558915537,0.9397460222244263,174.0,188.0,265.0,301.0,0.16883535864071406,0.0922010805731736,0.9461482167243958,174.0,206.0,267.0,303.0,0.1680084745762712,0.09170810685786979,0.9401103854179382,174.0,204.0,267.0,303.0,0.1543579507651364,0.083633741888969,0.9443208575248718,174.0,190.0,267.0,307.0,0.1173172757475083,0.062313885518914744,0.9378112554550171,172.0,198.0,265.0,301.0,0.1173172757475083,0.062313885518914744,0.9378112554550171,172.0,198.0,265.0,301.0,0.16883535864071406,0.0922010805731736,0.9461482167243958,174.0,206.0,267.0,303.0,0.03875224454002589,0.01975897457735383,0.7937628030776978,96.0,170.0,263.0,333.0,0.16883535864071406,0.0922010805731736,0.9461482167243958,174.0,206.0,267.0,303.0,0.00811649558367152,0.004074784276126558,0.9186991453170776,180.0,246.0,255.0,297.0,0.1680084745762712,0.09170810685786979,0.9401103854179382,174.0,204.0,267.0,303.0,0.030452757890491077,0.015461806266639361,0.9301999807357788,174.0,180.0,261.0,299.0,0.0897822445561139,0.04700105226236408,0.9399228692054749,172.0,204.0,265.0,301.0
785_pid-112105_glioma.png,0.7779755693327605,0.6366284910588708,0.9343781471252441,140.0,248.0,307.0,379.0,0.8054076198279394,0.6742112482853223,0.9420567154884338,142.0,256.0,307.0,387.0,0.7677901440867674,0.6231001484059158,0.9247954487800598,138.0,250.0,301.0,377.0,0.44656026248409303,0.2874654559810501,0.9775874614715576,134.0,140.0,377.0,381.0,0.8040016333197223,0.6722430863776033,0.954794704914093,200.0,296.0,303.0,395.0,0.7612947572330188,0.6145891136558543,0.9237883687019348,138.0,248.0,301.0,377.0,0.8060296429373456,0.6750834626416514,0.9539176225662231,138.0,248.0,373.0,381.0,0.8300826711614094,0.7095225027442371,0.9554481506347656,200.0,288.0,303.0,381.0,0.7715383894253305,0.628052503052503,0.9298515915870667,138.0,250.0,303.0,377.0,0.7809348453780809,0.6406014005217631,0.9604216814041138,204.0,300.0,301.0,377.0,0.8447200063186162,0.7311820605729131,0.9536021947860718,202.0,286.0,303.0,393.0,0.7640178239881174,0.6181463121526213,0.9279135465621948,138.0,248.0,303.0,377.0,0.7683423913043478,0.6238279095421952,0.9332848191261292,140.0,248.0,303.0,383.0,0.8147123443730165,0.6873541123163531,0.9557339549064636,198.0,292.0,303.0,377.0,0.4507064048403819,0.29091090691170596,0.9783868789672852,134.0,140.0,371.0,377.0,0.7170208105147864,0.5588717388334927,0.9525606632232666,188.0,312.0,303.0,393.0,0.7744481367196772,0.6319178811794897,0.9394569396972656,136.0,248.0,311.0,377.0,0.7673178275002367,0.6224782386072709,0.9264373779296875,140.0,248.0,301.0,377.0,0.8055086177762758,0.6743528080350828,0.9530153274536133,136.0,246.0,365.0,379.0,0.7980115781525295,0.6639095382682442,0.9414201378822327,144.0,250.0,307.0,381.0
795_pid-88670_glioma.png,0.7629095565515129,0.6166966696669667,0.9132280349731445,172.0,126.0,345.0,303.0,0.7866347018279892,0.6483082242529019,0.9026905298233032,176.0,136.0,341.0,297.0,0.7957058163755808,0.6607237892496008,0.9471425414085388,112.0,136.0,303.0,265.0,0.44619577226191354,0.287163443306788,0.9845075011253357,100.0,118.0,361.0,375.0,0.7570955273329653,0.6091341241281265,0.9050390124320984,172.0,124.0,345.0,303.0,0.7723314606741573,0.6291042214849559,0.9476134181022644,170.0,134.0,311.0,231.0,0.6921282532131913,0.5292019304749248,0.9275200366973877,116.0,132.0,339.0,297.0,0.7799013213860375,0.6392116761178768,0.9407688975334167,172.0,124.0,335.0,295.0,0.795790475686824,0.6608405427956612,0.9436203241348267,122.0,134.0,327.0,265.0,0.8125890827843908,0.6843368803529717,0.9463244080543518,174.0,138.0,301.0,229.0,0.7772391368607745,0.6356427984334961,0.8445435762405396,174.0,136.0,351.0,301.0,0.7717425652189178,0.6283231376136299,0.9471398591995239,172.0,134.0,311.0,231.0,0.6423976483619478,0.47318542693068066,0.9194838404655457,108.0,136.0,343.0,303.0,0.7741057681979304,0.6314621181143758,0.9484744071960449,174.0,136.0,309.0,229.0,0.35509259259259257,0.2158739093723614,0.9711154699325562,100.0,184.0,355.0,377.0,0.7671065369134356,0.6222001818332094,0.8744771480560303,136.0,134.0,345.0,301.0,0.7714938030006523,0.6279934158126692,0.9563864469528198,168.0,124.0,335.0,233.0,0.8811335932182415,0.787523504037164,0.9429843425750732,138.0,138.0,309.0,261.0,0.4448033831605533,0.2860110280232646,0.9847251176834106,100.0,128.0,359.0,375.0,0.7863418647703564,0.6479105128080964,0.9054155349731445,172.0,134.0,341.0,299.0
799_pid-90284_glioma.png,0.1500874019269076,0.08113215839669494,0.8928317427635193,104.0,214.0,265.0,377.0,0.8411303728330563,0.7258196721311475,0.9264121651649475,106.0,276.0,199.0,375.0,0.2591786591786592,0.14888297443342205,0.9288366436958313,104.0,212.0,217.0,359.0,0.2634320371031038,0.15169693483441532,0.9187630414962769,108.0,212.0,195.0,377.0,0.15052798956252295,0.08138970944843701,0.8942242860794067,108.0,214.0,267.0,377.0,0.9072004159085001,0.8301617507136061,0.9369699358940125,110.0,280.0,197.0,377.0,0.20582004682796298,0.11471538652746706,0.9093305468559265,106.0,208.0,231.0,371.0,0.2494426052293764,0.14249324585102277,0.9279577732086182,106.0,214.0,199.0,375.0,0.8816285498869063,0.788314606741573,0.9331101775169373,108.0,280.0,197.0,377.0,0.31224627875507444,0.1850070154339547,0.9294314384460449,108.0,214.0,211.0,347.0,0.7669464170432537,0.6219895287958115,0.9207906723022461,104.0,266.0,197.0,375.0,0.8844192634560907,0.792788217369223,0.9532183408737183,118.0,282.0,197.0,377.0,0.22918865230616425,0.12942578700133212,0.927473783493042,106.0,212.0,207.0,375.0,0.8534044099830386,0.7442941673710904,0.9347721934318542,106.0,276.0,197.0,371.0,0.20977272727272728,0.11717659007236257,0.9167245626449585,104.0,208.0,221.0,377.0,0.9163809021366394,0.8456669912366115,0.9127296209335327,108.0,268.0,207.0,377.0,0.12271488399920229,0.06536827195467422,0.911232590675354,102.0,206.0,279.0,377.0,0.8785607196401799,0.7834224598930482,0.9362752437591553,108.0,276.0,199.0,373.0,0.20359545604940996,0.11333497053045187,0.9120994806289673,106.0,208.0,227.0,375.0,0.9123914759273876,0.8388969521044993,0.9425154328346252,110.0,280.0,195.0,373.0
807_pid-92897_glioma.png,0.0,0.0,0.9542270302772522,284.0,212.0,341.0,297.0,0.0,0.0,0.9508001208305359,286.0,214.0,335.0,295.0,0.6262058859445597,0.45582222222222224,0.9353117942810059,102.0,248.0,157.0,331.0,0.6500960343464015,0.4815868764646803,0.9375789761543274,100.0,246.0,159.0,335.0,0.0,0.0,0.9558519721031189,282.0,208.0,341.0,295.0,0.6380905991232343,0.4685264663805436,0.9373342990875244,100.0,246.0,157.0,329.0,0.6718346253229974,0.5058365758754864,0.9413318634033203,100.0,246.0,157.0,307.0,0.0,0.0,0.9535108208656311,284.0,212.0,339.0,297.0,0.62819750148721,0.45793581960104074,0.9348291754722595,100.0,246.0,157.0,333.0,0.6493184634448576,0.48073394495412847,0.9382453560829163,100.0,246.0,157.0,323.0,0.0,0.0,0.950844407081604,284.0,212.0,339.0,291.0,0.632699987897858,0.46273676756948134,0.9340893626213074,100.0,246.0,157.0,331.0,0.0,0.0,0.951606810092926,284.0,212.0,339.0,283.0,0.6612046730389926,0.49388032638259294,0.939727783203125,100.0,246.0,157.0,303.0,0.6486955014301812,0.48005131494547787,0.9306854009628296,100.0,246.0,173.0,355.0,0.0,0.0,0.9530361294746399,284.0,212.0,341.0,295.0,0.6343339121806003,0.46448683015440506,0.9387589693069458,102.0,248.0,157.0,327.0,0.6262058859445597,0.45582222222222224,0.9353117942810059,102.0,248.0,157.0,331.0,0.632699987897858,0.46273676756948134,0.9340893626213074,100.0,246.0,157.0,331.0,0.6488417939871858,0.4802115630129491,0.9375739693641663,100.0,246.0,157.0,325.0
811_pid-93825_glioma.png,0.9036969420356001,0.8243130724396336,0.9745368361473083,142.0,300.0,227.0,371.0,0.9234414334369909,0.8577716643741403,0.9661679863929749,140.0,300.0,231.0,377.0,0.903304113283884,0.823659616330546,0.7915643453598022,108.0,256.0,229.0,375.0,0.2705532757888779,0.15643920798559974,0.7734816074371338,106.0,238.0,233.0,375.0,0.9137879243015921,0.8412610619469026,0.9731033444404602,150.0,302.0,229.0,375.0,0.9245814194695511,0.8597409754753376,0.9489773511886597,118.0,292.0,231.0,375.0,0.9193212265555225,0.8506887052341597,0.9714314937591553,148.0,294.0,231.0,375.0,0.9163298907349199,0.8455801104972376,0.9695760011672974,140.0,304.0,231.0,375.0,0.9122436670687576,0.8386470751316883,0.9739091992378235,142.0,302.0,229.0,373.0,0.9108970499698976,0.8363736871199557,0.9653280973434448,142.0,312.0,231.0,377.0,0.9125395152792413,0.8391472868217055,0.9752557873725891,148.0,298.0,229.0,373.0,0.6173913043478261,0.44654088050314467,0.8672184348106384,108.0,276.0,231.0,377.0,0.913728432108027,0.8411602209944752,0.971561849117279,152.0,304.0,231.0,375.0,0.9239627934445592,0.8586717892425906,0.9650745987892151,140.0,296.0,231.0,377.0,0.8155888861568724,0.6886028648536433,0.7815185189247131,102.0,240.0,227.0,373.0,0.9225299955562138,0.85620016497113,0.9691431522369385,144.0,300.0,231.0,377.0,0.4167812929848693,0.263249348392702,0.8943068981170654,110.0,278.0,223.0,373.0,0.8745508514294641,0.7770682953914492,0.9741922616958618,144.0,312.0,223.0,371.0,0.3473820019352758,0.21020102790970008,0.8004903793334961,88.0,232.0,233.0,377.0,0.9175627240143369,0.847682119205298,0.9699401259422302,140.0,300.0,231.0,375.0
821_pid-100416_glioma.png,0.6844700082169268,0.5202998126171143,0.9346311092376709,170.0,246.0,255.0,303.0,0.6994097807757167,0.5377633711507294,0.9367243051528931,172.0,246.0,249.0,303.0,0.7376237623762376,0.5843137254901961,0.9324308037757874,174.0,248.0,245.0,301.0,0.7316421895861148,0.5768421052631579,0.933357834815979,172.0,248.0,249.0,301.0,0.6891835888934936,0.525766677205185,0.9346880316734314,172.0,246.0,255.0,303.0,0.7376237623762376,0.5843137254901961,0.9324308037757874,174.0,248.0,245.0,301.0,0.7316421895861148,0.5768421052631579,0.933357834815979,172.0,248.0,249.0,301.0,0.6994097807757167,0.5377633711507294,0.9367243051528931,172.0,246.0,249.0,303.0,0.715679895901106,0.5572441742654508,0.9312571287155151,174.0,248.0,259.0,301.0,0.6962900859358625,0.5340836012861736,0.936096727848053,172.0,246.0,251.0,303.0,0.6826469985658676,0.5181959564541213,0.9323756694793701,172.0,246.0,261.0,303.0,0.7341376228775692,0.5799505824214614,0.9326835870742798,172.0,248.0,247.0,301.0,0.6962900859358625,0.5340836012861736,0.936096727848053,172.0,246.0,251.0,303.0,0.7410593028519692,0.5886371808701906,0.9290471076965332,174.0,248.0,243.0,301.0,0.6826469985658676,0.5181959564541213,0.9323756694793701,172.0,246.0,261.0,303.0,0.6994097807757167,0.5377633711507294,0.9367243051528931,172.0,246.0,249.0,303.0,0.6891835888934936,0.525766677205185,0.9346880316734314,172.0,246.0,255.0,303.0,0.734630002235636,0.5805653710247349,0.9342689514160156,174.0,248.0,249.0,301.0,0.7054313099041534,0.5449160908193484,0.9350944757461548,172.0,246.0,245.0,303.0,0.6962900859358625,0.5340836012861736,0.936096727848053,172.0,246.0,251.0,303.0
822_pid-100820_glioma.png,0.23957597173144876,0.13608992372541148,0.8975380063056946,196.0,112.0,355.0,215.0,0.8436974789915966,0.7296511627906976,0.9437536597251892,208.0,136.0,271.0,201.0,0.8607698607698607,0.7555715312724659,0.9309969544410706,208.0,136.0,293.0,205.0,0.1863661352391424,0.10275841163989087,0.8668743968009949,196.0,102.0,375.0,223.0,0.20029542097488923,0.11129349967170059,0.86327064037323,200.0,110.0,371.0,227.0,0.8474717927287924,0.7353154459753445,0.9467936754226685,212.0,138.0,281.0,199.0,0.8815841584158416,0.7882436260623229,0.876384437084198,198.0,124.0,287.0,217.0,0.18817651956702747,0.10386029411764706,0.8940255045890808,190.0,116.0,361.0,229.0,0.8485607008760951,0.7369565217391304,0.942007303237915,208.0,136.0,281.0,199.0,0.12796074360668114,0.06835366468393991,0.9199584722518921,182.0,108.0,373.0,261.0,0.21741221741221742,0.12196438208310847,0.8884396553039551,192.0,120.0,335.0,223.0,0.8447986577181208,0.7312999273783588,0.9432429671287537,208.0,136.0,275.0,199.0,0.8484342379958246,0.7367657722987673,0.9423709511756897,208.0,136.0,277.0,201.0,0.8625050999592003,0.7582496413199427,0.9231918454170227,208.0,136.0,295.0,207.0,0.8668831168831169,0.7650429799426934,0.9259697198867798,206.0,134.0,285.0,219.0,0.33115741903088125,0.1984353843839326,0.8607588410377502,196.0,122.0,295.0,219.0,0.8562010712814174,0.7485590778097982,0.9373361468315125,208.0,136.0,287.0,205.0,0.8491666666666666,0.7378711078928313,0.9457250833511353,212.0,138.0,285.0,199.0,0.15230821071548917,0.08243161094224924,0.9305757284164429,176.0,102.0,375.0,233.0,0.8531120331950207,0.743849493487699,0.9405240416526794,208.0,136.0,285.0,201.0
823_pid-100820_glioma.png,0.7128418549346016,0.553810623556582,0.961825430393219,212.0,138.0,269.0,223.0,0.713988713988714,0.5551963048498846,0.9609435200691223,212.0,138.0,271.0,227.0,0.7120761451516954,0.5528868360277136,0.9624847173690796,212.0,138.0,267.0,227.0,0.7155146840700088,0.5570438799076213,0.9598860144615173,212.0,138.0,275.0,227.0,0.7128418549346016,0.553810623556582,0.961825430393219,212.0,138.0,269.0,223.0,0.7120761451516954,0.5528868360277136,0.9624847173690796,212.0,138.0,267.0,227.0,0.7156833679217314,0.5572483841181902,0.9595213532447815,208.0,138.0,271.0,227.0,0.7156833679217314,0.5572483841181902,0.9591515064239502,208.0,136.0,271.0,227.0,0.710541989279333,0.5510392609699769,0.9602881073951721,208.0,140.0,265.0,229.0,0.7149213883120735,0.5563250230840259,0.9597663879394531,208.0,136.0,269.0,227.0,0.7136066547831253,0.5547344110854503,0.9611795544624329,212.0,138.0,271.0,223.0,0.7132243684992571,0.5542725173210161,0.9621485471725464,212.0,138.0,269.0,229.0,0.7132243684992571,0.5542725173210161,0.9619452357292175,212.0,138.0,269.0,227.0,0.7128418549346016,0.553810623556582,0.961825430393219,212.0,138.0,269.0,223.0,0.7179183914843288,0.5599630996309963,0.9561854600906372,206.0,138.0,277.0,231.0,0.7155146840700088,0.5570438799076213,0.9588842988014221,208.0,136.0,271.0,223.0,0.7132243684992571,0.5542725173210161,0.9622918367385864,212.0,140.0,269.0,229.0,0.7120761451516954,0.5528868360277136,0.9624847173690796,212.0,138.0,267.0,227.0,0.7174170616113744,0.5593533487297921,0.9593422412872314,212.0,136.0,277.0,223.0,0.7120761451516954,0.5528868360277136,0.9624847173690796,212.0,138.0,267.0,227.0
840_pid-103148_glioma.png,0.0,0.0,0.9085578918457031,104.0,184.0,155.0,301.0,0.0,0.0,0.8976951837539673,102.0,176.0,155.0,301.0,0.0,0.0,0.9055736660957336,102.0,182.0,155.0,303.0,0.0,0.0,0.9040811061859131,102.0,176.0,157.0,307.0,0.0,0.0,0.8991621732711792,102.0,182.0,155.0,301.0,0.0,0.0,0.904949963092804,102.0,186.0,155.0,303.0,0.0,0.0,0.9083539247512817,102.0,182.0,157.0,303.0,0.0,0.0,0.8976271152496338,102.0,180.0,155.0,301.0,0.13900750993962596,0.07469536319037823,0.8131434917449951,208.0,208.0,303.0,267.0,0.0,0.0,0.900301992893219,104.0,180.0,153.0,299.0,0.0,0.0,0.9033759832382202,104.0,180.0,153.0,301.0,0.0,0.0,0.9059337377548218,102.0,184.0,155.0,303.0,0.0,0.0,0.9035465121269226,102.0,180.0,155.0,303.0,0.0,0.0,0.8976271152496338,102.0,180.0,155.0,301.0,0.0,0.0,0.9215303063392639,102.0,184.0,157.0,325.0,0.0,0.0,0.904883623123169,104.0,184.0,153.0,301.0,0.0,0.0,0.9083539247512817,102.0,182.0,157.0,303.0,0.12228854272819915,0.06512637618235385,0.8174675703048706,208.0,208.0,301.0,269.0,0.0,0.0,0.9039709568023682,102.0,174.0,155.0,307.0,0.0,0.0,0.904883623123169,104.0,184.0,153.0,301.0
848_pid-106494_glioma.png,0.9480644129252426,0.9012570965125709,0.9749971032142639,176.0,248.0,267.0,341.0,0.9447419147569073,0.8952709559569718,0.9756506085395813,182.0,248.0,267.0,343.0,0.9480644129252426,0.9012570965125709,0.9749971032142639,176.0,248.0,267.0,341.0,0.9390797148412184,0.8851557727550398,0.9765983819961548,186.0,248.0,267.0,341.0,0.9474468085106383,0.9001414998989287,0.9769486784934998,176.0,248.0,267.0,343.0,0.9480644129252426,0.9012570965125709,0.9749971032142639,176.0,248.0,267.0,341.0,0.9464668094218416,0.8983739837398373,0.9755403399467468,180.0,248.0,267.0,341.0,0.9478491768454593,0.9008681607106804,0.9761734008789062,176.0,244.0,267.0,343.0,0.9464668094218416,0.8983739837398373,0.9755403399467468,180.0,248.0,267.0,341.0,0.9482207543149371,0.9015397082658023,0.9748321771621704,176.0,246.0,267.0,341.0,0.9478592623993217,0.9008863819500403,0.9765233397483826,174.0,244.0,267.0,343.0,0.9454155495978552,0.8964815944681717,0.975883424282074,182.0,248.0,267.0,341.0,0.9466154174674354,0.8986418001216299,0.9751539826393127,180.0,246.0,267.0,343.0,0.9482003631314749,0.9015028432168968,0.9752945303916931,176.0,250.0,265.0,341.0,0.0,0.0,0.8486595153808594,102.0,142.0,227.0,269.0,0.9465926084170049,0.8986006895153112,0.9757571220397949,180.0,248.0,267.0,343.0,0.31172422875580286,0.1846405866063419,0.9442107677459717,112.0,150.0,267.0,343.0,0.9470787468247248,0.8994772818657016,0.9781084060668945,176.0,246.0,267.0,351.0,0.0,0.0,0.8444997668266296,102.0,140.0,223.0,267.0,0.9464668094218416,0.8983739837398373,0.9755403399467468,180.0,248.0,267.0,341.0
855_pid-107747_glioma.png,0.8006058638970032,0.667508569366769,0.9772893786430359,136.0,218.0,201.0,303.0,0.8002595436357738,0.6670272219217596,0.9765688180923462,136.0,222.0,207.0,303.0,0.803659849300323,0.671765341011337,0.9714496731758118,136.0,222.0,215.0,303.0,0.802760703116575,0.6705098180508017,0.9724659323692322,136.0,222.0,213.0,303.0,0.7999566771363588,0.6666064981949459,0.9781966805458069,136.0,220.0,201.0,303.0,0.7970136334126813,0.6625292318762367,0.9809021949768066,138.0,240.0,199.0,303.0,0.8156579087331135,0.6887012753727322,0.981522798538208,136.0,228.0,203.0,303.0,0.8038349671442422,0.6720100864553314,0.9717143177986145,136.0,224.0,215.0,303.0,0.8153747870528109,0.6882976811073162,0.9822131991386414,136.0,228.0,201.0,303.0,0.7987421383647799,0.6649214659685864,0.9785087704658508,136.0,220.0,199.0,303.0,0.801038062283737,0.6681096681096681,0.9767633676528931,136.0,216.0,201.0,303.0,0.7978815391266754,0.663729545045855,0.9806900024414062,138.0,240.0,201.0,303.0,0.8118325501922256,0.6832644256696028,0.9835143089294434,136.0,232.0,201.0,303.0,0.8174282678002125,0.6912293314162473,0.9794111251831055,136.0,222.0,199.0,303.0,0.8373688039073054,0.7202359671076153,0.971950888633728,134.0,224.0,211.0,307.0,0.8177088862936618,0.6916307471264368,0.978995680809021,136.0,224.0,203.0,303.0,0.819154571458841,0.6937017764220348,0.9685534238815308,134.0,222.0,217.0,307.0,0.7978815391266754,0.663729545045855,0.9806900024414062,138.0,240.0,201.0,303.0,0.8153502710747316,0.6882627422828428,0.9683229327201843,136.0,212.0,223.0,303.0,0.8003462828698192,0.6671477539238679,0.9773069024085999,136.0,220.0,203.0,303.0
860_pid-112105_glioma.png,0.9288499923230462,0.8671521128375667,0.9543033242225647,180.0,182.0,303.0,327.0,0.6169964615415028,0.4461278980017724,0.930715024471283,134.0,186.0,301.0,379.0,0.5442479827152873,0.3738603665000757,0.9152138829231262,136.0,212.0,301.0,377.0,0.0041438147471054235,0.002076209086468002,0.9210231900215149,136.0,296.0,223.0,377.0,0.8565882392315673,0.7491511532607423,0.9473671913146973,192.0,200.0,303.0,319.0,0.5941653362085052,0.4226423999292056,0.9194085597991943,136.0,198.0,303.0,377.0,0.5210738564350732,0.35233257502570975,0.8966408371925354,136.0,218.0,295.0,377.0,0.9486862348788802,0.9023816355810617,0.9509353637695312,182.0,172.0,303.0,325.0,0.6384531192995258,0.46891747052518756,0.9319648742675781,136.0,164.0,303.0,377.0,0.8987954878592824,0.8161930667283986,0.9478622674942017,196.0,186.0,303.0,319.0,0.9181772721590199,0.8487317270468596,0.9461949467658997,200.0,182.0,301.0,329.0,0.6194761369114575,0.44872541031311836,0.9246233701705933,136.0,188.0,303.0,377.0,0.628258254244085,0.4580003897875658,0.9374929070472717,134.0,170.0,303.0,379.0,0.8179425008659508,0.6919650706206412,0.9525996446609497,190.0,212.0,301.0,333.0,0.03448396705799895,0.01754448525478729,0.892436146736145,136.0,254.0,261.0,379.0,0.8540856031128404,0.7453310696095077,0.9454794526100159,186.0,204.0,303.0,323.0,0.4399468625459092,0.2820076137046684,0.8827990293502808,136.0,224.0,287.0,377.0,0.8685518648977845,0.7676462030840849,0.9496017694473267,200.0,198.0,303.0,327.0,0.029171570200777434,0.014801679212507237,0.9007008671760559,136.0,254.0,259.0,377.0,0.9357586781870547,0.8792730173199635,0.9538629055023193,176.0,180.0,303.0,331.0
865_pid-88670_glioma.png,0.04120079644662276,0.0210337008366565,0.949794590473175,104.0,222.0,189.0,301.0,0.04249443890465598,0.02170846394984326,0.9486514329910278,104.0,222.0,191.0,301.0,0.054415700267618196,0.027968821641448878,0.9485172033309937,102.0,218.0,191.0,301.0,0.056731202161188654,0.029193697868396665,0.9501899480819702,104.0,216.0,187.0,299.0,0.045406705758532555,0.023230769230769232,0.9518063068389893,104.0,220.0,189.0,301.0,0.045379413974455295,0.02321648216482165,0.9491206407546997,102.0,220.0,189.0,301.0,0.04249443890465598,0.02170846394984326,0.9486514329910278,104.0,222.0,191.0,301.0,0.045406705758532555,0.023230769230769232,0.9518063068389893,104.0,220.0,189.0,301.0,0.023120465598341706,0.011695434747539925,0.9450260996818542,104.0,228.0,191.0,301.0,0.04679154442187618,0.023956247111384995,0.9480661153793335,102.0,220.0,191.0,301.0,0.0,0.0,0.7953482270240784,324.0,240.0,413.0,335.0,0.04118502641047233,0.02102548069407535,0.9468725919723511,102.0,222.0,189.0,301.0,0.054910714285714285,0.028230433784714255,0.9518921375274658,104.0,218.0,191.0,301.0,0.042350774896424734,0.021633484872237027,0.9459204077720642,102.0,222.0,191.0,301.0,0.05874840357598978,0.030263157894736843,0.9505245685577393,104.0,216.0,189.0,299.0,0.03711211601434586,0.018906895455989833,0.9488447308540344,104.0,224.0,191.0,301.0,0.05260029717682021,0.027010529528460246,0.9498415589332581,102.0,218.0,189.0,301.0,0.04249443890465598,0.02170846394984326,0.9486514329910278,104.0,222.0,191.0,301.0,0.0628698224852071,0.03245513554791905,0.9507591724395752,104.0,214.0,189.0,299.0,0.04249443890465598,0.02170846394984326,0.9486514329910278,104.0,222.0,191.0,301.0
872_pid-90284_glioma.png,0.0,0.0,0.8516066074371338,212.0,182.0,413.0,373.0,0.0,0.0,0.8174128532409668,292.0,280.0,413.0,375.0,0.0,0.0,0.9066638946533203,174.0,170.0,409.0,375.0,0.0,0.0,0.7903603315353394,284.0,100.0,419.0,187.0,0.0,0.0,0.7703430652618408,280.0,100.0,419.0,191.0,0.0,0.0,0.7677093744277954,288.0,102.0,419.0,189.0,0.0,0.0,0.7857547998428345,284.0,100.0,415.0,189.0,0.0,0.0,0.8755474090576172,186.0,172.0,413.0,375.0,0.0,0.0,0.8299949169158936,292.0,102.0,409.0,185.0,0.0,0.0,0.920460045337677,186.0,186.0,343.0,365.0,0.0,0.0,0.8030543327331543,212.0,214.0,409.0,373.0,0.0,0.0,0.8225326538085938,288.0,104.0,413.0,185.0,0.0,0.0,0.774912416934967,284.0,100.0,419.0,189.0,0.0,0.0,0.8545514345169067,208.0,184.0,411.0,373.0,0.0,0.0,0.9224082231521606,248.0,104.0,479.0,373.0,0.0,0.0,0.7913736701011658,280.0,100.0,415.0,189.0,0.0,0.0,0.7909575700759888,292.0,106.0,415.0,187.0,0.0,0.0,0.9255654215812683,206.0,182.0,317.0,331.0,0.03545932659810956,0.018049678012879485,0.890406608581543,148.0,140.0,413.0,375.0,0.0,0.0,0.7792330980300903,284.0,102.0,419.0,189.0
873_pid-90284_glioma.png,0.9115539924449655,0.83748204882719,0.9140517711639404,160.0,234.0,269.0,365.0,0.890461287249966,0.8025508952661271,0.9140368700027466,148.0,228.0,267.0,351.0,0.8835587784130525,0.7914064451661255,0.9545899033546448,174.0,276.0,263.0,343.0,0.8889799262597297,0.8001474926253688,0.9424504637718201,172.0,244.0,267.0,343.0,0.5421998562185478,0.3719301706282671,0.9161249399185181,138.0,214.0,269.0,355.0,0.8867950672024387,0.7966143888473985,0.9506083726882935,174.0,272.0,263.0,345.0,0.8859041816671283,0.7951777280636341,0.950699508190155,174.0,266.0,265.0,343.0,0.8891422779678196,0.8004105839416058,0.9115015268325806,152.0,228.0,269.0,365.0,0.8829356774103531,0.790407194604047,0.955613374710083,174.0,276.0,261.0,343.0,0.8736661836385193,0.7756725146198831,0.9092901349067688,148.0,222.0,267.0,343.0,0.8881824464409123,0.7988562904027847,0.9484283328056335,174.0,268.0,265.0,345.0,0.5396280400572246,0.3695141065830721,0.9155675768852234,138.0,214.0,267.0,357.0,0.8843858431644691,0.7927345110724061,0.9526082277297974,174.0,268.0,263.0,343.0,0.8893476465730801,0.8007434944237918,0.9495143890380859,174.0,262.0,265.0,347.0,0.8870945287484338,0.7970978233675257,0.9550815224647522,170.0,278.0,267.0,343.0,0.8928377645143787,0.8064199950992403,0.916075587272644,152.0,230.0,267.0,357.0,0.8898981557941096,0.8016364988842053,0.946962296962738,170.0,262.0,267.0,345.0,0.881503295470481,0.7881143430290872,0.956269383430481,174.0,278.0,263.0,341.0,0.887211855104281,0.7972872996300863,0.9455228447914124,172.0,250.0,267.0,343.0,0.8872035300606729,0.7972738537794299,0.9490622282028198,174.0,260.0,263.0,345.0
876_pid-90284_glioma.png,0.5878877400295421,0.41631799163179917,0.9431107044219971,152.0,260.0,231.0,343.0,0.0,0.0,0.9319443702697754,246.0,282.0,327.0,357.0,0.4718343765045739,0.3087586641461878,0.947830080986023,172.0,280.0,229.0,341.0,0.0,0.0,0.943109393119812,246.0,282.0,365.0,373.0,0.0,0.0,0.9412133693695068,244.0,280.0,343.0,361.0,0.6260796879353581,0.45568850131819105,0.920491099357605,142.0,252.0,231.0,343.0,0.0,0.0,0.9417871236801147,244.0,280.0,351.0,363.0,0.0,0.0,0.9316694140434265,246.0,282.0,331.0,357.0,0.6043795620437956,0.4330543933054393,0.9338901042938232,148.0,254.0,231.0,343.0,0.0,0.0,0.9364950656890869,248.0,284.0,319.0,351.0,0.597623588088602,0.4261506276150628,0.941304087638855,150.0,260.0,231.0,343.0,0.0,0.0,0.9452753663063049,246.0,282.0,343.0,371.0,0.0,0.0,0.9386555552482605,248.0,284.0,317.0,349.0,0.5766195085629189,0.40510567064239383,0.9453613758087158,154.0,264.0,231.0,343.0,0.0,0.0,0.9433597326278687,244.0,280.0,365.0,375.0,0.0,0.0,0.9331550002098083,244.0,280.0,329.0,355.0,0.0,0.0,0.9416544437408447,244.0,280.0,355.0,371.0,0.6325878594249201,0.46261682242990654,0.919842541217804,142.0,250.0,231.0,343.0,0.0,0.0,0.9422757029533386,244.0,280.0,361.0,373.0,0.5539067231980618,0.3830366492146597,0.9477694034576416,156.0,266.0,231.0,343.0
882_pid-92897_glioma.png,0.0,0.0,0.8286653161048889,392.0,176.0,455.0,265.0,0.0,0.0,0.8600913286209106,392.0,176.0,461.0,267.0,0.0,0.0,0.8737484216690063,394.0,176.0,463.0,263.0,0.0,0.0,0.8927575945854187,390.0,176.0,471.0,267.0,0.0,0.0,0.8286653161048889,392.0,176.0,455.0,265.0,0.0,0.0,0.873307466506958,392.0,174.0,461.0,265.0,0.0,0.0,0.8367884755134583,390.0,180.0,463.0,265.0,0.0,0.0,0.8385984897613525,392.0,176.0,457.0,265.0,0.0,0.0,0.8385984897613525,392.0,176.0,457.0,265.0,0.0,0.0,0.8113268613815308,392.0,180.0,457.0,265.0,0.0,0.0,0.8113268613815308,392.0,180.0,457.0,265.0,0.0,0.0,0.8708010315895081,392.0,176.0,463.0,265.0,0.0,0.0,0.8652379512786865,392.0,176.0,461.0,265.0,0.0,0.0,0.8038474321365356,392.0,180.0,455.0,265.0,0.0,0.0,0.8844865560531616,390.0,176.0,469.0,269.0,0.0,0.0,0.8038474321365356,392.0,180.0,455.0,265.0,0.0,0.0,0.9066840410232544,390.0,174.0,471.0,267.0,0.0,0.0,0.8243077397346497,394.0,176.0,457.0,263.0,0.0,0.0,0.907223105430603,390.0,174.0,473.0,267.0,0.0,0.0,0.8286653161048889,392.0,176.0,455.0,265.0
884_pid-93329_glioma.png,0.7969180859691809,0.662397195631657,0.9545948505401611,154.0,170.0,231.0,263.0,0.7497427101200687,0.5996707367265743,0.9500982761383057,158.0,172.0,231.0,259.0,0.9025998074216725,0.8224892008639308,0.9557501077651978,142.0,172.0,231.0,263.0,0.0,0.0,0.9267127513885498,204.0,96.0,303.0,157.0,0.6329184991110696,0.4629705681040383,0.9355567693710327,170.0,170.0,231.0,259.0,0.9025998074216725,0.8224892008639308,0.9557501077651978,142.0,172.0,231.0,263.0,0.6368038740920097,0.46714031971580816,0.9340338706970215,170.0,172.0,231.0,263.0,0.7219427580225499,0.5648751357220413,0.9506122469902039,160.0,170.0,231.0,261.0,0.8867299292062057,0.7965092680286835,0.956855058670044,144.0,172.0,231.0,263.0,0.9001547417286861,0.818437625619724,0.9541265964508057,142.0,170.0,231.0,263.0,0.6749681876022542,0.5093977225956922,0.9383091926574707,166.0,172.0,231.0,261.0,0.7112488928255093,0.5518900343642612,0.9532400965690613,160.0,172.0,231.0,255.0,0.7827594748575675,0.643060643060643,0.9493909478187561,156.0,170.0,233.0,259.0,0.9025998074216725,0.8224892008639308,0.9557501077651978,142.0,172.0,231.0,263.0,0.8181229773462784,0.6922234392113911,0.9590352177619934,152.0,172.0,229.0,259.0,0.6523660467685509,0.4840825249351004,0.9363230466842651,168.0,170.0,231.0,261.0,0.9168298165470234,0.8464319185968671,0.9583988189697266,140.0,172.0,231.0,267.0,0.8611240130051091,0.7561174551386624,0.9597007036209106,148.0,172.0,231.0,261.0,0.8867299292062057,0.7965092680286835,0.956855058670044,144.0,172.0,231.0,263.0,0.8824677274091864,0.7896574882471458,0.9550462961196899,144.0,170.0,231.0,263.0
894_pid-94731_glioma.png,0.8361328854050019,0.718409236690186,0.9521874785423279,136.0,208.0,195.0,287.0,0.8306299509619012,0.7103225806451613,0.9545857310295105,136.0,208.0,195.0,271.0,0.8306176582038651,0.7103046014257939,0.9570519328117371,138.0,212.0,191.0,275.0,0.0,0.0,0.8191639184951782,294.0,214.0,377.0,323.0,0.8327696354753852,0.7134578235672892,0.9523454308509827,136.0,208.0,195.0,275.0,0.8327696354753852,0.7134578235672892,0.9523454308509827,136.0,208.0,195.0,275.0,0.8306299509619012,0.7103225806451613,0.9545857310295105,136.0,208.0,195.0,271.0,0.8341445151628604,0.7154784842646115,0.953082263469696,136.0,208.0,195.0,279.0,0.845101663585952,0.7317541613316261,0.9301297068595886,134.0,206.0,197.0,295.0,0.8352633545013074,0.7171263630532393,0.953127920627594,136.0,208.0,195.0,285.0,0.8383010432190761,0.721616420782553,0.9470803737640381,136.0,208.0,195.0,291.0,0.8341445151628604,0.7154784842646115,0.953082263469696,136.0,208.0,195.0,279.0,0.8294162244124337,0.7085492227979274,0.9561750292778015,136.0,208.0,195.0,269.0,0.834392523364486,0.7158434894162925,0.9535685181617737,136.0,208.0,195.0,283.0,0.0,0.0,0.9145663976669312,296.0,212.0,409.0,327.0,0.0,0.0,0.8798611164093018,314.0,214.0,409.0,263.0,0.845101663585952,0.7317541613316261,0.9356566667556763,134.0,206.0,195.0,295.0,0.8361328854050019,0.718409236690186,0.9521874785423279,136.0,208.0,195.0,287.0,0.8294162244124337,0.7085492227979274,0.9561750292778015,136.0,208.0,195.0,269.0,0.0,0.0,0.8801934719085693,310.0,214.0,409.0,265.0
896_pid-95142_glioma.png,0.0,0.0,0.9393986463546753,68.0,184.0,117.0,265.0,0.0,0.0,0.9454659223556519,64.0,182.0,119.0,269.0,0.8493624378647071,0.7381667918858001,0.8827772736549377,136.0,246.0,249.0,303.0,0.0,0.0,0.944183349609375,62.0,182.0,121.0,269.0,0.0,0.0,0.9396963119506836,64.0,282.0,137.0,357.0,0.0,0.0,0.9448186159133911,64.0,284.0,141.0,407.0,0.0,0.0,0.9428756237030029,62.0,280.0,139.0,359.0,0.0,0.0,0.946073591709137,64.0,188.0,119.0,267.0,0.8504201680672269,0.7397660818713451,0.8783279061317444,134.0,244.0,249.0,307.0,0.8590633130962706,0.7529456480425694,0.9372963905334473,134.0,246.0,199.0,307.0,0.8466076696165191,0.7340153452685422,0.8652523159980774,134.0,244.0,259.0,307.0,0.0,0.0,0.9430980682373047,64.0,282.0,137.0,359.0,0.857945945945946,0.751230594471791,0.9332336187362671,136.0,246.0,199.0,303.0,0.8720880982634477,0.7731881336838152,0.9381910562515259,136.0,246.0,199.0,307.0,0.0,0.0,0.9391119480133057,62.0,280.0,143.0,435.0,0.8590633130962706,0.7529456480425694,0.9372963905334473,134.0,246.0,199.0,307.0,0.0,0.0,0.948472261428833,62.0,190.0,121.0,271.0,0.858690940615518,0.7523737181921762,0.9367679357528687,136.0,246.0,203.0,307.0,0.0,0.0,0.9410257339477539,64.0,176.0,119.0,267.0,0.857945945945946,0.751230594471791,0.9332336187362671,136.0,246.0,199.0,303.0
89_pid-106914_meningioma.png,0.9521300617191029,0.9086338169803189,0.9769331216812134,282.0,222.0,387.0,351.0,0.9542719614921781,0.9125431530494822,0.9731277823448181,282.0,218.0,377.0,351.0,0.955976765515133,0.9156661786237189,0.9301514029502869,278.0,180.0,381.0,373.0,0.3285552435840599,0.196569609807851,0.9111613631248474,244.0,154.0,423.0,409.0,0.5291436158442133,0.35975206114220376,0.8040757179260254,244.0,224.0,383.0,415.0,0.9011582462872166,0.8200982928091051,0.8390190601348877,252.0,182.0,391.0,407.0,0.20674477713718925,0.11529021329553704,0.9709500670433044,176.0,136.0,451.0,397.0,0.5689864591299654,0.3976108142093681,0.8154351711273193,246.0,220.0,387.0,413.0,0.2591674279003001,0.14887556221889056,0.7570140361785889,282.0,244.0,345.0,309.0,0.5437670449546934,0.37340663323868784,0.8192899227142334,246.0,214.0,387.0,413.0,0.5269397864306306,0.3577177508269019,0.8106887340545654,244.0,216.0,395.0,415.0,0.9206095791001452,0.8528976737931961,0.8514246940612793,254.0,186.0,391.0,403.0,0.55204602192554,0.3812593703148426,0.8562726378440857,284.0,232.0,359.0,311.0,0.9468411214953271,0.8990487008377112,0.9760131239891052,282.0,192.0,393.0,363.0,0.2834982489952288,0.16516047759886077,0.936910092830658,192.0,152.0,373.0,405.0,0.0,0.0,0.751312792301178,246.0,352.0,303.0,413.0,0.9479301669589083,0.9010144927536232,0.7295465469360352,256.0,174.0,377.0,389.0,0.4496103436060928,0.2899982863997258,0.7992569804191589,246.0,208.0,381.0,413.0,0.2225670287134825,0.12521824018623162,0.9743576049804688,176.0,126.0,427.0,399.0,0.04086636697997548,0.020859407592824362,0.7553583979606628,284.0,246.0,343.0,309.0
900_pid-95142_glioma.png,0.6593701378829336,0.4918360813190331,0.9288914203643799,100.0,218.0,221.0,303.0,0.6574751773049645,0.4897303693686079,0.9330474138259888,100.0,218.0,203.0,303.0,0.5408246261653006,0.3706371666237887,0.9197597503662109,100.0,240.0,215.0,301.0,0.5014785291848805,0.3346488782120029,0.9527612328529358,94.0,140.0,229.0,311.0,0.6157029679555398,0.4447766293670454,0.9402406215667725,102.0,222.0,211.0,303.0,0.526295804063034,0.357124452460706,0.9201170802116394,100.0,244.0,205.0,301.0,0.528773223853594,0.35940973371801543,0.9459095001220703,96.0,150.0,217.0,309.0,0.6718333249459011,0.505835101545923,0.9363721013069153,100.0,214.0,223.0,307.0,0.5381430363864492,0.3681229079049009,0.9187343120574951,100.0,240.0,211.0,301.0,0.6538023797206415,0.48566597494427793,0.9437805414199829,102.0,212.0,223.0,303.0,0.6600606454407624,0.49260486543279725,0.9300196170806885,100.0,218.0,219.0,303.0,0.6427235966781164,0.47353921066119936,0.9328173995018005,96.0,188.0,217.0,307.0,0.6739566613162119,0.5082463307610834,0.9412477016448975,100.0,206.0,211.0,303.0,0.5983930926969661,0.42693360711841205,0.9392940998077393,100.0,224.0,217.0,301.0,0.5063471965195935,0.33899926096596095,0.9577572345733643,78.0,140.0,221.0,307.0,0.5599703392448866,0.38886028149673874,0.9438107013702393,102.0,234.0,207.0,303.0,0.5165231704228919,0.34818418469679513,0.9544782042503357,90.0,142.0,227.0,313.0,0.5337191746351283,0.36399519478290715,0.9255488514900208,100.0,244.0,213.0,303.0,0.5161526676880037,0.3478475557750146,0.9582618474960327,84.0,138.0,213.0,307.0,0.5360941531877399,0.36620808254514187,0.9220167398452759,102.0,238.0,201.0,301.0
910_pid-97609_glioma.png,0.803257157867087,0.6712028094820017,0.9481242299079895,174.0,124.0,267.0,263.0,0.0,0.0,0.9250411987304688,320.0,248.0,427.0,409.0,0.7887636296433191,0.6512053707659444,0.9456860423088074,172.0,140.0,267.0,263.0,0.0,0.0,0.9112091064453125,320.0,246.0,413.0,399.0,0.7947171190933187,0.659361492378858,0.9457708597183228,172.0,138.0,267.0,263.0,0.6156666127554046,0.4447386868136148,0.9341763854026794,172.0,168.0,267.0,265.0,0.4685775965459343,0.30597540919414207,0.9354138970375061,172.0,172.0,265.0,265.0,0.8185586868221599,0.692847522506557,0.9478646516799927,172.0,116.0,267.0,265.0,0.774937482634065,0.6325697437060558,0.9436748027801514,174.0,138.0,269.0,263.0,0.7803533939818055,0.6398192641468837,0.9415565729141235,172.0,136.0,281.0,261.0,0.7630701837920199,0.6169066132881669,0.9458231925964355,174.0,140.0,265.0,255.0,0.4621221245333012,0.3004933824105255,0.9358355402946472,174.0,168.0,267.0,261.0,0.4486696634673794,0.28921607016994283,0.9365940093994141,174.0,170.0,267.0,263.0,0.7541139995230145,0.6052833078101072,0.9438891410827637,174.0,142.0,267.0,265.0,0.0,0.0,0.8841544389724731,320.0,248.0,411.0,405.0,0.5696273153313992,0.39823699196505186,0.9368687868118286,176.0,168.0,267.0,259.0,0.7540936785986291,0.60525712539161,0.9441196322441101,174.0,142.0,269.0,259.0,0.7269964213932055,0.5710874922982132,0.9428236484527588,174.0,148.0,267.0,263.0,0.4554251844683682,0.2948547262902342,0.9327820539474487,174.0,170.0,269.0,263.0,0.6052574407994786,0.4339563862928349,0.9321436285972595,174.0,166.0,267.0,263.0
918_pid-105936_pituitary.png,0.2415503518283539,0.1373655208606665,0.935912549495697,208.0,202.0,365.0,329.0,0.355464759959142,0.21614906832298136,0.907533586025238,208.0,204.0,335.0,341.0,0.0,0.0,0.9185572862625122,62.0,246.0,121.0,307.0,0.0,0.0,0.7657866477966309,228.0,264.0,319.0,341.0,0.23865584638244372,0.1354964308890331,0.9196163415908813,206.0,212.0,361.0,335.0,0.0,0.0,0.8570684790611267,212.0,248.0,267.0,303.0,0.29174770769658237,0.1707872478854912,0.9339798092842102,218.0,190.0,341.0,317.0,0.022030651340996167,0.011138014527845037,0.8111496567726135,208.0,224.0,283.0,303.0,0.36065573770491804,0.22,0.8875966668128967,212.0,218.0,331.0,341.0,0.33906715183592456,0.20414260107548296,0.9190869331359863,206.0,218.0,327.0,315.0,0.23830658927961762,0.13527131782945737,0.9298341274261475,208.0,206.0,367.0,333.0,0.2616269515201315,0.15050103989411986,0.7670711278915405,208.0,228.0,327.0,333.0,0.3798576902025178,0.23445945945945945,0.9168623089790344,208.0,206.0,329.0,333.0,0.2489208633093525,0.14215283483976993,0.9287482500076294,206.0,216.0,363.0,329.0,0.0,0.0,0.7439019680023193,224.0,262.0,303.0,339.0,0.24187767371950514,0.13757727212942258,0.9249098896980286,206.0,208.0,359.0,335.0,0.0,0.0,0.9156663417816162,64.0,248.0,119.0,301.0,0.38321369409166206,0.23702185792349728,0.920779824256897,206.0,208.0,331.0,327.0,0.04645476772616137,0.023779724655819776,0.746481716632843,214.0,250.0,331.0,327.0,0.35893011216566006,0.21871713985278654,0.8996275663375854,208.0,212.0,333.0,341.0
928_pid-107495_pituitary.png,0.0,0.0,0.9489489793777466,204.0,208.0,375.0,299.0,0.0,0.0,0.8212274312973022,206.0,208.0,311.0,271.0,0.0,0.0,0.9503642916679382,206.0,208.0,375.0,299.0,0.0,0.0,0.9417740702629089,80.0,136.0,189.0,221.0,0.0,0.0,0.872864842414856,206.0,208.0,317.0,269.0,0.0,0.0,0.9535517692565918,204.0,206.0,377.0,299.0,0.0,0.0,0.7848644256591797,204.0,208.0,309.0,271.0,0.0,0.0,0.8203444480895996,206.0,208.0,311.0,269.0,0.0,0.0,0.9503560066223145,204.0,208.0,377.0,301.0,0.0,0.0,0.8512054085731506,206.0,208.0,313.0,269.0,0.0,0.0,0.8882427215576172,204.0,206.0,319.0,271.0,0.0,0.0,0.872864842414856,206.0,208.0,317.0,269.0,0.0,0.0,0.7442073822021484,206.0,208.0,299.0,269.0,0.0,0.0,0.946461021900177,206.0,208.0,375.0,297.0,0.0,0.0,0.9599059224128723,192.0,208.0,381.0,303.0,0.0,0.0,0.7442073822021484,206.0,208.0,299.0,269.0,0.0,0.0,0.951380729675293,202.0,212.0,381.0,303.0,0.0,0.0,0.9512377381324768,204.0,208.0,377.0,299.0,0.0,0.0,0.9244533777236938,428.0,168.0,487.0,231.0,0.0,0.0,0.9503642916679382,206.0,208.0,375.0,299.0
940_pid-107505_pituitary.png,0.0,0.0,0.9040221571922302,280.0,206.0,343.0,271.0,0.0,0.0,0.929875373840332,282.0,208.0,341.0,271.0,0.0,0.0,0.9235525131225586,282.0,206.0,341.0,271.0,0.0,0.0,0.8990321159362793,28.0,150.0,191.0,229.0,0.0,0.0,0.9317744970321655,282.0,208.0,341.0,269.0,0.0,0.0,0.9160787463188171,30.0,154.0,157.0,227.0,0.0,0.0,0.9040221571922302,280.0,206.0,343.0,271.0,0.0,0.0,0.9317744970321655,282.0,208.0,341.0,269.0,0.0,0.0,0.9083189964294434,280.0,206.0,343.0,269.0,0.0,0.0,0.9317744970321655,282.0,208.0,341.0,269.0,0.0,0.0,0.9083189964294434,280.0,206.0,343.0,269.0,0.0,0.0,0.9317744970321655,282.0,208.0,341.0,269.0,0.0,0.0,0.9494352340698242,284.0,212.0,339.0,267.0,0.0,0.0,0.9317744970321655,282.0,208.0,341.0,269.0,0.0,0.0,0.9134063720703125,280.0,204.0,343.0,287.0,0.0,0.0,0.9494352340698242,284.0,212.0,339.0,267.0,0.0,0.0,0.8920561671257019,28.0,152.0,187.0,231.0,0.0,0.0,0.9040221571922302,280.0,206.0,343.0,271.0,0.0,0.0,0.8073359727859497,398.0,176.0,483.0,263.0,0.0,0.0,0.9235525131225586,282.0,206.0,341.0,271.0
943_pid-107505_pituitary.png,0.9446517412935324,0.8951090159104301,0.9464016556739807,170.0,206.0,235.0,269.0,0.9034543844109831,0.8239095315024233,0.9524941444396973,172.0,208.0,231.0,267.0,0.0,0.0,0.910319447517395,358.0,212.0,447.0,339.0,0.0,0.0,0.9081274271011353,358.0,214.0,453.0,343.0,0.9113389626055488,0.8371191135734072,0.9414002895355225,170.0,212.0,235.0,265.0,0.0,0.0,0.9099352955818176,360.0,214.0,447.0,339.0,0.0,0.0,0.8895048499107361,356.0,208.0,441.0,331.0,0.9138191714544904,0.8413140311804009,0.9558407664299011,172.0,212.0,231.0,265.0,0.0,0.0,0.9036991000175476,358.0,216.0,445.0,339.0,0.9027695934001179,0.8227712137486574,0.9350581765174866,168.0,208.0,247.0,267.0,0.9034543844109831,0.8239095315024233,0.9524941444396973,172.0,208.0,231.0,267.0,0.0,0.0,0.9052507281303406,362.0,218.0,447.0,339.0,0.9138191714544904,0.8413140311804009,0.9558407664299011,172.0,212.0,231.0,265.0,0.9034543844109831,0.8239095315024233,0.9524941444396973,172.0,208.0,231.0,267.0,0.0,0.0,0.9068882465362549,360.0,218.0,451.0,343.0,0.9014995589532491,0.8206638115631691,0.9494019746780396,170.0,208.0,233.0,267.0,0.0,0.0,0.9109262824058533,358.0,208.0,453.0,343.0,0.0,0.0,0.8991319537162781,358.0,212.0,445.0,335.0,0.0,0.0,0.9150121808052063,362.0,216.0,451.0,341.0,0.9014995589532491,0.8206638115631691,0.9494019746780396,170.0,208.0,233.0,267.0
944_pid-107505_pituitary.png,0.9337016574585635,0.8756476683937824,0.9780567288398743,172.0,208.0,233.0,267.0,0.9337016574585635,0.8756476683937824,0.9780567288398743,172.0,208.0,233.0,267.0,0.0,0.0,0.9062814116477966,356.0,208.0,415.0,267.0,0.0,0.0,0.8803228735923767,356.0,208.0,429.0,267.0,0.0,0.0,0.9229350686073303,96.0,174.0,155.0,229.0,0.933806146572104,0.8758314855875832,0.9782065153121948,172.0,206.0,233.0,269.0,0.0,0.0,0.9062814116477966,356.0,208.0,415.0,267.0,0.9340702724042638,0.8762962962962964,0.9782094359397888,172.0,208.0,231.0,267.0,0.9337016574585635,0.8756476683937824,0.9780567288398743,172.0,208.0,233.0,267.0,0.9340702724042638,0.8762962962962964,0.9790000915527344,174.0,208.0,231.0,267.0,0.0,0.0,0.9263561367988586,96.0,172.0,157.0,229.0,0.9337016574585635,0.8756476683937824,0.9780567288398743,172.0,208.0,233.0,267.0,0.9337016574585635,0.8756476683937824,0.9780567288398743,172.0,208.0,233.0,267.0,0.9340702724042638,0.8762962962962964,0.9782094359397888,172.0,208.0,231.0,267.0,0.0,0.0,0.8977430462837219,358.0,208.0,419.0,267.0,0.9337016574585635,0.8756476683937824,0.9780567288398743,172.0,208.0,233.0,267.0,0.0,0.0,0.8941632509231567,356.0,208.0,421.0,267.0,0.9340702724042638,0.8762962962962964,0.9782094359397888,172.0,208.0,231.0,267.0,0.0,0.0,0.9062814116477966,356.0,208.0,415.0,267.0,0.9337016574585635,0.8756476683937824,0.9780567288398743,172.0,208.0,233.0,267.0
950_pid-108858_pituitary.png,0.0,0.0,0.7544128894805908,208.0,246.0,295.0,303.0,0.0,0.0,0.8432599902153015,206.0,238.0,301.0,307.0,0.0,0.0,0.775428831577301,212.0,246.0,293.0,303.0,0.0,0.0,0.8938747644424438,400.0,410.0,479.0,511.0,0.0,0.0,0.7638956904411316,208.0,246.0,297.0,303.0,0.0,0.0,0.7940276861190796,212.0,246.0,295.0,301.0,0.0,0.0,0.7879902720451355,208.0,246.0,279.0,303.0,0.0,0.0,0.8292059898376465,212.0,246.0,299.0,303.0,0.0,0.0,0.7544128894805908,208.0,246.0,295.0,303.0,0.0,0.0,0.7974527478218079,208.0,246.0,299.0,303.0,0.0,0.0,0.8029307126998901,212.0,246.0,297.0,303.0,0.0,0.0,0.8227606415748596,212.0,244.0,299.0,303.0,0.0,0.0,0.7708163857460022,208.0,244.0,297.0,303.0,0.0,0.0,0.7867761254310608,212.0,248.0,295.0,301.0,0.0,0.0,0.879379391670227,406.0,416.0,475.0,511.0,0.0,0.0,0.7974527478218079,208.0,246.0,299.0,303.0,0.0,0.0,0.9471471309661865,68.0,136.0,157.0,195.0,0.0,0.0,0.8029307126998901,212.0,246.0,297.0,303.0,0.0,0.0,0.9198923707008362,208.0,222.0,301.0,307.0,0.0,0.0,0.7974527478218079,208.0,246.0,299.0,303.0
965_pid-109769_pituitary.png,0.0,0.0,0.9686853885650635,282.0,222.0,339.0,303.0,0.0,0.0,0.9717607498168945,270.0,228.0,339.0,307.0,0.0,0.0,0.9642883539199829,280.0,218.0,339.0,307.0,0.0,0.0,0.9640457630157471,278.0,238.0,341.0,307.0,0.0,0.0,0.9686853885650635,282.0,222.0,339.0,303.0,0.0,0.0,0.9729596376419067,254.0,222.0,341.0,329.0,0.0,0.0,0.9664973020553589,278.0,224.0,341.0,307.0,0.0,0.0,0.9658107161521912,282.0,218.0,339.0,303.0,0.0,0.0,0.9674208164215088,282.0,228.0,339.0,303.0,0.0,0.0,0.9679974913597107,282.0,220.0,339.0,303.0,0.0,0.0,0.9658107161521912,282.0,218.0,339.0,303.0,0.0,0.0,0.9722467660903931,256.0,222.0,341.0,325.0,0.0,0.0,0.9602203965187073,282.0,232.0,339.0,303.0,0.0,0.0,0.9664553999900818,280.0,220.0,339.0,303.0,0.0,0.0,0.9562342166900635,280.0,240.0,341.0,307.0,0.0,0.0,0.9679082632064819,280.0,224.0,341.0,303.0,0.0,0.0,0.9665858149528503,278.0,220.0,341.0,309.0,0.0,0.0,0.9686853885650635,282.0,222.0,339.0,303.0,0.0,0.0,0.9664973020553589,278.0,224.0,341.0,307.0,0.0,0.0,0.9685797691345215,280.0,222.0,339.0,303.0
967_pid-109898_pituitary.png,0.0,0.0,0.9384293556213379,62.0,136.0,123.0,195.0,0.0,0.0,0.9384293556213379,62.0,136.0,123.0,195.0,0.0,0.0,0.9529826641082764,58.0,282.0,121.0,341.0,0.0,0.0,0.941973090171814,60.0,134.0,147.0,197.0,0.0,0.0,0.9384293556213379,62.0,136.0,123.0,195.0,0.0,0.0,0.9384293556213379,62.0,136.0,123.0,195.0,0.0,0.0,0.9367761015892029,64.0,138.0,121.0,191.0,0.0,0.0,0.9384293556213379,62.0,136.0,123.0,195.0,0.0,0.0,0.9384293556213379,62.0,136.0,123.0,195.0,0.0,0.0,0.9384293556213379,62.0,136.0,123.0,195.0,0.0,0.0,0.9384293556213379,62.0,136.0,123.0,195.0,0.0,0.0,0.9384293556213379,62.0,136.0,123.0,195.0,0.0,0.0,0.9371995329856873,62.0,136.0,125.0,195.0,0.0,0.0,0.9401822686195374,62.0,136.0,121.0,195.0,0.0,0.0,0.9297860264778137,134.0,282.0,221.0,367.0,0.0,0.0,0.9371995329856873,62.0,136.0,125.0,195.0,0.0,0.0,0.9367761015892029,64.0,138.0,121.0,191.0,0.0,0.0,0.9371995329856873,62.0,136.0,125.0,195.0,0.0,0.0,0.9428191184997559,60.0,134.0,127.0,197.0,0.0,0.0,0.9384293556213379,62.0,136.0,123.0,195.0
970_pid-109898_pituitary.png,0.0,0.0,0.940548300743103,318.0,218.0,405.0,303.0,0.0,0.0,0.9446351528167725,318.0,228.0,397.0,303.0,0.0,0.0,0.9359673261642456,318.0,212.0,409.0,303.0,0.0,0.0,0.9501597881317139,308.0,206.0,415.0,303.0,0.0,0.0,0.9325804114341736,318.0,234.0,389.0,303.0,0.0,0.0,0.9436542391777039,318.0,218.0,403.0,303.0,0.0,0.0,0.9369467496871948,318.0,216.0,409.0,303.0,0.0,0.0,0.9402862787246704,318.0,230.0,393.0,303.0,0.0,0.0,0.9359673261642456,318.0,212.0,409.0,303.0,0.0,0.0,0.9079474806785583,318.0,240.0,379.0,303.0,0.0,0.0,0.8976937532424927,320.0,244.0,379.0,301.0,0.0,0.0,0.9410964250564575,316.0,218.0,405.0,303.0,0.0,0.0,0.9402862787246704,318.0,230.0,393.0,303.0,0.0,0.0,0.9402862787246704,318.0,230.0,393.0,303.0,0.0,0.0,0.916722297668457,320.0,200.0,413.0,301.0,0.0,0.0,0.9090808629989624,318.0,240.0,383.0,303.0,0.0,0.0,0.9337908625602722,316.0,206.0,411.0,303.0,0.0,0.0,0.938504159450531,318.0,216.0,407.0,303.0,0.0,0.0,0.9599646925926208,248.0,206.0,413.0,303.0,0.0,0.0,0.9410964250564575,316.0,218.0,405.0,303.0
979_pid-110993_pituitary.png,0.0,0.0,0.9151602983474731,62.0,136.0,123.0,195.0,0.0,0.0,0.9577880501747131,28.0,284.0,83.0,339.0,0.0,0.0,0.9455476403236389,26.0,282.0,85.0,341.0,0.0,0.0,0.8171488046646118,134.0,282.0,195.0,359.0,0.0,0.0,0.9151602983474731,62.0,136.0,123.0,195.0,0.0,0.0,0.9455476403236389,26.0,282.0,85.0,341.0,0.0,0.0,0.9455476403236389,26.0,282.0,85.0,341.0,0.0,0.0,0.9455476403236389,26.0,282.0,85.0,341.0,0.0,0.0,0.9222167730331421,60.0,136.0,125.0,195.0,0.0,0.0,0.9455476403236389,26.0,282.0,85.0,341.0,0.0,0.0,0.9455476403236389,26.0,282.0,85.0,341.0,0.0,0.0,0.9458830952644348,26.0,280.0,87.0,343.0,0.0,0.0,0.9455476403236389,26.0,282.0,85.0,341.0,0.0,0.0,0.9455476403236389,26.0,282.0,85.0,341.0,0.0,0.0,0.6924382448196411,112.0,282.0,195.0,367.0,0.0,0.0,0.9378324151039124,24.0,280.0,87.0,343.0,0.0,0.0,0.9245477318763733,60.0,136.0,127.0,195.0,0.0,0.0,0.9455476403236389,26.0,282.0,85.0,341.0,0.0,0.0,0.9455476403236389,26.0,282.0,85.0,341.0,0.0,0.0,0.9553232789039612,26.0,282.0,87.0,343.0
982_pid-111075_pituitary.png,0.002721551284232012,0.0013626298756600238,0.88646000623703,172.0,172.0,231.0,231.0,0.0026037428803905613,0.0013035685188202706,0.8836394548416138,170.0,170.0,233.0,233.0,0.0026037428803905613,0.0013035685188202706,0.8836394548416138,170.0,170.0,233.0,233.0,0.0,0.0,0.9323711395263672,28.0,140.0,153.0,301.0,0.002721551284232012,0.0013626298756600238,0.88646000623703,172.0,172.0,231.0,231.0,0.002721551284232012,0.0013626298756600238,0.88646000623703,172.0,172.0,231.0,231.0,0.005650656473325578,0.0028333333333333335,0.8623582720756531,170.0,172.0,233.0,233.0,0.003024701730801546,0.0015146415348367553,0.8862084746360779,172.0,172.0,233.0,231.0,0.0,0.0,0.9364473223686218,60.0,172.0,125.0,229.0,0.002721551284232012,0.0013626298756600238,0.88646000623703,172.0,172.0,231.0,231.0,0.0,0.0,0.939672589302063,62.0,172.0,123.0,231.0,0.003024701730801546,0.0015146415348367553,0.8862084746360779,172.0,172.0,233.0,231.0,0.002721551284232012,0.0013626298756600238,0.88646000623703,172.0,172.0,231.0,231.0,0.002721551284232012,0.0013626298756600238,0.88646000623703,172.0,172.0,231.0,231.0,0.14023333268410493,0.07540372410615169,0.8360058069229126,160.0,68.0,427.0,301.0,0.004679926458298512,0.0023454514994136373,0.8613054156303406,172.0,172.0,233.0,233.0,0.0,0.0,0.9129968881607056,32.0,168.0,143.0,297.0,0.002721551284232012,0.0013626298756600238,0.88646000623703,172.0,172.0,231.0,231.0,0.2893498629352318,0.1691461372877302,0.9436177015304565,168.0,70.0,345.0,301.0,0.0,0.0,0.910053551197052,46.0,172.0,123.0,277.0
98_pid-107248_meningioma.png,0.8734367183591796,0.7753108348134992,0.9599167704582214,246.0,252.0,331.0,341.0,0.8436592449177154,0.729593972373378,0.9419426321983337,248.0,250.0,335.0,339.0,0.8227818310190633,0.698920431827269,0.9317079782485962,248.0,248.0,335.0,341.0,0.6118321254003034,0.4407479358912093,0.9074026346206665,250.0,190.0,339.0,335.0,0.8738738738738738,0.776,0.9602921009063721,246.0,252.0,333.0,341.0,0.875781054736316,0.779012894619831,0.9679804444313049,246.0,256.0,327.0,341.0,0.7718997644035125,0.6285315660969655,0.904104471206665,250.0,238.0,339.0,335.0,0.8742814296425894,0.7766429840142096,0.9670040011405945,246.0,254.0,329.0,341.0,0.8738738738738738,0.776,0.9608107209205627,248.0,252.0,331.0,341.0,0.873689465801298,0.775709219858156,0.9600675702095032,248.0,252.0,339.0,339.0,0.8736263736263736,0.775609756097561,0.9710110425949097,246.0,256.0,335.0,341.0,0.876,0.7793594306049823,0.9673769474029541,246.0,254.0,327.0,341.0,0.8200423429781228,0.6949760765550239,0.9295979142189026,248.0,248.0,333.0,339.0,0.8731268731268731,0.774822695035461,0.9640384912490845,246.0,254.0,335.0,341.0,0.5708418891170431,0.3994252873563218,0.9219048023223877,248.0,180.0,339.0,339.0,0.8735632183908046,0.7755102040816326,0.9664292335510254,246.0,254.0,331.0,341.0,0.8272425249169435,0.7053824362606232,0.934097409248352,250.0,248.0,333.0,339.0,0.8742814296425894,0.7766429840142096,0.9670040011405945,246.0,254.0,329.0,341.0,0.771495626200128,0.6279958318860716,0.9116395711898804,248.0,238.0,335.0,339.0,0.8742185546386597,0.7765437583296313,0.96626877784729,248.0,256.0,329.0,339.0
993_pid-111785_pituitary.png,0.34595671981776766,0.20915820278877603,0.9318336248397827,174.0,212.0,265.0,301.0,0.34878713937132194,0.211230876216968,0.9284645318984985,174.0,212.0,263.0,299.0,0.34878713937132194,0.211230876216968,0.9284645318984985,174.0,212.0,263.0,299.0,0.3480876665234207,0.21071800208116545,0.931513786315918,174.0,212.0,265.0,299.0,0.3951862091396975,0.24625050668828535,0.9427574872970581,180.0,216.0,267.0,301.0,0.3525827045850261,0.2140214902237097,0.9272896647453308,174.0,212.0,261.0,297.0,0.3480876665234207,0.21071800208116545,0.931513786315918,174.0,212.0,265.0,299.0,0.3711056811240073,0.2278267391711982,0.9359413385391235,176.0,214.0,265.0,301.0,0.35064935064935066,0.2125984251968504,0.9284117221832275,174.0,212.0,263.0,297.0,0.4132287759972724,0.26042114310270736,0.950149655342102,182.0,218.0,267.0,303.0,0.3355890070432261,0.20162628609359443,0.9272094964981079,172.0,208.0,263.0,299.0,0.35064935064935066,0.2125984251968504,0.9284117221832275,174.0,212.0,263.0,297.0,0.34878713937132194,0.211230876216968,0.9284645318984985,174.0,212.0,263.0,299.0,0.3480876665234207,0.21071800208116545,0.931513786315918,174.0,212.0,265.0,299.0,0.35064935064935066,0.2125984251968504,0.9284117221832275,174.0,212.0,263.0,297.0,0.34595671981776766,0.20915820278877603,0.9318336248397827,174.0,212.0,265.0,301.0,0.34595671981776766,0.20915820278877603,0.9318336248397827,174.0,212.0,265.0,301.0,0.34878713937132194,0.211230876216968,0.9284645318984985,174.0,212.0,263.0,299.0,0.35064935064935066,0.2125984251968504,0.9284117221832275,174.0,212.0,263.0,297.0,0.34878713937132194,0.211230876216968,0.9284645318984985,174.0,212.0,263.0,299.0
994_pid-112074_pituitary.png,0.8801897983392646,0.7860169491525424,0.9213131070137024,148.0,190.0,233.0,271.0,0.8492887351018839,0.7380554627464083,0.9506986141204834,172.0,206.0,231.0,269.0,0.8020626735422451,0.6695364238410596,0.9394660592079163,172.0,204.0,231.0,267.0,0.8195361116349237,0.6942492012779553,0.6820568442344666,128.0,172.0,233.0,271.0,0.8492887351018839,0.7380554627464083,0.9506986141204834,172.0,206.0,231.0,269.0,0.84779299847793,0.7357992073976222,0.9455709457397461,170.0,204.0,233.0,269.0,0.8657306703579197,0.7632496513249651,0.7982492446899414,138.0,180.0,233.0,271.0,0.8492887351018839,0.7380554627464083,0.9506986141204834,172.0,206.0,231.0,269.0,0.8650683574400634,0.7622206703910615,0.9117479920387268,170.0,184.0,233.0,269.0,0.8524338827136834,0.7428189712758851,0.9492019414901733,172.0,204.0,231.0,269.0,0.8025452376217936,0.6702092328130189,0.9416541457176208,172.0,206.0,231.0,267.0,0.0,0.0,0.8964710831642151,286.0,282.0,373.0,373.0,0.8524338827136834,0.7428189712758851,0.9492019414901733,172.0,204.0,231.0,269.0,0.8051271780492689,0.6738183037210862,0.9449259042739868,174.0,208.0,231.0,267.0,0.0,0.0,0.9492965936660767,276.0,144.0,395.0,267.0,0.8476946334089192,0.735651033125615,0.9362323880195618,158.0,196.0,231.0,269.0,0.7988229828093542,0.6650335224342444,0.8170715570449829,116.0,172.0,261.0,339.0,0.0,0.0,0.9114466905593872,292.0,284.0,373.0,367.0,0.8631578947368421,0.7592592592592593,0.700054407119751,126.0,174.0,233.0,271.0,0.8482431149097815,0.7364775725593667,0.9442815780639648,170.0,202.0,233.0,269.0
997_pid-112074_pituitary.png,0.9088714544357273,0.8329646017699115,0.9611737132072449,170.0,244.0,235.0,303.0,0.9078868151715834,0.8313120176405733,0.9592471718788147,170.0,244.0,237.0,303.0,0.9083129584352079,0.832026875699888,0.9462358951568604,170.0,246.0,243.0,303.0,0.9096403747355697,0.8342572062084257,0.9634943604469299,168.0,244.0,235.0,301.0,0.9109630526953362,0.8364849833147943,0.9631832242012024,170.0,244.0,233.0,303.0,0.9072289156626506,0.8302094818081588,0.9600530862808228,172.0,244.0,237.0,303.0,0.909368324687214,0.8337996642417459,0.9444785118103027,172.0,244.0,253.0,303.0,0.9087074420006026,0.8326891220320265,0.9613769054412842,170.0,240.0,235.0,303.0,0.22020272631946872,0.1237234878240377,0.7816422581672668,168.0,244.0,301.0,335.0,0.9092006033182504,0.8335176991150443,0.9600870013237,168.0,244.0,235.0,303.0,0.9109630526953362,0.8364849833147943,0.9631832242012024,170.0,244.0,233.0,303.0,0.9065785521177531,0.8291208791208792,0.9589428305625916,170.0,240.0,237.0,303.0,0.9088714544357273,0.8329646017699115,0.9611737132072449,170.0,244.0,235.0,303.0,0.9098062953995157,0.8345363686840644,0.9642191529273987,172.0,246.0,235.0,301.0,0.9094736842105263,0.833976833976834,0.9588205814361572,164.0,240.0,235.0,303.0,0.9078868151715834,0.8313120176405733,0.9592471718788147,170.0,244.0,237.0,303.0,0.9090909090909091,0.8333333333333334,0.9603738188743591,168.0,240.0,235.0,303.0,0.9078868151715834,0.8313120176405733,0.9592471718788147,170.0,244.0,237.0,303.0,0.912568306010929,0.8391959798994975,0.9670918583869934,170.0,246.0,231.0,301.0,0.908649468892261,0.8325917686318132,0.9424611330032349,168.0,240.0,249.0,303.0
99_pid-107494_meningioma.png,0.0,0.0,0.9152513742446899,318.0,168.0,419.0,249.0,0.3219368274904547,0.1918502430447823,0.6986231207847595,182.0,160.0,341.0,309.0,0.0,0.0,0.9175784587860107,314.0,170.0,411.0,259.0,0.014965799017582519,0.00753931544865865,0.9258315563201904,186.0,156.0,419.0,307.0,0.0,0.0,0.9035995602607727,316.0,172.0,407.0,245.0,0.0,0.0,0.915444016456604,314.0,172.0,411.0,261.0,0.3723455989625547,0.228762075490489,0.6809602975845337,182.0,150.0,341.0,303.0,0.35399039560942147,0.21505973881633786,0.6806291341781616,180.0,152.0,339.0,309.0,0.0,0.0,0.9212846755981445,318.0,168.0,415.0,255.0,0.0,0.0,0.9043424725532532,316.0,170.0,383.0,235.0,0.31551224651040294,0.18730456535334583,0.7256655097007751,168.0,150.0,339.0,311.0,0.1083038236581387,0.057252229513713615,0.9100669622421265,180.0,152.0,411.0,325.0,0.7776101893748952,0.636139292569235,0.9351496696472168,176.0,168.0,269.0,231.0,0.0,0.0,0.9046990871429443,316.0,170.0,403.0,233.0,0.07828291141324029,0.04073591887076881,0.8768289089202881,96.0,136.0,427.0,361.0,0.6037639226731533,0.43242251971391893,0.9444504976272583,180.0,156.0,269.0,229.0,0.11972507575197694,0.06367423944658439,0.9207056760787964,180.0,150.0,419.0,333.0,0.5766976062530532,0.40518276986442425,0.9395521879196167,176.0,152.0,269.0,231.0,0.0,0.0,0.9367046356201172,190.0,160.0,421.0,307.0,0.589942456842632,0.4183818310858765,0.9364110231399536,176.0,154.0,269.0,231.0
