filename,prompt_a,prompt_b,box_iou,dice_a,dice_b,dice_diff
1023_pid-114094_pituitary.png,P04,P01,0.7904839697774148,0.0841827104567761,0.6149369544131911,0.530754243956415
1023_pid-114094_pituitary.png,P15,P01,0.0,0.0,0.6149369544131911,0.6149369544131911
1023_pid-114094_pituitary.png,P17,P01,0.0,0.0,0.6149369544131911,0.6149369544131911
1023_pid-114094_pituitary.png,P04,P02,0.7718843469591227,0.0841827104567761,0.6089955849889624,0.5248128745321864
1023_pid-114094_pituitary.png,P15,P02,0.0,0.0,0.6089955849889624,0.6089955849889624
1023_pid-114094_pituitary.png,P17,P02,0.0,0.0,0.6089955849889624,0.6089955849889624
1023_pid-114094_pituitary.png,P04,P03,0.798968008255934,0.0841827104567761,0.6168641114982578,0.5326814010414818
1023_pid-114094_pituitary.png,P15,P03,0.0,0.0,0.6168641114982578,0.6168641114982578
1023_pid-114094_pituitary.png,P17,P03,0.0,0.0,0.6168641114982578,0.6168641114982578
1023_pid-114094_pituitary.png,P04,P05,0.7718843469591227,0.0841827104567761,0.6089955849889624,0.5248128745321864
1023_pid-114094_pituitary.png,P04,P06,0.7645664625715979,0.0841827104567761,0.6399670827047045,0.5557843722479284
1023_pid-114094_pituitary.png,P04,P07,0.7904839697774148,0.0841827104567761,0.6149369544131911,0.530754243956415
1023_pid-114094_pituitary.png,P04,P08,0.7718843469591227,0.0841827104567761,0.6089955849889624,0.5248128745321864
1023_pid-114094_pituitary.png,P04,P09,0.7541398792129359,0.0841827104567761,0.6023697988426564,0.5181870883858803
1023_pid-114094_pituitary.png,P04,P10,0.798968008255934,0.0841827104567761,0.6096509525796134,0.5254682421228374
1023_pid-114094_pituitary.png,P04,P11,0.7487596745385989,0.0841827104567761,0.6468793342579751,0.562696623801199
1023_pid-114094_pituitary.png,P04,P12,0.7806009276063722,0.0841827104567761,0.6022994874636376,0.5181167770068615
1023_pid-114094_pituitary.png,P04,P13,0.7718843469591227,0.0841827104567761,0.6089955849889624,0.5248128745321864
1023_pid-114094_pituitary.png,P04,P14,0.7736313307361082,0.0841827104567761,0.6236378876781223,0.5394551772213463
1023_pid-114094_pituitary.png,P04,P16,0.7718843469591227,0.0841827104567761,0.6089955849889624,0.5248128745321864
1023_pid-114094_pituitary.png,P04,P18,0.7141775506341094,0.0841827104567761,0.6407473554059624,0.5565646449491863
1023_pid-114094_pituitary.png,P04,P19,0.7541398792129359,0.0841827104567761,0.6023697988426564,0.5181870883858803
1023_pid-114094_pituitary.png,P04,P20,0.7541398792129359,0.0841827104567761,0.6023697988426564,0.5181870883858803
1023_pid-114094_pituitary.png,P15,P05,0.0,0.0,0.6089955849889624,0.6089955849889624
1023_pid-114094_pituitary.png,P17,P05,0.0,0.0,0.6089955849889624,0.6089955849889624
1023_pid-114094_pituitary.png,P15,P06,0.0,0.0,0.6399670827047045,0.6399670827047045
1023_pid-114094_pituitary.png,P17,P06,0.0,0.0,0.6399670827047045,0.6399670827047045
1023_pid-114094_pituitary.png,P15,P07,0.0,0.0,0.6149369544131911,0.6149369544131911
1023_pid-114094_pituitary.png,P17,P07,0.0,0.0,0.6149369544131911,0.6149369544131911
1023_pid-114094_pituitary.png,P15,P08,0.0,0.0,0.6089955849889624,0.6089955849889624
1023_pid-114094_pituitary.png,P17,P08,0.0,0.0,0.6089955849889624,0.6089955849889624
1023_pid-114094_pituitary.png,P15,P09,0.0,0.0,0.6023697988426564,0.6023697988426564
1023_pid-114094_pituitary.png,P17,P09,0.0,0.0,0.6023697988426564,0.6023697988426564
1023_pid-114094_pituitary.png,P15,P10,0.0,0.0,0.6096509525796134,0.6096509525796134
1023_pid-114094_pituitary.png,P17,P10,0.0,0.0,0.6096509525796134,0.6096509525796134
1023_pid-114094_pituitary.png,P15,P11,0.0,0.0,0.6468793342579751,0.6468793342579751
1023_pid-114094_pituitary.png,P17,P11,0.0,0.0,0.6468793342579751,0.6468793342579751
1023_pid-114094_pituitary.png,P15,P12,0.0,0.0,0.6022994874636376,0.6022994874636376
1023_pid-114094_pituitary.png,P17,P12,0.0,0.0,0.6022994874636376,0.6022994874636376
1023_pid-114094_pituitary.png,P15,P13,0.0,0.0,0.6089955849889624,0.6089955849889624
1023_pid-114094_pituitary.png,P17,P13,0.0,0.0,0.6089955849889624,0.6089955849889624
1023_pid-114094_pituitary.png,P15,P14,0.0,0.0,0.6236378876781223,0.6236378876781223
1023_pid-114094_pituitary.png,P17,P14,0.0,0.0,0.6236378876781223,0.6236378876781223
1023_pid-114094_pituitary.png,P15,P16,0.0,0.0,0.6089955849889624,0.6089955849889624
1023_pid-114094_pituitary.png,P15,P18,0.0,0.0,0.6407473554059624,0.6407473554059624
1023_pid-114094_pituitary.png,P15,P19,0.0,0.0,0.6023697988426564,0.6023697988426564
1023_pid-114094_pituitary.png,P15,P20,0.0,0.0,0.6023697988426564,0.6023697988426564
1023_pid-114094_pituitary.png,P17,P16,0.0,0.0,0.6089955849889624,0.6089955849889624
1023_pid-114094_pituitary.png,P17,P18,0.0,0.0,0.6407473554059624,0.6407473554059624
1023_pid-114094_pituitary.png,P17,P19,0.0,0.0,0.6023697988426564,0.6023697988426564
1023_pid-114094_pituitary.png,P17,P20,0.0,0.0,0.6023697988426564,0.6023697988426564
1130_pid-112074_pituitary.png,P01,P03,0.0,0.0,0.8925041812376463,0.8925041812376463
1130_pid-112074_pituitary.png,P01,P06,0.0,0.0,0.8925041812376463,0.8925041812376463
1130_pid-112074_pituitary.png,P01,P10,0.0,0.0,0.8636505460218409,0.8636505460218409
1130_pid-112074_pituitary.png,P01,P11,0.0,0.0,0.9039700374531836,0.9039700374531836
1130_pid-112074_pituitary.png,P01,P14,0.0,0.0,0.8636505460218409,0.8636505460218409
1130_pid-112074_pituitary.png,P01,P18,0.0,0.0,0.8457252029931539,0.8457252029931539
1130_pid-112074_pituitary.png,P01,P19,0.0,0.0,0.8925041812376463,0.8925041812376463
1130_pid-112074_pituitary.png,P02,P03,0.0,0.0,0.8925041812376463,0.8925041812376463
1130_pid-112074_pituitary.png,P02,P06,0.0,0.0,0.8925041812376463,0.8925041812376463
1130_pid-112074_pituitary.png,P02,P10,0.0,0.0,0.8636505460218409,0.8636505460218409
1130_pid-112074_pituitary.png,P02,P11,0.0,0.0,0.9039700374531836,0.9039700374531836
1130_pid-112074_pituitary.png,P02,P14,0.0,0.0,0.8636505460218409,0.8636505460218409
1130_pid-112074_pituitary.png,P02,P18,0.0,0.0,0.8457252029931539,0.8457252029931539
1130_pid-112074_pituitary.png,P02,P19,0.0,0.0,0.8925041812376463,0.8925041812376463
1130_pid-112074_pituitary.png,P04,P03,0.0,0.0,0.8925041812376463,0.8925041812376463
1130_pid-112074_pituitary.png,P05,P03,0.0,0.0,0.8925041812376463,0.8925041812376463
1130_pid-112074_pituitary.png,P07,P03,0.0,0.0,0.8925041812376463,0.8925041812376463
1130_pid-112074_pituitary.png,P08,P03,0.0,0.0,0.8925041812376463,0.8925041812376463
1130_pid-112074_pituitary.png,P09,P03,0.0,0.0,0.8925041812376463,0.8925041812376463
1130_pid-112074_pituitary.png,P12,P03,0.0,0.0,0.8925041812376463,0.8925041812376463
1130_pid-112074_pituitary.png,P13,P03,0.0,0.0,0.8925041812376463,0.8925041812376463
1130_pid-112074_pituitary.png,P15,P03,0.0,0.0,0.8925041812376463,0.8925041812376463
1130_pid-112074_pituitary.png,P16,P03,0.0,0.0,0.8925041812376463,0.8925041812376463
1130_pid-112074_pituitary.png,P17,P03,0.0,0.0,0.8925041812376463,0.8925041812376463
1130_pid-112074_pituitary.png,P20,P03,0.0,0.0,0.8925041812376463,0.8925041812376463
1130_pid-112074_pituitary.png,P04,P06,0.0,0.0,0.8925041812376463,0.8925041812376463
1130_pid-112074_pituitary.png,P04,P10,0.0,0.0,0.8636505460218409,0.8636505460218409
1130_pid-112074_pituitary.png,P04,P11,0.0,0.0,0.9039700374531836,0.9039700374531836
1130_pid-112074_pituitary.png,P04,P14,0.0,0.0,0.8636505460218409,0.8636505460218409
1130_pid-112074_pituitary.png,P04,P18,0.0,0.0,0.8457252029931539,0.8457252029931539
1130_pid-112074_pituitary.png,P04,P19,0.0,0.0,0.8925041812376463,0.8925041812376463
1130_pid-112074_pituitary.png,P05,P06,0.0,0.0,0.8925041812376463,0.8925041812376463
1130_pid-112074_pituitary.png,P05,P10,0.0,0.0,0.8636505460218409,0.8636505460218409
1130_pid-112074_pituitary.png,P05,P11,0.0,0.0,0.9039700374531836,0.9039700374531836
1130_pid-112074_pituitary.png,P05,P14,0.0,0.0,0.8636505460218409,0.8636505460218409
1130_pid-112074_pituitary.png,P05,P18,0.0,0.0,0.8457252029931539,0.8457252029931539
1130_pid-112074_pituitary.png,P05,P19,0.0,0.0,0.8925041812376463,0.8925041812376463
1130_pid-112074_pituitary.png,P07,P06,0.0,0.0,0.8925041812376463,0.8925041812376463
1130_pid-112074_pituitary.png,P08,P06,0.0,0.0,0.8925041812376463,0.8925041812376463
1130_pid-112074_pituitary.png,P09,P06,0.0,0.0,0.8925041812376463,0.8925041812376463
1130_pid-112074_pituitary.png,P12,P06,0.0,0.0,0.8925041812376463,0.8925041812376463
1130_pid-112074_pituitary.png,P13,P06,0.0,0.0,0.8925041812376463,0.8925041812376463
1130_pid-112074_pituitary.png,P15,P06,0.0,0.0,0.8925041812376463,0.8925041812376463
1130_pid-112074_pituitary.png,P16,P06,0.0,0.0,0.8925041812376463,0.8925041812376463
1130_pid-112074_pituitary.png,P17,P06,0.0,0.0,0.8925041812376463,0.8925041812376463
1130_pid-112074_pituitary.png,P20,P06,0.0,0.0,0.8925041812376463,0.8925041812376463
1130_pid-112074_pituitary.png,P07,P10,0.0,0.0,0.8636505460218409,0.8636505460218409
1130_pid-112074_pituitary.png,P07,P11,0.0,0.0,0.9039700374531836,0.9039700374531836
1130_pid-112074_pituitary.png,P07,P14,0.0,0.0,0.8636505460218409,0.8636505460218409
1130_pid-112074_pituitary.png,P07,P18,0.0,0.0,0.8457252029931539,0.8457252029931539
1130_pid-112074_pituitary.png,P07,P19,0.0,0.0,0.8925041812376463,0.8925041812376463
1130_pid-112074_pituitary.png,P08,P10,0.0,0.0,0.8636505460218409,0.8636505460218409
1130_pid-112074_pituitary.png,P08,P11,0.0,0.0,0.9039700374531836,0.9039700374531836
1130_pid-112074_pituitary.png,P08,P14,0.0,0.0,0.8636505460218409,0.8636505460218409
1130_pid-112074_pituitary.png,P08,P18,0.0,0.0,0.8457252029931539,0.8457252029931539
1130_pid-112074_pituitary.png,P08,P19,0.0,0.0,0.8925041812376463,0.8925041812376463
1130_pid-112074_pituitary.png,P09,P10,0.0,0.0,0.8636505460218409,0.8636505460218409
1130_pid-112074_pituitary.png,P09,P11,0.0,0.0,0.9039700374531836,0.9039700374531836
1130_pid-112074_pituitary.png,P09,P14,0.0,0.0,0.8636505460218409,0.8636505460218409
1130_pid-112074_pituitary.png,P09,P18,0.0,0.0,0.8457252029931539,0.8457252029931539
1130_pid-112074_pituitary.png,P09,P19,0.0,0.0,0.8925041812376463,0.8925041812376463
1130_pid-112074_pituitary.png,P12,P10,0.0,0.0,0.8636505460218409,0.8636505460218409
1130_pid-112074_pituitary.png,P13,P10,0.0,0.0,0.8636505460218409,0.8636505460218409
1130_pid-112074_pituitary.png,P15,P10,0.0,0.0,0.8636505460218409,0.8636505460218409
1130_pid-112074_pituitary.png,P16,P10,0.0,0.0,0.8636505460218409,0.8636505460218409
1130_pid-112074_pituitary.png,P17,P10,0.0,0.0,0.8636505460218409,0.8636505460218409
1130_pid-112074_pituitary.png,P20,P10,0.0,0.0,0.8636505460218409,0.8636505460218409
1130_pid-112074_pituitary.png,P12,P11,0.0,0.0,0.9039700374531836,0.9039700374531836
1130_pid-112074_pituitary.png,P13,P11,0.0,0.0,0.9039700374531836,0.9039700374531836
1130_pid-112074_pituitary.png,P15,P11,0.0,0.0,0.9039700374531836,0.9039700374531836
1130_pid-112074_pituitary.png,P16,P11,0.0,0.0,0.9039700374531836,0.9039700374531836
1130_pid-112074_pituitary.png,P17,P11,0.0,0.0,0.9039700374531836,0.9039700374531836
1130_pid-112074_pituitary.png,P20,P11,0.0,0.0,0.9039700374531836,0.9039700374531836
1130_pid-112074_pituitary.png,P12,P14,0.0,0.0,0.8636505460218409,0.8636505460218409
1130_pid-112074_pituitary.png,P12,P18,0.0,0.0,0.8457252029931539,0.8457252029931539
1130_pid-112074_pituitary.png,P12,P19,0.0,0.0,0.8925041812376463,0.8925041812376463
1130_pid-112074_pituitary.png,P13,P14,0.0,0.0,0.8636505460218409,0.8636505460218409
1130_pid-112074_pituitary.png,P13,P18,0.0,0.0,0.8457252029931539,0.8457252029931539
1130_pid-112074_pituitary.png,P13,P19,0.0,0.0,0.8925041812376463,0.8925041812376463
1130_pid-112074_pituitary.png,P15,P14,0.0,0.0,0.8636505460218409,0.8636505460218409
1130_pid-112074_pituitary.png,P16,P14,0.0,0.0,0.8636505460218409,0.8636505460218409
1130_pid-112074_pituitary.png,P17,P14,0.0,0.0,0.8636505460218409,0.8636505460218409
1130_pid-112074_pituitary.png,P20,P14,0.0,0.0,0.8636505460218409,0.8636505460218409
1130_pid-112074_pituitary.png,P15,P18,0.0,0.0,0.8457252029931539,0.8457252029931539
1130_pid-112074_pituitary.png,P15,P19,0.0,0.0,0.8925041812376463,0.8925041812376463
1130_pid-112074_pituitary.png,P16,P18,0.0,0.0,0.8457252029931539,0.8457252029931539
1130_pid-112074_pituitary.png,P16,P19,0.0,0.0,0.8925041812376463,0.8925041812376463
1130_pid-112074_pituitary.png,P17,P18,0.0,0.0,0.8457252029931539,0.8457252029931539
1130_pid-112074_pituitary.png,P17,P19,0.0,0.0,0.8925041812376463,0.8925041812376463
1130_pid-112074_pituitary.png,P20,P18,0.0,0.0,0.8457252029931539,0.8457252029931539
1130_pid-112074_pituitary.png,P20,P19,0.0,0.0,0.8925041812376463,0.8925041812376463
1144_pid-112847_pituitary.png,P15,P01,0.0,0.0,0.7947932618683001,0.7947932618683001
1144_pid-112847_pituitary.png,P15,P02,0.0,0.0,0.7947932618683001,0.7947932618683001
1144_pid-112847_pituitary.png,P15,P03,0.0,0.0,0.7947932618683001,0.7947932618683001
1144_pid-112847_pituitary.png,P15,P04,0.0,0.0,0.7947932618683001,0.7947932618683001
1144_pid-112847_pituitary.png,P15,P05,0.0,0.0,0.7948519948519949,0.7948519948519949
1144_pid-112847_pituitary.png,P15,P06,0.0,0.0,0.7947932618683001,0.7947932618683001
1144_pid-112847_pituitary.png,P15,P07,0.0,0.0,0.7947932618683001,0.7947932618683001
1144_pid-112847_pituitary.png,P15,P08,0.0,0.0,0.7947932618683001,0.7947932618683001
1144_pid-112847_pituitary.png,P15,P09,0.0,0.0,0.7947932618683001,0.7947932618683001
1144_pid-112847_pituitary.png,P15,P10,0.0,0.0,0.7948519948519949,0.7948519948519949
1144_pid-112847_pituitary.png,P15,P11,0.0,0.0,0.7947932618683001,0.7947932618683001
1144_pid-112847_pituitary.png,P15,P12,0.0,0.0,0.8106494152774322,0.8106494152774322
1144_pid-112847_pituitary.png,P15,P13,0.0,0.0,0.7947932618683001,0.7947932618683001
1144_pid-112847_pituitary.png,P15,P14,0.0,0.0,0.7947932618683001,0.7947932618683001
1144_pid-112847_pituitary.png,P15,P16,0.0,0.0,0.8135845314823996,0.8135845314823996
1144_pid-112847_pituitary.png,P15,P17,0.0,0.0,0.8106494152774322,0.8106494152774322
1144_pid-112847_pituitary.png,P15,P18,0.0,0.0,0.7947932618683001,0.7947932618683001
1144_pid-112847_pituitary.png,P15,P19,0.0,0.0,0.7947932618683001,0.7947932618683001
1144_pid-112847_pituitary.png,P15,P20,0.0,0.0,0.8135845314823996,0.8135845314823996
1148_pid-113274_pituitary.png,P04,P01,0.0,0.0,0.8358302122347067,0.8358302122347067
1148_pid-113274_pituitary.png,P07,P01,0.0,0.0,0.8358302122347067,0.8358302122347067
1148_pid-113274_pituitary.png,P09,P01,0.0,0.0,0.8358302122347067,0.8358302122347067
1148_pid-113274_pituitary.png,P12,P01,0.0,0.0,0.8358302122347067,0.8358302122347067
1148_pid-113274_pituitary.png,P15,P01,0.0,0.0,0.8358302122347067,0.8358302122347067
1148_pid-113274_pituitary.png,P17,P01,0.0,0.0,0.8358302122347067,0.8358302122347067
1148_pid-113274_pituitary.png,P19,P01,0.0,0.0,0.8358302122347067,0.8358302122347067
1148_pid-113274_pituitary.png,P04,P02,0.0,0.0,0.8329704510108865,0.8329704510108865
1148_pid-113274_pituitary.png,P07,P02,0.0,0.0,0.8329704510108865,0.8329704510108865
1148_pid-113274_pituitary.png,P09,P02,0.0,0.0,0.8329704510108865,0.8329704510108865
1148_pid-113274_pituitary.png,P12,P02,0.0,0.0,0.8329704510108865,0.8329704510108865
1148_pid-113274_pituitary.png,P15,P02,0.0,0.0,0.8329704510108865,0.8329704510108865
1148_pid-113274_pituitary.png,P17,P02,0.0,0.0,0.8329704510108865,0.8329704510108865
1148_pid-113274_pituitary.png,P19,P02,0.0,0.0,0.8329704510108865,0.8329704510108865
1148_pid-113274_pituitary.png,P04,P03,0.0,0.0,0.8377192982456141,0.8377192982456141
1148_pid-113274_pituitary.png,P07,P03,0.0,0.0,0.8377192982456141,0.8377192982456141
1148_pid-113274_pituitary.png,P09,P03,0.0,0.0,0.8377192982456141,0.8377192982456141
1148_pid-113274_pituitary.png,P12,P03,0.0,0.0,0.8377192982456141,0.8377192982456141
1148_pid-113274_pituitary.png,P15,P03,0.0,0.0,0.8377192982456141,0.8377192982456141
1148_pid-113274_pituitary.png,P17,P03,0.0,0.0,0.8377192982456141,0.8377192982456141
1148_pid-113274_pituitary.png,P19,P03,0.0,0.0,0.8377192982456141,0.8377192982456141
1148_pid-113274_pituitary.png,P04,P05,0.0,0.0,0.8358302122347067,0.8358302122347067
1148_pid-113274_pituitary.png,P04,P06,0.0,0.0,0.8347286821705426,0.8347286821705426
1148_pid-113274_pituitary.png,P04,P08,0.0,0.0,0.8348122866894198,0.8348122866894198
1148_pid-113274_pituitary.png,P04,P10,0.0,0.0,0.8329704510108865,0.8329704510108865
1148_pid-113274_pituitary.png,P04,P11,0.0,0.0,0.8344686648501363,0.8344686648501363
1148_pid-113274_pituitary.png,P04,P13,0.0,0.0,0.8375586854460094,0.8375586854460094
1148_pid-113274_pituitary.png,P04,P14,0.0,0.0,0.8358302122347067,0.8358302122347067
1148_pid-113274_pituitary.png,P04,P16,0.0,0.0,0.8358302122347067,0.8358302122347067
1148_pid-113274_pituitary.png,P04,P18,0.0,0.0,0.8329704510108865,0.8329704510108865
1148_pid-113274_pituitary.png,P04,P20,0.0,0.0,0.8329704510108865,0.8329704510108865
1148_pid-113274_pituitary.png,P07,P05,0.0,0.0,0.8358302122347067,0.8358302122347067
1148_pid-113274_pituitary.png,P09,P05,0.0,0.0,0.8358302122347067,0.8358302122347067
1148_pid-113274_pituitary.png,P12,P05,0.0,0.0,0.8358302122347067,0.8358302122347067
1148_pid-113274_pituitary.png,P15,P05,0.0,0.0,0.8358302122347067,0.8358302122347067
1148_pid-113274_pituitary.png,P17,P05,0.0,0.0,0.8358302122347067,0.8358302122347067
1148_pid-113274_pituitary.png,P19,P05,0.0,0.0,0.8358302122347067,0.8358302122347067
1148_pid-113274_pituitary.png,P07,P06,0.0,0.0,0.8347286821705426,0.8347286821705426
1148_pid-113274_pituitary.png,P09,P06,0.0,0.0,0.8347286821705426,0.8347286821705426
1148_pid-113274_pituitary.png,P12,P06,0.0,0.0,0.8347286821705426,0.8347286821705426
1148_pid-113274_pituitary.png,P15,P06,0.0,0.0,0.8347286821705426,0.8347286821705426
1148_pid-113274_pituitary.png,P17,P06,0.0,0.0,0.8347286821705426,0.8347286821705426
1148_pid-113274_pituitary.png,P19,P06,0.0,0.0,0.8347286821705426,0.8347286821705426
1148_pid-113274_pituitary.png,P07,P08,0.0,0.0,0.8348122866894198,0.8348122866894198
1148_pid-113274_pituitary.png,P07,P10,0.0,0.0,0.8329704510108865,0.8329704510108865
1148_pid-113274_pituitary.png,P07,P11,0.0,0.0,0.8344686648501363,0.8344686648501363
1148_pid-113274_pituitary.png,P07,P13,0.0,0.0,0.8375586854460094,0.8375586854460094
1148_pid-113274_pituitary.png,P07,P14,0.0,0.0,0.8358302122347067,0.8358302122347067
1148_pid-113274_pituitary.png,P07,P16,0.0,0.0,0.8358302122347067,0.8358302122347067
1148_pid-113274_pituitary.png,P07,P18,0.0,0.0,0.8329704510108865,0.8329704510108865
1148_pid-113274_pituitary.png,P07,P20,0.0,0.0,0.8329704510108865,0.8329704510108865
1148_pid-113274_pituitary.png,P09,P08,0.0,0.0,0.8348122866894198,0.8348122866894198
1148_pid-113274_pituitary.png,P12,P08,0.0,0.0,0.8348122866894198,0.8348122866894198
1148_pid-113274_pituitary.png,P15,P08,0.0,0.0,0.8348122866894198,0.8348122866894198
1148_pid-113274_pituitary.png,P17,P08,0.0,0.0,0.8348122866894198,0.8348122866894198
1148_pid-113274_pituitary.png,P19,P08,0.0,0.0,0.8348122866894198,0.8348122866894198
1148_pid-113274_pituitary.png,P09,P10,0.0,0.0,0.8329704510108865,0.8329704510108865
1148_pid-113274_pituitary.png,P09,P11,0.0,0.0,0.8344686648501363,0.8344686648501363
1148_pid-113274_pituitary.png,P09,P13,0.0,0.0,0.8375586854460094,0.8375586854460094
1148_pid-113274_pituitary.png,P09,P14,0.0,0.0,0.8358302122347067,0.8358302122347067
1148_pid-113274_pituitary.png,P09,P16,0.0,0.0,0.8358302122347067,0.8358302122347067
1148_pid-113274_pituitary.png,P09,P18,0.0,0.0,0.8329704510108865,0.8329704510108865
1148_pid-113274_pituitary.png,P09,P20,0.0,0.0,0.8329704510108865,0.8329704510108865
1148_pid-113274_pituitary.png,P12,P10,0.0,0.0,0.8329704510108865,0.8329704510108865
1148_pid-113274_pituitary.png,P15,P10,0.0,0.0,0.8329704510108865,0.8329704510108865
1148_pid-113274_pituitary.png,P17,P10,0.0,0.0,0.8329704510108865,0.8329704510108865
1148_pid-113274_pituitary.png,P19,P10,0.0,0.0,0.8329704510108865,0.8329704510108865
1148_pid-113274_pituitary.png,P12,P11,0.0,0.0,0.8344686648501363,0.8344686648501363
1148_pid-113274_pituitary.png,P15,P11,0.0,0.0,0.8344686648501363,0.8344686648501363
1148_pid-113274_pituitary.png,P17,P11,0.0,0.0,0.8344686648501363,0.8344686648501363
1148_pid-113274_pituitary.png,P19,P11,0.0,0.0,0.8344686648501363,0.8344686648501363
1148_pid-113274_pituitary.png,P12,P13,0.0,0.0,0.8375586854460094,0.8375586854460094
1148_pid-113274_pituitary.png,P12,P14,0.0,0.0,0.8358302122347067,0.8358302122347067
1148_pid-113274_pituitary.png,P12,P16,0.0,0.0,0.8358302122347067,0.8358302122347067
1148_pid-113274_pituitary.png,P12,P18,0.0,0.0,0.8329704510108865,0.8329704510108865
1148_pid-113274_pituitary.png,P12,P20,0.0,0.0,0.8329704510108865,0.8329704510108865
1148_pid-113274_pituitary.png,P15,P13,0.0,0.0,0.8375586854460094,0.8375586854460094
1148_pid-113274_pituitary.png,P17,P13,0.0,0.0,0.8375586854460094,0.8375586854460094
1148_pid-113274_pituitary.png,P19,P13,0.0,0.0,0.8375586854460094,0.8375586854460094
1148_pid-113274_pituitary.png,P15,P14,0.0,0.0,0.8358302122347067,0.8358302122347067
1148_pid-113274_pituitary.png,P17,P14,0.0,0.0,0.8358302122347067,0.8358302122347067
1148_pid-113274_pituitary.png,P19,P14,0.0,0.0,0.8358302122347067,0.8358302122347067
1148_pid-113274_pituitary.png,P15,P16,0.0,0.0,0.8358302122347067,0.8358302122347067
1148_pid-113274_pituitary.png,P15,P18,0.0,0.0,0.8329704510108865,0.8329704510108865
1148_pid-113274_pituitary.png,P15,P20,0.0,0.0,0.8329704510108865,0.8329704510108865
1148_pid-113274_pituitary.png,P17,P16,0.0,0.0,0.8358302122347067,0.8358302122347067
1148_pid-113274_pituitary.png,P19,P16,0.0,0.0,0.8358302122347067,0.8358302122347067
1148_pid-113274_pituitary.png,P17,P18,0.0,0.0,0.8329704510108865,0.8329704510108865
1148_pid-113274_pituitary.png,P17,P20,0.0,0.0,0.8329704510108865,0.8329704510108865
1148_pid-113274_pituitary.png,P19,P18,0.0,0.0,0.8329704510108865,0.8329704510108865
1148_pid-113274_pituitary.png,P19,P20,0.0,0.0,0.8329704510108865,0.8329704510108865
1166_pid-105936_pituitary.png,P01,P13,0.6615188257817486,0.0,0.6185216652506372,0.6185216652506372
1166_pid-105936_pituitary.png,P02,P13,0.0,0.0,0.6185216652506372,0.6185216652506372
1166_pid-105936_pituitary.png,P03,P13,0.0,0.0,0.6185216652506372,0.6185216652506372
1166_pid-105936_pituitary.png,P04,P13,0.0,0.0,0.6185216652506372,0.6185216652506372
1166_pid-105936_pituitary.png,P05,P13,0.6411038690888919,0.0,0.6185216652506372,0.6185216652506372
1166_pid-105936_pituitary.png,P06,P13,0.0,0.0,0.6185216652506372,0.6185216652506372
1166_pid-105936_pituitary.png,P07,P13,0.6191763982790411,0.0,0.6185216652506372,0.6185216652506372
1166_pid-105936_pituitary.png,P08,P13,0.0,0.0,0.6185216652506372,0.6185216652506372
1166_pid-105936_pituitary.png,P09,P13,0.0,0.0,0.6185216652506372,0.6185216652506372
1166_pid-105936_pituitary.png,P10,P13,0.0,0.0,0.6185216652506372,0.6185216652506372
1166_pid-105936_pituitary.png,P11,P13,0.6582738025529922,0.0,0.6185216652506372,0.6185216652506372
1166_pid-105936_pituitary.png,P12,P13,0.0,0.0,0.6185216652506372,0.6185216652506372
1166_pid-105936_pituitary.png,P14,P13,0.0,0.0,0.6185216652506372,0.6185216652506372
1166_pid-105936_pituitary.png,P15,P13,0.0,0.0,0.6185216652506372,0.6185216652506372
1166_pid-105936_pituitary.png,P16,P13,0.0,0.0,0.6185216652506372,0.6185216652506372
1166_pid-105936_pituitary.png,P17,P13,0.0,0.0,0.6185216652506372,0.6185216652506372
1166_pid-105936_pituitary.png,P18,P13,0.0,0.0,0.6185216652506372,0.6185216652506372
1166_pid-105936_pituitary.png,P19,P13,0.0,0.0,0.6185216652506372,0.6185216652506372
1166_pid-105936_pituitary.png,P20,P13,0.0,0.0,0.6185216652506372,0.6185216652506372
1169_pid-106062_pituitary.png,P02,P01,0.0,0.0,0.938683243854196,0.938683243854196
1169_pid-106062_pituitary.png,P04,P01,0.0,0.0,0.938683243854196,0.938683243854196
1169_pid-106062_pituitary.png,P07,P01,0.0,0.0,0.938683243854196,0.938683243854196
1169_pid-106062_pituitary.png,P15,P01,0.0,0.0,0.938683243854196,0.938683243854196
1169_pid-106062_pituitary.png,P16,P01,0.0,0.0,0.938683243854196,0.938683243854196
1169_pid-106062_pituitary.png,P17,P01,0.0,0.0,0.938683243854196,0.938683243854196
1169_pid-106062_pituitary.png,P19,P01,0.0,0.0,0.938683243854196,0.938683243854196
1169_pid-106062_pituitary.png,P02,P03,0.0,0.0,0.9293276108726752,0.9293276108726752
1169_pid-106062_pituitary.png,P02,P05,0.0,0.0,0.943560872624912,0.943560872624912
1169_pid-106062_pituitary.png,P02,P06,0.0,0.0,0.9284077892325316,0.9284077892325316
1169_pid-106062_pituitary.png,P02,P08,0.0,0.0,0.9406791602085388,0.9406791602085388
1169_pid-106062_pituitary.png,P02,P09,0.0,0.0,0.9298270687437472,0.9298270687437472
1169_pid-106062_pituitary.png,P02,P10,0.0,0.0,0.9314677327241576,0.9314677327241576
1169_pid-106062_pituitary.png,P02,P11,0.0,0.0,0.9348220516399164,0.9348220516399164
1169_pid-106062_pituitary.png,P02,P12,0.0,0.0,0.9266752762232744,0.9266752762232744
1169_pid-106062_pituitary.png,P02,P13,0.0,0.0,0.9239396117900792,0.9239396117900792
1169_pid-106062_pituitary.png,P02,P14,0.0,0.0,0.9298270687437472,0.9298270687437472
1169_pid-106062_pituitary.png,P02,P18,0.0,0.0,0.9338078291814946,0.9338078291814946
1169_pid-106062_pituitary.png,P02,P20,0.0,0.0,0.9281008307075336,0.9281008307075336
1169_pid-106062_pituitary.png,P04,P03,0.0,0.0,0.9293276108726752,0.9293276108726752
1169_pid-106062_pituitary.png,P07,P03,0.0,0.0,0.9293276108726752,0.9293276108726752
1169_pid-106062_pituitary.png,P15,P03,0.0,0.0,0.9293276108726752,0.9293276108726752
1169_pid-106062_pituitary.png,P16,P03,0.0,0.0,0.9293276108726752,0.9293276108726752
1169_pid-106062_pituitary.png,P17,P03,0.0,0.0,0.9293276108726752,0.9293276108726752
1169_pid-106062_pituitary.png,P19,P03,0.0,0.0,0.9293276108726752,0.9293276108726752
1169_pid-106062_pituitary.png,P04,P05,0.0,0.0,0.943560872624912,0.943560872624912
1169_pid-106062_pituitary.png,P04,P06,0.0,0.0,0.9284077892325316,0.9284077892325316
1169_pid-106062_pituitary.png,P04,P08,0.0,0.0,0.9406791602085388,0.9406791602085388
1169_pid-106062_pituitary.png,P04,P09,0.0,0.0,0.9298270687437472,0.9298270687437472
1169_pid-106062_pituitary.png,P04,P10,0.0,0.0,0.9314677327241576,0.9314677327241576
1169_pid-106062_pituitary.png,P04,P11,0.0,0.0,0.9348220516399164,0.9348220516399164
1169_pid-106062_pituitary.png,P04,P12,0.0,0.0,0.9266752762232744,0.9266752762232744
1169_pid-106062_pituitary.png,P04,P13,0.0,0.0,0.9239396117900792,0.9239396117900792
1169_pid-106062_pituitary.png,P04,P14,0.0,0.0,0.9298270687437472,0.9298270687437472
1169_pid-106062_pituitary.png,P04,P18,0.0,0.0,0.9338078291814946,0.9338078291814946
1169_pid-106062_pituitary.png,P04,P20,0.0,0.0,0.9281008307075336,0.9281008307075336
1169_pid-106062_pituitary.png,P07,P05,0.0,0.0,0.943560872624912,0.943560872624912
1169_pid-106062_pituitary.png,P15,P05,0.0,0.0,0.943560872624912,0.943560872624912
1169_pid-106062_pituitary.png,P16,P05,0.0,0.0,0.943560872624912,0.943560872624912
1169_pid-106062_pituitary.png,P17,P05,0.0,0.0,0.943560872624912,0.943560872624912
1169_pid-106062_pituitary.png,P19,P05,0.0,0.0,0.943560872624912,0.943560872624912
1169_pid-106062_pituitary.png,P07,P06,0.0,0.0,0.9284077892325316,0.9284077892325316
1169_pid-106062_pituitary.png,P15,P06,0.0,0.0,0.9284077892325316,0.9284077892325316
1169_pid-106062_pituitary.png,P16,P06,0.0,0.0,0.9284077892325316,0.9284077892325316
1169_pid-106062_pituitary.png,P17,P06,0.0,0.0,0.9284077892325316,0.9284077892325316
1169_pid-106062_pituitary.png,P19,P06,0.0,0.0,0.9284077892325316,0.9284077892325316
1169_pid-106062_pituitary.png,P07,P08,0.0,0.0,0.9406791602085388,0.9406791602085388
1169_pid-106062_pituitary.png,P07,P09,0.0,0.0,0.9298270687437472,0.9298270687437472
1169_pid-106062_pituitary.png,P07,P10,0.0,0.0,0.9314677327241576,0.9314677327241576
1169_pid-106062_pituitary.png,P07,P11,0.0,0.0,0.9348220516399164,0.9348220516399164
1169_pid-106062_pituitary.png,P07,P12,0.0,0.0,0.9266752762232744,0.9266752762232744
1169_pid-106062_pituitary.png,P07,P13,0.0,0.0,0.9239396117900792,0.9239396117900792
1169_pid-106062_pituitary.png,P07,P14,0.0,0.0,0.9298270687437472,0.9298270687437472
1169_pid-106062_pituitary.png,P07,P18,0.0,0.0,0.9338078291814946,0.9338078291814946
1169_pid-106062_pituitary.png,P07,P20,0.0,0.0,0.9281008307075336,0.9281008307075336
1169_pid-106062_pituitary.png,P15,P08,0.0,0.0,0.9406791602085388,0.9406791602085388
1169_pid-106062_pituitary.png,P16,P08,0.0,0.0,0.9406791602085388,0.9406791602085388
1169_pid-106062_pituitary.png,P17,P08,0.0,0.0,0.9406791602085388,0.9406791602085388
1169_pid-106062_pituitary.png,P19,P08,0.0,0.0,0.9406791602085388,0.9406791602085388
1169_pid-106062_pituitary.png,P15,P09,0.0,0.0,0.9298270687437472,0.9298270687437472
1169_pid-106062_pituitary.png,P16,P09,0.0,0.0,0.9298270687437472,0.9298270687437472
1169_pid-106062_pituitary.png,P17,P09,0.0,0.0,0.9298270687437472,0.9298270687437472
1169_pid-106062_pituitary.png,P19,P09,0.0,0.0,0.9298270687437472,0.9298270687437472
1169_pid-106062_pituitary.png,P15,P10,0.0,0.0,0.9314677327241576,0.9314677327241576
1169_pid-106062_pituitary.png,P16,P10,0.0,0.0,0.9314677327241576,0.9314677327241576
1169_pid-106062_pituitary.png,P17,P10,0.0,0.0,0.9314677327241576,0.9314677327241576
1169_pid-106062_pituitary.png,P19,P10,0.0,0.0,0.9314677327241576,0.9314677327241576
1169_pid-106062_pituitary.png,P15,P11,0.0,0.0,0.9348220516399164,0.9348220516399164
1169_pid-106062_pituitary.png,P16,P11,0.0,0.0,0.9348220516399164,0.9348220516399164
1169_pid-106062_pituitary.png,P17,P11,0.0,0.0,0.9348220516399164,0.9348220516399164
1169_pid-106062_pituitary.png,P19,P11,0.0,0.0,0.9348220516399164,0.9348220516399164
1169_pid-106062_pituitary.png,P15,P12,0.0,0.0,0.9266752762232744,0.9266752762232744
1169_pid-106062_pituitary.png,P16,P12,0.0,0.0,0.9266752762232744,0.9266752762232744
1169_pid-106062_pituitary.png,P17,P12,0.0,0.0,0.9266752762232744,0.9266752762232744
1169_pid-106062_pituitary.png,P19,P12,0.0,0.0,0.9266752762232744,0.9266752762232744
1169_pid-106062_pituitary.png,P15,P13,0.0,0.0,0.9239396117900792,0.9239396117900792
1169_pid-106062_pituitary.png,P16,P13,0.0,0.0,0.9239396117900792,0.9239396117900792
1169_pid-106062_pituitary.png,P17,P13,0.0,0.0,0.9239396117900792,0.9239396117900792
1169_pid-106062_pituitary.png,P19,P13,0.0,0.0,0.9239396117900792,0.9239396117900792
1169_pid-106062_pituitary.png,P15,P14,0.0,0.0,0.9298270687437472,0.9298270687437472
1169_pid-106062_pituitary.png,P16,P14,0.0,0.0,0.9298270687437472,0.9298270687437472
1169_pid-106062_pituitary.png,P17,P14,0.0,0.0,0.9298270687437472,0.9298270687437472
1169_pid-106062_pituitary.png,P19,P14,0.0,0.0,0.9298270687437472,0.9298270687437472
1169_pid-106062_pituitary.png,P15,P18,0.0,0.0,0.9338078291814946,0.9338078291814946
1169_pid-106062_pituitary.png,P15,P20,0.0,0.0,0.9281008307075336,0.9281008307075336
1169_pid-106062_pituitary.png,P16,P18,0.0,0.0,0.9338078291814946,0.9338078291814946
1169_pid-106062_pituitary.png,P16,P20,0.0,0.0,0.9281008307075336,0.9281008307075336
1169_pid-106062_pituitary.png,P17,P18,0.0,0.0,0.9338078291814946,0.9338078291814946
1169_pid-106062_pituitary.png,P17,P20,0.0,0.0,0.9281008307075336,0.9281008307075336
1169_pid-106062_pituitary.png,P19,P18,0.0,0.0,0.9338078291814946,0.9338078291814946
1169_pid-106062_pituitary.png,P19,P20,0.0,0.0,0.9281008307075336,0.9281008307075336
1193_pid-107505_pituitary.png,P01,P04,0.0,0.0,0.8388899980035935,0.8388899980035935
1193_pid-107505_pituitary.png,P01,P18,0.0,0.0,0.7954716981132075,0.7954716981132075
1193_pid-107505_pituitary.png,P02,P04,0.0,0.0,0.8388899980035935,0.8388899980035935
1193_pid-107505_pituitary.png,P02,P18,0.0,0.0,0.7954716981132075,0.7954716981132075
1193_pid-107505_pituitary.png,P03,P04,0.0,0.0,0.8388899980035935,0.8388899980035935
1193_pid-107505_pituitary.png,P03,P18,0.0,0.0,0.7954716981132075,0.7954716981132075
1193_pid-107505_pituitary.png,P05,P04,0.0,0.0,0.8388899980035935,0.8388899980035935
1193_pid-107505_pituitary.png,P06,P04,0.895128300483451,0.0073603211776513,0.8388899980035935,0.8315296768259423
1193_pid-107505_pituitary.png,P07,P04,0.0,0.0,0.8388899980035935,0.8388899980035935
1193_pid-107505_pituitary.png,P08,P04,0.0,0.0,0.8388899980035935,0.8388899980035935
1193_pid-107505_pituitary.png,P09,P04,0.0,0.0,0.8388899980035935,0.8388899980035935
1193_pid-107505_pituitary.png,P10,P04,0.0,0.0,0.8388899980035935,0.8388899980035935
1193_pid-107505_pituitary.png,P11,P04,0.0,0.0,0.8388899980035935,0.8388899980035935
1193_pid-107505_pituitary.png,P12,P04,0.0,0.0,0.8388899980035935,0.8388899980035935
1193_pid-107505_pituitary.png,P13,P04,0.0,0.0,0.8388899980035935,0.8388899980035935
1193_pid-107505_pituitary.png,P14,P04,0.0,0.0,0.8388899980035935,0.8388899980035935
1193_pid-107505_pituitary.png,P15,P04,0.9555611665193788,0.0076579451180599,0.8388899980035935,0.8312320528855336
1193_pid-107505_pituitary.png,P16,P04,0.0,0.0,0.8388899980035935,0.8388899980035935
1193_pid-107505_pituitary.png,P17,P04,0.0,0.0,0.8388899980035935,0.8388899980035935
1193_pid-107505_pituitary.png,P19,P04,0.0,0.0,0.8388899980035935,0.8388899980035935
1193_pid-107505_pituitary.png,P20,P04,0.0,0.0,0.8388899980035935,0.8388899980035935
1193_pid-107505_pituitary.png,P05,P18,0.0,0.0,0.7954716981132075,0.7954716981132075
1193_pid-107505_pituitary.png,P06,P18,0.7776914108045083,0.0073603211776513,0.7954716981132075,0.7881113769355562
1193_pid-107505_pituitary.png,P07,P18,0.0,0.0,0.7954716981132075,0.7954716981132075
1193_pid-107505_pituitary.png,P08,P18,0.0,0.0,0.7954716981132075,0.7954716981132075
1193_pid-107505_pituitary.png,P09,P18,0.0,0.0,0.7954716981132075,0.7954716981132075
1193_pid-107505_pituitary.png,P10,P18,0.0,0.0,0.7954716981132075,0.7954716981132075
1193_pid-107505_pituitary.png,P11,P18,0.0,0.0,0.7954716981132075,0.7954716981132075
1193_pid-107505_pituitary.png,P12,P18,0.0,0.0,0.7954716981132075,0.7954716981132075
1193_pid-107505_pituitary.png,P13,P18,0.0,0.0,0.7954716981132075,0.7954716981132075
1193_pid-107505_pituitary.png,P14,P18,0.0,0.0,0.7954716981132075,0.7954716981132075
1193_pid-107505_pituitary.png,P15,P18,0.6705458908218357,0.0076579451180599,0.7954716981132075,0.7878137529951476
1193_pid-107505_pituitary.png,P16,P18,0.0,0.0,0.7954716981132075,0.7954716981132075
1193_pid-107505_pituitary.png,P17,P18,0.0,0.0,0.7954716981132075,0.7954716981132075
1193_pid-107505_pituitary.png,P19,P18,0.0,0.0,0.7954716981132075,0.7954716981132075
1193_pid-107505_pituitary.png,P20,P18,0.0,0.0,0.7954716981132075,0.7954716981132075
1248_pid-112074_pituitary.png,P18,P03,0.8892994990555966,0.0,0.7971981320880587,0.7971981320880587
1248_pid-112074_pituitary.png,P19,P03,0.94893274265002,0.0,0.7971981320880587,0.7971981320880587
1248_pid-112074_pituitary.png,P18,P05,0.6609093683246872,0.0,0.7621351394936301,0.7621351394936301
1248_pid-112074_pituitary.png,P19,P05,0.7335367714372902,0.0,0.7621351394936301,0.7621351394936301
1248_pid-112074_pituitary.png,P18,P06,0.9267436884895164,0.0,0.8405949256342957,0.8405949256342957
1248_pid-112074_pituitary.png,P19,P06,0.9117670779901604,0.0,0.8405949256342957,0.8405949256342957
1248_pid-112074_pituitary.png,P18,P08,0.8478936051604683,0.0,0.7690779672239696,0.7690779672239696
1248_pid-112074_pituitary.png,P19,P08,0.9340363117418536,0.0,0.7690779672239696,0.7690779672239696
1248_pid-112074_pituitary.png,P18,P09,0.6547554265675071,0.0,0.8326219512195122,0.8326219512195122
1248_pid-112074_pituitary.png,P19,P09,0.7267065723441563,0.0,0.8326219512195122,0.8326219512195122
1248_pid-112074_pituitary.png,P18,P10,0.9117924124347008,0.0,0.8118016759776536,0.8118016759776536
1248_pid-112074_pituitary.png,P19,P10,0.9259562617741012,0.0,0.8118016759776536,0.8118016759776536
1248_pid-112074_pituitary.png,P18,P12,0.8830554864394128,0.0,0.8068833652007649,0.8068833652007649
1248_pid-112074_pituitary.png,P19,P12,0.8980061958852967,0.0,0.8068833652007649,0.8068833652007649
1248_pid-112074_pituitary.png,P18,P13,0.9076355712010729,0.0,0.8363762823856721,0.8363762823856721
1248_pid-112074_pituitary.png,P19,P13,0.8940292605773033,0.0,0.8363762823856721,0.8363762823856721
1248_pid-112074_pituitary.png,P18,P14,0.6460831692619772,0.0,0.8499229583975346,0.8499229583975346
1248_pid-112074_pituitary.png,P19,P14,0.7170813197303264,0.0,0.8499229583975346,0.8499229583975346
1248_pid-112074_pituitary.png,P18,P16,0.6728176452314384,0.0,0.7552224525594005,0.7552224525594005
1248_pid-112074_pituitary.png,P19,P16,0.7467536502019261,0.0,0.7552224525594005,0.7552224525594005
1248_pid-112074_pituitary.png,P18,P20,0.8892994990555966,0.0,0.7971981320880587,0.7971981320880587
1248_pid-112074_pituitary.png,P19,P20,0.94893274265002,0.0,0.7971981320880587,0.7971981320880587
130_pid-111366_meningioma.png,P01,P02,0.7167594310451453,0.0,0.6218718910231882,0.6218718910231882
130_pid-111366_meningioma.png,P01,P04,0.3986928104575163,0.0,0.8210712928960364,0.8210712928960364
130_pid-111366_meningioma.png,P01,P07,0.5939673475364229,0.0,0.6292348130841121,0.6292348130841121
130_pid-111366_meningioma.png,P01,P10,0.8711478578331365,0.0,0.5779980500487488,0.5779980500487488
130_pid-111366_meningioma.png,P01,P12,0.8983902271948853,0.0,0.5293670244232231,0.5293670244232231
130_pid-111366_meningioma.png,P01,P15,0.5181083101175511,0.0,0.6980636691828027,0.6980636691828027
130_pid-111366_meningioma.png,P01,P17,0.7721518987341772,0.0,0.5726111211085118,0.5726111211085118
130_pid-111366_meningioma.png,P01,P19,0.3981840490797546,0.0,0.8600708030557108,0.8600708030557108
130_pid-111366_meningioma.png,P03,P02,0.0,0.0,0.6218718910231882,0.6218718910231882
130_pid-111366_meningioma.png,P05,P02,0.6724092234296316,0.0,0.6218718910231882,0.6218718910231882
130_pid-111366_meningioma.png,P06,P02,0.0,0.0,0.6218718910231882,0.6218718910231882
130_pid-111366_meningioma.png,P08,P02,0.7522749359484053,0.0,0.6218718910231882,0.6218718910231882
130_pid-111366_meningioma.png,P11,P02,0.6411343758282534,0.0,0.6218718910231882,0.6218718910231882
130_pid-111366_meningioma.png,P13,P02,0.3283858998144712,0.0,0.6218718910231882,0.6218718910231882
130_pid-111366_meningioma.png,P14,P02,0.3283858998144712,0.0,0.6218718910231882,0.6218718910231882
130_pid-111366_meningioma.png,P16,P02,0.682834172630091,0.0,0.6218718910231882,0.6218718910231882
130_pid-111366_meningioma.png,P18,P02,0.3388108490149306,0.0,0.6218718910231882,0.6218718910231882
130_pid-111366_meningioma.png,P20,P02,0.682834172630091,0.0,0.6218718910231882,0.6218718910231882
130_pid-111366_meningioma.png,P03,P04,0.0,0.0,0.8210712928960364,0.8210712928960364
130_pid-111366_meningioma.png,P03,P07,0.0,0.0,0.6292348130841121,0.6292348130841121
130_pid-111366_meningioma.png,P03,P10,0.0,0.0,0.5779980500487488,0.5779980500487488
130_pid-111366_meningioma.png,P03,P12,0.0,0.0,0.5293670244232231,0.5293670244232231
130_pid-111366_meningioma.png,P03,P15,0.0,0.0,0.6980636691828027,0.6980636691828027
130_pid-111366_meningioma.png,P03,P17,0.0,0.0,0.5726111211085118,0.5726111211085118
130_pid-111366_meningioma.png,P03,P19,0.0,0.0,0.8600708030557108,0.8600708030557108
130_pid-111366_meningioma.png,P05,P04,0.3740232935279375,0.0,0.8210712928960364,0.8210712928960364
130_pid-111366_meningioma.png,P06,P04,0.0,0.0,0.8210712928960364,0.8210712928960364
130_pid-111366_meningioma.png,P08,P04,0.4184480809867806,0.0,0.8210712928960364,0.8210712928960364
130_pid-111366_meningioma.png,P11,P04,0.3566268612708241,0.0,0.8210712928960364,0.8210712928960364
130_pid-111366_meningioma.png,P13,P04,0.1826625386996904,0.0,0.8210712928960364,0.8210712928960364
130_pid-111366_meningioma.png,P14,P04,0.1826625386996904,0.0,0.8210712928960364,0.8210712928960364
130_pid-111366_meningioma.png,P16,P04,0.3798221042803086,0.0,0.8210712928960364,0.8210712928960364
130_pid-111366_meningioma.png,P18,P04,0.1884613494520615,0.0,0.8210712928960364,0.8210712928960364
130_pid-111366_meningioma.png,P20,P04,0.3798221042803086,0.0,0.8210712928960364,0.8210712928960364
130_pid-111366_meningioma.png,P05,P07,0.5572150230617176,0.0,0.6292348130841121,0.6292348130841121
130_pid-111366_meningioma.png,P05,P10,0.8172447116933319,0.0,0.5779980500487488,0.5779980500487488
130_pid-111366_meningioma.png,P05,P12,0.8679485694428356,0.0,0.5293670244232231,0.5293670244232231
130_pid-111366_meningioma.png,P05,P15,0.4976342316395803,0.0,0.6980636691828027,0.6980636691828027
130_pid-111366_meningioma.png,P05,P17,0.7479174212241941,0.0,0.5726111211085118,0.5726111211085118
130_pid-111366_meningioma.png,P05,P19,0.3735460122699386,0.0,0.8600708030557108,0.8600708030557108
130_pid-111366_meningioma.png,P06,P07,0.0,0.0,0.6292348130841121,0.6292348130841121
130_pid-111366_meningioma.png,P06,P10,0.0,0.0,0.5779980500487488,0.5779980500487488
130_pid-111366_meningioma.png,P06,P12,0.0,0.0,0.5293670244232231,0.5293670244232231
130_pid-111366_meningioma.png,P06,P15,0.0,0.0,0.6980636691828027,0.6980636691828027
130_pid-111366_meningioma.png,P06,P17,0.0,0.0,0.5726111211085118,0.5726111211085118
130_pid-111366_meningioma.png,P06,P19,0.0,0.0,0.8600708030557108,0.8600708030557108
130_pid-111366_meningioma.png,P08,P07,0.6233984918368841,0.0,0.6292348130841121,0.6292348130841121
130_pid-111366_meningioma.png,P11,P07,0.5312980452448934,0.0,0.6292348130841121,0.6292348130841121
130_pid-111366_meningioma.png,P13,P07,0.2721282670766528,0.0,0.6292348130841121,0.6292348130841121
130_pid-111366_meningioma.png,P14,P07,0.2721282670766528,0.0,0.6292348130841121,0.6292348130841121
130_pid-111366_meningioma.png,P16,P07,0.5658540156673256,0.0,0.6292348130841121,0.6292348130841121
130_pid-111366_meningioma.png,P18,P07,0.2807672596822608,0.0,0.6292348130841121,0.6292348130841121
130_pid-111366_meningioma.png,P20,P07,0.5658540156673256,0.0,0.6292348130841121,0.6292348130841121
130_pid-111366_meningioma.png,P08,P10,0.9143133254590358,0.0,0.5779980500487488,0.5779980500487488
130_pid-111366_meningioma.png,P08,P12,0.9128383690890712,0.0,0.5293670244232231,0.5293670244232231
130_pid-111366_meningioma.png,P08,P15,0.5557835693275874,0.0,0.6980636691828027,0.6980636691828027
130_pid-111366_meningioma.png,P08,P17,0.7370976849237719,0.0,0.5726111211085118,0.5726111211085118
130_pid-111366_meningioma.png,P08,P19,0.4179141104294478,0.0,0.8600708030557108,0.8600708030557108
130_pid-111366_meningioma.png,P11,P10,0.7792333297541072,0.0,0.5779980500487488,0.5779980500487488
130_pid-111366_meningioma.png,P13,P10,0.3991195103618598,0.0,0.5779980500487488,0.5779980500487488
130_pid-111366_meningioma.png,P14,P10,0.3991195103618598,0.0,0.5779980500487488,0.5779980500487488
130_pid-111366_meningioma.png,P16,P10,0.8299151723397401,0.0,0.5779980500487488,0.5779980500487488
130_pid-111366_meningioma.png,P18,P10,0.411789971008268,0.0,0.5779980500487488,0.5779980500487488
130_pid-111366_meningioma.png,P20,P10,0.8299151723397401,0.0,0.5779980500487488,0.5779980500487488
130_pid-111366_meningioma.png,P11,P12,0.802308307621986,0.0,0.5293670244232231,0.5293670244232231
130_pid-111366_meningioma.png,P11,P15,0.4615332290320386,0.0,0.6980636691828027,0.6980636691828027
130_pid-111366_meningioma.png,P11,P17,0.6812284251874777,0.0,0.5726111211085118,0.5726111211085118
130_pid-111366_meningioma.png,P11,P19,0.3561717791411043,0.0,0.8600708030557108,0.8600708030557108
130_pid-111366_meningioma.png,P13,P12,0.416888682960732,0.0,0.5293670244232231,0.5293670244232231
130_pid-111366_meningioma.png,P14,P12,0.416888682960732,0.0,0.5293670244232231,0.5293670244232231
130_pid-111366_meningioma.png,P16,P12,0.8816170508513842,0.0,0.5293670244232231,0.5293670244232231
130_pid-111366_meningioma.png,P18,P12,0.4305571643692806,0.0,0.5293670244232231,0.5293670244232231
130_pid-111366_meningioma.png,P20,P12,0.8816170508513842,0.0,0.5293670244232231,0.5293670244232231
130_pid-111366_meningioma.png,P13,P15,0.2306109853939518,0.0,0.6980636691828027,0.6980636691828027
130_pid-111366_meningioma.png,P13,P17,0.2777978993118435,0.0,0.5726111211085118,0.5726111211085118
130_pid-111366_meningioma.png,P13,P19,0.1824294478527607,0.0,0.8600708030557108,0.8600708030557108
130_pid-111366_meningioma.png,P14,P15,0.2306109853939518,0.0,0.6980636691828027,0.6980636691828027
130_pid-111366_meningioma.png,P14,P17,0.2777978993118435,0.0,0.5726111211085118,0.5726111211085118
130_pid-111366_meningioma.png,P14,P19,0.1824294478527607,0.0,0.8600708030557108,0.8600708030557108
130_pid-111366_meningioma.png,P16,P15,0.5057258451621751,0.0,0.6980636691828027,0.6980636691828027
130_pid-111366_meningioma.png,P18,P15,0.2387025989165466,0.0,0.6980636691828027,0.6980636691828027
130_pid-111366_meningioma.png,P20,P15,0.5057258451621751,0.0,0.6980636691828027,0.6980636691828027
130_pid-111366_meningioma.png,P16,P17,0.7621634673427502,0.0,0.5726111211085118,0.5726111211085118
130_pid-111366_meningioma.png,P16,P19,0.3793374233128834,0.0,0.8600708030557108,0.8600708030557108
130_pid-111366_meningioma.png,P18,P17,0.2920439454303996,0.0,0.5726111211085118,0.5726111211085118
130_pid-111366_meningioma.png,P20,P17,0.7621634673427502,0.0,0.5726111211085118,0.5726111211085118
130_pid-111366_meningioma.png,P18,P19,0.1882208588957055,0.0,0.8600708030557108,0.8600708030557108
130_pid-111366_meningioma.png,P20,P19,0.3793374233128834,0.0,0.8600708030557108,0.8600708030557108
1315_pid-103478_pituitary.png,P15,P01,0.0,0.0,0.9550531190411332,0.9550531190411332
1315_pid-103478_pituitary.png,P19,P01,0.0,0.0,0.9550531190411332,0.9550531190411332
1315_pid-103478_pituitary.png,P15,P02,0.0,0.0,0.9499594265620772,0.9499594265620772
1315_pid-103478_pituitary.png,P19,P02,0.0,0.0,0.9499594265620772,0.9499594265620772
1315_pid-103478_pituitary.png,P15,P03,0.0,0.0,0.9504736129905278,0.9504736129905278
1315_pid-103478_pituitary.png,P19,P03,0.0,0.0,0.9504736129905278,0.9504736129905278
1315_pid-103478_pituitary.png,P15,P04,0.0,0.0,0.9497025419145484,0.9497025419145484
1315_pid-103478_pituitary.png,P19,P04,0.0,0.0,0.9497025419145484,0.9497025419145484
1315_pid-103478_pituitary.png,P15,P05,0.0,0.0,0.9550531190411332,0.9550531190411332
1315_pid-103478_pituitary.png,P19,P05,0.0,0.0,0.9550531190411332,0.9550531190411332
1315_pid-103478_pituitary.png,P15,P06,0.0,0.0,0.951761517615176,0.951761517615176
1315_pid-103478_pituitary.png,P19,P06,0.0,0.0,0.951761517615176,0.951761517615176
1315_pid-103478_pituitary.png,P15,P07,0.0,0.0,0.9499594265620772,0.9499594265620772
1315_pid-103478_pituitary.png,P19,P07,0.0,0.0,0.9499594265620772,0.9499594265620772
1315_pid-103478_pituitary.png,P15,P08,0.0,0.0,0.9535199782549606,0.9535199782549606
1315_pid-103478_pituitary.png,P19,P08,0.0,0.0,0.9535199782549606,0.9535199782549606
1315_pid-103478_pituitary.png,P15,P09,0.0,0.0,0.9509617989704688,0.9509617989704688
1315_pid-103478_pituitary.png,P19,P09,0.0,0.0,0.9509617989704688,0.9509617989704688
1315_pid-103478_pituitary.png,P15,P10,0.0,0.0,0.9540386184389448,0.9540386184389448
1315_pid-103478_pituitary.png,P19,P10,0.0,0.0,0.9540386184389448,0.9540386184389448
1315_pid-103478_pituitary.png,P15,P11,0.0,0.0,0.9550531190411332,0.9550531190411332
1315_pid-103478_pituitary.png,P19,P11,0.0,0.0,0.9550531190411332,0.9550531190411332
1315_pid-103478_pituitary.png,P15,P12,0.0,0.0,0.9515036575453808,0.9515036575453808
1315_pid-103478_pituitary.png,P19,P12,0.0,0.0,0.9515036575453808,0.9515036575453808
1315_pid-103478_pituitary.png,P15,P13,0.0,0.0,0.9504736129905278,0.9504736129905278
1315_pid-103478_pituitary.png,P19,P13,0.0,0.0,0.9504736129905278,0.9504736129905278
1315_pid-103478_pituitary.png,P15,P14,0.0,0.0,0.9515036575453808,0.9515036575453808
1315_pid-103478_pituitary.png,P19,P14,0.0,0.0,0.9515036575453808,0.9515036575453808
1315_pid-103478_pituitary.png,P15,P16,0.0,0.0,0.950988356349851,0.950988356349851
1315_pid-103478_pituitary.png,P15,P17,0.0,0.0,0.9522517634291916,0.9522517634291916
1315_pid-103478_pituitary.png,P15,P18,0.0,0.0,0.9509617989704688,0.9509617989704688
1315_pid-103478_pituitary.png,P15,P20,0.0,0.0,0.950988356349851,0.950988356349851
1315_pid-103478_pituitary.png,P19,P16,0.0,0.0,0.950988356349851,0.950988356349851
1315_pid-103478_pituitary.png,P19,P17,0.0,0.0,0.9522517634291916,0.9522517634291916
1315_pid-103478_pituitary.png,P19,P18,0.0,0.0,0.9509617989704688,0.9509617989704688
1315_pid-103478_pituitary.png,P19,P20,0.0,0.0,0.950988356349851,0.950988356349851
1324_pid-103670_pituitary.png,P03,P02,0.8288372093023256,0.0,0.5721120984278879,0.5721120984278879
1324_pid-103670_pituitary.png,P05,P02,0.9058823529411764,0.0,0.5721120984278879,0.5721120984278879
1324_pid-103670_pituitary.png,P06,P02,0.9069361640250108,0.0,0.5721120984278879,0.5721120984278879
1324_pid-103670_pituitary.png,P08,P02,0.8470732038571235,0.0,0.5721120984278879,0.5721120984278879
1324_pid-103670_pituitary.png,P10,P02,0.8461538461538461,0.0,0.5721120984278879,0.5721120984278879
1324_pid-103670_pituitary.png,P12,P02,0.8461538461538461,0.0,0.5721120984278879,0.5721120984278879
1324_pid-103670_pituitary.png,P14,P02,0.927710843373494,0.0,0.5721120984278879,0.5721120984278879
1324_pid-103670_pituitary.png,P16,P02,0.8850574712643678,0.0,0.5721120984278879,0.5721120984278879
1324_pid-103670_pituitary.png,P18,P02,0.8260620798169075,0.0018437427978796,0.5721120984278879,0.5702683556300083
1324_pid-103670_pituitary.png,P19,P02,0.5920333487725798,0.0,0.5721120984278879,0.5721120984278879
1324_pid-103670_pituitary.png,P03,P04,0.5379188712522046,0.0,0.924474730266894,0.924474730266894
1324_pid-103670_pituitary.png,P03,P07,0.8289281445079028,0.0,0.572699281560041,0.572699281560041
1324_pid-103670_pituitary.png,P03,P11,0.8083720930232559,0.0,0.5827538247566064,0.5827538247566064
1324_pid-103670_pituitary.png,P03,P15,0.5897435897435898,0.0,0.9231638418079096,0.9231638418079096
1324_pid-103670_pituitary.png,P05,P04,0.5620127569099929,0.0,0.924474730266894,0.924474730266894
1324_pid-103670_pituitary.png,P06,P04,0.5897664733006098,0.0,0.924474730266894,0.924474730266894
1324_pid-103670_pituitary.png,P08,P04,0.550006935774726,0.0,0.924474730266894,0.924474730266894
1324_pid-103670_pituitary.png,P10,P04,0.5249569707401033,0.0,0.924474730266894,0.924474730266894
1324_pid-103670_pituitary.png,P12,P04,0.6058059587471352,0.0,0.924474730266894,0.924474730266894
1324_pid-103670_pituitary.png,P14,P04,0.5755552329801132,0.0,0.924474730266894,0.924474730266894
1324_pid-103670_pituitary.png,P16,P04,0.5490929234178091,0.0,0.924474730266894,0.924474730266894
1324_pid-103670_pituitary.png,P18,P04,0.6219607843137255,0.0018437427978796,0.924474730266894,0.9226309874690144
1324_pid-103670_pituitary.png,P19,P04,0.3672996757758221,0.0,0.924474730266894,0.924474730266894
1324_pid-103670_pituitary.png,P05,P07,0.907016300496102,0.0,0.572699281560041,0.572699281560041
1324_pid-103670_pituitary.png,P05,P11,0.884053862508859,0.0,0.5827538247566064,0.5827538247566064
1324_pid-103670_pituitary.png,P05,P15,0.6161587526576896,0.0,0.9231638418079096,0.9231638418079096
1324_pid-103670_pituitary.png,P06,P07,0.9518072289156626,0.0,0.572699281560041,0.572699281560041
1324_pid-103670_pituitary.png,P06,P11,0.927710843373494,0.0,0.5827538247566064,0.5827538247566064
1324_pid-103670_pituitary.png,P06,P15,0.6465863453815262,0.0,0.9231638418079096,0.9231638418079096
1324_pid-103670_pituitary.png,P08,P07,0.8876404494382022,0.0,0.572699281560041,0.572699281560041
1324_pid-103670_pituitary.png,P10,P07,0.8472130279359195,0.0,0.572699281560041,0.572699281560041
1324_pid-103670_pituitary.png,P12,P07,0.8866054511004227,0.0,0.572699281560041,0.572699281560041
1324_pid-103670_pituitary.png,P14,P07,0.9288721149658876,0.0,0.572699281560041,0.572699281560041
1324_pid-103670_pituitary.png,P16,P07,0.8861653510594101,0.0,0.572699281560041,0.572699281560041
1324_pid-103670_pituitary.png,P18,P07,0.86508979413053,0.0018437427978796,0.572699281560041,0.5708555387621614
1324_pid-103670_pituitary.png,P19,P07,0.5927744326076887,0.0,0.572699281560041,0.572699281560041
1324_pid-103670_pituitary.png,P08,P11,0.8651685393258427,0.0,0.5827538247566064,0.5827538247566064
1324_pid-103670_pituitary.png,P08,P15,0.602996254681648,0.0,0.9231638418079096,0.9231638418079096
1324_pid-103670_pituitary.png,P10,P11,0.8257645968489342,0.0,0.5827538247566064,0.5827538247566064
1324_pid-103670_pituitary.png,P10,P15,0.5755329008341057,0.0,0.9231638418079096,0.9231638418079096
1324_pid-103670_pituitary.png,P12,P11,0.8651685393258427,0.0,0.5827538247566064,0.5827538247566064
1324_pid-103670_pituitary.png,P14,P11,0.9053563652199158,0.0,0.5827538247566064,0.5827538247566064
1324_pid-103670_pituitary.png,P16,P11,0.8637307852098047,0.0,0.5827538247566064,0.5827538247566064
1324_pid-103670_pituitary.png,P18,P11,0.8446687143483984,0.0018437427978796,0.5827538247566064,0.5809100819587268
1324_pid-103670_pituitary.png,P19,P11,0.5777674849467346,0.0,0.5827538247566064,0.5827538247566064
1324_pid-103670_pituitary.png,P12,P15,0.6641711229946524,0.0,0.9231638418079096,0.9231638418079096
1324_pid-103670_pituitary.png,P14,P15,0.631005951516911,0.0,0.9231638418079096,0.9231638418079096
1324_pid-103670_pituitary.png,P16,P15,0.601994183631076,0.0,0.9231638418079096,0.9231638418079096
1324_pid-103670_pituitary.png,P18,P15,0.6818823529411765,0.0018437427978796,0.9231638418079096,0.92132009901003
1324_pid-103670_pituitary.png,P19,P15,0.4026864289022696,0.0,0.9231638418079096,0.9231638418079096
1333_pid-103731_pituitary.png,P15,P01,0.0,0.0,0.9163522012578617,0.9163522012578617
1333_pid-103731_pituitary.png,P15,P02,0.0,0.0,0.9236997819993772,0.9236997819993772
1333_pid-103731_pituitary.png,P15,P03,0.0,0.0,0.9163522012578617,0.9163522012578617
1333_pid-103731_pituitary.png,P15,P04,0.0,0.0,0.9236997819993772,0.9236997819993772
1333_pid-103731_pituitary.png,P15,P05,0.0,0.0,0.9236997819993772,0.9236997819993772
1333_pid-103731_pituitary.png,P15,P06,0.0,0.0,0.9236997819993772,0.9236997819993772
1333_pid-103731_pituitary.png,P15,P07,0.0,0.0,0.9163522012578617,0.9163522012578617
1333_pid-103731_pituitary.png,P15,P08,0.0,0.0,0.9258566978193148,0.9258566978193148
1333_pid-103731_pituitary.png,P15,P09,0.0,0.0,0.9236997819993772,0.9236997819993772
1333_pid-103731_pituitary.png,P15,P10,0.0,0.0,0.9163522012578617,0.9163522012578617
1333_pid-103731_pituitary.png,P15,P11,0.0,0.0,0.9236997819993772,0.9236997819993772
1333_pid-103731_pituitary.png,P15,P12,0.0,0.0,0.9163522012578617,0.9163522012578617
1333_pid-103731_pituitary.png,P15,P13,0.0,0.0,0.9236997819993772,0.9236997819993772
1333_pid-103731_pituitary.png,P15,P14,0.0,0.0,0.9163522012578617,0.9163522012578617
1333_pid-103731_pituitary.png,P15,P16,0.0,0.0,0.9236997819993772,0.9236997819993772
1333_pid-103731_pituitary.png,P15,P17,0.0,0.0,0.9236997819993772,0.9236997819993772
1333_pid-103731_pituitary.png,P15,P18,0.0,0.0,0.9236997819993772,0.9236997819993772
1333_pid-103731_pituitary.png,P15,P19,0.0,0.0,0.9236997819993772,0.9236997819993772
1333_pid-103731_pituitary.png,P15,P20,0.0,0.0,0.9236997819993772,0.9236997819993772
134_pid-111532_meningioma.png,P15,P06,0.3865889212827988,0.0025418343571277,0.962406015037594,0.9598641806804663
134_pid-111532_meningioma.png,P19,P06,0.3881247903388125,0.0039835347231443,0.962406015037594,0.9584224803144498
1362_pid-104684_pituitary.png,P04,P01,0.0,0.0,0.8612583231417312,0.8612583231417312
1362_pid-104684_pituitary.png,P15,P01,0.0,0.0,0.8612583231417312,0.8612583231417312
1362_pid-104684_pituitary.png,P04,P02,0.0,0.0,0.8440637920850561,0.8440637920850561
1362_pid-104684_pituitary.png,P15,P02,0.0,0.0,0.8440637920850561,0.8440637920850561
1362_pid-104684_pituitary.png,P04,P03,0.0,0.0,0.8622428123722577,0.8622428123722577
1362_pid-104684_pituitary.png,P15,P03,0.0,0.0,0.8622428123722577,0.8622428123722577
1362_pid-104684_pituitary.png,P04,P05,0.0,0.0,0.8523459751161745,0.8523459751161745
1362_pid-104684_pituitary.png,P04,P06,0.0,0.0,0.8623652980493793,0.8623652980493793
1362_pid-104684_pituitary.png,P04,P07,0.0,0.0,0.8607215793056501,0.8607215793056501
1362_pid-104684_pituitary.png,P04,P08,0.0,0.0,0.8623652980493793,0.8623652980493793
1362_pid-104684_pituitary.png,P04,P09,0.0,0.0,0.8523459751161745,0.8523459751161745
1362_pid-104684_pituitary.png,P04,P10,0.0,0.0,0.8603200433957147,0.8603200433957147
1362_pid-104684_pituitary.png,P04,P11,0.0,0.0,0.8722878330129086,0.8722878330129086
1362_pid-104684_pituitary.png,P04,P12,0.0,0.0,0.8571856736100705,0.8571856736100705
1362_pid-104684_pituitary.png,P04,P13,0.0,0.0,0.8523459751161745,0.8523459751161745
1362_pid-104684_pituitary.png,P04,P14,0.0,0.0,0.861379404162699,0.861379404162699
1362_pid-104684_pituitary.png,P04,P16,0.0,0.0,0.8523459751161745,0.8523459751161745
1362_pid-104684_pituitary.png,P04,P17,0.0,0.0,0.8571428571428571,0.8571428571428571
1362_pid-104684_pituitary.png,P04,P18,0.0,0.0,0.8486930545182972,0.8486930545182972
1362_pid-104684_pituitary.png,P04,P19,0.0,0.0,0.8440907751252579,0.8440907751252579
1362_pid-104684_pituitary.png,P04,P20,0.0,0.0,0.8553025763930497,0.8553025763930497
1362_pid-104684_pituitary.png,P15,P05,0.0,0.0,0.8523459751161745,0.8523459751161745
1362_pid-104684_pituitary.png,P15,P06,0.0,0.0,0.8623652980493793,0.8623652980493793
1362_pid-104684_pituitary.png,P15,P07,0.0,0.0,0.8607215793056501,0.8607215793056501
1362_pid-104684_pituitary.png,P15,P08,0.0,0.0,0.8623652980493793,0.8623652980493793
1362_pid-104684_pituitary.png,P15,P09,0.0,0.0,0.8523459751161745,0.8523459751161745
1362_pid-104684_pituitary.png,P15,P10,0.0,0.0,0.8603200433957147,0.8603200433957147
1362_pid-104684_pituitary.png,P15,P11,0.0,0.0,0.8722878330129086,0.8722878330129086
1362_pid-104684_pituitary.png,P15,P12,0.0,0.0,0.8571856736100705,0.8571856736100705
1362_pid-104684_pituitary.png,P15,P13,0.0,0.0,0.8523459751161745,0.8523459751161745
1362_pid-104684_pituitary.png,P15,P14,0.0,0.0,0.861379404162699,0.861379404162699
1362_pid-104684_pituitary.png,P15,P16,0.0,0.0,0.8523459751161745,0.8523459751161745
1362_pid-104684_pituitary.png,P15,P17,0.0,0.0,0.8571428571428571,0.8571428571428571
1362_pid-104684_pituitary.png,P15,P18,0.0,0.0,0.8486930545182972,0.8486930545182972
1362_pid-104684_pituitary.png,P15,P19,0.0,0.0,0.8440907751252579,0.8440907751252579
1362_pid-104684_pituitary.png,P15,P20,0.0,0.0,0.8553025763930497,0.8553025763930497
1398_pid-97461_pituitary.png,P15,P01,0.0,0.0,0.902123252200932,0.902123252200932
1398_pid-97461_pituitary.png,P15,P02,0.0,0.0,0.8386729317955289,0.8386729317955289
1398_pid-97461_pituitary.png,P15,P03,0.0,0.0,0.9022147390234424,0.9022147390234424
1398_pid-97461_pituitary.png,P15,P04,0.0,0.0,0.855569323970811,0.855569323970811
1398_pid-97461_pituitary.png,P15,P05,0.0,0.0,0.9037984597311056,0.9037984597311056
1398_pid-97461_pituitary.png,P15,P06,0.0,0.0,0.8796169630642955,0.8796169630642955
1398_pid-97461_pituitary.png,P15,P07,0.0,0.0,0.8937228091982597,0.8937228091982597
1398_pid-97461_pituitary.png,P15,P08,0.0,0.0,0.9032593169718218,0.9032593169718218
1398_pid-97461_pituitary.png,P15,P09,0.0,0.0,0.902123252200932,0.902123252200932
1398_pid-97461_pituitary.png,P15,P10,0.0,0.0,0.9033778476040848,0.9033778476040848
1398_pid-97461_pituitary.png,P15,P11,0.0,0.0,0.904498816101026,0.904498816101026
1398_pid-97461_pituitary.png,P15,P12,0.0,0.0,0.8457725534626823,0.8457725534626823
1398_pid-97461_pituitary.png,P15,P13,0.0,0.0,0.8922027044104638,0.8922027044104638
1398_pid-97461_pituitary.png,P15,P14,0.0,0.0,0.8510698198198198,0.8510698198198198
1398_pid-97461_pituitary.png,P15,P16,0.0,0.0,0.8615595075239398,0.8615595075239398
1398_pid-97461_pituitary.png,P15,P17,0.0,0.0,0.8755771567436209,0.8755771567436209
1398_pid-97461_pituitary.png,P15,P18,0.0,0.0,0.9022147390234424,0.9022147390234424
1398_pid-97461_pituitary.png,P15,P19,0.0,0.0,0.8794274623968947,0.8794274623968947
1398_pid-97461_pituitary.png,P15,P20,0.0,0.0,0.8835939439066766,0.8835939439066766
1435_pid-98992_pituitary.png,P15,P01,0.0,0.0,0.6832528778314148,0.6832528778314148
1435_pid-98992_pituitary.png,P15,P02,0.0,0.0,0.7177541729893778,0.7177541729893778
1435_pid-98992_pituitary.png,P15,P03,0.0,0.0,0.6838430050565856,0.6838430050565856
1435_pid-98992_pituitary.png,P15,P04,0.0,0.0,0.697356772480081,0.697356772480081
1435_pid-98992_pituitary.png,P15,P05,0.0,0.0,0.7094720084903158,0.7094720084903158
1435_pid-98992_pituitary.png,P15,P06,0.0,0.0,0.7704555506413091,0.7704555506413091
1435_pid-98992_pituitary.png,P15,P07,0.0,0.0,0.67147698699027,0.67147698699027
1435_pid-98992_pituitary.png,P15,P08,0.0,0.0,0.6983204950119964,0.6983204950119964
1435_pid-98992_pituitary.png,P15,P09,0.0,0.0,0.7787505564623831,0.7787505564623831
1435_pid-98992_pituitary.png,P15,P10,0.0,0.0,0.691644908616188,0.691644908616188
1435_pid-98992_pituitary.png,P15,P11,0.0,0.0,0.6955079122001021,0.6955079122001021
1435_pid-98992_pituitary.png,P15,P12,0.0,0.0,0.7683531001351148,0.7683531001351148
1435_pid-98992_pituitary.png,P15,P13,0.0,0.0,0.7652524001238774,0.7652524001238774
1435_pid-98992_pituitary.png,P15,P14,0.0,0.0,0.7001653733621677,0.7001653733621677
1435_pid-98992_pituitary.png,P15,P16,0.0,0.0,0.7175829875518672,0.7175829875518672
1435_pid-98992_pituitary.png,P15,P18,0.0,0.0,0.7576054955839058,0.7576054955839058
1435_pid-98992_pituitary.png,P15,P19,0.015428837130659,0.0,0.6700850970979708,0.6700850970979708
1435_pid-98992_pituitary.png,P15,P20,0.0,0.0,0.7749163392987051,0.7749163392987051
1502_pid-103478_pituitary.png,P17,P01,0.0,0.0,0.9298323036187114,0.9298323036187114
1502_pid-103478_pituitary.png,P17,P02,0.0,0.0,0.8661832564271589,0.8661832564271589
1502_pid-103478_pituitary.png,P17,P03,0.0,0.0,0.939716701438454,0.939716701438454
1502_pid-103478_pituitary.png,P17,P04,0.0,0.0,0.902316844082655,0.902316844082655
1502_pid-103478_pituitary.png,P17,P05,0.0,0.0,0.875515251442704,0.875515251442704
1502_pid-103478_pituitary.png,P17,P06,0.0,0.0,0.8879613356766256,0.8879613356766256
1502_pid-103478_pituitary.png,P17,P07,0.0,0.0,0.8713411970292704,0.8713411970292704
1502_pid-103478_pituitary.png,P17,P08,0.0,0.0,0.9120091064314172,0.9120091064314172
1502_pid-103478_pituitary.png,P17,P09,0.0,0.0,0.8879613356766256,0.8879613356766256
1502_pid-103478_pituitary.png,P17,P10,0.0,0.0,0.8530224732604255,0.8530224732604255
1502_pid-103478_pituitary.png,P17,P11,0.0,0.0,0.8869641486679092,0.8869641486679092
1502_pid-103478_pituitary.png,P17,P12,0.0,0.0,0.9274821722435546,0.9274821722435546
1502_pid-103478_pituitary.png,P17,P13,0.0,0.0,0.8783185840707964,0.8783185840707964
1502_pid-103478_pituitary.png,P17,P14,0.0,0.0,0.8995009074410163,0.8995009074410163
1502_pid-103478_pituitary.png,P17,P15,0.0,0.0,0.8931219110378913,0.8931219110378913
1502_pid-103478_pituitary.png,P17,P16,0.0,0.0,0.8854223882236625,0.8854223882236625
1502_pid-103478_pituitary.png,P17,P18,0.0,0.0,0.8784350256171402,0.8784350256171402
1502_pid-103478_pituitary.png,P17,P19,0.0,0.0,0.904996333926888,0.904996333926888
1502_pid-103478_pituitary.png,P17,P20,0.0,0.0,0.9092342342342342,0.9092342342342342
1520_pid-103671_pituitary.png,P04,P01,0.0,0.0,0.5421515753619075,0.5421515753619075
1520_pid-103671_pituitary.png,P15,P01,0.0,0.0,0.5421515753619075,0.5421515753619075
1520_pid-103671_pituitary.png,P17,P01,0.0,0.0,0.5421515753619075,0.5421515753619075
1520_pid-103671_pituitary.png,P19,P01,0.0,0.0,0.5421515753619075,0.5421515753619075
1520_pid-103671_pituitary.png,P04,P03,0.0,0.0,0.687299893276414,0.687299893276414
1520_pid-103671_pituitary.png,P15,P03,0.0,0.0,0.687299893276414,0.687299893276414
1520_pid-103671_pituitary.png,P17,P03,0.0,0.0,0.687299893276414,0.687299893276414
1520_pid-103671_pituitary.png,P19,P03,0.0,0.0,0.687299893276414,0.687299893276414
1520_pid-103671_pituitary.png,P04,P05,0.0,0.0,0.5374894692502106,0.5374894692502106
1520_pid-103671_pituitary.png,P04,P06,0.0,0.0,0.5421515753619075,0.5421515753619075
1520_pid-103671_pituitary.png,P04,P07,0.0,0.0,0.5390911656788032,0.5390911656788032
1520_pid-103671_pituitary.png,P04,P08,0.0,0.0,0.5552325581395349,0.5552325581395349
1520_pid-103671_pituitary.png,P04,P09,0.0,0.0,0.5413832199546486,0.5413832199546486
1520_pid-103671_pituitary.png,P04,P11,0.0,0.0,0.5421515753619075,0.5421515753619075
1520_pid-103671_pituitary.png,P04,P12,0.0,0.0,0.5021052631578947,0.5021052631578947
1520_pid-103671_pituitary.png,P04,P13,0.0,0.0,0.687299893276414,0.687299893276414
1520_pid-103671_pituitary.png,P04,P14,0.0,0.0,0.688547984302533,0.688547984302533
1520_pid-103671_pituitary.png,P04,P16,0.0,0.0,0.5295259218186859,0.5295259218186859
1520_pid-103671_pituitary.png,P04,P18,0.0,0.0,0.5552325581395349,0.5552325581395349
1520_pid-103671_pituitary.png,P15,P05,0.0,0.0,0.5374894692502106,0.5374894692502106
1520_pid-103671_pituitary.png,P17,P05,0.0,0.0,0.5374894692502106,0.5374894692502106
1520_pid-103671_pituitary.png,P19,P05,0.0,0.0,0.5374894692502106,0.5374894692502106
1520_pid-103671_pituitary.png,P15,P06,0.0,0.0,0.5421515753619075,0.5421515753619075
1520_pid-103671_pituitary.png,P17,P06,0.0,0.0,0.5421515753619075,0.5421515753619075
1520_pid-103671_pituitary.png,P19,P06,0.0,0.0,0.5421515753619075,0.5421515753619075
1520_pid-103671_pituitary.png,P15,P07,0.0,0.0,0.5390911656788032,0.5390911656788032
1520_pid-103671_pituitary.png,P17,P07,0.0,0.0,0.5390911656788032,0.5390911656788032
1520_pid-103671_pituitary.png,P19,P07,0.0,0.0,0.5390911656788032,0.5390911656788032
1520_pid-103671_pituitary.png,P15,P08,0.0,0.0,0.5552325581395349,0.5552325581395349
1520_pid-103671_pituitary.png,P17,P08,0.0,0.0,0.5552325581395349,0.5552325581395349
1520_pid-103671_pituitary.png,P19,P08,0.0,0.0,0.5552325581395349,0.5552325581395349
1520_pid-103671_pituitary.png,P15,P09,0.0,0.0,0.5413832199546486,0.5413832199546486
1520_pid-103671_pituitary.png,P17,P09,0.0,0.0,0.5413832199546486,0.5413832199546486
1520_pid-103671_pituitary.png,P19,P09,0.0,0.0,0.5413832199546486,0.5413832199546486
1520_pid-103671_pituitary.png,P15,P11,0.0,0.0,0.5421515753619075,0.5421515753619075
1520_pid-103671_pituitary.png,P17,P11,0.0,0.0,0.5421515753619075,0.5421515753619075
1520_pid-103671_pituitary.png,P19,P11,0.0,0.0,0.5421515753619075,0.5421515753619075
1520_pid-103671_pituitary.png,P15,P12,0.0,0.0,0.5021052631578947,0.5021052631578947
1520_pid-103671_pituitary.png,P17,P12,0.0,0.0,0.5021052631578947,0.5021052631578947
1520_pid-103671_pituitary.png,P19,P12,0.0,0.0,0.5021052631578947,0.5021052631578947
1520_pid-103671_pituitary.png,P15,P13,0.0,0.0,0.687299893276414,0.687299893276414
1520_pid-103671_pituitary.png,P17,P13,0.0,0.0,0.687299893276414,0.687299893276414
1520_pid-103671_pituitary.png,P19,P13,0.0,0.0,0.687299893276414,0.687299893276414
1520_pid-103671_pituitary.png,P15,P14,0.0,0.0,0.688547984302533,0.688547984302533
1520_pid-103671_pituitary.png,P17,P14,0.0,0.0,0.688547984302533,0.688547984302533
1520_pid-103671_pituitary.png,P19,P14,0.0,0.0,0.688547984302533,0.688547984302533
1520_pid-103671_pituitary.png,P15,P16,0.0,0.0,0.5295259218186859,0.5295259218186859
1520_pid-103671_pituitary.png,P15,P18,0.0,0.0,0.5552325581395349,0.5552325581395349
1520_pid-103671_pituitary.png,P17,P16,0.0,0.0,0.5295259218186859,0.5295259218186859
1520_pid-103671_pituitary.png,P19,P16,0.0,0.0,0.5295259218186859,0.5295259218186859
1520_pid-103671_pituitary.png,P17,P18,0.0,0.0,0.5552325581395349,0.5552325581395349
1520_pid-103671_pituitary.png,P19,P18,0.0,0.0,0.5552325581395349,0.5552325581395349
1527_pid-103731_pituitary.png,P02,P01,0.0,0.0,0.8215158924205379,0.8215158924205379
1527_pid-103731_pituitary.png,P04,P01,0.0,0.0,0.8215158924205379,0.8215158924205379
1527_pid-103731_pituitary.png,P08,P01,0.0,0.0,0.8215158924205379,0.8215158924205379
1527_pid-103731_pituitary.png,P17,P01,0.0,0.0,0.8215158924205379,0.8215158924205379
1527_pid-103731_pituitary.png,P19,P01,0.0,0.0,0.8215158924205379,0.8215158924205379
1527_pid-103731_pituitary.png,P02,P03,0.0,0.0,0.8336653386454184,0.8336653386454184
1527_pid-103731_pituitary.png,P02,P05,0.0,0.0,0.8353293413173652,0.8353293413173652
1527_pid-103731_pituitary.png,P02,P06,0.0,0.0,0.8365817091454273,0.8365817091454273
1527_pid-103731_pituitary.png,P02,P07,0.0,0.0,0.8135593220338984,0.8135593220338984
1527_pid-103731_pituitary.png,P02,P09,0.0,0.0,0.8301139177810798,0.8301139177810798
1527_pid-103731_pituitary.png,P02,P10,0.0,0.0,0.8444444444444444,0.8444444444444444
1527_pid-103731_pituitary.png,P02,P11,0.0,0.0,0.8149587178241865,0.8149587178241865
1527_pid-103731_pituitary.png,P02,P12,0.0,0.0,0.8173404773502192,0.8173404773502192
1527_pid-103731_pituitary.png,P02,P13,0.0,0.0,0.8119864668922184,0.8119864668922184
1527_pid-103731_pituitary.png,P02,P14,0.0,0.0,0.8378378378378378,0.8378378378378378
1527_pid-103731_pituitary.png,P02,P15,0.0,0.0,0.8384192096048024,0.8384192096048024
1527_pid-103731_pituitary.png,P02,P16,0.0,0.0,0.8266009852216749,0.8266009852216749
1527_pid-103731_pituitary.png,P02,P18,0.0,0.0,0.8309370352007932,0.8309370352007932
1527_pid-103731_pituitary.png,P02,P20,0.0,0.0,0.8149587178241865,0.8149587178241865
1527_pid-103731_pituitary.png,P04,P03,0.0,0.0,0.8336653386454184,0.8336653386454184
1527_pid-103731_pituitary.png,P08,P03,0.0,0.0,0.8336653386454184,0.8336653386454184
1527_pid-103731_pituitary.png,P17,P03,0.0,0.0,0.8336653386454184,0.8336653386454184
1527_pid-103731_pituitary.png,P19,P03,0.0,0.0,0.8336653386454184,0.8336653386454184
1527_pid-103731_pituitary.png,P04,P05,0.0,0.0,0.8353293413173652,0.8353293413173652
1527_pid-103731_pituitary.png,P04,P06,0.0,0.0,0.8365817091454273,0.8365817091454273
1527_pid-103731_pituitary.png,P04,P07,0.0,0.0,0.8135593220338984,0.8135593220338984
1527_pid-103731_pituitary.png,P04,P09,0.0,0.0,0.8301139177810798,0.8301139177810798
1527_pid-103731_pituitary.png,P04,P10,0.0,0.0,0.8444444444444444,0.8444444444444444
1527_pid-103731_pituitary.png,P04,P11,0.0,0.0,0.8149587178241865,0.8149587178241865
1527_pid-103731_pituitary.png,P04,P12,0.0,0.0,0.8173404773502192,0.8173404773502192
1527_pid-103731_pituitary.png,P04,P13,0.0,0.0,0.8119864668922184,0.8119864668922184
1527_pid-103731_pituitary.png,P04,P14,0.0,0.0,0.8378378378378378,0.8378378378378378
1527_pid-103731_pituitary.png,P04,P15,0.0,0.0,0.8384192096048024,0.8384192096048024
1527_pid-103731_pituitary.png,P04,P16,0.0,0.0,0.8266009852216749,0.8266009852216749
1527_pid-103731_pituitary.png,P04,P18,0.0,0.0,0.8309370352007932,0.8309370352007932
1527_pid-103731_pituitary.png,P04,P20,0.0,0.0,0.8149587178241865,0.8149587178241865
1527_pid-103731_pituitary.png,P08,P05,0.0,0.0,0.8353293413173652,0.8353293413173652
1527_pid-103731_pituitary.png,P17,P05,0.0,0.0,0.8353293413173652,0.8353293413173652
1527_pid-103731_pituitary.png,P19,P05,0.0,0.0,0.8353293413173652,0.8353293413173652
1527_pid-103731_pituitary.png,P08,P06,0.0,0.0,0.8365817091454273,0.8365817091454273
1527_pid-103731_pituitary.png,P17,P06,0.0,0.0,0.8365817091454273,0.8365817091454273
1527_pid-103731_pituitary.png,P19,P06,0.0,0.0,0.8365817091454273,0.8365817091454273
1527_pid-103731_pituitary.png,P08,P07,0.0,0.0,0.8135593220338984,0.8135593220338984
1527_pid-103731_pituitary.png,P17,P07,0.0,0.0,0.8135593220338984,0.8135593220338984
1527_pid-103731_pituitary.png,P19,P07,0.0,0.0,0.8135593220338984,0.8135593220338984
1527_pid-103731_pituitary.png,P08,P09,0.0,0.0,0.8301139177810798,0.8301139177810798
1527_pid-103731_pituitary.png,P08,P10,0.0,0.0,0.8444444444444444,0.8444444444444444
1527_pid-103731_pituitary.png,P08,P11,0.0,0.0,0.8149587178241865,0.8149587178241865
1527_pid-103731_pituitary.png,P08,P12,0.0,0.0,0.8173404773502192,0.8173404773502192
1527_pid-103731_pituitary.png,P08,P13,0.0,0.0,0.8119864668922184,0.8119864668922184
1527_pid-103731_pituitary.png,P08,P14,0.0,0.0,0.8378378378378378,0.8378378378378378
1527_pid-103731_pituitary.png,P08,P15,0.0,0.0,0.8384192096048024,0.8384192096048024
1527_pid-103731_pituitary.png,P08,P16,0.0,0.0,0.8266009852216749,0.8266009852216749
1527_pid-103731_pituitary.png,P08,P18,0.0,0.0,0.8309370352007932,0.8309370352007932
1527_pid-103731_pituitary.png,P08,P20,0.0,0.0,0.8149587178241865,0.8149587178241865
1527_pid-103731_pituitary.png,P17,P09,0.0,0.0,0.8301139177810798,0.8301139177810798
1527_pid-103731_pituitary.png,P19,P09,0.0,0.0,0.8301139177810798,0.8301139177810798
1527_pid-103731_pituitary.png,P17,P10,0.0,0.0,0.8444444444444444,0.8444444444444444
1527_pid-103731_pituitary.png,P19,P10,0.0,0.0,0.8444444444444444,0.8444444444444444
1527_pid-103731_pituitary.png,P17,P11,0.0,0.0,0.8149587178241865,0.8149587178241865
1527_pid-103731_pituitary.png,P19,P11,0.0,0.0,0.8149587178241865,0.8149587178241865
1527_pid-103731_pituitary.png,P17,P12,0.0,0.0,0.8173404773502192,0.8173404773502192
1527_pid-103731_pituitary.png,P19,P12,0.0,0.0,0.8173404773502192,0.8173404773502192
1527_pid-103731_pituitary.png,P17,P13,0.0,0.0,0.8119864668922184,0.8119864668922184
1527_pid-103731_pituitary.png,P19,P13,0.0,0.0,0.8119864668922184,0.8119864668922184
1527_pid-103731_pituitary.png,P17,P14,0.0,0.0,0.8378378378378378,0.8378378378378378
1527_pid-103731_pituitary.png,P19,P14,0.0,0.0,0.8378378378378378,0.8378378378378378
1527_pid-103731_pituitary.png,P17,P15,0.0,0.0,0.8384192096048024,0.8384192096048024
1527_pid-103731_pituitary.png,P19,P15,0.0,0.0,0.8384192096048024,0.8384192096048024
1527_pid-103731_pituitary.png,P17,P16,0.0,0.0,0.8266009852216749,0.8266009852216749
1527_pid-103731_pituitary.png,P19,P16,0.0,0.0,0.8266009852216749,0.8266009852216749
1527_pid-103731_pituitary.png,P17,P18,0.0,0.0,0.8309370352007932,0.8309370352007932
1527_pid-103731_pituitary.png,P17,P20,0.0,0.0,0.8149587178241865,0.8149587178241865
1527_pid-103731_pituitary.png,P19,P18,0.0,0.0,0.8309370352007932,0.8309370352007932
1527_pid-103731_pituitary.png,P19,P20,0.0,0.0,0.8149587178241865,0.8149587178241865
152_pid-112648_meningioma.png,P04,P01,0.3854472021366686,0.0,0.8405023547880691,0.8405023547880691
152_pid-112648_meningioma.png,P15,P01,0.3349429037520391,0.0143396957659141,0.8405023547880691,0.826162659022155
152_pid-112648_meningioma.png,P04,P02,0.3190020194124161,0.0,0.8349819437902339,0.8349819437902339
152_pid-112648_meningioma.png,P15,P02,0.336771886390207,0.0143396957659141,0.8349819437902339,0.8206422480243198
152_pid-112648_meningioma.png,P04,P03,0.4343039541397954,0.0,0.8269534957291996,0.8269534957291996
152_pid-112648_meningioma.png,P15,P03,0.4016258013350076,0.0143396957659141,0.8269534957291996,0.8126137999632855
152_pid-112648_meningioma.png,P04,P05,0.3898768809849521,0.0,0.848182243719769,0.848182243719769
152_pid-112648_meningioma.png,P04,P06,0.3881831802488437,0.0,0.8295526149968494,0.8295526149968494
152_pid-112648_meningioma.png,P04,P07,0.3824080656627674,0.0,0.8402886727329777,0.8402886727329777
152_pid-112648_meningioma.png,P04,P08,0.3695524721516514,0.0,0.8388307018915117,0.8388307018915117
152_pid-112648_meningioma.png,P04,P09,0.4112435671943196,0.0,0.8204476901095412,0.8204476901095412
152_pid-112648_meningioma.png,P04,P10,0.4281590184639441,0.0,0.9309951525520388,0.9309951525520388
152_pid-112648_meningioma.png,P04,P11,0.4111261872455902,0.0,0.8510901499922684,0.8510901499922684
152_pid-112648_meningioma.png,P04,P12,0.3497492020063839,0.0,0.8325734947335325,0.8325734947335325
152_pid-112648_meningioma.png,P04,P13,0.3574359976548759,0.0,0.8407163053722903,0.8407163053722903
152_pid-112648_meningioma.png,P04,P14,0.3497492020063839,0.0,0.8407245471580262,0.8407245471580262
152_pid-112648_meningioma.png,P04,P16,0.3854472021366686,0.0,0.8405023547880691,0.8405023547880691
152_pid-112648_meningioma.png,P04,P17,0.3457103771741254,0.0,0.8420396070481834,0.8420396070481834
152_pid-112648_meningioma.png,P04,P18,0.4121555598983779,0.0,0.8180082723512567,0.8180082723512567
152_pid-112648_meningioma.png,P04,P19,0.4890510948905109,0.0,0.8983276602042326,0.8983276602042326
152_pid-112648_meningioma.png,P04,P20,0.3304670705491498,0.0,0.8320478514087832,0.8320478514087832
152_pid-112648_meningioma.png,P15,P05,0.3233189349493907,0.0143396957659141,0.848182243719769,0.8338425479538549
152_pid-112648_meningioma.png,P15,P06,0.387291060431752,0.0143396957659141,0.8295526149968494,0.8152129192309353
152_pid-112648_meningioma.png,P15,P07,0.3322975335016508,0.0143396957659141,0.8402886727329777,0.8259489769670636
152_pid-112648_meningioma.png,P15,P08,0.32995591815251,0.0143396957659141,0.8388307018915117,0.8244910061255976
152_pid-112648_meningioma.png,P15,P09,0.3890628122294012,0.0143396957659141,0.8204476901095412,0.8061079943436271
152_pid-112648_meningioma.png,P15,P10,0.3604602882733258,0.0143396957659141,0.9309951525520388,0.9166554567861247
152_pid-112648_meningioma.png,P15,P11,0.3428261285997063,0.0143396957659141,0.8510901499922684,0.8367504542263543
152_pid-112648_meningioma.png,P15,P12,0.3692318272470944,0.0143396957659141,0.8325734947335325,0.8182337989676184
152_pid-112648_meningioma.png,P15,P13,0.3092763286919003,0.0143396957659141,0.8407163053722903,0.8263766096063762
152_pid-112648_meningioma.png,P15,P14,0.3116806113709731,0.0143396957659141,0.8407245471580262,0.8263848513921122
152_pid-112648_meningioma.png,P15,P16,0.3349429037520391,0.0143396957659141,0.8405023547880691,0.826162659022155
152_pid-112648_meningioma.png,P15,P17,0.3380974853367491,0.0143396957659141,0.8420396070481834,0.8276999112822693
152_pid-112648_meningioma.png,P15,P18,0.3809807425054596,0.0143396957659141,0.8180082723512567,0.8036685765853426
152_pid-112648_meningioma.png,P15,P19,0.4136996204590638,0.0143396957659141,0.8983276602042326,0.8839879644383185
152_pid-112648_meningioma.png,P15,P20,0.3383828045035824,0.0143396957659141,0.8320478514087832,0.8177081556428691
1534_pid-104019_pituitary.png,P17,P01,0.0,0.0,0.8232323232323232,0.8232323232323232
1534_pid-104019_pituitary.png,P17,P02,0.0,0.0,0.8232323232323232,0.8232323232323232
1534_pid-104019_pituitary.png,P17,P03,0.0,0.0,0.8232323232323232,0.8232323232323232
1534_pid-104019_pituitary.png,P17,P04,0.0,0.0,0.8220064724919094,0.8220064724919094
1534_pid-104019_pituitary.png,P17,P05,0.0,0.0,0.8232323232323232,0.8232323232323232
1534_pid-104019_pituitary.png,P17,P06,0.0,0.0,0.8232323232323232,0.8232323232323232
1534_pid-104019_pituitary.png,P17,P07,0.0,0.0,0.8232323232323232,0.8232323232323232
1534_pid-104019_pituitary.png,P17,P08,0.0,0.0,0.8232323232323232,0.8232323232323232
1534_pid-104019_pituitary.png,P17,P09,0.0,0.0,0.8232323232323232,0.8232323232323232
1534_pid-104019_pituitary.png,P17,P10,0.0,0.0,0.8232323232323232,0.8232323232323232
1534_pid-104019_pituitary.png,P17,P11,0.0,0.0,0.8232323232323232,0.8232323232323232
1534_pid-104019_pituitary.png,P17,P12,0.0,0.0,0.8232323232323232,0.8232323232323232
1534_pid-104019_pituitary.png,P17,P13,0.0,0.0,0.8232323232323232,0.8232323232323232
1534_pid-104019_pituitary.png,P17,P14,0.0,0.0,0.8232323232323232,0.8232323232323232
1534_pid-104019_pituitary.png,P17,P15,0.0,0.0,0.8232323232323232,0.8232323232323232
1534_pid-104019_pituitary.png,P17,P16,0.0,0.0,0.8232323232323232,0.8232323232323232
1534_pid-104019_pituitary.png,P17,P18,0.0,0.0,0.8232323232323232,0.8232323232323232
1534_pid-104019_pituitary.png,P17,P19,0.0,0.0,0.8232323232323232,0.8232323232323232
1534_pid-104019_pituitary.png,P17,P20,0.0,0.0,0.8232323232323232,0.8232323232323232
1538_pid-104558_pituitary.png,P15,P01,0.0,0.0,0.7079357311801647,0.7079357311801647
1538_pid-104558_pituitary.png,P19,P01,0.0,0.0,0.7079357311801647,0.7079357311801647
1538_pid-104558_pituitary.png,P15,P02,0.0,0.0,0.707007419620775,0.707007419620775
1538_pid-104558_pituitary.png,P19,P02,0.0,0.0,0.707007419620775,0.707007419620775
1538_pid-104558_pituitary.png,P15,P03,0.0,0.0,0.7079357311801647,0.7079357311801647
1538_pid-104558_pituitary.png,P19,P03,0.0,0.0,0.7079357311801647,0.7079357311801647
1538_pid-104558_pituitary.png,P15,P04,0.0,0.0,0.7098623853211009,0.7098623853211009
1538_pid-104558_pituitary.png,P19,P04,0.0,0.0,0.7098623853211009,0.7098623853211009
1538_pid-104558_pituitary.png,P15,P05,0.0,0.0,0.7090393190109444,0.7090393190109444
1538_pid-104558_pituitary.png,P19,P05,0.0,0.0,0.7090393190109444,0.7090393190109444
1538_pid-104558_pituitary.png,P15,P06,0.0,0.0,0.7087323021523856,0.7087323021523856
1538_pid-104558_pituitary.png,P19,P06,0.0,0.0,0.7087323021523856,0.7087323021523856
1538_pid-104558_pituitary.png,P15,P07,0.0,0.0,0.6907623770698496,0.6907623770698496
1538_pid-104558_pituitary.png,P19,P07,0.0,0.0,0.6907623770698496,0.6907623770698496
1538_pid-104558_pituitary.png,P15,P08,0.0,0.0,0.6947280334728033,0.6947280334728033
1538_pid-104558_pituitary.png,P19,P08,0.0,0.0,0.6947280334728033,0.6947280334728033
1538_pid-104558_pituitary.png,P15,P09,0.0,0.0,0.7093194059082748,0.7093194059082748
1538_pid-104558_pituitary.png,P19,P09,0.0,0.0,0.7093194059082748,0.7093194059082748
1538_pid-104558_pituitary.png,P15,P10,0.0,0.0,0.7080976240504283,0.7080976240504283
1538_pid-104558_pituitary.png,P19,P10,0.0,0.0,0.7080976240504283,0.7080976240504283
1538_pid-104558_pituitary.png,P15,P11,0.0,0.0,0.6430622009569378,0.6430622009569378
1538_pid-104558_pituitary.png,P19,P11,0.0,0.0,0.6430622009569378,0.6430622009569378
1538_pid-104558_pituitary.png,P15,P12,0.0,0.0,0.7087323021523856,0.7087323021523856
1538_pid-104558_pituitary.png,P19,P12,0.0,0.0,0.7087323021523856,0.7087323021523856
1538_pid-104558_pituitary.png,P15,P13,0.0,0.0,0.7090393190109444,0.7090393190109444
1538_pid-104558_pituitary.png,P19,P13,0.0,0.0,0.7090393190109444,0.7090393190109444
1538_pid-104558_pituitary.png,P15,P14,0.0,0.0,0.6907623770698496,0.6907623770698496
1538_pid-104558_pituitary.png,P19,P14,0.0,0.0,0.6907623770698496,0.6907623770698496
1538_pid-104558_pituitary.png,P15,P16,0.0,0.0,0.6975349766822119,0.6975349766822119
1538_pid-104558_pituitary.png,P15,P17,0.0,0.0,0.7072261827608555,0.7072261827608555
1538_pid-104558_pituitary.png,P15,P18,0.0,0.0,0.6965954606141522,0.6965954606141522
1538_pid-104558_pituitary.png,P15,P20,0.0,0.0,0.7090393190109444,0.7090393190109444
1538_pid-104558_pituitary.png,P19,P16,0.0,0.0,0.6975349766822119,0.6975349766822119
1538_pid-104558_pituitary.png,P19,P17,0.0,0.0,0.7072261827608555,0.7072261827608555
1538_pid-104558_pituitary.png,P19,P18,0.0,0.0,0.6965954606141522,0.6965954606141522
1538_pid-104558_pituitary.png,P19,P20,0.0,0.0,0.7090393190109444,0.7090393190109444
1547_pid-104684_pituitary.png,P04,P01,0.0,0.0,0.8226396067061641,0.8226396067061641
1547_pid-104684_pituitary.png,P15,P01,0.0,0.0,0.8226396067061641,0.8226396067061641
1547_pid-104684_pituitary.png,P04,P02,0.0,0.0,0.8334965719882468,0.8334965719882468
1547_pid-104684_pituitary.png,P15,P02,0.0,0.0,0.8334965719882468,0.8334965719882468
1547_pid-104684_pituitary.png,P04,P03,0.0,0.0,0.8461538461538461,0.8461538461538461
1547_pid-104684_pituitary.png,P15,P03,0.0,0.0,0.8461538461538461,0.8461538461538461
1547_pid-104684_pituitary.png,P04,P05,0.0,0.0,0.8226396067061641,0.8226396067061641
1547_pid-104684_pituitary.png,P04,P06,0.0,0.0,0.8516840171463564,0.8516840171463564
1547_pid-104684_pituitary.png,P04,P07,0.0,0.0,0.8153044362527011,0.8153044362527011
1547_pid-104684_pituitary.png,P04,P08,0.0,0.0,0.83104223944014,0.83104223944014
1547_pid-104684_pituitary.png,P04,P09,0.0,0.0,0.8417408506429278,0.8417408506429278
1547_pid-104684_pituitary.png,P04,P10,0.0,0.0,0.83104223944014,0.83104223944014
1547_pid-104684_pituitary.png,P04,P11,0.0,0.0,0.8241509433962264,0.8241509433962264
1547_pid-104684_pituitary.png,P04,P12,0.0,0.0,0.8516840171463564,0.8516840171463564
1547_pid-104684_pituitary.png,P04,P13,0.0,0.0,0.8311233425068801,0.8311233425068801
1547_pid-104684_pituitary.png,P04,P14,0.0,0.0,0.8226396067061641,0.8226396067061641
1547_pid-104684_pituitary.png,P04,P16,0.0,0.0,0.8226396067061641,0.8226396067061641
1547_pid-104684_pituitary.png,P04,P17,0.0,0.0,0.8665879574970484,0.8665879574970484
1547_pid-104684_pituitary.png,P04,P18,0.0,0.0,0.8226396067061641,0.8226396067061641
1547_pid-104684_pituitary.png,P04,P19,0.0,0.0,0.8311233425068801,0.8311233425068801
1547_pid-104684_pituitary.png,P04,P20,0.0,0.0,0.8226396067061641,0.8226396067061641
1547_pid-104684_pituitary.png,P15,P05,0.0,0.0,0.8226396067061641,0.8226396067061641
1547_pid-104684_pituitary.png,P15,P06,0.0,0.0,0.8516840171463564,0.8516840171463564
1547_pid-104684_pituitary.png,P15,P07,0.0,0.0,0.8153044362527011,0.8153044362527011
1547_pid-104684_pituitary.png,P15,P08,0.0,0.0,0.83104223944014,0.83104223944014
1547_pid-104684_pituitary.png,P15,P09,0.0,0.0,0.8417408506429278,0.8417408506429278
1547_pid-104684_pituitary.png,P15,P10,0.0,0.0,0.83104223944014,0.83104223944014
1547_pid-104684_pituitary.png,P15,P11,0.0,0.0,0.8241509433962264,0.8241509433962264
1547_pid-104684_pituitary.png,P15,P12,0.0,0.0,0.8516840171463564,0.8516840171463564
1547_pid-104684_pituitary.png,P15,P13,0.0,0.0,0.8311233425068801,0.8311233425068801
1547_pid-104684_pituitary.png,P15,P14,0.0,0.0,0.8226396067061641,0.8226396067061641
1547_pid-104684_pituitary.png,P15,P16,0.0,0.0,0.8226396067061641,0.8226396067061641
1547_pid-104684_pituitary.png,P15,P17,0.0,0.0,0.8665879574970484,0.8665879574970484
1547_pid-104684_pituitary.png,P15,P18,0.0,0.0,0.8226396067061641,0.8226396067061641
1547_pid-104684_pituitary.png,P15,P19,0.0,0.0,0.8311233425068801,0.8311233425068801
1547_pid-104684_pituitary.png,P15,P20,0.0,0.0,0.8226396067061641,0.8226396067061641
1554_pid-104912_pituitary.png,P03,P01,0.0,0.0,0.7950131862862623,0.7950131862862623
1554_pid-104912_pituitary.png,P04,P01,0.0,0.0,0.7950131862862623,0.7950131862862623
1554_pid-104912_pituitary.png,P15,P01,0.0,0.0,0.7950131862862623,0.7950131862862623
1554_pid-104912_pituitary.png,P19,P01,0.0,0.0,0.7950131862862623,0.7950131862862623
1554_pid-104912_pituitary.png,P03,P02,0.0,0.0,0.8101089728727104,0.8101089728727104
1554_pid-104912_pituitary.png,P04,P02,0.0,0.0,0.8101089728727104,0.8101089728727104
1554_pid-104912_pituitary.png,P15,P02,0.0,0.0,0.8101089728727104,0.8101089728727104
1554_pid-104912_pituitary.png,P19,P02,0.0,0.0,0.8101089728727104,0.8101089728727104
1554_pid-104912_pituitary.png,P03,P05,0.0,0.0,0.7950131862862623,0.7950131862862623
1554_pid-104912_pituitary.png,P03,P06,0.0,0.0,0.8101089728727104,0.8101089728727104
1554_pid-104912_pituitary.png,P03,P07,0.0,0.0,0.8164948453608247,0.8164948453608247
1554_pid-104912_pituitary.png,P03,P08,0.0,0.0,0.7950131862862623,0.7950131862862623
1554_pid-104912_pituitary.png,P03,P09,0.0,0.0,0.8101089728727104,0.8101089728727104
1554_pid-104912_pituitary.png,P03,P10,0.0,0.0,0.8101089728727104,0.8101089728727104
1554_pid-104912_pituitary.png,P03,P11,0.0,0.0,0.7950131862862623,0.7950131862862623
1554_pid-104912_pituitary.png,P03,P12,0.0,0.0,0.8101089728727104,0.8101089728727104
1554_pid-104912_pituitary.png,P03,P13,0.0,0.0,0.7950131862862623,0.7950131862862623
1554_pid-104912_pituitary.png,P03,P14,0.0,0.0,0.8101089728727104,0.8101089728727104
1554_pid-104912_pituitary.png,P03,P16,0.0,0.0,0.8101089728727104,0.8101089728727104
1554_pid-104912_pituitary.png,P03,P17,0.0,0.0,0.8112788632326821,0.8112788632326821
1554_pid-104912_pituitary.png,P03,P18,0.0,0.0,0.8101089728727104,0.8101089728727104
1554_pid-104912_pituitary.png,P03,P20,0.0,0.0,0.8101089728727104,0.8101089728727104
1554_pid-104912_pituitary.png,P04,P05,0.0,0.0,0.7950131862862623,0.7950131862862623
1554_pid-104912_pituitary.png,P04,P06,0.0,0.0,0.8101089728727104,0.8101089728727104
1554_pid-104912_pituitary.png,P04,P07,0.0,0.0,0.8164948453608247,0.8164948453608247
1554_pid-104912_pituitary.png,P04,P08,0.0,0.0,0.7950131862862623,0.7950131862862623
1554_pid-104912_pituitary.png,P04,P09,0.0,0.0,0.8101089728727104,0.8101089728727104
1554_pid-104912_pituitary.png,P04,P10,0.0,0.0,0.8101089728727104,0.8101089728727104
1554_pid-104912_pituitary.png,P04,P11,0.0,0.0,0.7950131862862623,0.7950131862862623
1554_pid-104912_pituitary.png,P04,P12,0.0,0.0,0.8101089728727104,0.8101089728727104
1554_pid-104912_pituitary.png,P04,P13,0.0,0.0,0.7950131862862623,0.7950131862862623
1554_pid-104912_pituitary.png,P04,P14,0.0,0.0,0.8101089728727104,0.8101089728727104
1554_pid-104912_pituitary.png,P04,P16,0.0,0.0,0.8101089728727104,0.8101089728727104
1554_pid-104912_pituitary.png,P04,P17,0.0,0.0,0.8112788632326821,0.8112788632326821
1554_pid-104912_pituitary.png,P04,P18,0.0,0.0,0.8101089728727104,0.8101089728727104
1554_pid-104912_pituitary.png,P04,P20,0.0,0.0,0.8101089728727104,0.8101089728727104
1554_pid-104912_pituitary.png,P15,P05,0.0,0.0,0.7950131862862623,0.7950131862862623
1554_pid-104912_pituitary.png,P19,P05,0.0,0.0,0.7950131862862623,0.7950131862862623
1554_pid-104912_pituitary.png,P15,P06,0.0,0.0,0.8101089728727104,0.8101089728727104
1554_pid-104912_pituitary.png,P19,P06,0.0,0.0,0.8101089728727104,0.8101089728727104
1554_pid-104912_pituitary.png,P15,P07,0.0,0.0,0.8164948453608247,0.8164948453608247
1554_pid-104912_pituitary.png,P19,P07,0.0,0.0,0.8164948453608247,0.8164948453608247
1554_pid-104912_pituitary.png,P15,P08,0.0,0.0,0.7950131862862623,0.7950131862862623
1554_pid-104912_pituitary.png,P19,P08,0.0,0.0,0.7950131862862623,0.7950131862862623
1554_pid-104912_pituitary.png,P15,P09,0.0,0.0,0.8101089728727104,0.8101089728727104
1554_pid-104912_pituitary.png,P19,P09,0.0,0.0,0.8101089728727104,0.8101089728727104
1554_pid-104912_pituitary.png,P15,P10,0.0,0.0,0.8101089728727104,0.8101089728727104
1554_pid-104912_pituitary.png,P19,P10,0.0,0.0,0.8101089728727104,0.8101089728727104
1554_pid-104912_pituitary.png,P15,P11,0.0,0.0,0.7950131862862623,0.7950131862862623
1554_pid-104912_pituitary.png,P19,P11,0.0,0.0,0.7950131862862623,0.7950131862862623
1554_pid-104912_pituitary.png,P15,P12,0.0,0.0,0.8101089728727104,0.8101089728727104
1554_pid-104912_pituitary.png,P19,P12,0.0,0.0,0.8101089728727104,0.8101089728727104
1554_pid-104912_pituitary.png,P15,P13,0.0,0.0,0.7950131862862623,0.7950131862862623
1554_pid-104912_pituitary.png,P19,P13,0.0,0.0,0.7950131862862623,0.7950131862862623
1554_pid-104912_pituitary.png,P15,P14,0.0,0.0,0.8101089728727104,0.8101089728727104
1554_pid-104912_pituitary.png,P19,P14,0.0,0.0,0.8101089728727104,0.8101089728727104
1554_pid-104912_pituitary.png,P15,P16,0.0,0.0,0.8101089728727104,0.8101089728727104
1554_pid-104912_pituitary.png,P15,P17,0.0,0.0,0.8112788632326821,0.8112788632326821
1554_pid-104912_pituitary.png,P15,P18,0.0,0.0,0.8101089728727104,0.8101089728727104
1554_pid-104912_pituitary.png,P15,P20,0.0,0.0,0.8101089728727104,0.8101089728727104
1554_pid-104912_pituitary.png,P19,P16,0.0,0.0,0.8101089728727104,0.8101089728727104
1554_pid-104912_pituitary.png,P19,P17,0.0,0.0,0.8112788632326821,0.8112788632326821
1554_pid-104912_pituitary.png,P19,P18,0.0,0.0,0.8101089728727104,0.8101089728727104
1554_pid-104912_pituitary.png,P19,P20,0.0,0.0,0.8101089728727104,0.8101089728727104
1679_pid-103257_pituitary.png,P04,P01,0.0,0.0,0.9152614727854856,0.9152614727854856
1679_pid-103257_pituitary.png,P04,P02,0.0,0.0,0.7575832305795315,0.7575832305795315
1679_pid-103257_pituitary.png,P04,P03,0.0,0.0,0.7090539165818922,0.7090539165818922
1679_pid-103257_pituitary.png,P04,P05,0.0,0.0,0.9148345784418356,0.9148345784418356
1679_pid-103257_pituitary.png,P04,P06,0.0,0.0,0.7090539165818922,0.7090539165818922
1679_pid-103257_pituitary.png,P04,P07,0.0,0.0,0.7619281849483522,0.7619281849483522
1679_pid-103257_pituitary.png,P04,P08,0.0,0.0,0.9131087749409996,0.9131087749409996
1679_pid-103257_pituitary.png,P04,P09,0.0,0.0,0.7575832305795315,0.7575832305795315
1679_pid-103257_pituitary.png,P04,P10,0.0,0.0,0.8889345103674811,0.8889345103674811
1679_pid-103257_pituitary.png,P04,P11,0.0,0.0,0.7090539165818922,0.7090539165818922
1679_pid-103257_pituitary.png,P04,P12,0.0,0.0,0.7090539165818922,0.7090539165818922
1679_pid-103257_pituitary.png,P04,P13,0.0,0.0,0.7575832305795315,0.7575832305795315
1679_pid-103257_pituitary.png,P04,P14,0.0,0.0,0.9153405474220242,0.9153405474220242
1679_pid-103257_pituitary.png,P04,P15,0.0,0.0,0.7575832305795315,0.7575832305795315
1679_pid-103257_pituitary.png,P04,P16,0.0,0.0,0.7575832305795315,0.7575832305795315
1679_pid-103257_pituitary.png,P04,P17,0.0,0.0,0.7619281849483522,0.7619281849483522
1679_pid-103257_pituitary.png,P04,P18,0.0,0.0,0.7090539165818922,0.7090539165818922
1679_pid-103257_pituitary.png,P04,P19,0.0,0.0,0.7575832305795315,0.7575832305795315
1679_pid-103257_pituitary.png,P04,P20,0.0,0.0,0.7575832305795315,0.7575832305795315
1693_pid-103582_pituitary.png,P04,P02,0.5346650998824912,0.0,0.5123152709359606,0.5123152709359606
1693_pid-103582_pituitary.png,P07,P02,0.418925831202046,0.0,0.5123152709359606,0.5123152709359606
1693_pid-103582_pituitary.png,P15,P02,0.4747826086956522,0.0,0.5123152709359606,0.5123152709359606
1693_pid-103582_pituitary.png,P17,P02,0.37062177572631,0.0,0.5123152709359606,0.5123152709359606
1693_pid-103582_pituitary.png,P04,P06,0.4866310160427807,0.0,0.5362035225048923,0.5362035225048923
1693_pid-103582_pituitary.png,P04,P09,0.5324611810734808,0.0,0.5226572811262649,0.5226572811262649
1693_pid-103582_pituitary.png,P04,P12,0.5686120903512207,0.0,0.8497375328083989,0.8497375328083989
1693_pid-103582_pituitary.png,P04,P16,0.5275590551181102,0.0,0.7019468055936386,0.7019468055936386
1693_pid-103582_pituitary.png,P04,P18,0.4931207406454931,0.0,0.51295799821269,0.51295799821269
1693_pid-103582_pituitary.png,P04,P19,0.918527222875049,0.0,0.6995110943963896,0.6995110943963896
1693_pid-103582_pituitary.png,P07,P06,0.4962659846547315,0.0,0.5362035225048923,0.5362035225048923
1693_pid-103582_pituitary.png,P15,P06,0.4365206267988487,0.0,0.5362035225048923,0.5362035225048923
1693_pid-103582_pituitary.png,P17,P06,0.4390442573988596,0.0,0.5362035225048923,0.5362035225048923
1693_pid-103582_pituitary.png,P07,P09,0.4987212276214833,0.0,0.5226572811262649,0.5226572811262649
1693_pid-103582_pituitary.png,P07,P12,0.4455242966751918,0.0,0.8497375328083989,0.8497375328083989
1693_pid-103582_pituitary.png,P07,P16,0.5858823529411765,0.0,0.7019468055936386,0.7019468055936386
1693_pid-103582_pituitary.png,P07,P18,0.4043989769820972,0.0,0.51295799821269,0.51295799821269
1693_pid-103582_pituitary.png,P07,P19,0.719693094629156,0.0,0.6995110943963896,0.6995110943963896
1693_pid-103582_pituitary.png,P15,P09,0.4762165117550574,0.0,0.5226572811262649,0.5226572811262649
1693_pid-103582_pituitary.png,P17,P09,0.4412163996741786,0.0,0.5226572811262649,0.5226572811262649
1693_pid-103582_pituitary.png,P15,P12,0.504927536231884,0.0,0.8497375328083989,0.8497375328083989
1693_pid-103582_pituitary.png,P17,P12,0.3941533170422662,0.0,0.8497375328083989,0.8497375328083989
1693_pid-103582_pituitary.png,P15,P16,0.475177304964539,0.0,0.7019468055936386,0.7019468055936386
1693_pid-103582_pituitary.png,P15,P18,0.4386366235845819,0.0,0.51295799821269,0.51295799821269
1693_pid-103582_pituitary.png,P15,P19,0.8156521739130435,0.0,0.6995110943963896,0.6995110943963896
1693_pid-103582_pituitary.png,P17,P16,0.5183274504480043,0.0,0.7019468055936386,0.7019468055936386
1693_pid-103582_pituitary.png,P17,P18,0.3577699339306724,0.0,0.51295799821269,0.51295799821269
1693_pid-103582_pituitary.png,P17,P19,0.6367092044528917,0.0,0.6995110943963896,0.6995110943963896
1696_pid-103582_pituitary.png,P01,P06,0.4329354977353126,0.0,0.6213888888888889,0.6213888888888889
1696_pid-103582_pituitary.png,P01,P14,0.4755843554732701,0.0,0.565689742294088,0.565689742294088
1696_pid-103582_pituitary.png,P01,P18,0.4549542103349092,0.0,0.6187249343106072,0.6187249343106072
1696_pid-103582_pituitary.png,P02,P06,0.4230334356323695,0.0,0.6213888888888889,0.6213888888888889
1696_pid-103582_pituitary.png,P02,P14,0.4647068324987886,0.0,0.565689742294088,0.565689742294088
1696_pid-103582_pituitary.png,P02,P18,0.4445485382006138,0.0,0.6187249343106072,0.6187249343106072
1696_pid-103582_pituitary.png,P03,P06,0.4708568552011793,0.0,0.6213888888888889,0.6213888888888889
1696_pid-103582_pituitary.png,P03,P14,0.4914990633063518,0.0,0.565689742294088,0.565689742294088
1696_pid-103582_pituitary.png,P03,P18,0.4842372094683851,0.0,0.6187249343106072,0.6187249343106072
1696_pid-103582_pituitary.png,P04,P06,0.1738005176189528,0.0,0.6213888888888889,0.6213888888888889
1696_pid-103582_pituitary.png,P04,P14,0.1814167786523325,0.0,0.565689742294088,0.565689742294088
1696_pid-103582_pituitary.png,P04,P18,0.1825206919546542,0.0,0.6187249343106072,0.6187249343106072
1696_pid-103582_pituitary.png,P05,P06,0.4388257766160651,0.0,0.6213888888888889,0.6213888888888889
1696_pid-103582_pituitary.png,P05,P14,0.4820548909218859,0.0,0.565689742294088,0.565689742294088
1696_pid-103582_pituitary.png,P05,P18,0.4611440635367447,0.0,0.6187249343106072,0.6187249343106072
1696_pid-103582_pituitary.png,P07,P06,0.4245695943974321,0.0,0.6213888888888889,0.6213888888888889
1696_pid-103582_pituitary.png,P08,P06,0.4006670134320594,0.0,0.6213888888888889,0.6213888888888889
1696_pid-103582_pituitary.png,P09,P06,0.4223604517924373,0.0,0.6213888888888889,0.6213888888888889
1696_pid-103582_pituitary.png,P10,P06,0.4012378316175785,0.0,0.6213888888888889,0.6213888888888889
1696_pid-103582_pituitary.png,P11,P06,0.4714332001296036,0.0,0.6213888888888889,0.6213888888888889
1696_pid-103582_pituitary.png,P12,P06,0.3829225078486836,0.0,0.6213888888888889,0.6213888888888889
1696_pid-103582_pituitary.png,P13,P06,0.4121164437450826,0.0,0.6213888888888889,0.6213888888888889
1696_pid-103582_pituitary.png,P15,P06,0.1130933703886323,0.0,0.6213888888888889,0.6213888888888889
1696_pid-103582_pituitary.png,P16,P06,0.4017487344684767,0.0,0.6213888888888889,0.6213888888888889
1696_pid-103582_pituitary.png,P17,P06,0.1076880759180305,0.0,0.6213888888888889,0.6213888888888889
1696_pid-103582_pituitary.png,P19,P06,0.0317744353629636,0.0,0.6213888888888889,0.6213888888888889
1696_pid-103582_pituitary.png,P20,P06,0.4017487344684767,0.0,0.6213888888888889,0.6213888888888889
1696_pid-103582_pituitary.png,P07,P14,0.4663943196187141,0.0,0.565689742294088,0.565689742294088
1696_pid-103582_pituitary.png,P07,P18,0.4461628246279545,0.0,0.6187249343106072,0.6187249343106072
1696_pid-103582_pituitary.png,P08,P14,0.4309427537773994,0.0,0.565689742294088,0.565689742294088
1696_pid-103582_pituitary.png,P08,P18,0.4124874547611082,0.0,0.6187249343106072,0.6187249343106072
1696_pid-103582_pituitary.png,P09,P14,0.4538364044067466,0.0,0.565689742294088,0.565689742294088
1696_pid-103582_pituitary.png,P09,P18,0.4346765538101278,0.0,0.6187249343106072,0.6187249343106072
1696_pid-103582_pituitary.png,P10,P14,0.4312980635597146,0.0,0.565689742294088,0.565689742294088
1696_pid-103582_pituitary.png,P10,P18,0.4130737134909596,0.0,0.6187249343106072,0.6187249343106072
1696_pid-103582_pituitary.png,P11,P14,0.5178745004860136,0.0,0.565689742294088,0.565689742294088
1696_pid-103582_pituitary.png,P11,P18,0.4954098714764013,0.0,0.6187249343106072,0.6187249343106072
1696_pid-103582_pituitary.png,P12,P14,0.4110032362459547,0.0,0.565689742294088,0.565689742294088
1696_pid-103582_pituitary.png,P12,P18,0.394349235757295,0.0,0.6187249343106072,0.6187249343106072
1696_pid-103582_pituitary.png,P13,P14,0.452714398111723,0.0,0.565689742294088,0.565689742294088
1696_pid-103582_pituitary.png,P13,P18,0.4330763178599528,0.0,0.6187249343106072,0.6187249343106072
1696_pid-103582_pituitary.png,P15,P14,0.1069113098012627,0.0,0.565689742294088,0.565689742294088
1696_pid-103582_pituitary.png,P16,P14,0.4413253566497929,0.0,0.565689742294088,0.565689742294088
1696_pid-103582_pituitary.png,P17,P14,0.1016751071289442,0.0,0.565689742294088,0.565689742294088
1696_pid-103582_pituitary.png,P19,P14,0.0299084991123048,0.0,0.565689742294088,0.565689742294088
1696_pid-103582_pituitary.png,P20,P14,0.4413253566497929,0.0,0.565689742294088,0.565689742294088
1696_pid-103582_pituitary.png,P15,P18,0.1213333919697436,0.0,0.6187249343106072,0.6187249343106072
1696_pid-103582_pituitary.png,P16,P18,0.4221813161527841,0.0,0.6187249343106072,0.6187249343106072
1696_pid-103582_pituitary.png,P17,P18,0.1160156425585472,0.0,0.6187249343106072,0.6187249343106072
1696_pid-103582_pituitary.png,P19,P18,0.0389610389610389,0.0,0.6187249343106072,0.6187249343106072
1696_pid-103582_pituitary.png,P20,P18,0.4221813161527841,0.0,0.6187249343106072,0.6187249343106072
1697_pid-103582_pituitary.png,P02,P01,0.0,0.0,0.5413563308506468,0.5413563308506468
1697_pid-103582_pituitary.png,P03,P01,0.0,0.0,0.5413563308506468,0.5413563308506468
1697_pid-103582_pituitary.png,P04,P01,0.0,0.0,0.5413563308506468,0.5413563308506468
1697_pid-103582_pituitary.png,P09,P01,0.0442880106424255,0.0,0.5413563308506468,0.5413563308506468
1697_pid-103582_pituitary.png,P10,P01,0.0,0.0,0.5413563308506468,0.5413563308506468
1697_pid-103582_pituitary.png,P12,P01,0.0,0.0,0.5413563308506468,0.5413563308506468
1697_pid-103582_pituitary.png,P15,P01,0.0257952017317058,0.0,0.5413563308506468,0.5413563308506468
1697_pid-103582_pituitary.png,P17,P01,0.0,0.0,0.5413563308506468,0.5413563308506468
1697_pid-103582_pituitary.png,P19,P01,0.0,0.0,0.5413563308506468,0.5413563308506468
1697_pid-103582_pituitary.png,P02,P05,0.0,0.0,0.5468224114036825,0.5468224114036825
1697_pid-103582_pituitary.png,P02,P06,0.0,0.0,0.5473642489100278,0.5473642489100278
1697_pid-103582_pituitary.png,P02,P07,0.0,0.0,0.5531744442219106,0.5531744442219106
1697_pid-103582_pituitary.png,P02,P08,0.0,0.0,0.5536179595109241,0.5536179595109241
1697_pid-103582_pituitary.png,P02,P13,0.0,0.0,0.543807836188226,0.543807836188226
1697_pid-103582_pituitary.png,P02,P14,0.0,0.0,0.5499800876144962,0.5499800876144962
1697_pid-103582_pituitary.png,P02,P16,0.0,0.0,0.7907664989641906,0.7907664989641906
1697_pid-103582_pituitary.png,P02,P18,0.0,0.0,0.8008398320335933,0.8008398320335933
1697_pid-103582_pituitary.png,P02,P20,0.0,0.0,0.550857598723574,0.550857598723574
1697_pid-103582_pituitary.png,P03,P05,0.0,0.0,0.5468224114036825,0.5468224114036825
1697_pid-103582_pituitary.png,P03,P06,0.0,0.0,0.5473642489100278,0.5473642489100278
1697_pid-103582_pituitary.png,P03,P07,0.0,0.0,0.5531744442219106,0.5531744442219106
1697_pid-103582_pituitary.png,P03,P08,0.0,0.0,0.5536179595109241,0.5536179595109241
1697_pid-103582_pituitary.png,P03,P13,0.0,0.0,0.543807836188226,0.543807836188226
1697_pid-103582_pituitary.png,P03,P14,0.0,0.0,0.5499800876144962,0.5499800876144962
1697_pid-103582_pituitary.png,P03,P16,0.0,0.0,0.7907664989641906,0.7907664989641906
1697_pid-103582_pituitary.png,P03,P18,0.0,0.0,0.8008398320335933,0.8008398320335933
1697_pid-103582_pituitary.png,P03,P20,0.0,0.0,0.550857598723574,0.550857598723574
1697_pid-103582_pituitary.png,P04,P05,0.0,0.0,0.5468224114036825,0.5468224114036825
1697_pid-103582_pituitary.png,P04,P06,0.0,0.0,0.5473642489100278,0.5473642489100278
1697_pid-103582_pituitary.png,P04,P07,0.0,0.0,0.5531744442219106,0.5531744442219106
1697_pid-103582_pituitary.png,P04,P08,0.0,0.0,0.5536179595109241,0.5536179595109241
1697_pid-103582_pituitary.png,P04,P13,0.0,0.0,0.543807836188226,0.543807836188226
1697_pid-103582_pituitary.png,P04,P14,0.0,0.0,0.5499800876144962,0.5499800876144962
1697_pid-103582_pituitary.png,P04,P16,0.0,0.0,0.7907664989641906,0.7907664989641906
1697_pid-103582_pituitary.png,P04,P18,0.0,0.0,0.8008398320335933,0.8008398320335933
1697_pid-103582_pituitary.png,P04,P20,0.0,0.0,0.550857598723574,0.550857598723574
1697_pid-103582_pituitary.png,P09,P05,0.0351730054332284,0.0,0.5468224114036825,0.5468224114036825
1697_pid-103582_pituitary.png,P10,P05,0.0,0.0,0.5468224114036825,0.5468224114036825
1697_pid-103582_pituitary.png,P12,P05,0.0,0.0,0.5468224114036825,0.5468224114036825
1697_pid-103582_pituitary.png,P15,P05,0.018535854708856,0.0,0.5468224114036825,0.5468224114036825
1697_pid-103582_pituitary.png,P17,P05,0.0,0.0,0.5468224114036825,0.5468224114036825
1697_pid-103582_pituitary.png,P19,P05,0.0,0.0,0.5468224114036825,0.5468224114036825
1697_pid-103582_pituitary.png,P09,P06,0.0375531011045029,0.0,0.5473642489100278,0.5473642489100278
1697_pid-103582_pituitary.png,P10,P06,0.0,0.0,0.5473642489100278,0.5473642489100278
1697_pid-103582_pituitary.png,P12,P06,0.0,0.0,0.5473642489100278,0.5473642489100278
1697_pid-103582_pituitary.png,P15,P06,0.0210532814718775,0.0,0.5473642489100278,0.5473642489100278
1697_pid-103582_pituitary.png,P17,P06,0.0,0.0,0.5473642489100278,0.5473642489100278
1697_pid-103582_pituitary.png,P19,P06,0.0,0.0,0.5473642489100278,0.5473642489100278
1697_pid-103582_pituitary.png,P09,P07,0.0128890286073561,0.0,0.5531744442219106,0.5531744442219106
1697_pid-103582_pituitary.png,P10,P07,0.0,0.0,0.5531744442219106,0.5531744442219106
1697_pid-103582_pituitary.png,P12,P07,0.0,0.0,0.5531744442219106,0.5531744442219106
1697_pid-103582_pituitary.png,P15,P07,0.0,0.0,0.5531744442219106,0.5531744442219106
1697_pid-103582_pituitary.png,P17,P07,0.0,0.0,0.5531744442219106,0.5531744442219106
1697_pid-103582_pituitary.png,P19,P07,0.0,0.0,0.5531744442219106,0.5531744442219106
1697_pid-103582_pituitary.png,P09,P08,0.0401705953547346,0.0,0.5536179595109241,0.5536179595109241
1697_pid-103582_pituitary.png,P10,P08,0.0,0.0,0.5536179595109241,0.5536179595109241
1697_pid-103582_pituitary.png,P12,P08,0.0,0.0,0.5536179595109241,0.5536179595109241
1697_pid-103582_pituitary.png,P15,P08,0.0228230116315624,0.0,0.5536179595109241,0.5536179595109241
1697_pid-103582_pituitary.png,P17,P08,0.0,0.0,0.5536179595109241,0.5536179595109241
1697_pid-103582_pituitary.png,P19,P08,0.0,0.0,0.5536179595109241,0.5536179595109241
1697_pid-103582_pituitary.png,P09,P13,0.0322692374300063,0.0,0.543807836188226,0.543807836188226
1697_pid-103582_pituitary.png,P09,P14,0.0355183367022812,0.0,0.5499800876144962,0.5499800876144962
1697_pid-103582_pituitary.png,P09,P16,0.027027027027027,0.0,0.7907664989641906,0.7907664989641906
1697_pid-103582_pituitary.png,P09,P18,0.0263893200869295,0.0,0.8008398320335933,0.8008398320335933
1697_pid-103582_pituitary.png,P09,P20,0.0295363831747006,0.0,0.550857598723574,0.550857598723574
1697_pid-103582_pituitary.png,P10,P13,0.0,0.0,0.543807836188226,0.543807836188226
1697_pid-103582_pituitary.png,P10,P14,0.0,0.0,0.5499800876144962,0.5499800876144962
1697_pid-103582_pituitary.png,P10,P16,0.0,0.0,0.7907664989641906,0.7907664989641906
1697_pid-103582_pituitary.png,P10,P18,0.0,0.0,0.8008398320335933,0.8008398320335933
1697_pid-103582_pituitary.png,P10,P20,0.0,0.0,0.550857598723574,0.550857598723574
1697_pid-103582_pituitary.png,P12,P13,0.0,0.0,0.543807836188226,0.543807836188226
1697_pid-103582_pituitary.png,P12,P14,0.0,0.0,0.5499800876144962,0.5499800876144962
1697_pid-103582_pituitary.png,P12,P16,0.0,0.0,0.7907664989641906,0.7907664989641906
1697_pid-103582_pituitary.png,P12,P18,0.0,0.0,0.8008398320335933,0.8008398320335933
1697_pid-103582_pituitary.png,P12,P20,0.0,0.0,0.550857598723574,0.550857598723574
1697_pid-103582_pituitary.png,P15,P13,0.0154505896449517,0.0,0.543807836188226,0.543807836188226
1697_pid-103582_pituitary.png,P17,P13,0.0,0.0,0.543807836188226,0.543807836188226
1697_pid-103582_pituitary.png,P19,P13,0.0,0.0,0.543807836188226,0.543807836188226
1697_pid-103582_pituitary.png,P15,P14,0.0187346243613196,0.0,0.5499800876144962,0.5499800876144962
1697_pid-103582_pituitary.png,P17,P14,0.0,0.0,0.5499800876144962,0.5499800876144962
1697_pid-103582_pituitary.png,P19,P14,0.0,0.0,0.5499800876144962,0.5499800876144962
1697_pid-103582_pituitary.png,P15,P16,0.0129798777556486,0.0,0.7907664989641906,0.7907664989641906
1697_pid-103582_pituitary.png,P15,P18,0.0128407608322461,0.0,0.8008398320335933,0.8008398320335933
1697_pid-103582_pituitary.png,P15,P20,0.0137319894473381,0.0,0.550857598723574,0.550857598723574
1697_pid-103582_pituitary.png,P17,P16,0.0,0.0,0.7907664989641906,0.7907664989641906
1697_pid-103582_pituitary.png,P19,P16,0.0,0.0,0.7907664989641906,0.7907664989641906
1697_pid-103582_pituitary.png,P17,P18,0.0,0.0,0.8008398320335933,0.8008398320335933
1697_pid-103582_pituitary.png,P17,P20,0.0,0.0,0.550857598723574,0.550857598723574
1697_pid-103582_pituitary.png,P19,P18,0.0,0.0,0.8008398320335933,0.8008398320335933
1697_pid-103582_pituitary.png,P19,P20,0.0,0.0,0.550857598723574,0.550857598723574
1707_pid-103671_pituitary.png,P15,P02,0.4838709677419355,0.0,0.8383458646616542,0.8383458646616542
1707_pid-103671_pituitary.png,P15,P07,0.4379173740803622,0.0,0.8246913580246914,0.8246913580246914
1707_pid-103671_pituitary.png,P15,P10,0.4580645161290322,0.0,0.8366189576019444,0.8366189576019444
1707_pid-103671_pituitary.png,P15,P11,0.3491864831038798,0.0,0.797001873828857,0.797001873828857
1707_pid-103671_pituitary.png,P15,P12,0.3921901528013582,0.0,0.8129536571747628,0.8129536571747628
1707_pid-103671_pituitary.png,P15,P13,0.4709677419354838,0.0,0.8391608391608392,0.8391608391608392
1707_pid-103671_pituitary.png,P15,P16,0.4838709677419355,0.0,0.8383458646616542,0.8383458646616542
1707_pid-103671_pituitary.png,P15,P19,0.8590924220570287,0.0,0.8232133261687264,0.8232133261687264
1730_pid-104558_pituitary.png,P04,P01,0.0,0.0,0.792716042809222,0.792716042809222
1730_pid-104558_pituitary.png,P15,P01,0.0,0.0,0.792716042809222,0.792716042809222
1730_pid-104558_pituitary.png,P17,P01,0.0,0.0,0.792716042809222,0.792716042809222
1730_pid-104558_pituitary.png,P19,P01,0.0,0.0,0.792716042809222,0.792716042809222
1730_pid-104558_pituitary.png,P04,P02,0.0,0.0,0.8189623770619764,0.8189623770619764
1730_pid-104558_pituitary.png,P15,P02,0.0,0.0,0.8189623770619764,0.8189623770619764
1730_pid-104558_pituitary.png,P17,P02,0.0,0.0,0.8189623770619764,0.8189623770619764
1730_pid-104558_pituitary.png,P19,P02,0.0,0.0,0.8189623770619764,0.8189623770619764
1730_pid-104558_pituitary.png,P04,P03,0.0,0.0,0.7912579957356076,0.7912579957356076
1730_pid-104558_pituitary.png,P15,P03,0.0,0.0,0.7912579957356076,0.7912579957356076
1730_pid-104558_pituitary.png,P17,P03,0.0,0.0,0.7912579957356076,0.7912579957356076
1730_pid-104558_pituitary.png,P19,P03,0.0,0.0,0.7912579957356076,0.7912579957356076
1730_pid-104558_pituitary.png,P04,P05,0.0,0.0,0.7912579957356076,0.7912579957356076
1730_pid-104558_pituitary.png,P04,P06,0.0,0.0,0.7844083427162083,0.7844083427162083
1730_pid-104558_pituitary.png,P04,P07,0.0,0.0,0.7270679655386001,0.7270679655386001
1730_pid-104558_pituitary.png,P04,P08,0.0,0.0,0.7473853134856954,0.7473853134856954
1730_pid-104558_pituitary.png,P04,P09,0.0,0.0,0.759666995289736,0.759666995289736
1730_pid-104558_pituitary.png,P04,P10,0.0,0.0,0.7389118534241984,0.7389118534241984
1730_pid-104558_pituitary.png,P04,P11,0.0,0.0,0.7964968152866242,0.7964968152866242
1730_pid-104558_pituitary.png,P04,P12,0.0,0.0,0.7650392327811683,0.7650392327811683
1730_pid-104558_pituitary.png,P04,P13,0.0,0.0,0.790700154641924,0.790700154641924
1730_pid-104558_pituitary.png,P04,P14,0.0,0.0,0.7772322632856757,0.7772322632856757
1730_pid-104558_pituitary.png,P04,P16,0.0,0.0,0.8061444578883686,0.8061444578883686
1730_pid-104558_pituitary.png,P04,P18,0.0,0.0,0.7748215444516547,0.7748215444516547
1730_pid-104558_pituitary.png,P04,P20,0.0,0.0,0.798007630351844,0.798007630351844
1730_pid-104558_pituitary.png,P15,P05,0.0,0.0,0.7912579957356076,0.7912579957356076
1730_pid-104558_pituitary.png,P17,P05,0.0,0.0,0.7912579957356076,0.7912579957356076
1730_pid-104558_pituitary.png,P19,P05,0.0,0.0,0.7912579957356076,0.7912579957356076
1730_pid-104558_pituitary.png,P15,P06,0.0,0.0,0.7844083427162083,0.7844083427162083
1730_pid-104558_pituitary.png,P17,P06,0.0,0.0,0.7844083427162083,0.7844083427162083
1730_pid-104558_pituitary.png,P19,P06,0.0,0.0,0.7844083427162083,0.7844083427162083
1730_pid-104558_pituitary.png,P15,P07,0.0,0.0,0.7270679655386001,0.7270679655386001
1730_pid-104558_pituitary.png,P17,P07,0.0,0.0,0.7270679655386001,0.7270679655386001
1730_pid-104558_pituitary.png,P19,P07,0.0,0.0,0.7270679655386001,0.7270679655386001
1730_pid-104558_pituitary.png,P15,P08,0.0,0.0,0.7473853134856954,0.7473853134856954
1730_pid-104558_pituitary.png,P17,P08,0.0,0.0,0.7473853134856954,0.7473853134856954
1730_pid-104558_pituitary.png,P19,P08,0.0,0.0,0.7473853134856954,0.7473853134856954
1730_pid-104558_pituitary.png,P15,P09,0.0,0.0,0.759666995289736,0.759666995289736
1730_pid-104558_pituitary.png,P17,P09,0.0,0.0,0.759666995289736,0.759666995289736
1730_pid-104558_pituitary.png,P19,P09,0.0,0.0,0.759666995289736,0.759666995289736
1730_pid-104558_pituitary.png,P15,P10,0.0,0.0,0.7389118534241984,0.7389118534241984
1730_pid-104558_pituitary.png,P17,P10,0.0,0.0,0.7389118534241984,0.7389118534241984
1730_pid-104558_pituitary.png,P19,P10,0.0,0.0,0.7389118534241984,0.7389118534241984
1730_pid-104558_pituitary.png,P15,P11,0.0,0.0,0.7964968152866242,0.7964968152866242
1730_pid-104558_pituitary.png,P17,P11,0.0,0.0,0.7964968152866242,0.7964968152866242
1730_pid-104558_pituitary.png,P19,P11,0.0,0.0,0.7964968152866242,0.7964968152866242
1730_pid-104558_pituitary.png,P15,P12,0.0,0.0,0.7650392327811683,0.7650392327811683
1730_pid-104558_pituitary.png,P17,P12,0.0,0.0,0.7650392327811683,0.7650392327811683
1730_pid-104558_pituitary.png,P19,P12,0.0,0.0,0.7650392327811683,0.7650392327811683
1730_pid-104558_pituitary.png,P15,P13,0.0,0.0,0.790700154641924,0.790700154641924
1730_pid-104558_pituitary.png,P17,P13,0.0,0.0,0.790700154641924,0.790700154641924
1730_pid-104558_pituitary.png,P19,P13,0.0,0.0,0.790700154641924,0.790700154641924
1730_pid-104558_pituitary.png,P15,P14,0.0,0.0,0.7772322632856757,0.7772322632856757
1730_pid-104558_pituitary.png,P17,P14,0.0,0.0,0.7772322632856757,0.7772322632856757
1730_pid-104558_pituitary.png,P19,P14,0.0,0.0,0.7772322632856757,0.7772322632856757
1730_pid-104558_pituitary.png,P15,P16,0.0,0.0,0.8061444578883686,0.8061444578883686
1730_pid-104558_pituitary.png,P15,P18,0.0,0.0,0.7748215444516547,0.7748215444516547
1730_pid-104558_pituitary.png,P15,P20,0.0,0.0,0.798007630351844,0.798007630351844
1730_pid-104558_pituitary.png,P17,P16,0.0,0.0,0.8061444578883686,0.8061444578883686
1730_pid-104558_pituitary.png,P19,P16,0.0,0.0,0.8061444578883686,0.8061444578883686
1730_pid-104558_pituitary.png,P17,P18,0.0,0.0,0.7748215444516547,0.7748215444516547
1730_pid-104558_pituitary.png,P17,P20,0.0,0.0,0.798007630351844,0.798007630351844
1730_pid-104558_pituitary.png,P19,P18,0.0,0.0,0.7748215444516547,0.7748215444516547
1730_pid-104558_pituitary.png,P19,P20,0.0,0.0,0.798007630351844,0.798007630351844
1778_pid-97461_pituitary.png,P15,P01,0.0,0.0,0.5397856446898344,0.5397856446898344
1778_pid-97461_pituitary.png,P15,P02,0.0,0.0,0.5808925011501304,0.5808925011501304
1778_pid-97461_pituitary.png,P15,P04,0.0,0.0,0.5849737532808399,0.5849737532808399
1778_pid-97461_pituitary.png,P15,P05,0.0,0.0,0.5673385918784691,0.5673385918784691
1778_pid-97461_pituitary.png,P15,P06,0.0,0.0,0.6016617024612008,0.6016617024612008
1778_pid-97461_pituitary.png,P15,P07,0.0,0.0,0.564344746162928,0.564344746162928
1778_pid-97461_pituitary.png,P15,P08,0.0,0.0,0.5255174593142676,0.5255174593142676
1778_pid-97461_pituitary.png,P15,P09,0.0,0.0,0.5778279084756687,0.5778279084756687
1778_pid-97461_pituitary.png,P15,P10,0.0,0.0,0.5755647470569519,0.5755647470569519
1778_pid-97461_pituitary.png,P15,P11,0.0,0.0,0.5823432095051887,0.5823432095051887
1778_pid-97461_pituitary.png,P15,P12,0.0,0.0,0.5867716535433071,0.5867716535433071
1778_pid-97461_pituitary.png,P15,P13,0.0,0.0,0.6048348870279665,0.6048348870279665
1778_pid-97461_pituitary.png,P15,P14,0.0,0.0,0.5053613053613054,0.5053613053613054
1778_pid-97461_pituitary.png,P15,P16,0.0,0.0,0.5795839380745041,0.5795839380745041
1778_pid-97461_pituitary.png,P15,P17,0.0,0.0,0.6105696636925189,0.6105696636925189
1778_pid-97461_pituitary.png,P15,P18,0.0,0.0,0.600445717924228,0.600445717924228
1778_pid-97461_pituitary.png,P15,P19,0.0,0.0,0.6312667702301935,0.6312667702301935
1778_pid-97461_pituitary.png,P15,P20,0.0,0.0,0.5958829902491874,0.5958829902491874
1793_pid-97890_pituitary.png,P04,P01,0.0,0.0,0.8567870485678705,0.8567870485678705
1793_pid-97890_pituitary.png,P17,P01,0.0,0.0,0.8567870485678705,0.8567870485678705
1793_pid-97890_pituitary.png,P04,P02,0.0,0.0,0.8567870485678705,0.8567870485678705
1793_pid-97890_pituitary.png,P17,P02,0.0,0.0,0.8567870485678705,0.8567870485678705
1793_pid-97890_pituitary.png,P04,P03,0.0,0.0,0.8567870485678705,0.8567870485678705
1793_pid-97890_pituitary.png,P17,P03,0.0,0.0,0.8567870485678705,0.8567870485678705
1793_pid-97890_pituitary.png,P04,P05,0.0,0.0,0.8573208722741433,0.8573208722741433
1793_pid-97890_pituitary.png,P04,P06,0.0,0.0,0.8567870485678705,0.8567870485678705
1793_pid-97890_pituitary.png,P04,P07,0.0,0.0,0.8567870485678705,0.8567870485678705
1793_pid-97890_pituitary.png,P04,P08,0.0,0.0,0.8567870485678705,0.8567870485678705
1793_pid-97890_pituitary.png,P04,P09,0.0,0.0,0.8567870485678705,0.8567870485678705
1793_pid-97890_pituitary.png,P04,P10,0.0,0.0,0.8594628357276702,0.8594628357276702
1793_pid-97890_pituitary.png,P04,P11,0.0,0.0,0.8567870485678705,0.8567870485678705
1793_pid-97890_pituitary.png,P04,P12,0.0,0.0,0.8567870485678705,0.8567870485678705
1793_pid-97890_pituitary.png,P04,P13,0.0,0.0,0.8567870485678705,0.8567870485678705
1793_pid-97890_pituitary.png,P04,P14,0.0,0.0,0.8567870485678705,0.8567870485678705
1793_pid-97890_pituitary.png,P04,P15,0.0,0.0,0.8567870485678705,0.8567870485678705
1793_pid-97890_pituitary.png,P04,P16,0.0,0.0,0.8573208722741433,0.8573208722741433
1793_pid-97890_pituitary.png,P04,P18,0.0,0.0,0.8567870485678705,0.8567870485678705
1793_pid-97890_pituitary.png,P04,P19,0.0,0.0,0.8567870485678705,0.8567870485678705
1793_pid-97890_pituitary.png,P04,P20,0.0,0.0,0.8567870485678705,0.8567870485678705
1793_pid-97890_pituitary.png,P17,P05,0.0,0.0,0.8573208722741433,0.8573208722741433
1793_pid-97890_pituitary.png,P17,P06,0.0,0.0,0.8567870485678705,0.8567870485678705
1793_pid-97890_pituitary.png,P17,P07,0.0,0.0,0.8567870485678705,0.8567870485678705
1793_pid-97890_pituitary.png,P17,P08,0.0,0.0,0.8567870485678705,0.8567870485678705
1793_pid-97890_pituitary.png,P17,P09,0.0,0.0,0.8567870485678705,0.8567870485678705
1793_pid-97890_pituitary.png,P17,P10,0.0,0.0,0.8594628357276702,0.8594628357276702
1793_pid-97890_pituitary.png,P17,P11,0.0,0.0,0.8567870485678705,0.8567870485678705
1793_pid-97890_pituitary.png,P17,P12,0.0,0.0,0.8567870485678705,0.8567870485678705
1793_pid-97890_pituitary.png,P17,P13,0.0,0.0,0.8567870485678705,0.8567870485678705
1793_pid-97890_pituitary.png,P17,P14,0.0,0.0,0.8567870485678705,0.8567870485678705
1793_pid-97890_pituitary.png,P17,P15,0.0,0.0,0.8567870485678705,0.8567870485678705
1793_pid-97890_pituitary.png,P17,P16,0.0,0.0,0.8573208722741433,0.8573208722741433
1793_pid-97890_pituitary.png,P17,P18,0.0,0.0,0.8567870485678705,0.8567870485678705
1793_pid-97890_pituitary.png,P17,P19,0.0,0.0,0.8567870485678705,0.8567870485678705
1793_pid-97890_pituitary.png,P17,P20,0.0,0.0,0.8567870485678705,0.8567870485678705
1856_pid-MR048621B_glioma.png,P01,P04,0.0,0.0,0.5094498615625376,0.5094498615625376
1856_pid-MR048621B_glioma.png,P02,P04,0.0,0.0,0.5094498615625376,0.5094498615625376
1856_pid-MR048621B_glioma.png,P03,P04,0.0,0.0,0.5094498615625376,0.5094498615625376
1856_pid-MR048621B_glioma.png,P05,P04,0.0,0.0,0.5094498615625376,0.5094498615625376
1856_pid-MR048621B_glioma.png,P06,P04,0.0,0.0,0.5094498615625376,0.5094498615625376
1856_pid-MR048621B_glioma.png,P07,P04,0.0,0.0,0.5094498615625376,0.5094498615625376
1856_pid-MR048621B_glioma.png,P08,P04,0.0,0.0,0.5094498615625376,0.5094498615625376
1856_pid-MR048621B_glioma.png,P09,P04,0.0,0.0,0.5094498615625376,0.5094498615625376
1856_pid-MR048621B_glioma.png,P10,P04,0.0,0.0,0.5094498615625376,0.5094498615625376
1856_pid-MR048621B_glioma.png,P11,P04,0.0,0.0,0.5094498615625376,0.5094498615625376
1856_pid-MR048621B_glioma.png,P12,P04,0.0,0.0,0.5094498615625376,0.5094498615625376
1856_pid-MR048621B_glioma.png,P13,P04,0.0,0.0,0.5094498615625376,0.5094498615625376
1856_pid-MR048621B_glioma.png,P14,P04,0.0,0.0,0.5094498615625376,0.5094498615625376
1856_pid-MR048621B_glioma.png,P16,P04,0.0,0.0,0.5094498615625376,0.5094498615625376
1856_pid-MR048621B_glioma.png,P18,P04,0.0,0.0,0.5094498615625376,0.5094498615625376
1856_pid-MR048621B_glioma.png,P19,P04,0.0,0.0,0.5094498615625376,0.5094498615625376
1856_pid-MR048621B_glioma.png,P20,P04,0.0,0.0,0.5094498615625376,0.5094498615625376
1901_pid-MR049358_glioma.png,P04,P01,0.0,0.0,0.9488340309216708,0.9488340309216708
1901_pid-MR049358_glioma.png,P15,P01,0.0,0.0,0.9488340309216708,0.9488340309216708
1901_pid-MR049358_glioma.png,P19,P01,0.0,0.0,0.9488340309216708,0.9488340309216708
1901_pid-MR049358_glioma.png,P04,P02,0.0,0.0,0.9295165182657902,0.9295165182657902
1901_pid-MR049358_glioma.png,P15,P02,0.0,0.0,0.9295165182657902,0.9295165182657902
1901_pid-MR049358_glioma.png,P19,P02,0.0,0.0,0.9295165182657902,0.9295165182657902
1901_pid-MR049358_glioma.png,P04,P03,0.0,0.0,0.953875171467764,0.953875171467764
1901_pid-MR049358_glioma.png,P15,P03,0.0,0.0,0.953875171467764,0.953875171467764
1901_pid-MR049358_glioma.png,P19,P03,0.0,0.0,0.953875171467764,0.953875171467764
1901_pid-MR049358_glioma.png,P04,P05,0.0,0.0,0.9230007427581084,0.9230007427581084
1901_pid-MR049358_glioma.png,P04,P06,0.0,0.0,0.9459804338579328,0.9459804338579328
1901_pid-MR049358_glioma.png,P04,P07,0.0,0.0,0.9317142144223572,0.9317142144223572
1901_pid-MR049358_glioma.png,P04,P08,0.0,0.0,0.952127659574468,0.952127659574468
1901_pid-MR049358_glioma.png,P04,P09,0.0,0.0,0.9382258878976604,0.9382258878976604
1901_pid-MR049358_glioma.png,P04,P10,0.0,0.0,0.9438486869880942,0.9438486869880942
1901_pid-MR049358_glioma.png,P04,P11,0.0,0.0,0.7886908937842009,0.7886908937842009
1901_pid-MR049358_glioma.png,P04,P12,0.0,0.0,0.93953959018467,0.93953959018467
1901_pid-MR049358_glioma.png,P04,P13,0.0,0.0,0.9413556740289414,0.9413556740289414
1901_pid-MR049358_glioma.png,P04,P14,0.0,0.0,0.939690026954178,0.939690026954178
1901_pid-MR049358_glioma.png,P04,P16,0.0,0.0,0.9192475149921958,0.9192475149921958
1901_pid-MR049358_glioma.png,P04,P17,0.0,0.0,0.9607722685388328,0.9607722685388328
1901_pid-MR049358_glioma.png,P04,P18,0.0,0.0,0.93953959018467,0.93953959018467
1901_pid-MR049358_glioma.png,P04,P20,0.0,0.0,0.9371005718129836,0.9371005718129836
1901_pid-MR049358_glioma.png,P15,P05,0.0,0.0,0.9230007427581084,0.9230007427581084
1901_pid-MR049358_glioma.png,P19,P05,0.0,0.0,0.9230007427581084,0.9230007427581084
1901_pid-MR049358_glioma.png,P15,P06,0.0,0.0,0.9459804338579328,0.9459804338579328
1901_pid-MR049358_glioma.png,P19,P06,0.0,0.0,0.9459804338579328,0.9459804338579328
1901_pid-MR049358_glioma.png,P15,P07,0.0,0.0,0.9317142144223572,0.9317142144223572
1901_pid-MR049358_glioma.png,P19,P07,0.0,0.0,0.9317142144223572,0.9317142144223572
1901_pid-MR049358_glioma.png,P15,P08,0.0,0.0,0.952127659574468,0.952127659574468
1901_pid-MR049358_glioma.png,P19,P08,0.0,0.0,0.952127659574468,0.952127659574468
1901_pid-MR049358_glioma.png,P15,P09,0.0,0.0,0.9382258878976604,0.9382258878976604
1901_pid-MR049358_glioma.png,P19,P09,0.0,0.0,0.9382258878976604,0.9382258878976604
1901_pid-MR049358_glioma.png,P15,P10,0.0,0.0,0.9438486869880942,0.9438486869880942
1901_pid-MR049358_glioma.png,P19,P10,0.0,0.0,0.9438486869880942,0.9438486869880942
1901_pid-MR049358_glioma.png,P15,P11,0.0,0.0,0.7886908937842009,0.7886908937842009
1901_pid-MR049358_glioma.png,P19,P11,0.0,0.0,0.7886908937842009,0.7886908937842009
1901_pid-MR049358_glioma.png,P15,P12,0.0,0.0,0.93953959018467,0.93953959018467
1901_pid-MR049358_glioma.png,P19,P12,0.0,0.0,0.93953959018467,0.93953959018467
1901_pid-MR049358_glioma.png,P15,P13,0.0,0.0,0.9413556740289414,0.9413556740289414
1901_pid-MR049358_glioma.png,P19,P13,0.0,0.0,0.9413556740289414,0.9413556740289414
1901_pid-MR049358_glioma.png,P15,P14,0.0,0.0,0.939690026954178,0.939690026954178
1901_pid-MR049358_glioma.png,P19,P14,0.0,0.0,0.939690026954178,0.939690026954178
1901_pid-MR049358_glioma.png,P15,P16,0.0,0.0,0.9192475149921958,0.9192475149921958
1901_pid-MR049358_glioma.png,P15,P17,0.0,0.0,0.9607722685388328,0.9607722685388328
1901_pid-MR049358_glioma.png,P15,P18,0.0,0.0,0.93953959018467,0.93953959018467
1901_pid-MR049358_glioma.png,P15,P20,0.0,0.0,0.9371005718129836,0.9371005718129836
1901_pid-MR049358_glioma.png,P19,P16,0.0,0.0,0.9192475149921958,0.9192475149921958
1901_pid-MR049358_glioma.png,P19,P17,0.0,0.0,0.9607722685388328,0.9607722685388328
1901_pid-MR049358_glioma.png,P19,P18,0.0,0.0,0.93953959018467,0.93953959018467
1901_pid-MR049358_glioma.png,P19,P20,0.0,0.0,0.9371005718129836,0.9371005718129836
1910_pid-MR049104B_glioma.png,P01,P14,0.144423676012461,0.0253213491833381,0.8927536231884058,0.8674322740050677
1910_pid-MR049104B_glioma.png,P02,P14,0.0,0.0,0.8927536231884058,0.8927536231884058
1910_pid-MR049104B_glioma.png,P04,P14,0.0596571899181579,0.0831383525398526,0.8927536231884058,0.8096152706485532
1910_pid-MR049104B_glioma.png,P05,P14,0.1937155273274277,0.0056895150365754,0.8927536231884058,0.8870641081518303
1910_pid-MR049104B_glioma.png,P06,P14,0.0,0.0,0.8927536231884058,0.8927536231884058
1910_pid-MR049104B_glioma.png,P07,P14,0.1577944179714091,0.0,0.8927536231884058,0.8927536231884058
1910_pid-MR049104B_glioma.png,P08,P14,0.1857868020304568,0.0030553787396562,0.8927536231884058,0.8896982444487496
1910_pid-MR049104B_glioma.png,P10,P14,0.3592621402378042,0.0,0.8927536231884058,0.8927536231884058
1910_pid-MR049104B_glioma.png,P11,P14,0.1963186720117441,0.0011602610587382,0.8927536231884058,0.8915933621296676
1910_pid-MR049104B_glioma.png,P12,P14,0.1800341738725211,0.0362277170787809,0.8927536231884058,0.8565259061096249
1910_pid-MR049104B_glioma.png,P13,P14,0.1667226084871733,0.0596766524013314,0.8927536231884058,0.8330769707870744
1910_pid-MR049104B_glioma.png,P15,P14,0.0326157309694667,0.0373356377598617,0.8927536231884058,0.8554179854285441
1910_pid-MR049104B_glioma.png,P16,P14,0.1917287014061207,0.0037538544040756,0.8927536231884058,0.8889997687843302
1910_pid-MR049104B_glioma.png,P17,P14,0.189782217127886,0.0031876743259397,0.8927536231884058,0.8895659488624661
1910_pid-MR049104B_glioma.png,P20,P14,0.1785365853658536,0.0107392607392607,0.8927536231884058,0.8820143624491451
1911_pid-MR049104B_glioma.png,P15,P01,0.0,0.0,0.9053221288515406,0.9053221288515406
1911_pid-MR049104B_glioma.png,P15,P02,0.0,0.0,0.9066517607602012,0.9066517607602012
1911_pid-MR049104B_glioma.png,P15,P03,0.0,0.0,0.906058921623124,0.906058921623124
1911_pid-MR049104B_glioma.png,P15,P04,0.0,0.0,0.9053221288515406,0.9053221288515406
1911_pid-MR049104B_glioma.png,P15,P05,0.0,0.0,0.9065628476084538,0.9065628476084538
1911_pid-MR049104B_glioma.png,P15,P06,0.0,0.0,0.906058921623124,0.906058921623124
1911_pid-MR049104B_glioma.png,P15,P07,0.0,0.0,0.9053221288515406,0.9053221288515406
1911_pid-MR049104B_glioma.png,P15,P08,0.0,0.0,0.9059350503919372,0.9059350503919372
1911_pid-MR049104B_glioma.png,P15,P09,0.0,0.0,0.906547285954113,0.906547285954113
1911_pid-MR049104B_glioma.png,P15,P10,0.0,0.0,0.9080779944289692,0.9080779944289692
1911_pid-MR049104B_glioma.png,P15,P11,0.0,0.0,0.9065628476084538,0.9065628476084538
1911_pid-MR049104B_glioma.png,P15,P12,0.0,0.0,0.906547285954113,0.906547285954113
1911_pid-MR049104B_glioma.png,P15,P13,0.0,0.0,0.9059350503919372,0.9059350503919372
1911_pid-MR049104B_glioma.png,P15,P14,0.0,0.0,0.906547285954113,0.906547285954113
1911_pid-MR049104B_glioma.png,P15,P16,0.0,0.0,0.9053221288515406,0.9053221288515406
1911_pid-MR049104B_glioma.png,P15,P17,0.0,0.0,0.9053221288515406,0.9053221288515406
1911_pid-MR049104B_glioma.png,P15,P18,0.0,0.0,0.9066666666666666,0.9066666666666666
1911_pid-MR049104B_glioma.png,P15,P19,0.0,0.0,0.9049217002237137,0.9049217002237137
1911_pid-MR049104B_glioma.png,P15,P20,0.0,0.0,0.9059350503919372,0.9059350503919372
1924_pid-MR024780G_glioma.png,P04,P01,0.0,0.0,0.6224918338777414,0.6224918338777414
1924_pid-MR024780G_glioma.png,P19,P01,0.0,0.0,0.6224918338777414,0.6224918338777414
1924_pid-MR024780G_glioma.png,P04,P02,0.0,0.0,0.6224918338777414,0.6224918338777414
1924_pid-MR024780G_glioma.png,P19,P02,0.0,0.0,0.6224918338777414,0.6224918338777414
1924_pid-MR024780G_glioma.png,P04,P03,0.0,0.0,0.6427333974975938,0.6427333974975938
1924_pid-MR024780G_glioma.png,P19,P03,0.0,0.0,0.6427333974975938,0.6427333974975938
1924_pid-MR024780G_glioma.png,P04,P05,0.0,0.0,0.60140383715489,0.60140383715489
1924_pid-MR024780G_glioma.png,P04,P06,0.0,0.0,0.5871141495753056,0.5871141495753056
1924_pid-MR024780G_glioma.png,P04,P07,0.0,0.0,0.5327014218009478,0.5327014218009478
1924_pid-MR024780G_glioma.png,P04,P08,0.0,0.0,0.6224918338777414,0.6224918338777414
1924_pid-MR024780G_glioma.png,P04,P09,0.0,0.0,0.5991516436903499,0.5991516436903499
1924_pid-MR024780G_glioma.png,P04,P10,0.0,0.0,0.5327014218009478,0.5327014218009478
1924_pid-MR024780G_glioma.png,P04,P11,0.0,0.0,0.5850932853489914,0.5850932853489914
1924_pid-MR024780G_glioma.png,P04,P12,0.0,0.0,0.6170458119299717,0.6170458119299717
1924_pid-MR024780G_glioma.png,P04,P13,0.0,0.0,0.5748537450848759,0.5748537450848759
1924_pid-MR024780G_glioma.png,P04,P14,0.0,0.0,0.5748537450848759,0.5748537450848759
1924_pid-MR024780G_glioma.png,P04,P15,0.0,0.0,0.662321943953077,0.662321943953077
1924_pid-MR024780G_glioma.png,P04,P16,0.0,0.0,0.60140383715489,0.60140383715489
1924_pid-MR024780G_glioma.png,P04,P17,0.0,0.0,0.6373153860534679,0.6373153860534679
1924_pid-MR024780G_glioma.png,P04,P18,0.0,0.0,0.6024762099662335,0.6024762099662335
1924_pid-MR024780G_glioma.png,P04,P20,0.0,0.0,0.6084224992637676,0.6084224992637676
1924_pid-MR024780G_glioma.png,P19,P05,0.0,0.0,0.60140383715489,0.60140383715489
1924_pid-MR024780G_glioma.png,P19,P06,0.0,0.0,0.5871141495753056,0.5871141495753056
1924_pid-MR024780G_glioma.png,P19,P07,0.0,0.0,0.5327014218009478,0.5327014218009478
1924_pid-MR024780G_glioma.png,P19,P08,0.0,0.0,0.6224918338777414,0.6224918338777414
1924_pid-MR024780G_glioma.png,P19,P09,0.0,0.0,0.5991516436903499,0.5991516436903499
1924_pid-MR024780G_glioma.png,P19,P10,0.0,0.0,0.5327014218009478,0.5327014218009478
1924_pid-MR024780G_glioma.png,P19,P11,0.0,0.0,0.5850932853489914,0.5850932853489914
1924_pid-MR024780G_glioma.png,P19,P12,0.0,0.0,0.6170458119299717,0.6170458119299717
1924_pid-MR024780G_glioma.png,P19,P13,0.0,0.0,0.5748537450848759,0.5748537450848759
1924_pid-MR024780G_glioma.png,P19,P14,0.0,0.0,0.5748537450848759,0.5748537450848759
1924_pid-MR024780G_glioma.png,P19,P15,0.0,0.0,0.662321943953077,0.662321943953077
1924_pid-MR024780G_glioma.png,P19,P16,0.0,0.0,0.60140383715489,0.60140383715489
1924_pid-MR024780G_glioma.png,P19,P17,0.0,0.0,0.6373153860534679,0.6373153860534679
1924_pid-MR024780G_glioma.png,P19,P18,0.0,0.0,0.6024762099662335,0.6024762099662335
1924_pid-MR024780G_glioma.png,P19,P20,0.0,0.0,0.6084224992637676,0.6084224992637676
1998_pid-MR051461_glioma.png,P02,P03,0.0,0.0,0.6410947543023015,0.6410947543023015
1998_pid-MR051461_glioma.png,P02,P06,0.0,0.0,0.6642351426732461,0.6642351426732461
1998_pid-MR051461_glioma.png,P02,P08,0.0,0.0,0.6642351426732461,0.6642351426732461
1998_pid-MR051461_glioma.png,P02,P10,0.0,0.0,0.6642351426732461,0.6642351426732461
1998_pid-MR051461_glioma.png,P02,P12,0.0,0.0,0.6642351426732461,0.6642351426732461
1998_pid-MR051461_glioma.png,P02,P14,0.0,0.0,0.6642351426732461,0.6642351426732461
1998_pid-MR051461_glioma.png,P02,P15,0.0,0.0,0.597457627118644,0.597457627118644
1998_pid-MR051461_glioma.png,P02,P16,0.0,0.0,0.6547066272688898,0.6547066272688898
1998_pid-MR051461_glioma.png,P02,P18,0.0,0.0,0.6178699641005185,0.6178699641005185
1998_pid-MR051461_glioma.png,P02,P19,0.0,0.0,0.6427990235964198,0.6427990235964198
1998_pid-MR051461_glioma.png,P04,P03,0.0537144454539101,0.0578575037897928,0.6410947543023015,0.5832372505125086
1998_pid-MR051461_glioma.png,P17,P03,0.0,0.0,0.6410947543023015,0.6410947543023015
1998_pid-MR051461_glioma.png,P04,P06,0.0503040044727094,0.0578575037897928,0.6642351426732461,0.6063776388834533
1998_pid-MR051461_glioma.png,P04,P08,0.0503040044727094,0.0578575037897928,0.6642351426732461,0.6063776388834533
1998_pid-MR051461_glioma.png,P04,P10,0.0503040044727094,0.0578575037897928,0.6642351426732461,0.6063776388834533
1998_pid-MR051461_glioma.png,P04,P12,0.0503040044727094,0.0578575037897928,0.6642351426732461,0.6063776388834533
1998_pid-MR051461_glioma.png,P04,P14,0.0503040044727094,0.0578575037897928,0.6642351426732461,0.6063776388834533
1998_pid-MR051461_glioma.png,P04,P15,0.0645048570829547,0.0578575037897928,0.597457627118644,0.5396001233288512
1998_pid-MR051461_glioma.png,P04,P16,0.0520092249633098,0.0578575037897928,0.6547066272688898,0.596849123479097
1998_pid-MR051461_glioma.png,P04,P18,0.0554755748130547,0.0578575037897928,0.6178699641005185,0.5600124603107257
1998_pid-MR051461_glioma.png,P04,P19,0.0554196659445104,0.0578575037897928,0.6427990235964198,0.584941519806627
1998_pid-MR051461_glioma.png,P17,P06,0.0,0.0,0.6642351426732461,0.6642351426732461
1998_pid-MR051461_glioma.png,P17,P08,0.0,0.0,0.6642351426732461,0.6642351426732461
1998_pid-MR051461_glioma.png,P17,P10,0.0,0.0,0.6642351426732461,0.6642351426732461
1998_pid-MR051461_glioma.png,P17,P12,0.0,0.0,0.6642351426732461,0.6642351426732461
1998_pid-MR051461_glioma.png,P17,P14,0.0,0.0,0.6642351426732461,0.6642351426732461
1998_pid-MR051461_glioma.png,P17,P15,0.0,0.0,0.597457627118644,0.597457627118644
1998_pid-MR051461_glioma.png,P17,P16,0.0,0.0,0.6547066272688898,0.6547066272688898
1998_pid-MR051461_glioma.png,P17,P18,0.0,0.0,0.6178699641005185,0.6178699641005185
1998_pid-MR051461_glioma.png,P17,P19,0.0,0.0,0.6427990235964198,0.6427990235964198
1999_pid-MR051461_glioma.png,P17,P01,0.0,0.0,0.9613957961258416,0.9613957961258416
1999_pid-MR051461_glioma.png,P17,P02,0.0,0.0,0.9623854465873342,0.9623854465873342
1999_pid-MR051461_glioma.png,P17,P03,0.0,0.0,0.9660439110868676,0.9660439110868676
1999_pid-MR051461_glioma.png,P17,P04,0.0,0.0,0.9587870434183322,0.9587870434183322
1999_pid-MR051461_glioma.png,P17,P05,0.0,0.0,0.9596696490020646,0.9596696490020646
1999_pid-MR051461_glioma.png,P17,P06,0.0,0.0,0.964271047227926,0.964271047227926
1999_pid-MR051461_glioma.png,P17,P07,0.0,0.0,0.9526717557251908,0.9526717557251908
1999_pid-MR051461_glioma.png,P17,P08,0.0,0.0,0.95136186770428,0.95136186770428
1999_pid-MR051461_glioma.png,P17,P09,0.0,0.0,0.9669702324316976,0.9669702324316976
1999_pid-MR051461_glioma.png,P17,P10,0.0,0.0,0.9537396121883656,0.9537396121883656
1999_pid-MR051461_glioma.png,P17,P11,0.0,0.0,0.9642467248908296,0.9642467248908296
1999_pid-MR051461_glioma.png,P17,P12,0.0,0.0,0.9666348903717826,0.9666348903717826
1999_pid-MR051461_glioma.png,P17,P13,0.0,0.0,0.9613957961258416,0.9613957961258416
1999_pid-MR051461_glioma.png,P17,P14,0.0,0.0,0.958235699517574,0.958235699517574
1999_pid-MR051461_glioma.png,P17,P15,0.0,0.0,0.9669824086603518,0.9669824086603518
1999_pid-MR051461_glioma.png,P17,P16,0.0,0.0,0.9648571037877752,0.9648571037877752
1999_pid-MR051461_glioma.png,P17,P18,0.0,0.0,0.9666348903717826,0.9666348903717826
1999_pid-MR051461_glioma.png,P17,P19,0.0,0.0,0.9563053097345132,0.9563053097345132
1999_pid-MR051461_glioma.png,P17,P20,0.0,0.0,0.9670748299319728,0.9670748299319728
2008_pid-MR051586_glioma.png,P04,P01,0.0,0.0,0.8488668194550547,0.8488668194550547
2008_pid-MR051586_glioma.png,P07,P01,0.0,0.0,0.8488668194550547,0.8488668194550547
2008_pid-MR051586_glioma.png,P12,P01,0.0,0.0,0.8488668194550547,0.8488668194550547
2008_pid-MR051586_glioma.png,P15,P01,0.0,0.0,0.8488668194550547,0.8488668194550547
2008_pid-MR051586_glioma.png,P19,P01,0.0,0.0,0.8488668194550547,0.8488668194550547
2008_pid-MR051586_glioma.png,P04,P02,0.0,0.0,0.8001858119317805,0.8001858119317805
2008_pid-MR051586_glioma.png,P07,P02,0.0,0.0,0.8001858119317805,0.8001858119317805
2008_pid-MR051586_glioma.png,P12,P02,0.0,0.0,0.8001858119317805,0.8001858119317805
2008_pid-MR051586_glioma.png,P15,P02,0.0,0.0,0.8001858119317805,0.8001858119317805
2008_pid-MR051586_glioma.png,P19,P02,0.0,0.0,0.8001858119317805,0.8001858119317805
2008_pid-MR051586_glioma.png,P04,P03,0.0,0.0,0.7594728171334432,0.7594728171334432
2008_pid-MR051586_glioma.png,P07,P03,0.0,0.0,0.7594728171334432,0.7594728171334432
2008_pid-MR051586_glioma.png,P12,P03,0.0,0.0,0.7594728171334432,0.7594728171334432
2008_pid-MR051586_glioma.png,P15,P03,0.0,0.0,0.7594728171334432,0.7594728171334432
2008_pid-MR051586_glioma.png,P19,P03,0.0,0.0,0.7594728171334432,0.7594728171334432
2008_pid-MR051586_glioma.png,P04,P05,0.0,0.0,0.8375233074005015,0.8375233074005015
2008_pid-MR051586_glioma.png,P04,P06,0.0,0.0,0.7928638246692503,0.7928638246692503
2008_pid-MR051586_glioma.png,P04,P08,0.0,0.0,0.8549367088607595,0.8549367088607595
2008_pid-MR051586_glioma.png,P04,P09,0.0,0.0,0.8290786575093948,0.8290786575093948
2008_pid-MR051586_glioma.png,P04,P10,0.0,0.0,0.7107178535749964,0.7107178535749964
2008_pid-MR051586_glioma.png,P04,P11,0.0,0.0,0.8438618925831202,0.8438618925831202
2008_pid-MR051586_glioma.png,P04,P13,0.0,0.0,0.8488823791632172,0.8488823791632172
2008_pid-MR051586_glioma.png,P04,P14,0.0,0.0,0.8221034797341327,0.8221034797341327
2008_pid-MR051586_glioma.png,P04,P16,0.0,0.0,0.8375233074005015,0.8375233074005015
2008_pid-MR051586_glioma.png,P04,P17,0.0,0.0,0.858224493658906,0.858224493658906
2008_pid-MR051586_glioma.png,P04,P18,0.0,0.0,0.7680872826457552,0.7680872826457552
2008_pid-MR051586_glioma.png,P04,P20,0.0,0.0,0.8555520404935147,0.8555520404935147
2008_pid-MR051586_glioma.png,P07,P05,0.0,0.0,0.8375233074005015,0.8375233074005015
2008_pid-MR051586_glioma.png,P12,P05,0.0,0.0,0.8375233074005015,0.8375233074005015
2008_pid-MR051586_glioma.png,P15,P05,0.0,0.0,0.8375233074005015,0.8375233074005015
2008_pid-MR051586_glioma.png,P19,P05,0.0,0.0,0.8375233074005015,0.8375233074005015
2008_pid-MR051586_glioma.png,P07,P06,0.0,0.0,0.7928638246692503,0.7928638246692503
2008_pid-MR051586_glioma.png,P12,P06,0.0,0.0,0.7928638246692503,0.7928638246692503
2008_pid-MR051586_glioma.png,P15,P06,0.0,0.0,0.7928638246692503,0.7928638246692503
2008_pid-MR051586_glioma.png,P19,P06,0.0,0.0,0.7928638246692503,0.7928638246692503
2008_pid-MR051586_glioma.png,P07,P08,0.0,0.0,0.8549367088607595,0.8549367088607595
2008_pid-MR051586_glioma.png,P07,P09,0.0,0.0,0.8290786575093948,0.8290786575093948
2008_pid-MR051586_glioma.png,P07,P10,0.0,0.0,0.7107178535749964,0.7107178535749964
2008_pid-MR051586_glioma.png,P07,P11,0.0,0.0,0.8438618925831202,0.8438618925831202
2008_pid-MR051586_glioma.png,P07,P13,0.0,0.0,0.8488823791632172,0.8488823791632172
2008_pid-MR051586_glioma.png,P07,P14,0.0,0.0,0.8221034797341327,0.8221034797341327
2008_pid-MR051586_glioma.png,P07,P16,0.0,0.0,0.8375233074005015,0.8375233074005015
2008_pid-MR051586_glioma.png,P07,P17,0.0,0.0,0.858224493658906,0.858224493658906
2008_pid-MR051586_glioma.png,P07,P18,0.0,0.0,0.7680872826457552,0.7680872826457552
2008_pid-MR051586_glioma.png,P07,P20,0.0,0.0,0.8555520404935147,0.8555520404935147
2008_pid-MR051586_glioma.png,P12,P08,0.0,0.0,0.8549367088607595,0.8549367088607595
2008_pid-MR051586_glioma.png,P15,P08,0.0,0.0,0.8549367088607595,0.8549367088607595
2008_pid-MR051586_glioma.png,P19,P08,0.0,0.0,0.8549367088607595,0.8549367088607595
2008_pid-MR051586_glioma.png,P12,P09,0.0,0.0,0.8290786575093948,0.8290786575093948
2008_pid-MR051586_glioma.png,P15,P09,0.0,0.0,0.8290786575093948,0.8290786575093948
2008_pid-MR051586_glioma.png,P19,P09,0.0,0.0,0.8290786575093948,0.8290786575093948
2008_pid-MR051586_glioma.png,P12,P10,0.0,0.0,0.7107178535749964,0.7107178535749964
2008_pid-MR051586_glioma.png,P15,P10,0.0,0.0,0.7107178535749964,0.7107178535749964
2008_pid-MR051586_glioma.png,P19,P10,0.0,0.0,0.7107178535749964,0.7107178535749964
2008_pid-MR051586_glioma.png,P12,P11,0.0,0.0,0.8438618925831202,0.8438618925831202
2008_pid-MR051586_glioma.png,P15,P11,0.0,0.0,0.8438618925831202,0.8438618925831202
2008_pid-MR051586_glioma.png,P19,P11,0.0,0.0,0.8438618925831202,0.8438618925831202
2008_pid-MR051586_glioma.png,P12,P13,0.0,0.0,0.8488823791632172,0.8488823791632172
2008_pid-MR051586_glioma.png,P12,P14,0.0,0.0,0.8221034797341327,0.8221034797341327
2008_pid-MR051586_glioma.png,P12,P16,0.0,0.0,0.8375233074005015,0.8375233074005015
2008_pid-MR051586_glioma.png,P12,P17,0.0,0.0,0.858224493658906,0.858224493658906
2008_pid-MR051586_glioma.png,P12,P18,0.0,0.0,0.7680872826457552,0.7680872826457552
2008_pid-MR051586_glioma.png,P12,P20,0.0,0.0,0.8555520404935147,0.8555520404935147
2008_pid-MR051586_glioma.png,P15,P13,0.0,0.0,0.8488823791632172,0.8488823791632172
2008_pid-MR051586_glioma.png,P19,P13,0.0,0.0,0.8488823791632172,0.8488823791632172
2008_pid-MR051586_glioma.png,P15,P14,0.0,0.0,0.8221034797341327,0.8221034797341327
2008_pid-MR051586_glioma.png,P19,P14,0.0,0.0,0.8221034797341327,0.8221034797341327
2008_pid-MR051586_glioma.png,P15,P16,0.0,0.0,0.8375233074005015,0.8375233074005015
2008_pid-MR051586_glioma.png,P15,P17,0.0,0.0,0.858224493658906,0.858224493658906
2008_pid-MR051586_glioma.png,P15,P18,0.0,0.0,0.7680872826457552,0.7680872826457552
2008_pid-MR051586_glioma.png,P15,P20,0.0,0.0,0.8555520404935147,0.8555520404935147
2008_pid-MR051586_glioma.png,P19,P16,0.0,0.0,0.8375233074005015,0.8375233074005015
2008_pid-MR051586_glioma.png,P19,P17,0.0,0.0,0.858224493658906,0.858224493658906
2008_pid-MR051586_glioma.png,P19,P18,0.0,0.0,0.7680872826457552,0.7680872826457552
2008_pid-MR051586_glioma.png,P19,P20,0.0,0.0,0.8555520404935147,0.8555520404935147
2042_pid-MR051796_glioma.png,P01,P03,0.0,0.0,0.5927301153019348,0.5927301153019348
2042_pid-MR051796_glioma.png,P01,P09,0.0,0.0,0.5844054580896686,0.5844054580896686
2042_pid-MR051796_glioma.png,P01,P14,0.0,0.0,0.5844054580896686,0.5844054580896686
2042_pid-MR051796_glioma.png,P01,P20,0.0,0.0,0.600678623364033,0.600678623364033
2042_pid-MR051796_glioma.png,P02,P03,0.0,0.0,0.5927301153019348,0.5927301153019348
2042_pid-MR051796_glioma.png,P02,P09,0.0,0.0,0.5844054580896686,0.5844054580896686
2042_pid-MR051796_glioma.png,P02,P14,0.0,0.0,0.5844054580896686,0.5844054580896686
2042_pid-MR051796_glioma.png,P02,P20,0.0,0.0,0.600678623364033,0.600678623364033
2042_pid-MR051796_glioma.png,P04,P03,0.0,0.0,0.5927301153019348,0.5927301153019348
2042_pid-MR051796_glioma.png,P05,P03,0.0,0.0,0.5927301153019348,0.5927301153019348
2042_pid-MR051796_glioma.png,P06,P03,0.0,0.0,0.5927301153019348,0.5927301153019348
2042_pid-MR051796_glioma.png,P07,P03,0.0,0.0,0.5927301153019348,0.5927301153019348
2042_pid-MR051796_glioma.png,P08,P03,0.0,0.0,0.5927301153019348,0.5927301153019348
2042_pid-MR051796_glioma.png,P10,P03,0.0,0.0,0.5927301153019348,0.5927301153019348
2042_pid-MR051796_glioma.png,P11,P03,0.0,0.0,0.5927301153019348,0.5927301153019348
2042_pid-MR051796_glioma.png,P12,P03,0.0,0.0,0.5927301153019348,0.5927301153019348
2042_pid-MR051796_glioma.png,P13,P03,0.0,0.0,0.5927301153019348,0.5927301153019348
2042_pid-MR051796_glioma.png,P15,P03,0.0,0.0,0.5927301153019348,0.5927301153019348
2042_pid-MR051796_glioma.png,P16,P03,0.0,0.0,0.5927301153019348,0.5927301153019348
2042_pid-MR051796_glioma.png,P17,P03,0.0,0.0,0.5927301153019348,0.5927301153019348
2042_pid-MR051796_glioma.png,P18,P03,0.0,0.0,0.5927301153019348,0.5927301153019348
2042_pid-MR051796_glioma.png,P19,P03,0.0,0.0,0.5927301153019348,0.5927301153019348
2042_pid-MR051796_glioma.png,P04,P09,0.0,0.0,0.5844054580896686,0.5844054580896686
2042_pid-MR051796_glioma.png,P04,P14,0.0,0.0,0.5844054580896686,0.5844054580896686
2042_pid-MR051796_glioma.png,P04,P20,0.0,0.0,0.600678623364033,0.600678623364033
2042_pid-MR051796_glioma.png,P05,P09,0.0,0.0,0.5844054580896686,0.5844054580896686
2042_pid-MR051796_glioma.png,P05,P14,0.0,0.0,0.5844054580896686,0.5844054580896686
2042_pid-MR051796_glioma.png,P05,P20,0.0,0.0,0.600678623364033,0.600678623364033
2042_pid-MR051796_glioma.png,P06,P09,0.0,0.0,0.5844054580896686,0.5844054580896686
2042_pid-MR051796_glioma.png,P06,P14,0.0,0.0,0.5844054580896686,0.5844054580896686
2042_pid-MR051796_glioma.png,P06,P20,0.0,0.0,0.600678623364033,0.600678623364033
2042_pid-MR051796_glioma.png,P07,P09,0.0,0.0,0.5844054580896686,0.5844054580896686
2042_pid-MR051796_glioma.png,P07,P14,0.0,0.0,0.5844054580896686,0.5844054580896686
2042_pid-MR051796_glioma.png,P07,P20,0.0,0.0,0.600678623364033,0.600678623364033
2042_pid-MR051796_glioma.png,P08,P09,0.0,0.0,0.5844054580896686,0.5844054580896686
2042_pid-MR051796_glioma.png,P08,P14,0.0,0.0,0.5844054580896686,0.5844054580896686
2042_pid-MR051796_glioma.png,P08,P20,0.0,0.0,0.600678623364033,0.600678623364033
2042_pid-MR051796_glioma.png,P10,P09,0.0,0.0,0.5844054580896686,0.5844054580896686
2042_pid-MR051796_glioma.png,P11,P09,0.0,0.0,0.5844054580896686,0.5844054580896686
2042_pid-MR051796_glioma.png,P12,P09,0.0,0.0,0.5844054580896686,0.5844054580896686
2042_pid-MR051796_glioma.png,P13,P09,0.0,0.0,0.5844054580896686,0.5844054580896686
2042_pid-MR051796_glioma.png,P15,P09,0.0,0.0,0.5844054580896686,0.5844054580896686
2042_pid-MR051796_glioma.png,P16,P09,0.0,0.0,0.5844054580896686,0.5844054580896686
2042_pid-MR051796_glioma.png,P17,P09,0.0,0.0,0.5844054580896686,0.5844054580896686
2042_pid-MR051796_glioma.png,P18,P09,0.0,0.0,0.5844054580896686,0.5844054580896686
2042_pid-MR051796_glioma.png,P19,P09,0.0,0.0,0.5844054580896686,0.5844054580896686
2042_pid-MR051796_glioma.png,P10,P14,0.0,0.0,0.5844054580896686,0.5844054580896686
2042_pid-MR051796_glioma.png,P10,P20,0.0,0.0,0.600678623364033,0.600678623364033
2042_pid-MR051796_glioma.png,P11,P14,0.0,0.0,0.5844054580896686,0.5844054580896686
2042_pid-MR051796_glioma.png,P11,P20,0.0,0.0,0.600678623364033,0.600678623364033
2042_pid-MR051796_glioma.png,P12,P14,0.0,0.0,0.5844054580896686,0.5844054580896686
2042_pid-MR051796_glioma.png,P12,P20,0.0,0.0,0.600678623364033,0.600678623364033
2042_pid-MR051796_glioma.png,P13,P14,0.0,0.0,0.5844054580896686,0.5844054580896686
2042_pid-MR051796_glioma.png,P13,P20,0.0,0.0,0.600678623364033,0.600678623364033
2042_pid-MR051796_glioma.png,P15,P14,0.0,0.0,0.5844054580896686,0.5844054580896686
2042_pid-MR051796_glioma.png,P16,P14,0.0,0.0,0.5844054580896686,0.5844054580896686
2042_pid-MR051796_glioma.png,P17,P14,0.0,0.0,0.5844054580896686,0.5844054580896686
2042_pid-MR051796_glioma.png,P18,P14,0.0,0.0,0.5844054580896686,0.5844054580896686
2042_pid-MR051796_glioma.png,P19,P14,0.0,0.0,0.5844054580896686,0.5844054580896686
2042_pid-MR051796_glioma.png,P15,P20,0.0,0.0,0.600678623364033,0.600678623364033
2042_pid-MR051796_glioma.png,P16,P20,0.0,0.0,0.600678623364033,0.600678623364033
2042_pid-MR051796_glioma.png,P17,P20,0.0,0.0,0.600678623364033,0.600678623364033
2042_pid-MR051796_glioma.png,P18,P20,0.0,0.0,0.600678623364033,0.600678623364033
2042_pid-MR051796_glioma.png,P19,P20,0.0,0.0,0.600678623364033,0.600678623364033
2068_pid-MR051644C_glioma.png,P04,P01,0.0,0.0,0.633737965676015,0.633737965676015
2068_pid-MR051644C_glioma.png,P07,P01,0.0,0.0,0.633737965676015,0.633737965676015
2068_pid-MR051644C_glioma.png,P15,P01,0.0,0.0,0.633737965676015,0.633737965676015
2068_pid-MR051644C_glioma.png,P17,P01,0.0,0.0,0.633737965676015,0.633737965676015
2068_pid-MR051644C_glioma.png,P04,P02,0.0,0.0,0.9166860060338826,0.9166860060338826
2068_pid-MR051644C_glioma.png,P07,P02,0.0,0.0,0.9166860060338826,0.9166860060338826
2068_pid-MR051644C_glioma.png,P15,P02,0.0,0.0,0.9166860060338826,0.9166860060338826
2068_pid-MR051644C_glioma.png,P17,P02,0.0,0.0,0.9166860060338826,0.9166860060338826
2068_pid-MR051644C_glioma.png,P04,P03,0.0,0.0,0.8639527525838431,0.8639527525838431
2068_pid-MR051644C_glioma.png,P07,P03,0.0,0.0,0.8639527525838431,0.8639527525838431
2068_pid-MR051644C_glioma.png,P15,P03,0.0,0.0,0.8639527525838431,0.8639527525838431
2068_pid-MR051644C_glioma.png,P17,P03,0.0,0.0,0.8639527525838431,0.8639527525838431
2068_pid-MR051644C_glioma.png,P04,P05,0.0,0.0,0.8268337037785412,0.8268337037785412
2068_pid-MR051644C_glioma.png,P04,P06,0.0,0.0,0.9132569558101472,0.9132569558101472
2068_pid-MR051644C_glioma.png,P04,P08,0.0,0.0,0.7745208568207441,0.7745208568207441
2068_pid-MR051644C_glioma.png,P04,P09,0.0,0.0,0.8487603305785124,0.8487603305785124
2068_pid-MR051644C_glioma.png,P04,P10,0.0,0.0,0.919889502762431,0.919889502762431
2068_pid-MR051644C_glioma.png,P04,P11,0.0,0.0,0.738505236996272,0.738505236996272
2068_pid-MR051644C_glioma.png,P04,P12,0.0,0.0,0.9131757547390592,0.9131757547390592
2068_pid-MR051644C_glioma.png,P04,P13,0.0,0.0,0.920431093785829,0.920431093785829
2068_pid-MR051644C_glioma.png,P04,P14,0.0,0.0,0.920431093785829,0.920431093785829
2068_pid-MR051644C_glioma.png,P04,P16,0.0,0.0,0.9168394379175304,0.9168394379175304
2068_pid-MR051644C_glioma.png,P04,P18,0.0,0.0,0.7862857142857143,0.7862857142857143
2068_pid-MR051644C_glioma.png,P04,P19,0.0,0.0,0.7967384973791497,0.7967384973791497
2068_pid-MR051644C_glioma.png,P04,P20,0.0,0.0,0.776355421686747,0.776355421686747
2068_pid-MR051644C_glioma.png,P07,P05,0.0,0.0,0.8268337037785412,0.8268337037785412
2068_pid-MR051644C_glioma.png,P15,P05,0.0,0.0,0.8268337037785412,0.8268337037785412
2068_pid-MR051644C_glioma.png,P17,P05,0.0,0.0,0.8268337037785412,0.8268337037785412
2068_pid-MR051644C_glioma.png,P07,P06,0.0,0.0,0.9132569558101472,0.9132569558101472
2068_pid-MR051644C_glioma.png,P15,P06,0.0,0.0,0.9132569558101472,0.9132569558101472
2068_pid-MR051644C_glioma.png,P17,P06,0.0,0.0,0.9132569558101472,0.9132569558101472
2068_pid-MR051644C_glioma.png,P07,P08,0.0,0.0,0.7745208568207441,0.7745208568207441
2068_pid-MR051644C_glioma.png,P07,P09,0.0,0.0,0.8487603305785124,0.8487603305785124
2068_pid-MR051644C_glioma.png,P07,P10,0.0,0.0,0.919889502762431,0.919889502762431
2068_pid-MR051644C_glioma.png,P07,P11,0.0,0.0,0.738505236996272,0.738505236996272
2068_pid-MR051644C_glioma.png,P07,P12,0.0,0.0,0.9131757547390592,0.9131757547390592
2068_pid-MR051644C_glioma.png,P07,P13,0.0,0.0,0.920431093785829,0.920431093785829
2068_pid-MR051644C_glioma.png,P07,P14,0.0,0.0,0.920431093785829,0.920431093785829
2068_pid-MR051644C_glioma.png,P07,P16,0.0,0.0,0.9168394379175304,0.9168394379175304
2068_pid-MR051644C_glioma.png,P07,P18,0.0,0.0,0.7862857142857143,0.7862857142857143
2068_pid-MR051644C_glioma.png,P07,P19,0.0,0.0,0.7967384973791497,0.7967384973791497
2068_pid-MR051644C_glioma.png,P07,P20,0.0,0.0,0.776355421686747,0.776355421686747
2068_pid-MR051644C_glioma.png,P15,P08,0.0,0.0,0.7745208568207441,0.7745208568207441
2068_pid-MR051644C_glioma.png,P17,P08,0.0,0.0,0.7745208568207441,0.7745208568207441
2068_pid-MR051644C_glioma.png,P15,P09,0.0,0.0,0.8487603305785124,0.8487603305785124
2068_pid-MR051644C_glioma.png,P17,P09,0.0,0.0,0.8487603305785124,0.8487603305785124
2068_pid-MR051644C_glioma.png,P15,P10,0.0,0.0,0.919889502762431,0.919889502762431
2068_pid-MR051644C_glioma.png,P17,P10,0.0,0.0,0.919889502762431,0.919889502762431
2068_pid-MR051644C_glioma.png,P15,P11,0.0,0.0,0.738505236996272,0.738505236996272
2068_pid-MR051644C_glioma.png,P17,P11,0.0,0.0,0.738505236996272,0.738505236996272
2068_pid-MR051644C_glioma.png,P15,P12,0.0,0.0,0.9131757547390592,0.9131757547390592
2068_pid-MR051644C_glioma.png,P17,P12,0.0,0.0,0.9131757547390592,0.9131757547390592
2068_pid-MR051644C_glioma.png,P15,P13,0.0,0.0,0.920431093785829,0.920431093785829
2068_pid-MR051644C_glioma.png,P17,P13,0.0,0.0,0.920431093785829,0.920431093785829
2068_pid-MR051644C_glioma.png,P15,P14,0.0,0.0,0.920431093785829,0.920431093785829
2068_pid-MR051644C_glioma.png,P17,P14,0.0,0.0,0.920431093785829,0.920431093785829
2068_pid-MR051644C_glioma.png,P15,P16,0.0,0.0,0.9168394379175304,0.9168394379175304
2068_pid-MR051644C_glioma.png,P15,P18,0.0,0.0,0.7862857142857143,0.7862857142857143
2068_pid-MR051644C_glioma.png,P15,P19,0.0,0.0,0.7967384973791497,0.7967384973791497
2068_pid-MR051644C_glioma.png,P15,P20,0.0,0.0,0.776355421686747,0.776355421686747
2068_pid-MR051644C_glioma.png,P17,P16,0.0,0.0,0.9168394379175304,0.9168394379175304
2068_pid-MR051644C_glioma.png,P17,P18,0.0,0.0,0.7862857142857143,0.7862857142857143
2068_pid-MR051644C_glioma.png,P17,P19,0.0,0.0,0.7967384973791497,0.7967384973791497
2068_pid-MR051644C_glioma.png,P17,P20,0.0,0.0,0.776355421686747,0.776355421686747
2073_pid-MR051644C_glioma.png,P01,P15,0.0,0.0,0.5201230769230769,0.5201230769230769
2073_pid-MR051644C_glioma.png,P02,P15,0.0,0.0,0.5201230769230769,0.5201230769230769
2073_pid-MR051644C_glioma.png,P03,P15,0.0,0.0,0.5201230769230769,0.5201230769230769
2073_pid-MR051644C_glioma.png,P04,P15,0.0,0.0,0.5201230769230769,0.5201230769230769
2073_pid-MR051644C_glioma.png,P05,P15,0.0,0.0,0.5201230769230769,0.5201230769230769
2073_pid-MR051644C_glioma.png,P06,P15,0.0,0.0,0.5201230769230769,0.5201230769230769
2073_pid-MR051644C_glioma.png,P07,P15,0.0,0.0,0.5201230769230769,0.5201230769230769
2073_pid-MR051644C_glioma.png,P08,P15,0.0,0.0,0.5201230769230769,0.5201230769230769
2073_pid-MR051644C_glioma.png,P09,P15,0.0,0.0,0.5201230769230769,0.5201230769230769
2073_pid-MR051644C_glioma.png,P10,P15,0.0,0.0049939359349361,0.5201230769230769,0.5151291409881408
2073_pid-MR051644C_glioma.png,P11,P15,0.0,0.0,0.5201230769230769,0.5201230769230769
2073_pid-MR051644C_glioma.png,P12,P15,0.0,0.0,0.5201230769230769,0.5201230769230769
2073_pid-MR051644C_glioma.png,P13,P15,0.0,0.0,0.5201230769230769,0.5201230769230769
2073_pid-MR051644C_glioma.png,P14,P15,0.0,0.0,0.5201230769230769,0.5201230769230769
2073_pid-MR051644C_glioma.png,P16,P15,0.0,0.0,0.5201230769230769,0.5201230769230769
2073_pid-MR051644C_glioma.png,P17,P15,0.0,0.0075386853590794,0.5201230769230769,0.5125843915639975
2073_pid-MR051644C_glioma.png,P18,P15,0.0,0.0,0.5201230769230769,0.5201230769230769
2073_pid-MR051644C_glioma.png,P19,P15,0.0,0.0,0.5201230769230769,0.5201230769230769
2073_pid-MR051644C_glioma.png,P20,P15,0.0,0.0,0.5201230769230769,0.5201230769230769
2118_pid-MR034997_glioma.png,P03,P01,0.0,0.0,0.8752444270629645,0.8752444270629645
2118_pid-MR034997_glioma.png,P15,P01,0.0,0.0,0.8752444270629645,0.8752444270629645
2118_pid-MR034997_glioma.png,P18,P01,0.0,0.0,0.8752444270629645,0.8752444270629645
2118_pid-MR034997_glioma.png,P03,P02,0.0,0.0,0.875146771037182,0.875146771037182
2118_pid-MR034997_glioma.png,P15,P02,0.0,0.0,0.875146771037182,0.875146771037182
2118_pid-MR034997_glioma.png,P18,P02,0.0,0.0,0.875146771037182,0.875146771037182
2118_pid-MR034997_glioma.png,P03,P04,0.0,0.0,0.8749022673964034,0.8749022673964034
2118_pid-MR034997_glioma.png,P03,P05,0.0,0.0,0.8749022673964034,0.8749022673964034
2118_pid-MR034997_glioma.png,P03,P06,0.0,0.0,0.8749022673964034,0.8749022673964034
2118_pid-MR034997_glioma.png,P03,P07,0.0,0.0,0.8752444270629645,0.8752444270629645
2118_pid-MR034997_glioma.png,P03,P08,0.0,0.0,0.8749022673964034,0.8749022673964034
2118_pid-MR034997_glioma.png,P03,P09,0.0,0.0,0.875,0.875
2118_pid-MR034997_glioma.png,P03,P10,0.0,0.0,0.87421875,0.87421875
2118_pid-MR034997_glioma.png,P03,P11,0.0,0.0,0.87421875,0.87421875
2118_pid-MR034997_glioma.png,P03,P12,0.0,0.0,0.876905041031653,0.876905041031653
2118_pid-MR034997_glioma.png,P03,P13,0.0,0.0,0.8752444270629645,0.8752444270629645
2118_pid-MR034997_glioma.png,P03,P14,0.0,0.0,0.8749022673964034,0.8749022673964034
2118_pid-MR034997_glioma.png,P03,P16,0.0,0.0,0.8749022673964034,0.8749022673964034
2118_pid-MR034997_glioma.png,P03,P17,0.0,0.0,0.876905041031653,0.876905041031653
2118_pid-MR034997_glioma.png,P03,P19,0.0,0.0,0.8781446540880503,0.8781446540880503
2118_pid-MR034997_glioma.png,P03,P20,0.0,0.0,0.8752444270629645,0.8752444270629645
2118_pid-MR034997_glioma.png,P15,P04,0.0,0.0,0.8749022673964034,0.8749022673964034
2118_pid-MR034997_glioma.png,P18,P04,0.0,0.0,0.8749022673964034,0.8749022673964034
2118_pid-MR034997_glioma.png,P15,P05,0.0,0.0,0.8749022673964034,0.8749022673964034
2118_pid-MR034997_glioma.png,P18,P05,0.0,0.0,0.8749022673964034,0.8749022673964034
2118_pid-MR034997_glioma.png,P15,P06,0.0,0.0,0.8749022673964034,0.8749022673964034
2118_pid-MR034997_glioma.png,P18,P06,0.0,0.0,0.8749022673964034,0.8749022673964034
2118_pid-MR034997_glioma.png,P15,P07,0.0,0.0,0.8752444270629645,0.8752444270629645
2118_pid-MR034997_glioma.png,P18,P07,0.0,0.0,0.8752444270629645,0.8752444270629645
2118_pid-MR034997_glioma.png,P15,P08,0.0,0.0,0.8749022673964034,0.8749022673964034
2118_pid-MR034997_glioma.png,P18,P08,0.0,0.0,0.8749022673964034,0.8749022673964034
2118_pid-MR034997_glioma.png,P15,P09,0.0,0.0,0.875,0.875
2118_pid-MR034997_glioma.png,P18,P09,0.0,0.0,0.875,0.875
2118_pid-MR034997_glioma.png,P15,P10,0.0,0.0,0.87421875,0.87421875
2118_pid-MR034997_glioma.png,P18,P10,0.0,0.0,0.87421875,0.87421875
2118_pid-MR034997_glioma.png,P15,P11,0.0,0.0,0.87421875,0.87421875
2118_pid-MR034997_glioma.png,P18,P11,0.0,0.0,0.87421875,0.87421875
2118_pid-MR034997_glioma.png,P15,P12,0.0,0.0,0.876905041031653,0.876905041031653
2118_pid-MR034997_glioma.png,P18,P12,0.0,0.0,0.876905041031653,0.876905041031653
2118_pid-MR034997_glioma.png,P15,P13,0.0,0.0,0.8752444270629645,0.8752444270629645
2118_pid-MR034997_glioma.png,P18,P13,0.0,0.0,0.8752444270629645,0.8752444270629645
2118_pid-MR034997_glioma.png,P15,P14,0.0,0.0,0.8749022673964034,0.8749022673964034
2118_pid-MR034997_glioma.png,P18,P14,0.0,0.0,0.8749022673964034,0.8749022673964034
2118_pid-MR034997_glioma.png,P15,P16,0.0,0.0,0.8749022673964034,0.8749022673964034
2118_pid-MR034997_glioma.png,P15,P17,0.0,0.0,0.876905041031653,0.876905041031653
2118_pid-MR034997_glioma.png,P15,P19,0.0,0.0,0.8781446540880503,0.8781446540880503
2118_pid-MR034997_glioma.png,P15,P20,0.0,0.0,0.8752444270629645,0.8752444270629645
2118_pid-MR034997_glioma.png,P18,P16,0.0,0.0,0.8749022673964034,0.8749022673964034
2118_pid-MR034997_glioma.png,P18,P17,0.0,0.0,0.876905041031653,0.876905041031653
2118_pid-MR034997_glioma.png,P18,P19,0.0,0.0,0.8781446540880503,0.8781446540880503
2118_pid-MR034997_glioma.png,P18,P20,0.0,0.0,0.8752444270629645,0.8752444270629645
2127_pid-MR029209E_glioma.png,P17,P04,0.0326191115029322,0.0,0.5729010422676051,0.5729010422676051
2127_pid-MR029209E_glioma.png,P19,P04,0.0,0.0,0.5729010422676051,0.5729010422676051
2127_pid-MR029209E_glioma.png,P17,P07,0.0744260544580886,0.0,0.5281728665207878,0.5281728665207878
2127_pid-MR029209E_glioma.png,P19,P07,0.0,0.0,0.5281728665207878,0.5281728665207878
2127_pid-MR029209E_glioma.png,P17,P09,0.0477386058513791,0.0,0.5245823713160397,0.5245823713160397
2127_pid-MR029209E_glioma.png,P19,P09,0.0,0.0,0.5245823713160397,0.5245823713160397
2127_pid-MR029209E_glioma.png,P17,P15,0.0419874834060307,0.0,0.5933006976833828,0.5933006976833828
2127_pid-MR029209E_glioma.png,P19,P15,0.0,0.0,0.5933006976833828,0.5933006976833828
215_pid-100360_meningioma.png,P04,P01,0.0,0.0,0.8174670376194508,0.8174670376194508
215_pid-100360_meningioma.png,P15,P01,0.0,0.0,0.8174670376194508,0.8174670376194508
215_pid-100360_meningioma.png,P17,P01,0.0,0.0,0.8174670376194508,0.8174670376194508
215_pid-100360_meningioma.png,P19,P01,0.0,0.0,0.8174670376194508,0.8174670376194508
215_pid-100360_meningioma.png,P04,P02,0.0,0.0,0.7592927207021167,0.7592927207021167
215_pid-100360_meningioma.png,P15,P02,0.0,0.0,0.7592927207021167,0.7592927207021167
215_pid-100360_meningioma.png,P17,P02,0.0,0.0,0.7592927207021167,0.7592927207021167
215_pid-100360_meningioma.png,P19,P02,0.0,0.0,0.7592927207021167,0.7592927207021167
215_pid-100360_meningioma.png,P04,P03,0.0,0.0,0.8151150315889856,0.8151150315889856
215_pid-100360_meningioma.png,P15,P03,0.0,0.0,0.8151150315889856,0.8151150315889856
215_pid-100360_meningioma.png,P17,P03,0.0,0.0,0.8151150315889856,0.8151150315889856
215_pid-100360_meningioma.png,P19,P03,0.0,0.0,0.8151150315889856,0.8151150315889856
215_pid-100360_meningioma.png,P04,P05,0.0,0.0,0.779050736497545,0.779050736497545
215_pid-100360_meningioma.png,P04,P06,0.0,0.0,0.7344644422670311,0.7344644422670311
215_pid-100360_meningioma.png,P04,P07,0.0,0.0,0.8631016042780749,0.8631016042780749
215_pid-100360_meningioma.png,P04,P08,0.0,0.0,0.7588615782664941,0.7588615782664941
215_pid-100360_meningioma.png,P04,P09,0.0,0.0,0.8279633812864107,0.8279633812864107
215_pid-100360_meningioma.png,P04,P10,0.0,0.0,0.8214459591041869,0.8214459591041869
215_pid-100360_meningioma.png,P04,P11,0.0,0.0,0.8288702170102158,0.8288702170102158
215_pid-100360_meningioma.png,P04,P12,0.0,0.0,0.7249207751052003,0.7249207751052003
215_pid-100360_meningioma.png,P04,P13,0.0,0.0,0.8322607309440869,0.8322607309440869
215_pid-100360_meningioma.png,P04,P14,0.0,0.0,0.815993276100138,0.815993276100138
215_pid-100360_meningioma.png,P04,P16,0.0,0.0,0.8283179474883108,0.8283179474883108
215_pid-100360_meningioma.png,P04,P18,0.0,0.0,0.8248188297298916,0.8248188297298916
215_pid-100360_meningioma.png,P04,P20,0.0,0.0,0.8248188297298916,0.8248188297298916
215_pid-100360_meningioma.png,P15,P05,0.0,0.0,0.779050736497545,0.779050736497545
215_pid-100360_meningioma.png,P17,P05,0.0,0.0,0.779050736497545,0.779050736497545
215_pid-100360_meningioma.png,P19,P05,0.0,0.0,0.779050736497545,0.779050736497545
215_pid-100360_meningioma.png,P15,P06,0.0,0.0,0.7344644422670311,0.7344644422670311
215_pid-100360_meningioma.png,P17,P06,0.0,0.0,0.7344644422670311,0.7344644422670311
215_pid-100360_meningioma.png,P19,P06,0.0,0.0,0.7344644422670311,0.7344644422670311
215_pid-100360_meningioma.png,P15,P07,0.0,0.0,0.8631016042780749,0.8631016042780749
215_pid-100360_meningioma.png,P17,P07,0.0,0.0,0.8631016042780749,0.8631016042780749
215_pid-100360_meningioma.png,P19,P07,0.0,0.0,0.8631016042780749,0.8631016042780749
215_pid-100360_meningioma.png,P15,P08,0.0,0.0,0.7588615782664941,0.7588615782664941
215_pid-100360_meningioma.png,P17,P08,0.0,0.0,0.7588615782664941,0.7588615782664941
215_pid-100360_meningioma.png,P19,P08,0.0,0.0,0.7588615782664941,0.7588615782664941
215_pid-100360_meningioma.png,P15,P09,0.0,0.0,0.8279633812864107,0.8279633812864107
215_pid-100360_meningioma.png,P17,P09,0.0,0.0,0.8279633812864107,0.8279633812864107
215_pid-100360_meningioma.png,P19,P09,0.0,0.0,0.8279633812864107,0.8279633812864107
215_pid-100360_meningioma.png,P15,P10,0.0,0.0,0.8214459591041869,0.8214459591041869
215_pid-100360_meningioma.png,P17,P10,0.0,0.0,0.8214459591041869,0.8214459591041869
215_pid-100360_meningioma.png,P19,P10,0.0,0.0,0.8214459591041869,0.8214459591041869
215_pid-100360_meningioma.png,P15,P11,0.0,0.0,0.8288702170102158,0.8288702170102158
215_pid-100360_meningioma.png,P17,P11,0.0,0.0,0.8288702170102158,0.8288702170102158
215_pid-100360_meningioma.png,P19,P11,0.0,0.0,0.8288702170102158,0.8288702170102158
215_pid-100360_meningioma.png,P15,P12,0.0,0.0,0.7249207751052003,0.7249207751052003
215_pid-100360_meningioma.png,P17,P12,0.0,0.0,0.7249207751052003,0.7249207751052003
215_pid-100360_meningioma.png,P19,P12,0.0,0.0,0.7249207751052003,0.7249207751052003
215_pid-100360_meningioma.png,P15,P13,0.0,0.0,0.8322607309440869,0.8322607309440869
215_pid-100360_meningioma.png,P17,P13,0.0,0.0,0.8322607309440869,0.8322607309440869
215_pid-100360_meningioma.png,P19,P13,0.0,0.0,0.8322607309440869,0.8322607309440869
215_pid-100360_meningioma.png,P15,P14,0.0,0.0,0.815993276100138,0.815993276100138
215_pid-100360_meningioma.png,P17,P14,0.0,0.0,0.815993276100138,0.815993276100138
215_pid-100360_meningioma.png,P19,P14,0.0,0.0,0.815993276100138,0.815993276100138
215_pid-100360_meningioma.png,P15,P16,0.0,0.0,0.8283179474883108,0.8283179474883108
215_pid-100360_meningioma.png,P15,P18,0.0,0.0,0.8248188297298916,0.8248188297298916
215_pid-100360_meningioma.png,P15,P20,0.0,0.0,0.8248188297298916,0.8248188297298916
215_pid-100360_meningioma.png,P17,P16,0.0,0.0,0.8283179474883108,0.8283179474883108
215_pid-100360_meningioma.png,P19,P16,0.0,0.0,0.8283179474883108,0.8283179474883108
215_pid-100360_meningioma.png,P17,P18,0.0,0.0,0.8248188297298916,0.8248188297298916
215_pid-100360_meningioma.png,P17,P20,0.0,0.0,0.8248188297298916,0.8248188297298916
215_pid-100360_meningioma.png,P19,P18,0.0,0.0,0.8248188297298916,0.8248188297298916
215_pid-100360_meningioma.png,P19,P20,0.0,0.0,0.8248188297298916,0.8248188297298916
2169_pid-MR037458B_glioma.png,P04,P01,0.0,0.0,0.7391120507399577,0.7391120507399577
2169_pid-MR037458B_glioma.png,P07,P01,0.0,0.0,0.7391120507399577,0.7391120507399577
2169_pid-MR037458B_glioma.png,P19,P01,0.0,0.0,0.7391120507399577,0.7391120507399577
2169_pid-MR037458B_glioma.png,P04,P02,0.0,0.0,0.7391120507399577,0.7391120507399577
2169_pid-MR037458B_glioma.png,P07,P02,0.0,0.0,0.7391120507399577,0.7391120507399577
2169_pid-MR037458B_glioma.png,P19,P02,0.0,0.0,0.7391120507399577,0.7391120507399577
2169_pid-MR037458B_glioma.png,P04,P03,0.0,0.0,0.7495812395309883,0.7495812395309883
2169_pid-MR037458B_glioma.png,P07,P03,0.0,0.0,0.7495812395309883,0.7495812395309883
2169_pid-MR037458B_glioma.png,P19,P03,0.0,0.0,0.7495812395309883,0.7495812395309883
2169_pid-MR037458B_glioma.png,P04,P05,0.0,0.0,0.7391120507399577,0.7391120507399577
2169_pid-MR037458B_glioma.png,P04,P06,0.0,0.0,0.7391120507399577,0.7391120507399577
2169_pid-MR037458B_glioma.png,P04,P08,0.0,0.0,0.7391120507399577,0.7391120507399577
2169_pid-MR037458B_glioma.png,P04,P09,0.0,0.0,0.7396449704142012,0.7396449704142012
2169_pid-MR037458B_glioma.png,P04,P10,0.0,0.0,0.7448507776376628,0.7448507776376628
2169_pid-MR037458B_glioma.png,P04,P11,0.0,0.0,0.7391120507399577,0.7391120507399577
2169_pid-MR037458B_glioma.png,P04,P12,0.0,0.0,0.7404580152671756,0.7404580152671756
2169_pid-MR037458B_glioma.png,P04,P13,0.0,0.0,0.7391120507399577,0.7391120507399577
2169_pid-MR037458B_glioma.png,P04,P14,0.0,0.0,0.739424703891709,0.739424703891709
2169_pid-MR037458B_glioma.png,P04,P15,0.0,0.0,0.7495812395309883,0.7495812395309883
2169_pid-MR037458B_glioma.png,P04,P16,0.0,0.0,0.7391120507399577,0.7391120507399577
2169_pid-MR037458B_glioma.png,P04,P17,0.0,0.0,0.7386315342116447,0.7386315342116447
2169_pid-MR037458B_glioma.png,P04,P18,0.0,0.0,0.7391120507399577,0.7391120507399577
2169_pid-MR037458B_glioma.png,P04,P20,0.0,0.0,0.7396449704142012,0.7396449704142012
2169_pid-MR037458B_glioma.png,P07,P05,0.0,0.0,0.7391120507399577,0.7391120507399577
2169_pid-MR037458B_glioma.png,P19,P05,0.0,0.0,0.7391120507399577,0.7391120507399577
2169_pid-MR037458B_glioma.png,P07,P06,0.0,0.0,0.7391120507399577,0.7391120507399577
2169_pid-MR037458B_glioma.png,P19,P06,0.0,0.0,0.7391120507399577,0.7391120507399577
2169_pid-MR037458B_glioma.png,P07,P08,0.0,0.0,0.7391120507399577,0.7391120507399577
2169_pid-MR037458B_glioma.png,P07,P09,0.0,0.0,0.7396449704142012,0.7396449704142012
2169_pid-MR037458B_glioma.png,P07,P10,0.0,0.0,0.7448507776376628,0.7448507776376628
2169_pid-MR037458B_glioma.png,P07,P11,0.0,0.0,0.7391120507399577,0.7391120507399577
2169_pid-MR037458B_glioma.png,P07,P12,0.0,0.0,0.7404580152671756,0.7404580152671756
2169_pid-MR037458B_glioma.png,P07,P13,0.0,0.0,0.7391120507399577,0.7391120507399577
2169_pid-MR037458B_glioma.png,P07,P14,0.0,0.0,0.739424703891709,0.739424703891709
2169_pid-MR037458B_glioma.png,P07,P15,0.0,0.0,0.7495812395309883,0.7495812395309883
2169_pid-MR037458B_glioma.png,P07,P16,0.0,0.0,0.7391120507399577,0.7391120507399577
2169_pid-MR037458B_glioma.png,P07,P17,0.0,0.0,0.7386315342116447,0.7386315342116447
2169_pid-MR037458B_glioma.png,P07,P18,0.0,0.0,0.7391120507399577,0.7391120507399577
2169_pid-MR037458B_glioma.png,P07,P20,0.0,0.0,0.7396449704142012,0.7396449704142012
2169_pid-MR037458B_glioma.png,P19,P08,0.0,0.0,0.7391120507399577,0.7391120507399577
2169_pid-MR037458B_glioma.png,P19,P09,0.0,0.0,0.7396449704142012,0.7396449704142012
2169_pid-MR037458B_glioma.png,P19,P10,0.0,0.0,0.7448507776376628,0.7448507776376628
2169_pid-MR037458B_glioma.png,P19,P11,0.0,0.0,0.7391120507399577,0.7391120507399577
2169_pid-MR037458B_glioma.png,P19,P12,0.0,0.0,0.7404580152671756,0.7404580152671756
2169_pid-MR037458B_glioma.png,P19,P13,0.0,0.0,0.7391120507399577,0.7391120507399577
2169_pid-MR037458B_glioma.png,P19,P14,0.0,0.0,0.739424703891709,0.739424703891709
2169_pid-MR037458B_glioma.png,P19,P15,0.0,0.0,0.7495812395309883,0.7495812395309883
2169_pid-MR037458B_glioma.png,P19,P16,0.0,0.0,0.7391120507399577,0.7391120507399577
2169_pid-MR037458B_glioma.png,P19,P17,0.0,0.0,0.7386315342116447,0.7386315342116447
2169_pid-MR037458B_glioma.png,P19,P18,0.0,0.0,0.7391120507399577,0.7391120507399577
2169_pid-MR037458B_glioma.png,P19,P20,0.0,0.0,0.7396449704142012,0.7396449704142012
2185_pid-MR039473B_glioma.png,P14,P01,0.5227305737109659,0.0892651019622931,0.5918808551525342,0.5026157531902411
2185_pid-MR039473B_glioma.png,P14,P02,0.4077262943242324,0.0892651019622931,0.5508810572687225,0.4616159553064294
2185_pid-MR039473B_glioma.png,P14,P03,0.5624316299421784,0.0892651019622931,0.604364443348539,0.5150993413862459
2185_pid-MR039473B_glioma.png,P14,P04,0.3365123889668069,0.0892651019622931,0.5368856809255917,0.44762057896329865
2185_pid-MR039473B_glioma.png,P14,P05,0.5916488574716423,0.0892651019622931,0.5685821892844126,0.47931708732211953
2185_pid-MR039473B_glioma.png,P14,P06,0.4984074227946268,0.0892651019622931,0.5907575035731301,0.501492401610837
2185_pid-MR039473B_glioma.png,P14,P07,0.5631356595212017,0.0892651019622931,0.6000980151923548,0.5108329132300617
2185_pid-MR039473B_glioma.png,P14,P08,0.4984074227946268,0.0892651019622931,0.5907575035731301,0.501492401610837
2185_pid-MR039473B_glioma.png,P14,P09,0.3323483239449626,0.0892651019622931,0.5429030530262453,0.4536379510639522
2185_pid-MR039473B_glioma.png,P14,P11,0.5770402437069104,0.0892651019622931,0.5825289575289575,0.4932638555666644
2185_pid-MR039473B_glioma.png,P14,P12,0.3424683604529451,0.0892651019622931,0.5393738647291377,0.45010876276684464
2185_pid-MR039473B_glioma.png,P14,P13,0.5488790605459813,0.0892651019622931,0.5928165437174991,0.503551441755206
2185_pid-MR039473B_glioma.png,P14,P15,0.310713977380644,0.0892651019622931,0.525399129172714,0.43613402721042094
2185_pid-MR039473B_glioma.png,P14,P16,0.5227305737109659,0.0892651019622931,0.5918808551525342,0.5026157531902411
2185_pid-MR039473B_glioma.png,P14,P17,0.3323483239449626,0.0892651019622931,0.5411185969415035,0.45185349497921046
2185_pid-MR039473B_glioma.png,P14,P18,0.4992370647801359,0.0892651019622931,0.5996617540468713,0.5103966520845782
2185_pid-MR039473B_glioma.png,P14,P19,0.4077262943242324,0.0892651019622931,0.5536247924737133,0.46435969051142023
2185_pid-MR039473B_glioma.png,P14,P20,0.4652876535229476,0.0892651019622931,0.5838800374882849,0.4946149355259918
218_pid-100572_meningioma.png,P01,P04,0.8212454212454212,0.0007171029042667,0.9162303664921466,0.9155132635878799
218_pid-100572_meningioma.png,P02,P04,0.8212454212454212,0.0007171029042667,0.9162303664921466,0.9155132635878799
218_pid-100572_meningioma.png,P03,P04,0.8212454212454212,0.0007171029042667,0.9162303664921466,0.9155132635878799
218_pid-100572_meningioma.png,P05,P04,0.8212454212454212,0.0007171029042667,0.9162303664921466,0.9155132635878799
218_pid-100572_meningioma.png,P06,P04,0.8212454212454212,0.0007171029042667,0.9162303664921466,0.9155132635878799
218_pid-100572_meningioma.png,P07,P04,0.8212454212454212,0.0007171029042667,0.9162303664921466,0.9155132635878799
218_pid-100572_meningioma.png,P08,P04,0.8212454212454212,0.0007171029042667,0.9162303664921466,0.9155132635878799
218_pid-100572_meningioma.png,P09,P04,0.8212454212454212,0.0007171029042667,0.9162303664921466,0.9155132635878799
218_pid-100572_meningioma.png,P10,P04,0.8212454212454212,0.0007171029042667,0.9162303664921466,0.9155132635878799
218_pid-100572_meningioma.png,P11,P04,0.8212454212454212,0.0007171029042667,0.9162303664921466,0.9155132635878799
218_pid-100572_meningioma.png,P12,P04,0.8788766788766789,0.0007082152974504,0.9162303664921466,0.9155221511946963
218_pid-100572_meningioma.png,P13,P04,0.8212454212454212,0.0007171029042667,0.9162303664921466,0.9155132635878799
218_pid-100572_meningioma.png,P14,P04,0.8212454212454212,0.0007171029042667,0.9162303664921466,0.9155132635878799
218_pid-100572_meningioma.png,P15,P04,0.0,0.0,0.9162303664921466,0.9162303664921466
218_pid-100572_meningioma.png,P16,P04,0.8212454212454212,0.0007171029042667,0.9162303664921466,0.9155132635878799
218_pid-100572_meningioma.png,P17,P04,0.8788766788766789,0.0007082152974504,0.9162303664921466,0.9155221511946963
218_pid-100572_meningioma.png,P18,P04,0.8212454212454212,0.0007171029042667,0.9162303664921466,0.9155132635878799
218_pid-100572_meningioma.png,P19,P04,0.8212454212454212,0.0007171029042667,0.9162303664921466,0.9155132635878799
218_pid-100572_meningioma.png,P20,P04,0.685958485958486,0.0015060240963855,0.9162303664921466,0.9147243423957612
2193_pid-MR037458C_glioma.png,P02,P01,0.067760809017328,0.0076305502890714,0.7759225147067562,0.7682919644176848
2193_pid-MR037458C_glioma.png,P04,P01,0.0936256475711389,0.0172566528471705,0.7759225147067562,0.7586658618595857
2193_pid-MR037458C_glioma.png,P05,P01,0.0688400063301155,0.0077360033596357,0.7759225147067562,0.7681865113471206
2193_pid-MR037458C_glioma.png,P07,P01,0.0781671159029649,0.009860420273024,0.7759225147067562,0.7660620944337322
2193_pid-MR037458C_glioma.png,P12,P01,0.0,0.0,0.7759225147067562,0.7759225147067562
2193_pid-MR037458C_glioma.png,P13,P01,0.0698396275219865,0.0081444278539432,0.7759225147067562,0.767778086852813
2193_pid-MR037458C_glioma.png,P15,P01,0.1458403180228938,0.0581113801452784,0.7759225147067562,0.7178111345614778
2193_pid-MR037458C_glioma.png,P16,P01,0.0754030161206448,0.0090358724134815,0.7759225147067562,0.7668866422932747
2193_pid-MR037458C_glioma.png,P19,P01,0.0739735044844894,0.0088506817989328,0.7759225147067562,0.7670718329078234
2193_pid-MR037458C_glioma.png,P02,P03,0.0258210598475248,0.0076305502890714,0.8559428811423772,0.8483123308533057
2193_pid-MR037458C_glioma.png,P02,P06,0.0196025597844392,0.0076305502890714,0.8813784943055761,0.8737479440165047
2193_pid-MR037458C_glioma.png,P02,P08,0.0330147529224744,0.0076305502890714,0.8067302155972107,0.7990996653081393
2193_pid-MR037458C_glioma.png,P02,P09,0.0283148085775232,0.0076305502890714,0.8840707964601769,0.8764402461711055
2193_pid-MR037458C_glioma.png,P02,P10,0.0779357859788512,0.0076305502890714,0.8138019993550467,0.8061714490659753
2193_pid-MR037458C_glioma.png,P02,P11,0.0206504578465424,0.0076305502890714,0.8602453814694684,0.8526148311803969
2193_pid-MR037458C_glioma.png,P02,P14,0.022586292605961,0.0076305502890714,0.8616549949978562,0.8540244447087848
2193_pid-MR037458C_glioma.png,P02,P17,0.0293760621510075,0.0076305502890714,0.7374038083469078,0.7297732580578363
2193_pid-MR037458C_glioma.png,P02,P18,0.0149886176662835,0.0076305502890714,0.8785980611483967,0.8709675108593252
2193_pid-MR037458C_glioma.png,P02,P20,0.0691504374823595,0.0076305502890714,0.7656049469140124,0.7579743966249409
2193_pid-MR037458C_glioma.png,P04,P03,0.053014738000097,0.0172566528471705,0.8559428811423772,0.8386862282952067
2193_pid-MR037458C_glioma.png,P05,P03,0.0284816875739186,0.0077360033596357,0.8559428811423772,0.8482068777827415
2193_pid-MR037458C_glioma.png,P07,P03,0.0367030321557538,0.009860420273024,0.8559428811423772,0.8460824608693531
2193_pid-MR037458C_glioma.png,P12,P03,0.0,0.0,0.8559428811423772,0.8559428811423772
2193_pid-MR037458C_glioma.png,P13,P03,0.0289384000157595,0.0081444278539432,0.8559428811423772,0.847798453288434
2193_pid-MR037458C_glioma.png,P15,P03,0.0946576630481237,0.0581113801452784,0.8559428811423772,0.7978315009970988
2193_pid-MR037458C_glioma.png,P16,P03,0.0335397827334428,0.0090358724134815,0.8559428811423772,0.8469070087288957
2193_pid-MR037458C_glioma.png,P19,P03,0.0345509811327541,0.0088506817989328,0.8559428811423772,0.8470921993434444
2193_pid-MR037458C_glioma.png,P04,P06,0.0447715267449612,0.0172566528471705,0.8813784943055761,0.8641218414584056
2193_pid-MR037458C_glioma.png,P04,P08,0.0625413888161643,0.0172566528471705,0.8067302155972107,0.7894735627500402
2193_pid-MR037458C_glioma.png,P04,P09,0.0514043455219925,0.0172566528471705,0.8840707964601769,0.8668141436130065
2193_pid-MR037458C_glioma.png,P04,P10,0.0980643781413752,0.0172566528471705,0.8138019993550467,0.7965453465078762
2193_pid-MR037458C_glioma.png,P04,P11,0.048048195131508,0.0172566528471705,0.8602453814694684,0.8429887286222979
2193_pid-MR037458C_glioma.png,P04,P14,0.0457147598108354,0.0172566528471705,0.8616549949978562,0.8443983421506858
2193_pid-MR037458C_glioma.png,P04,P17,0.062191628799808,0.0172566528471705,0.7374038083469078,0.7201471554997373
2193_pid-MR037458C_glioma.png,P04,P18,0.0406921956652103,0.0172566528471705,0.8785980611483967,0.8613414083012262
2193_pid-MR037458C_glioma.png,P04,P20,0.095473288322987,0.0172566528471705,0.7656049469140124,0.7483482940668419
2193_pid-MR037458C_glioma.png,P05,P06,0.0222268513696489,0.0077360033596357,0.8813784943055761,0.8736424909459405
2193_pid-MR037458C_glioma.png,P05,P08,0.035737019187051,0.0077360033596357,0.8067302155972107,0.798994212237575
2193_pid-MR037458C_glioma.png,P05,P09,0.030309342776794,0.0077360033596357,0.8840707964601769,0.8763347931005413
2193_pid-MR037458C_glioma.png,P05,P10,0.077879262822245,0.0077360033596357,0.8138019993550467,0.8060659959954111
2193_pid-MR037458C_glioma.png,P05,P11,0.023532413495319,0.0077360033596357,0.8602453814694684,0.8525093781098327
2193_pid-MR037458C_glioma.png,P05,P14,0.0248286122112543,0.0077360033596357,0.8616549949978562,0.8539189916382206
2193_pid-MR037458C_glioma.png,P05,P17,0.0326570048309178,0.0077360033596357,0.7374038083469078,0.7296678049872721
2193_pid-MR037458C_glioma.png,P05,P18,0.0178717000062707,0.0077360033596357,0.8785980611483967,0.870862057788761
2193_pid-MR037458C_glioma.png,P05,P20,0.0702291427054764,0.0077360033596357,0.7656049469140124,0.7578689435543767
2193_pid-MR037458C_glioma.png,P07,P06,0.0297966455735086,0.009860420273024,0.8813784943055761,0.8715180740325521
2193_pid-MR037458C_glioma.png,P12,P06,0.0,0.0,0.8813784943055761,0.8813784943055761
2193_pid-MR037458C_glioma.png,P13,P06,0.0226102434786294,0.0081444278539432,0.8813784943055761,0.8732340664516329
2193_pid-MR037458C_glioma.png,P15,P06,0.0821456242454819,0.0581113801452784,0.8813784943055761,0.8232671141602977
2193_pid-MR037458C_glioma.png,P16,P06,0.0268314998829712,0.0090358724134815,0.8813784943055761,0.8723426218920947
2193_pid-MR037458C_glioma.png,P19,P06,0.0279318884260236,0.0088506817989328,0.8813784943055761,0.8725278125066434
2193_pid-MR037458C_glioma.png,P07,P08,0.0447058823529411,0.009860420273024,0.8067302155972107,0.7968697953241867
2193_pid-MR037458C_glioma.png,P07,P09,0.0377424177264442,0.009860420273024,0.8840707964601769,0.8742103761871529
2193_pid-MR037458C_glioma.png,P07,P10,0.0862470862470862,0.009860420273024,0.8138019993550467,0.8039415790820227
2193_pid-MR037458C_glioma.png,P07,P11,0.0316070289392797,0.009860420273024,0.8602453814694684,0.8503849611964444
2193_pid-MR037458C_glioma.png,P07,P14,0.0319327731092436,0.009860420273024,0.8616549949978562,0.8517945747248322
2193_pid-MR037458C_glioma.png,P07,P17,0.0422290548404467,0.009860420273024,0.7374038083469078,0.7275433880738837
2193_pid-MR037458C_glioma.png,P07,P18,0.0253723677452491,0.009860420273024,0.8785980611483967,0.8687376408753726
2193_pid-MR037458C_glioma.png,P07,P20,0.079750091877986,0.009860420273024,0.7656049469140124,0.7557445266409883
2193_pid-MR037458C_glioma.png,P12,P08,0.0,0.0,0.8067302155972107,0.8067302155972107
2193_pid-MR037458C_glioma.png,P13,P08,0.0362740211552306,0.0081444278539432,0.8067302155972107,0.7985857877432675
2193_pid-MR037458C_glioma.png,P15,P08,0.1090686474573504,0.0581113801452784,0.8067302155972107,0.7486188354519323
2193_pid-MR037458C_glioma.png,P16,P08,0.0413103563412417,0.0090358724134815,0.8067302155972107,0.7976943431837292
2193_pid-MR037458C_glioma.png,P19,P08,0.0422329685246457,0.0088506817989328,0.8067302155972107,0.7978795337982779
2193_pid-MR037458C_glioma.png,P12,P09,0.0,0.0,0.8840707964601769,0.8840707964601769
2193_pid-MR037458C_glioma.png,P13,P09,0.030832150198131,0.0081444278539432,0.8840707964601769,0.8759263686062337
2193_pid-MR037458C_glioma.png,P15,P09,0.0891367412025442,0.0581113801452784,0.8840707964601769,0.8259594163148986
2193_pid-MR037458C_glioma.png,P16,P09,0.0350873460008085,0.0090358724134815,0.8840707964601769,0.8750349240466955
2193_pid-MR037458C_glioma.png,P19,P09,0.0353803920062966,0.0088506817989328,0.8840707964601769,0.8752201146612442
2193_pid-MR037458C_glioma.png,P12,P10,0.0028873068700271,0.0,0.8138019993550467,0.8138019993550467
2193_pid-MR037458C_glioma.png,P13,P10,0.079038303318402,0.0081444278539432,0.8138019993550467,0.8056575715011035
2193_pid-MR037458C_glioma.png,P15,P10,0.1463118535424659,0.0581113801452784,0.8138019993550467,0.7556906192097683
2193_pid-MR037458C_glioma.png,P16,P10,0.0842319916227288,0.0090358724134815,0.8138019993550467,0.8047661269415652
2193_pid-MR037458C_glioma.png,P19,P10,0.0815183571873055,0.0088506817989328,0.8138019993550467,0.8049513175561139
2193_pid-MR037458C_glioma.png,P12,P11,0.0,0.0,0.8602453814694684,0.8602453814694684
2193_pid-MR037458C_glioma.png,P13,P11,0.0239144743403075,0.0081444278539432,0.8602453814694684,0.8521009536155252
2193_pid-MR037458C_glioma.png,P15,P11,0.0883077930808611,0.0581113801452784,0.8602453814694684,0.80213400132419
2193_pid-MR037458C_glioma.png,P16,P11,0.0283859852961798,0.0090358724134815,0.8602453814694684,0.8512095090559869
2193_pid-MR037458C_glioma.png,P19,P11,0.0297332193711469,0.0088506817989328,0.8602453814694684,0.8513946996705356
2193_pid-MR037458C_glioma.png,P12,P14,0.0,0.0,0.8616549949978562,0.8616549949978562
2193_pid-MR037458C_glioma.png,P12,P17,0.0,0.0,0.7374038083469078,0.7374038083469078
2193_pid-MR037458C_glioma.png,P12,P18,0.0,0.0,0.8785980611483967,0.8785980611483967
2193_pid-MR037458C_glioma.png,P12,P20,0.0,0.0,0.7656049469140124,0.7656049469140124
2193_pid-MR037458C_glioma.png,P13,P14,0.0252416865943139,0.0081444278539432,0.8616549949978562,0.853510567143913
2193_pid-MR037458C_glioma.png,P13,P17,0.0331307586747696,0.0081444278539432,0.7374038083469078,0.7292593804929646
2193_pid-MR037458C_glioma.png,P13,P18,0.018181044931635,0.0081444278539432,0.8785980611483967,0.8704536332944535
2193_pid-MR037458C_glioma.png,P13,P20,0.0712554532234609,0.0081444278539432,0.7656049469140124,0.7574605190600692
2193_pid-MR037458C_glioma.png,P15,P14,0.0812291692114401,0.0581113801452784,0.8616549949978562,0.8035436148525779
2193_pid-MR037458C_glioma.png,P16,P14,0.029238566181751,0.0090358724134815,0.8616549949978562,0.8526191225843748
2193_pid-MR037458C_glioma.png,P19,P14,0.0299990712361846,0.0088506817989328,0.8616549949978562,0.8528043131989235
2193_pid-MR037458C_glioma.png,P15,P17,0.1116422095820786,0.0581113801452784,0.7374038083469078,0.6792924282016294
2193_pid-MR037458C_glioma.png,P15,P18,0.0771563159889544,0.0581113801452784,0.8785980611483967,0.8204866810031183
2193_pid-MR037458C_glioma.png,P15,P20,0.1488691346911218,0.0581113801452784,0.7656049469140124,0.707493566768734
2193_pid-MR037458C_glioma.png,P16,P17,0.038423645320197,0.0090358724134815,0.7374038083469078,0.7283679359334263
2193_pid-MR037458C_glioma.png,P16,P18,0.0223114204581847,0.0090358724134815,0.8785980611483967,0.8695621887349152
2193_pid-MR037458C_glioma.png,P16,P20,0.0769397368563538,0.0090358724134815,0.7656049469140124,0.7565690745005309
2193_pid-MR037458C_glioma.png,P19,P17,0.0399658046591151,0.0088506817989328,0.7374038083469078,0.728553126547975
2193_pid-MR037458C_glioma.png,P19,P18,0.0237797246558197,0.0088506817989328,0.8785980611483967,0.8697473793494639
2193_pid-MR037458C_glioma.png,P19,P20,0.0754457707653846,0.0088506817989328,0.7656049469140124,0.7567542651150796
2221_pid-MR029209G_glioma.png,P19,P01,0.0,0.0,0.6007821583342141,0.6007821583342141
2221_pid-MR029209G_glioma.png,P19,P02,0.0,0.0,0.5572117492327926,0.5572117492327926
2221_pid-MR029209G_glioma.png,P19,P03,0.0,0.0,0.583218121875997,0.583218121875997
2221_pid-MR029209G_glioma.png,P19,P04,0.0,0.0,0.622441917943648,0.622441917943648
2221_pid-MR029209G_glioma.png,P19,P05,0.0,0.0,0.6007821583342141,0.6007821583342141
2221_pid-MR029209G_glioma.png,P19,P06,0.0,0.0,0.5455750745773947,0.5455750745773947
2221_pid-MR029209G_glioma.png,P19,P07,0.0,0.0,0.6097256857855362,0.6097256857855362
2221_pid-MR029209G_glioma.png,P19,P08,0.0,0.0,0.5572117492327926,0.5572117492327926
2221_pid-MR029209G_glioma.png,P19,P09,0.0,0.0,0.5572117492327926,0.5572117492327926
2221_pid-MR029209G_glioma.png,P19,P10,0.0,0.0,0.6030373338958026,0.6030373338958026
2221_pid-MR029209G_glioma.png,P19,P11,0.0,0.0,0.5538833351642316,0.5538833351642316
2221_pid-MR029209G_glioma.png,P19,P12,0.0,0.0,0.5970180818441366,0.5970180818441366
2221_pid-MR029209G_glioma.png,P19,P13,0.0,0.0,0.6020461976584749,0.6020461976584749
2221_pid-MR029209G_glioma.png,P19,P14,0.0,0.0,0.5572117492327926,0.5572117492327926
2221_pid-MR029209G_glioma.png,P19,P16,0.0,0.0,0.6007821583342141,0.6007821583342141
2221_pid-MR029209G_glioma.png,P19,P17,0.0,0.0,0.5983884648006785,0.5983884648006785
2221_pid-MR029209G_glioma.png,P19,P18,0.0,0.0,0.5970180818441366,0.5970180818441366
2221_pid-MR029209G_glioma.png,P19,P20,0.0,0.0,0.6007821583342141,0.6007821583342141
2240_pid-MR024780B_glioma.png,P01,P12,0.0,0.0,0.5987409652599673,0.5987409652599673
2240_pid-MR024780B_glioma.png,P01,P17,0.0,0.0,0.6609735269000854,0.6609735269000854
2240_pid-MR024780B_glioma.png,P02,P12,0.0,0.0,0.5987409652599673,0.5987409652599673
2240_pid-MR024780B_glioma.png,P02,P17,0.0,0.0,0.6609735269000854,0.6609735269000854
2240_pid-MR024780B_glioma.png,P03,P12,0.0,0.0,0.5987409652599673,0.5987409652599673
2240_pid-MR024780B_glioma.png,P03,P17,0.0,0.0,0.6609735269000854,0.6609735269000854
2240_pid-MR024780B_glioma.png,P04,P12,0.0,0.0,0.5987409652599673,0.5987409652599673
2240_pid-MR024780B_glioma.png,P04,P17,0.0,0.0,0.6609735269000854,0.6609735269000854
2240_pid-MR024780B_glioma.png,P05,P12,0.0,0.0,0.5987409652599673,0.5987409652599673
2240_pid-MR024780B_glioma.png,P05,P17,0.0,0.0,0.6609735269000854,0.6609735269000854
2240_pid-MR024780B_glioma.png,P06,P12,0.0,0.0,0.5987409652599673,0.5987409652599673
2240_pid-MR024780B_glioma.png,P06,P17,0.0,0.0,0.6609735269000854,0.6609735269000854
2240_pid-MR024780B_glioma.png,P07,P12,0.0,0.0,0.5987409652599673,0.5987409652599673
2240_pid-MR024780B_glioma.png,P07,P17,0.0,0.0,0.6609735269000854,0.6609735269000854
2240_pid-MR024780B_glioma.png,P08,P12,0.0,0.0,0.5987409652599673,0.5987409652599673
2240_pid-MR024780B_glioma.png,P08,P17,0.0,0.0,0.6609735269000854,0.6609735269000854
2240_pid-MR024780B_glioma.png,P09,P12,0.0,0.0,0.5987409652599673,0.5987409652599673
2240_pid-MR024780B_glioma.png,P09,P17,0.0,0.0,0.6609735269000854,0.6609735269000854
2240_pid-MR024780B_glioma.png,P10,P12,0.0,0.0,0.5987409652599673,0.5987409652599673
2240_pid-MR024780B_glioma.png,P10,P17,0.0,0.0,0.6609735269000854,0.6609735269000854
2240_pid-MR024780B_glioma.png,P11,P12,0.0,0.0,0.5987409652599673,0.5987409652599673
2240_pid-MR024780B_glioma.png,P11,P17,0.0,0.0,0.6609735269000854,0.6609735269000854
2240_pid-MR024780B_glioma.png,P13,P12,0.0,0.0,0.5987409652599673,0.5987409652599673
2240_pid-MR024780B_glioma.png,P14,P12,0.0,0.0,0.5987409652599673,0.5987409652599673
2240_pid-MR024780B_glioma.png,P15,P12,0.0,0.0,0.5987409652599673,0.5987409652599673
2240_pid-MR024780B_glioma.png,P16,P12,0.0,0.0,0.5987409652599673,0.5987409652599673
2240_pid-MR024780B_glioma.png,P18,P12,0.0,0.0,0.5987409652599673,0.5987409652599673
2240_pid-MR024780B_glioma.png,P19,P12,0.0,0.0,0.5987409652599673,0.5987409652599673
2240_pid-MR024780B_glioma.png,P20,P12,0.0,0.0,0.5987409652599673,0.5987409652599673
2240_pid-MR024780B_glioma.png,P13,P17,0.0,0.0,0.6609735269000854,0.6609735269000854
2240_pid-MR024780B_glioma.png,P14,P17,0.0,0.0,0.6609735269000854,0.6609735269000854
2240_pid-MR024780B_glioma.png,P15,P17,0.0,0.0,0.6609735269000854,0.6609735269000854
2240_pid-MR024780B_glioma.png,P16,P17,0.0,0.0,0.6609735269000854,0.6609735269000854
2240_pid-MR024780B_glioma.png,P18,P17,0.0,0.0,0.6609735269000854,0.6609735269000854
2240_pid-MR024780B_glioma.png,P19,P17,0.0,0.0,0.6609735269000854,0.6609735269000854
2240_pid-MR024780B_glioma.png,P20,P17,0.0,0.0,0.6609735269000854,0.6609735269000854
2258_pid-MR048944B_glioma.png,P04,P03,0.0,0.0,0.5429791777896423,0.5429791777896423
2258_pid-MR048944B_glioma.png,P17,P03,0.3651771956856702,0.0767077267637178,0.5429791777896423,0.46627145102592454
2258_pid-MR048944B_glioma.png,P04,P07,0.0,0.0,0.5199499513415821,0.5199499513415821
2258_pid-MR048944B_glioma.png,P04,P09,0.0,0.0,0.6822529224229543,0.6822529224229543
2258_pid-MR048944B_glioma.png,P04,P11,0.0,0.0,0.6438991483261658,0.6438991483261658
2258_pid-MR048944B_glioma.png,P04,P15,0.0,0.0,0.5578394427315291,0.5578394427315291
2258_pid-MR048944B_glioma.png,P04,P19,0.0,0.0,0.6685186575568737,0.6685186575568737
2258_pid-MR048944B_glioma.png,P04,P20,0.0,0.0,0.602622473137862,0.602622473137862
2258_pid-MR048944B_glioma.png,P17,P07,0.724449804039795,0.0767077267637178,0.5199499513415821,0.4432422245778643
2258_pid-MR048944B_glioma.png,P17,P09,0.713327120223672,0.0767077267637178,0.6822529224229543,0.6055451956592365
2258_pid-MR048944B_glioma.png,P17,P11,0.7978027903214936,0.0767077267637178,0.6438991483261658,0.567191421562448
2258_pid-MR048944B_glioma.png,P17,P15,0.5547347522969667,0.0767077267637178,0.5578394427315291,0.4811317159678113
2258_pid-MR048944B_glioma.png,P17,P19,0.7149262096020923,0.0767077267637178,0.6685186575568737,0.5918109307931558
2258_pid-MR048944B_glioma.png,P17,P20,0.834071921540138,0.0767077267637178,0.602622473137862,0.5259147463741441
2259_pid-MR048944B_glioma.png,P04,P01,0.0,0.0,0.700391542678152,0.700391542678152
2259_pid-MR048944B_glioma.png,P15,P01,0.0,0.0,0.700391542678152,0.700391542678152
2259_pid-MR048944B_glioma.png,P17,P01,0.0,0.0,0.700391542678152,0.700391542678152
2259_pid-MR048944B_glioma.png,P19,P01,0.0,0.0,0.700391542678152,0.700391542678152
2259_pid-MR048944B_glioma.png,P04,P02,0.0,0.0,0.7174652241112829,0.7174652241112829
2259_pid-MR048944B_glioma.png,P15,P02,0.0,0.0,0.7174652241112829,0.7174652241112829
2259_pid-MR048944B_glioma.png,P17,P02,0.0,0.0,0.7174652241112829,0.7174652241112829
2259_pid-MR048944B_glioma.png,P19,P02,0.0,0.0,0.7174652241112829,0.7174652241112829
2259_pid-MR048944B_glioma.png,P04,P03,0.0,0.0,0.7315805564047692,0.7315805564047692
2259_pid-MR048944B_glioma.png,P15,P03,0.0,0.0,0.7315805564047692,0.7315805564047692
2259_pid-MR048944B_glioma.png,P17,P03,0.0,0.0,0.7315805564047692,0.7315805564047692
2259_pid-MR048944B_glioma.png,P19,P03,0.0,0.0,0.7315805564047692,0.7315805564047692
2259_pid-MR048944B_glioma.png,P04,P05,0.0,0.0,0.599257258609048,0.599257258609048
2259_pid-MR048944B_glioma.png,P04,P06,0.0,0.0,0.7321619556913674,0.7321619556913674
2259_pid-MR048944B_glioma.png,P04,P07,0.0,0.0,0.7411444141689373,0.7411444141689373
2259_pid-MR048944B_glioma.png,P04,P08,0.0,0.0,0.6053781512605042,0.6053781512605042
2259_pid-MR048944B_glioma.png,P04,P09,0.0,0.0,0.7350609756097561,0.7350609756097561
2259_pid-MR048944B_glioma.png,P04,P10,0.0,0.0,0.7364093193238922,0.7364093193238922
2259_pid-MR048944B_glioma.png,P04,P11,0.0,0.0,0.7346752058554438,0.7346752058554438
2259_pid-MR048944B_glioma.png,P04,P12,0.0,0.0,0.7154798761609907,0.7154798761609907
2259_pid-MR048944B_glioma.png,P04,P13,0.0,0.0,0.6053781512605042,0.6053781512605042
2259_pid-MR048944B_glioma.png,P04,P14,0.0,0.0,0.7364093193238922,0.7364093193238922
2259_pid-MR048944B_glioma.png,P04,P16,0.0,0.0,0.6843190106231172,0.6843190106231172
2259_pid-MR048944B_glioma.png,P04,P18,0.0,0.0,0.7253456221198157,0.7253456221198157
2259_pid-MR048944B_glioma.png,P04,P20,0.0,0.0,0.7198395556926874,0.7198395556926874
2259_pid-MR048944B_glioma.png,P15,P05,0.0,0.0,0.599257258609048,0.599257258609048
2259_pid-MR048944B_glioma.png,P17,P05,0.0,0.0,0.599257258609048,0.599257258609048
2259_pid-MR048944B_glioma.png,P19,P05,0.0,0.0,0.599257258609048,0.599257258609048
2259_pid-MR048944B_glioma.png,P15,P06,0.0,0.0,0.7321619556913674,0.7321619556913674
2259_pid-MR048944B_glioma.png,P17,P06,0.0,0.0,0.7321619556913674,0.7321619556913674
2259_pid-MR048944B_glioma.png,P19,P06,0.0,0.0,0.7321619556913674,0.7321619556913674
2259_pid-MR048944B_glioma.png,P15,P07,0.0,0.0,0.7411444141689373,0.7411444141689373
2259_pid-MR048944B_glioma.png,P17,P07,0.0,0.0,0.7411444141689373,0.7411444141689373
2259_pid-MR048944B_glioma.png,P19,P07,0.0,0.0,0.7411444141689373,0.7411444141689373
2259_pid-MR048944B_glioma.png,P15,P08,0.0,0.0,0.6053781512605042,0.6053781512605042
2259_pid-MR048944B_glioma.png,P17,P08,0.0,0.0,0.6053781512605042,0.6053781512605042
2259_pid-MR048944B_glioma.png,P19,P08,0.0,0.0,0.6053781512605042,0.6053781512605042
2259_pid-MR048944B_glioma.png,P15,P09,0.0,0.0,0.7350609756097561,0.7350609756097561
2259_pid-MR048944B_glioma.png,P17,P09,0.0,0.0,0.7350609756097561,0.7350609756097561
2259_pid-MR048944B_glioma.png,P19,P09,0.0,0.0,0.7350609756097561,0.7350609756097561
2259_pid-MR048944B_glioma.png,P15,P10,0.0,0.0,0.7364093193238922,0.7364093193238922
2259_pid-MR048944B_glioma.png,P17,P10,0.0,0.0,0.7364093193238922,0.7364093193238922
2259_pid-MR048944B_glioma.png,P19,P10,0.0,0.0,0.7364093193238922,0.7364093193238922
2259_pid-MR048944B_glioma.png,P15,P11,0.0,0.0,0.7346752058554438,0.7346752058554438
2259_pid-MR048944B_glioma.png,P17,P11,0.0,0.0,0.7346752058554438,0.7346752058554438
2259_pid-MR048944B_glioma.png,P19,P11,0.0,0.0,0.7346752058554438,0.7346752058554438
2259_pid-MR048944B_glioma.png,P15,P12,0.0,0.0,0.7154798761609907,0.7154798761609907
2259_pid-MR048944B_glioma.png,P17,P12,0.0,0.0,0.7154798761609907,0.7154798761609907
2259_pid-MR048944B_glioma.png,P19,P12,0.0,0.0,0.7154798761609907,0.7154798761609907
2259_pid-MR048944B_glioma.png,P15,P13,0.0,0.0,0.6053781512605042,0.6053781512605042
2259_pid-MR048944B_glioma.png,P17,P13,0.0,0.0,0.6053781512605042,0.6053781512605042
2259_pid-MR048944B_glioma.png,P19,P13,0.0,0.0,0.6053781512605042,0.6053781512605042
2259_pid-MR048944B_glioma.png,P15,P14,0.0,0.0,0.7364093193238922,0.7364093193238922
2259_pid-MR048944B_glioma.png,P17,P14,0.0,0.0,0.7364093193238922,0.7364093193238922
2259_pid-MR048944B_glioma.png,P19,P14,0.0,0.0,0.7364093193238922,0.7364093193238922
2259_pid-MR048944B_glioma.png,P15,P16,0.0,0.0,0.6843190106231172,0.6843190106231172
2259_pid-MR048944B_glioma.png,P15,P18,0.0,0.0,0.7253456221198157,0.7253456221198157
2259_pid-MR048944B_glioma.png,P15,P20,0.0,0.0,0.7198395556926874,0.7198395556926874
2259_pid-MR048944B_glioma.png,P17,P16,0.0,0.0,0.6843190106231172,0.6843190106231172
2259_pid-MR048944B_glioma.png,P19,P16,0.0,0.0,0.6843190106231172,0.6843190106231172
2259_pid-MR048944B_glioma.png,P17,P18,0.0,0.0,0.7253456221198157,0.7253456221198157
2259_pid-MR048944B_glioma.png,P17,P20,0.0,0.0,0.7198395556926874,0.7198395556926874
2259_pid-MR048944B_glioma.png,P19,P18,0.0,0.0,0.7253456221198157,0.7253456221198157
2259_pid-MR048944B_glioma.png,P19,P20,0.0,0.0,0.7198395556926874,0.7198395556926874
2262_pid-MR049358_glioma.png,P04,P01,0.00647016534867,0.0,0.8398372037347378,0.8398372037347378
2262_pid-MR049358_glioma.png,P15,P01,0.0,0.0068844934979783,0.8398372037347378,0.8329527102367595
2262_pid-MR049358_glioma.png,P04,P02,0.0,0.0,0.7111208598376837,0.7111208598376837
2262_pid-MR049358_glioma.png,P15,P02,0.0,0.0068844934979783,0.7111208598376837,0.7042363663397054
2262_pid-MR049358_glioma.png,P04,P03,0.0053668876561583,0.0,0.670615787298526,0.670615787298526
2262_pid-MR049358_glioma.png,P15,P03,0.0,0.0068844934979783,0.670615787298526,0.6637312938005477
2262_pid-MR049358_glioma.png,P04,P05,0.0066716085989621,0.0,0.8042511122095897,0.8042511122095897
2262_pid-MR049358_glioma.png,P04,P06,0.0,0.0,0.8635926993275697,0.8635926993275697
2262_pid-MR049358_glioma.png,P04,P07,0.0086278875591427,0.0,0.5983578279169254,0.5983578279169254
2262_pid-MR049358_glioma.png,P04,P08,0.0009705596894208,0.0,0.7921847246891652,0.7921847246891652
2262_pid-MR049358_glioma.png,P04,P09,0.0007067803797766,0.0,0.8060788746546094,0.8060788746546094
2262_pid-MR049358_glioma.png,P04,P10,0.0029482469270195,0.0,0.8285262261165875,0.8285262261165875
2262_pid-MR049358_glioma.png,P04,P11,0.0020340821769199,0.0,0.7356624917600527,0.7356624917600527
2262_pid-MR049358_glioma.png,P04,P12,0.0,0.0,0.7129838104428005,0.7129838104428005
2262_pid-MR049358_glioma.png,P04,P13,0.0010097610232245,0.0,0.9230769230769232,0.9230769230769232
2262_pid-MR049358_glioma.png,P04,P14,0.0024682493380604,0.0,0.7391190351337179,0.7391190351337179
2262_pid-MR049358_glioma.png,P04,P16,0.0071798442191375,0.0,0.8011152416356877,0.8011152416356877
2262_pid-MR049358_glioma.png,P04,P17,0.0006734611412921,0.0,0.6629102690519791,0.6629102690519791
2262_pid-MR049358_glioma.png,P04,P18,0.001505955368959,0.0,0.8164471254462637,0.8164471254462637
2262_pid-MR049358_glioma.png,P04,P19,0.0041444641799881,0.0,0.708949207202365,0.708949207202365
2262_pid-MR049358_glioma.png,P04,P20,0.0002368433518071,0.0,0.8272108843537415,0.8272108843537415
2262_pid-MR049358_glioma.png,P15,P05,0.0,0.0068844934979783,0.8042511122095897,0.7973666187116114
2262_pid-MR049358_glioma.png,P15,P06,0.0,0.0068844934979783,0.8635926993275697,0.8567082058295914
2262_pid-MR049358_glioma.png,P15,P07,0.0,0.0068844934979783,0.5983578279169254,0.5914733344189471
2262_pid-MR049358_glioma.png,P15,P08,0.0,0.0068844934979783,0.7921847246891652,0.785300231191187
2262_pid-MR049358_glioma.png,P15,P09,0.0,0.0068844934979783,0.8060788746546094,0.7991943811566311
2262_pid-MR049358_glioma.png,P15,P10,0.0,0.0068844934979783,0.8285262261165875,0.8216417326186093
2262_pid-MR049358_glioma.png,P15,P11,0.0,0.0068844934979783,0.7356624917600527,0.7287779982620745
2262_pid-MR049358_glioma.png,P15,P12,0.0,0.0068844934979783,0.7129838104428005,0.7060993169448222
2262_pid-MR049358_glioma.png,P15,P13,0.0,0.0068844934979783,0.9230769230769232,0.916192429578945
2262_pid-MR049358_glioma.png,P15,P14,0.0,0.0068844934979783,0.7391190351337179,0.7322345416357396
2262_pid-MR049358_glioma.png,P15,P16,0.0,0.0068844934979783,0.8011152416356877,0.7942307481377094
2262_pid-MR049358_glioma.png,P15,P17,0.0,0.0068844934979783,0.6629102690519791,0.6560257755540009
2262_pid-MR049358_glioma.png,P15,P18,0.0,0.0068844934979783,0.8164471254462637,0.8095626319482855
2262_pid-MR049358_glioma.png,P15,P19,0.0,0.0068844934979783,0.708949207202365,0.7020647137043867
2262_pid-MR049358_glioma.png,P15,P20,0.0,0.0068844934979783,0.8272108843537415,0.8203263908557632
2269_pid-MR049358_glioma.png,P04,P03,0.163921707711746,0.0465382299819385,0.5016244314489928,0.4550862014670543
2269_pid-MR049358_glioma.png,P15,P03,0.1463631865413162,0.0486883525708289,0.5016244314489928,0.4529360788781639
2269_pid-MR049358_glioma.png,P19,P03,0.1641691641691641,0.0455639821837004,0.5016244314489928,0.45606044926529243
2269_pid-MR049358_glioma.png,P04,P06,0.1676900228315563,0.0465382299819385,0.5407636738906089,0.49422544390867035
2269_pid-MR049358_glioma.png,P04,P10,0.1793496331434398,0.0465382299819385,0.5053742427203439,0.4588360127384054
2269_pid-MR049358_glioma.png,P04,P12,0.1916299071221155,0.0465382299819385,0.5491959190731455,0.502657689091207
2269_pid-MR049358_glioma.png,P04,P17,0.1834726132157028,0.0465382299819385,0.5588393336915637,0.5123011037096252
2269_pid-MR049358_glioma.png,P15,P06,0.1497278574962889,0.0486883525708289,0.5407636738906089,0.49207532131977993
2269_pid-MR049358_glioma.png,P19,P06,0.1679431679431679,0.0455639821837004,0.5407636738906089,0.4951996917069085
2269_pid-MR049358_glioma.png,P15,P10,0.1601385452746165,0.0486883525708289,0.5053742427203439,0.456685890149515
2269_pid-MR049358_glioma.png,P19,P10,0.1796203796203796,0.0455639821837004,0.5053742427203439,0.45981026053664353
2269_pid-MR049358_glioma.png,P15,P12,0.1711034141514102,0.0486883525708289,0.5491959190731455,0.5005075665023165
2269_pid-MR049358_glioma.png,P19,P12,0.1919191919191919,0.0455639821837004,0.5491959190731455,0.5036319368894451
2269_pid-MR049358_glioma.png,P15,P17,0.1638198911429985,0.0486883525708289,0.5588393336915637,0.5101509811207348
2269_pid-MR049358_glioma.png,P19,P17,0.1837495837495837,0.0455639821837004,0.5588393336915637,0.5132753515078633
229_pid-101127_meningioma.png,P04,P01,0.2082749898369393,0.0111812443642921,0.863689776733255,0.8525085323689628
229_pid-101127_meningioma.png,P15,P01,0.2115040594468143,0.0115048038675723,0.863689776733255,0.8521849728656827
229_pid-101127_meningioma.png,P17,P01,0.2200429491768074,0.0116484523264184,0.863689776733255,0.8520413244068366
229_pid-101127_meningioma.png,P04,P02,0.2034870590360901,0.0111812443642921,0.8606203376521397,0.8494390932878476
229_pid-101127_meningioma.png,P15,P02,0.2066418971606807,0.0115048038675723,0.8606203376521397,0.8491155337845675
229_pid-101127_meningioma.png,P17,P02,0.2149844905750417,0.0116484523264184,0.8606203376521397,0.8489718853257213
229_pid-101127_meningioma.png,P04,P03,0.2082749898369393,0.0111812443642921,0.863689776733255,0.8525085323689628
229_pid-101127_meningioma.png,P15,P03,0.2115040594468143,0.0115048038675723,0.863689776733255,0.8521849728656827
229_pid-101127_meningioma.png,P17,P03,0.2200429491768074,0.0116484523264184,0.863689776733255,0.8520413244068366
229_pid-101127_meningioma.png,P04,P05,0.1881295451465739,0.0111812443642921,0.8385892116182573,0.8274079672539651
229_pid-101127_meningioma.png,P04,P06,0.2082749898369393,0.0111812443642921,0.863689776733255,0.8525085323689628
229_pid-101127_meningioma.png,P04,P07,0.2034870590360901,0.0111812443642921,0.8606203376521397,0.8494390932878476
229_pid-101127_meningioma.png,P04,P08,0.2034870590360901,0.0111812443642921,0.8640376692171866,0.8528564248528945
229_pid-101127_meningioma.png,P04,P09,0.1881295451465739,0.0111812443642921,0.8385892116182573,0.8274079672539651
229_pid-101127_meningioma.png,P04,P10,0.2082749898369393,0.0111812443642921,0.863689776733255,0.8525085323689628
229_pid-101127_meningioma.png,P04,P11,0.2034870590360901,0.0111812443642921,0.8640376692171866,0.8528564248528945
229_pid-101127_meningioma.png,P04,P12,0.2082749898369393,0.0111812443642921,0.863689776733255,0.8525085323689628
229_pid-101127_meningioma.png,P04,P13,0.195808302091332,0.0111812443642921,0.8622660098522168,0.8510847654879247
229_pid-101127_meningioma.png,P04,P14,0.1881295451465739,0.0111812443642921,0.8385892116182573,0.8274079672539651
229_pid-101127_meningioma.png,P04,P16,0.1881295451465739,0.0111812443642921,0.8385892116182573,0.8274079672539651
229_pid-101127_meningioma.png,P04,P18,0.2082749898369393,0.0111812443642921,0.863689776733255,0.8525085323689628
229_pid-101127_meningioma.png,P04,P19,0.2371832512760287,0.0111812443642921,0.8731057148073763,0.8619244704430842
229_pid-101127_meningioma.png,P04,P20,0.1881295451465739,0.0111812443642921,0.8385892116182573,0.8274079672539651
229_pid-101127_meningioma.png,P15,P05,0.1910462822806293,0.0115048038675723,0.8385892116182573,0.8270844077506849
229_pid-101127_meningioma.png,P17,P05,0.1987592460033405,0.0116484523264184,0.8385892116182573,0.8269407592918389
229_pid-101127_meningioma.png,P15,P06,0.2115040594468143,0.0115048038675723,0.863689776733255,0.8521849728656827
229_pid-101127_meningioma.png,P17,P06,0.2200429491768074,0.0116484523264184,0.863689776733255,0.8520413244068366
229_pid-101127_meningioma.png,P15,P07,0.2066418971606807,0.0115048038675723,0.8606203376521397,0.8491155337845675
229_pid-101127_meningioma.png,P17,P07,0.2149844905750417,0.0116484523264184,0.8606203376521397,0.8489718853257213
229_pid-101127_meningioma.png,P15,P08,0.2066418971606807,0.0115048038675723,0.8640376692171866,0.8525328653496143
229_pid-101127_meningioma.png,P17,P08,0.2149844905750417,0.0116484523264184,0.8640376692171866,0.8523892168907682
229_pid-101127_meningioma.png,P15,P09,0.1910462822806293,0.0115048038675723,0.8385892116182573,0.8270844077506849
229_pid-101127_meningioma.png,P17,P09,0.1987592460033405,0.0116484523264184,0.8385892116182573,0.8269407592918389
229_pid-101127_meningioma.png,P15,P10,0.2115040594468143,0.0115048038675723,0.863689776733255,0.8521849728656827
229_pid-101127_meningioma.png,P17,P10,0.2200429491768074,0.0116484523264184,0.863689776733255,0.8520413244068366
229_pid-101127_meningioma.png,P15,P11,0.2066418971606807,0.0115048038675723,0.8640376692171866,0.8525328653496143
229_pid-101127_meningioma.png,P17,P11,0.2149844905750417,0.0116484523264184,0.8640376692171866,0.8523892168907682
229_pid-101127_meningioma.png,P15,P12,0.2115040594468143,0.0115048038675723,0.863689776733255,0.8521849728656827
229_pid-101127_meningioma.png,P17,P12,0.2200429491768074,0.0116484523264184,0.863689776733255,0.8520413244068366
229_pid-101127_meningioma.png,P15,P13,0.198844089720655,0.0115048038675723,0.8622660098522168,0.8507612059846446
229_pid-101127_meningioma.png,P17,P13,0.2068718682891911,0.0116484523264184,0.8622660098522168,0.8506175575257984
229_pid-101127_meningioma.png,P15,P14,0.1910462822806293,0.0115048038675723,0.8385892116182573,0.8270844077506849
229_pid-101127_meningioma.png,P17,P14,0.1987592460033405,0.0116484523264184,0.8385892116182573,0.8269407592918389
229_pid-101127_meningioma.png,P15,P16,0.1910462822806293,0.0115048038675723,0.8385892116182573,0.8270844077506849
229_pid-101127_meningioma.png,P15,P18,0.2115040594468143,0.0115048038675723,0.863689776733255,0.8521849728656827
229_pid-101127_meningioma.png,P15,P19,0.2408605109857346,0.0115048038675723,0.8731057148073763,0.861600910939804
229_pid-101127_meningioma.png,P15,P20,0.1910462822806293,0.0115048038675723,0.8385892116182573,0.8270844077506849
229_pid-101127_meningioma.png,P17,P16,0.1987592460033405,0.0116484523264184,0.8385892116182573,0.8269407592918389
229_pid-101127_meningioma.png,P17,P18,0.2200429491768074,0.0116484523264184,0.863689776733255,0.8520413244068366
229_pid-101127_meningioma.png,P17,P19,0.2505845860176569,0.0116484523264184,0.8731057148073763,0.8614572624809579
229_pid-101127_meningioma.png,P17,P20,0.1987592460033405,0.0116484523264184,0.8385892116182573,0.8269407592918389
2306_pid-MR050135B_glioma.png,P02,P01,0.0,0.0,0.6445797237180988,0.6445797237180988
2306_pid-MR050135B_glioma.png,P04,P01,0.0,0.0,0.6445797237180988,0.6445797237180988
2306_pid-MR050135B_glioma.png,P05,P01,0.0,0.0,0.6445797237180988,0.6445797237180988
2306_pid-MR050135B_glioma.png,P07,P01,0.0,0.0,0.6445797237180988,0.6445797237180988
2306_pid-MR050135B_glioma.png,P11,P01,0.0,0.0,0.6445797237180988,0.6445797237180988
2306_pid-MR050135B_glioma.png,P15,P01,0.0,0.0,0.6445797237180988,0.6445797237180988
2306_pid-MR050135B_glioma.png,P20,P01,0.0,0.0,0.6445797237180988,0.6445797237180988
2306_pid-MR050135B_glioma.png,P02,P03,0.0,0.0,0.6364709670494795,0.6364709670494795
2306_pid-MR050135B_glioma.png,P02,P06,0.0,0.0,0.6453196213626271,0.6453196213626271
2306_pid-MR050135B_glioma.png,P02,P09,0.0,0.0,0.6525876073334881,0.6525876073334881
2306_pid-MR050135B_glioma.png,P02,P13,0.0,0.0,0.631253223310985,0.631253223310985
2306_pid-MR050135B_glioma.png,P02,P14,0.0,0.0,0.643551598922338,0.643551598922338
2306_pid-MR050135B_glioma.png,P02,P17,0.0,0.0,0.6517601192523793,0.6517601192523793
2306_pid-MR050135B_glioma.png,P02,P18,0.0,0.0,0.6340023612750886,0.6340023612750886
2306_pid-MR050135B_glioma.png,P02,P19,0.0,0.0,0.643551598922338,0.643551598922338
2306_pid-MR050135B_glioma.png,P04,P03,0.0,0.0,0.6364709670494795,0.6364709670494795
2306_pid-MR050135B_glioma.png,P05,P03,0.0,0.0,0.6364709670494795,0.6364709670494795
2306_pid-MR050135B_glioma.png,P07,P03,0.0,0.0,0.6364709670494795,0.6364709670494795
2306_pid-MR050135B_glioma.png,P11,P03,0.0,0.0,0.6364709670494795,0.6364709670494795
2306_pid-MR050135B_glioma.png,P15,P03,0.0,0.0,0.6364709670494795,0.6364709670494795
2306_pid-MR050135B_glioma.png,P20,P03,0.0,0.0,0.6364709670494795,0.6364709670494795
2306_pid-MR050135B_glioma.png,P04,P06,0.0,0.0,0.6453196213626271,0.6453196213626271
2306_pid-MR050135B_glioma.png,P04,P09,0.0,0.0,0.6525876073334881,0.6525876073334881
2306_pid-MR050135B_glioma.png,P04,P13,0.0,0.0,0.631253223310985,0.631253223310985
2306_pid-MR050135B_glioma.png,P04,P14,0.0,0.0,0.643551598922338,0.643551598922338
2306_pid-MR050135B_glioma.png,P04,P17,0.0,0.0,0.6517601192523793,0.6517601192523793
2306_pid-MR050135B_glioma.png,P04,P18,0.0,0.0,0.6340023612750886,0.6340023612750886
2306_pid-MR050135B_glioma.png,P04,P19,0.0,0.0,0.643551598922338,0.643551598922338
2306_pid-MR050135B_glioma.png,P05,P06,0.0,0.0,0.6453196213626271,0.6453196213626271
2306_pid-MR050135B_glioma.png,P05,P09,0.0,0.0,0.6525876073334881,0.6525876073334881
2306_pid-MR050135B_glioma.png,P05,P13,0.0,0.0,0.631253223310985,0.631253223310985
2306_pid-MR050135B_glioma.png,P05,P14,0.0,0.0,0.643551598922338,0.643551598922338
2306_pid-MR050135B_glioma.png,P05,P17,0.0,0.0,0.6517601192523793,0.6517601192523793
2306_pid-MR050135B_glioma.png,P05,P18,0.0,0.0,0.6340023612750886,0.6340023612750886
2306_pid-MR050135B_glioma.png,P05,P19,0.0,0.0,0.643551598922338,0.643551598922338
2306_pid-MR050135B_glioma.png,P07,P06,0.0,0.0,0.6453196213626271,0.6453196213626271
2306_pid-MR050135B_glioma.png,P11,P06,0.0,0.0,0.6453196213626271,0.6453196213626271
2306_pid-MR050135B_glioma.png,P15,P06,0.0,0.0,0.6453196213626271,0.6453196213626271
2306_pid-MR050135B_glioma.png,P20,P06,0.0,0.0,0.6453196213626271,0.6453196213626271
2306_pid-MR050135B_glioma.png,P07,P09,0.0,0.0,0.6525876073334881,0.6525876073334881
2306_pid-MR050135B_glioma.png,P07,P13,0.0,0.0,0.631253223310985,0.631253223310985
2306_pid-MR050135B_glioma.png,P07,P14,0.0,0.0,0.643551598922338,0.643551598922338
2306_pid-MR050135B_glioma.png,P07,P17,0.0,0.0,0.6517601192523793,0.6517601192523793
2306_pid-MR050135B_glioma.png,P07,P18,0.0,0.0,0.6340023612750886,0.6340023612750886
2306_pid-MR050135B_glioma.png,P07,P19,0.0,0.0,0.643551598922338,0.643551598922338
2306_pid-MR050135B_glioma.png,P11,P09,0.0,0.0,0.6525876073334881,0.6525876073334881
2306_pid-MR050135B_glioma.png,P15,P09,0.0,0.0,0.6525876073334881,0.6525876073334881
2306_pid-MR050135B_glioma.png,P20,P09,0.0,0.0,0.6525876073334881,0.6525876073334881
2306_pid-MR050135B_glioma.png,P11,P13,0.0,0.0,0.631253223310985,0.631253223310985
2306_pid-MR050135B_glioma.png,P11,P14,0.0,0.0,0.643551598922338,0.643551598922338
2306_pid-MR050135B_glioma.png,P11,P17,0.0,0.0,0.6517601192523793,0.6517601192523793
2306_pid-MR050135B_glioma.png,P11,P18,0.0,0.0,0.6340023612750886,0.6340023612750886
2306_pid-MR050135B_glioma.png,P11,P19,0.0,0.0,0.643551598922338,0.643551598922338
2306_pid-MR050135B_glioma.png,P15,P13,0.0,0.0,0.631253223310985,0.631253223310985
2306_pid-MR050135B_glioma.png,P20,P13,0.0,0.0,0.631253223310985,0.631253223310985
2306_pid-MR050135B_glioma.png,P15,P14,0.0,0.0,0.643551598922338,0.643551598922338
2306_pid-MR050135B_glioma.png,P20,P14,0.0,0.0,0.643551598922338,0.643551598922338
2306_pid-MR050135B_glioma.png,P15,P17,0.0,0.0,0.6517601192523793,0.6517601192523793
2306_pid-MR050135B_glioma.png,P15,P18,0.0,0.0,0.6340023612750886,0.6340023612750886
2306_pid-MR050135B_glioma.png,P15,P19,0.0,0.0,0.643551598922338,0.643551598922338
2306_pid-MR050135B_glioma.png,P20,P17,0.0,0.0,0.6517601192523793,0.6517601192523793
2306_pid-MR050135B_glioma.png,P20,P18,0.0,0.0,0.6340023612750886,0.6340023612750886
2306_pid-MR050135B_glioma.png,P20,P19,0.0,0.0,0.643551598922338,0.643551598922338
230_pid-101127_meningioma.png,P03,P01,0.2254347709040004,0.0020416496529195,0.735399284862932,0.7333576352100125
230_pid-101127_meningioma.png,P15,P01,0.1617539115317751,0.0039215686274509,0.735399284862932,0.7314777162354812
230_pid-101127_meningioma.png,P03,P02,0.2368491896839498,0.0020416496529195,0.7346701540249927,0.7326285043720732
230_pid-101127_meningioma.png,P15,P02,0.1699439830017384,0.0039215686274509,0.7346701540249927,0.7307485853975418
230_pid-101127_meningioma.png,P03,P04,0.2301728315296398,0.0020416496529195,0.7885174418604651,0.7864757922075456
230_pid-101127_meningioma.png,P03,P05,0.2700156140634254,0.0020416496529195,0.7504846302963168,0.7484429806433973
230_pid-101127_meningioma.png,P03,P06,0.2368491896839498,0.0020416496529195,0.7346701540249927,0.7326285043720732
230_pid-101127_meningioma.png,P03,P07,0.214020352124051,0.0020416496529195,0.7860230547550432,0.7839814051021237
230_pid-101127_meningioma.png,P03,P08,0.2368491896839498,0.0020416496529195,0.7346701540249927,0.7326285043720732
230_pid-101127_meningioma.png,P03,P09,0.2311419802939751,0.0020416496529195,0.7399479317327162,0.7379062820797967
230_pid-101127_meningioma.png,P03,P10,0.2254347709040004,0.0020416496529195,0.735399284862932,0.7333576352100125
230_pid-101127_meningioma.png,P03,P11,0.2368491896839498,0.0020416496529195,0.7346701540249927,0.7326285043720732
230_pid-101127_meningioma.png,P03,P12,0.239864319172993,0.0020416496529195,0.7601834367413003,0.7581417870883808
230_pid-101127_meningioma.png,P03,P13,0.2311419802939751,0.0020416496529195,0.7399479317327162,0.7379062820797967
230_pid-101127_meningioma.png,P03,P14,0.2368491896839498,0.0020416496529195,0.7346701540249927,0.7326285043720732
230_pid-101127_meningioma.png,P03,P16,0.2700156140634254,0.0020416496529195,0.7504846302963168,0.7484429806433973
230_pid-101127_meningioma.png,P03,P17,0.1968987239541269,0.0020416496529195,0.8050407709414381,0.8029991212885186
230_pid-101127_meningioma.png,P03,P18,0.2311419802939751,0.0020416496529195,0.7399479317327162,0.7379062820797967
230_pid-101127_meningioma.png,P03,P19,0.2311419802939751,0.0020416496529195,0.7399479317327162,0.7379062820797967
230_pid-101127_meningioma.png,P03,P20,0.2368491896839498,0.0020416496529195,0.7346701540249927,0.7326285043720732
230_pid-101127_meningioma.png,P15,P04,0.1651535638400618,0.0039215686274509,0.7885174418604651,0.7845958732330143
230_pid-101127_meningioma.png,P15,P05,0.193741549159745,0.0039215686274509,0.7504846302963168,0.746563061668866
230_pid-101127_meningioma.png,P15,P06,0.1699439830017384,0.0039215686274509,0.7346701540249927,0.7307485853975418
230_pid-101127_meningioma.png,P15,P07,0.1535638400618118,0.0039215686274509,0.7860230547550432,0.7821014861275923
230_pid-101127_meningioma.png,P15,P08,0.1699439830017384,0.0039215686274509,0.7346701540249927,0.7307485853975418
230_pid-101127_meningioma.png,P15,P09,0.1658489472667568,0.0039215686274509,0.7399479317327162,0.7360263631052654
230_pid-101127_meningioma.png,P15,P10,0.1617539115317751,0.0039215686274509,0.735399284862932,0.7314777162354812
230_pid-101127_meningioma.png,P15,P11,0.1699439830017384,0.0039215686274509,0.7346701540249927,0.7307485853975418
230_pid-101127_meningioma.png,P15,P12,0.1721073981070117,0.0039215686274509,0.7601834367413003,0.7562618681138494
230_pid-101127_meningioma.png,P15,P13,0.1658489472667568,0.0039215686274509,0.7399479317327162,0.7360263631052654
230_pid-101127_meningioma.png,P15,P14,0.1699439830017384,0.0039215686274509,0.7346701540249927,0.7307485853975418
230_pid-101127_meningioma.png,P15,P16,0.193741549159745,0.0039215686274509,0.7504846302963168,0.746563061668866
230_pid-101127_meningioma.png,P15,P17,0.1412787328568669,0.0039215686274509,0.8050407709414381,0.8011192023139873
230_pid-101127_meningioma.png,P15,P18,0.1658489472667568,0.0039215686274509,0.7399479317327162,0.7360263631052654
230_pid-101127_meningioma.png,P15,P19,0.1658489472667568,0.0039215686274509,0.7399479317327162,0.7360263631052654
230_pid-101127_meningioma.png,P15,P20,0.1699439830017384,0.0039215686274509,0.7346701540249927,0.7307485853975418
2336_pid-MR051461_glioma.png,P02,P13,0.0150347577733469,0.0,0.6377132727675604,0.6377132727675604
2336_pid-MR051461_glioma.png,P02,P14,0.0213110914953792,0.0,0.6341516878562035,0.6341516878562035
2336_pid-MR051461_glioma.png,P02,P16,0.0144248950998577,0.0,0.6281009879253567,0.6281009879253567
2336_pid-MR051461_glioma.png,P02,P20,0.0216445566356947,0.0,0.6266594711279007,0.6266594711279007
2336_pid-MR051461_glioma.png,P04,P13,0.0,0.0,0.6377132727675604,0.6377132727675604
2336_pid-MR051461_glioma.png,P04,P14,0.0,0.0,0.6341516878562035,0.6341516878562035
2336_pid-MR051461_glioma.png,P04,P16,0.0,0.0,0.6281009879253567,0.6281009879253567
2336_pid-MR051461_glioma.png,P04,P20,0.0,0.0,0.6266594711279007,0.6266594711279007
2336_pid-MR051461_glioma.png,P08,P13,0.0476873431337396,0.0,0.6377132727675604,0.6377132727675604
2336_pid-MR051461_glioma.png,P08,P14,0.0552686742676005,0.0,0.6341516878562035,0.6341516878562035
2336_pid-MR051461_glioma.png,P08,P16,0.0481261307831481,0.0,0.6281009879253567,0.6281009879253567
2336_pid-MR051461_glioma.png,P08,P20,0.0566758863464923,0.0,0.6266594711279007,0.6266594711279007
2336_pid-MR051461_glioma.png,P10,P13,0.0405638214565387,0.0,0.6377132727675604,0.6377132727675604
2336_pid-MR051461_glioma.png,P10,P14,0.0454710803928701,0.0,0.6341516878562035,0.6341516878562035
2336_pid-MR051461_glioma.png,P10,P16,0.0409443009959424,0.0,0.6281009879253567,0.6281009879253567
2336_pid-MR051461_glioma.png,P10,P20,0.0472783030922565,0.0,0.6266594711279007,0.6266594711279007
2336_pid-MR051461_glioma.png,P15,P13,0.0,0.0,0.6377132727675604,0.6377132727675604
2336_pid-MR051461_glioma.png,P15,P14,0.0,0.0,0.6341516878562035,0.6341516878562035
2336_pid-MR051461_glioma.png,P15,P16,0.0,0.0,0.6281009879253567,0.6281009879253567
2336_pid-MR051461_glioma.png,P15,P20,0.0,0.0,0.6266594711279007,0.6266594711279007
2338_pid-MR051461_glioma.png,P11,P02,0.0,0.0,0.5965818759936407,0.5965818759936407
2338_pid-MR051461_glioma.png,P11,P03,0.0,0.0,0.5856963127842834,0.5856963127842834
2338_pid-MR051461_glioma.png,P11,P08,0.0,0.0,0.664341355656319,0.664341355656319
2338_pid-MR051461_glioma.png,P11,P10,0.0,0.0,0.6687927107061503,0.6687927107061503
2338_pid-MR051461_glioma.png,P11,P12,0.0,0.0,0.5752682973992072,0.5752682973992072
2338_pid-MR051461_glioma.png,P11,P13,0.0,0.0,0.5157421289355323,0.5157421289355323
2338_pid-MR051461_glioma.png,P11,P17,0.0,0.0,0.632739980342907,0.632739980342907
2338_pid-MR051461_glioma.png,P11,P19,0.0,0.0,0.5824919125575924,0.5824919125575924
2338_pid-MR051461_glioma.png,P11,P20,0.0,0.0,0.5861735089078234,0.5861735089078234
2342_pid-MR051586_glioma.png,P15,P01,0.0,0.0,0.7862046942359892,0.7862046942359892
2342_pid-MR051586_glioma.png,P15,P02,0.0,0.0,0.7092339694311296,0.7092339694311296
2342_pid-MR051586_glioma.png,P15,P03,0.0,0.0,0.5174927113702624,0.5174927113702624
2342_pid-MR051586_glioma.png,P15,P04,0.0,0.0,0.8314441816847428,0.8314441816847428
2342_pid-MR051586_glioma.png,P15,P05,0.0,0.0,0.7545621234611019,0.7545621234611019
2342_pid-MR051586_glioma.png,P15,P06,0.0,0.0,0.6976424023403889,0.6976424023403889
2342_pid-MR051586_glioma.png,P15,P07,0.0,0.0,0.6699838622915546,0.6699838622915546
2342_pid-MR051586_glioma.png,P15,P08,0.0,0.0,0.7790297339593114,0.7790297339593114
2342_pid-MR051586_glioma.png,P15,P09,0.0,0.0,0.7378668991572217,0.7378668991572217
2342_pid-MR051586_glioma.png,P15,P10,0.0,0.0,0.7874908855221583,0.7874908855221583
2342_pid-MR051586_glioma.png,P15,P11,0.0,0.0,0.7905131941071718,0.7905131941071718
2342_pid-MR051586_glioma.png,P15,P12,0.0,0.0,0.6594564092918274,0.6594564092918274
2342_pid-MR051586_glioma.png,P15,P13,0.0,0.0,0.7203519166891104,0.7203519166891104
2342_pid-MR051586_glioma.png,P15,P14,0.0,0.0,0.7930980637101811,0.7930980637101811
2342_pid-MR051586_glioma.png,P15,P16,0.0,0.0,0.674496934104845,0.674496934104845
2342_pid-MR051586_glioma.png,P15,P17,0.0,0.0,0.8095274920733122,0.8095274920733122
2342_pid-MR051586_glioma.png,P15,P18,0.0,0.0,0.7403859502984868,0.7403859502984868
2342_pid-MR051586_glioma.png,P15,P19,0.0,0.0,0.797914389033723,0.797914389033723
2342_pid-MR051586_glioma.png,P15,P20,0.0,0.0,0.7602140490953877,0.7602140490953877
2352_pid-MR026175E_glioma.png,P01,P07,0.0,0.0,0.5221668146731334,0.5221668146731334
2352_pid-MR026175E_glioma.png,P02,P07,0.0,0.0,0.5221668146731334,0.5221668146731334
2352_pid-MR026175E_glioma.png,P03,P07,0.0,0.0,0.5221668146731334,0.5221668146731334
2352_pid-MR026175E_glioma.png,P04,P07,0.0,0.0,0.5221668146731334,0.5221668146731334
2352_pid-MR026175E_glioma.png,P05,P07,0.0,0.0,0.5221668146731334,0.5221668146731334
2352_pid-MR026175E_glioma.png,P06,P07,0.0,0.0,0.5221668146731334,0.5221668146731334
2352_pid-MR026175E_glioma.png,P08,P07,0.0,0.0,0.5221668146731334,0.5221668146731334
2352_pid-MR026175E_glioma.png,P09,P07,0.0,0.0,0.5221668146731334,0.5221668146731334
2352_pid-MR026175E_glioma.png,P10,P07,0.0,0.0,0.5221668146731334,0.5221668146731334
2352_pid-MR026175E_glioma.png,P11,P07,0.0,0.0,0.5221668146731334,0.5221668146731334
2352_pid-MR026175E_glioma.png,P12,P07,0.0,0.0,0.5221668146731334,0.5221668146731334
2352_pid-MR026175E_glioma.png,P13,P07,0.0,0.0,0.5221668146731334,0.5221668146731334
2352_pid-MR026175E_glioma.png,P14,P07,0.0,0.0,0.5221668146731334,0.5221668146731334
2352_pid-MR026175E_glioma.png,P15,P07,0.0,0.0,0.5221668146731334,0.5221668146731334
2352_pid-MR026175E_glioma.png,P16,P07,0.0,0.0,0.5221668146731334,0.5221668146731334
2352_pid-MR026175E_glioma.png,P17,P07,0.0,0.0,0.5221668146731334,0.5221668146731334
2352_pid-MR026175E_glioma.png,P18,P07,0.0,0.0,0.5221668146731334,0.5221668146731334
2352_pid-MR026175E_glioma.png,P19,P07,0.0,0.0,0.5221668146731334,0.5221668146731334
2352_pid-MR026175E_glioma.png,P20,P07,0.0,0.0,0.5221668146731334,0.5221668146731334
2386_pid-MR017260F_glioma.png,P01,P03,0.0,0.0,0.670131412874007,0.670131412874007
2386_pid-MR017260F_glioma.png,P01,P12,0.0,0.0,0.5657989587505006,0.5657989587505006
2386_pid-MR017260F_glioma.png,P02,P03,0.0,0.0,0.670131412874007,0.670131412874007
2386_pid-MR017260F_glioma.png,P02,P12,0.0,0.0,0.5657989587505006,0.5657989587505006
2386_pid-MR017260F_glioma.png,P05,P03,0.0,0.0,0.670131412874007,0.670131412874007
2386_pid-MR017260F_glioma.png,P11,P03,0.0,0.0,0.670131412874007,0.670131412874007
2386_pid-MR017260F_glioma.png,P13,P03,0.0,0.0,0.670131412874007,0.670131412874007
2386_pid-MR017260F_glioma.png,P16,P03,0.0,0.0,0.670131412874007,0.670131412874007
2386_pid-MR017260F_glioma.png,P18,P03,0.0,0.0,0.670131412874007,0.670131412874007
2386_pid-MR017260F_glioma.png,P20,P03,0.0,0.0,0.670131412874007,0.670131412874007
2386_pid-MR017260F_glioma.png,P05,P12,0.0,0.0,0.5657989587505006,0.5657989587505006
2386_pid-MR017260F_glioma.png,P11,P12,0.0,0.0,0.5657989587505006,0.5657989587505006
2386_pid-MR017260F_glioma.png,P13,P12,0.0,0.0,0.5657989587505006,0.5657989587505006
2386_pid-MR017260F_glioma.png,P16,P12,0.0,0.0,0.5657989587505006,0.5657989587505006
2386_pid-MR017260F_glioma.png,P18,P12,0.0,0.0,0.5657989587505006,0.5657989587505006
2386_pid-MR017260F_glioma.png,P20,P12,0.0,0.0,0.5657989587505006,0.5657989587505006
2402_pid-MR029209I_glioma.png,P02,P01,0.0,0.0,0.6583025830258302,0.6583025830258302
2402_pid-MR029209I_glioma.png,P03,P01,0.0,0.0,0.6583025830258302,0.6583025830258302
2402_pid-MR029209I_glioma.png,P04,P01,0.0,0.0,0.6583025830258302,0.6583025830258302
2402_pid-MR029209I_glioma.png,P05,P01,0.0,0.0,0.6583025830258302,0.6583025830258302
2402_pid-MR029209I_glioma.png,P06,P01,0.0,0.0,0.6583025830258302,0.6583025830258302
2402_pid-MR029209I_glioma.png,P07,P01,0.0,0.0,0.6583025830258302,0.6583025830258302
2402_pid-MR029209I_glioma.png,P08,P01,0.0,0.0,0.6583025830258302,0.6583025830258302
2402_pid-MR029209I_glioma.png,P09,P01,0.0,0.0,0.6583025830258302,0.6583025830258302
2402_pid-MR029209I_glioma.png,P10,P01,0.0,0.0,0.6583025830258302,0.6583025830258302
2402_pid-MR029209I_glioma.png,P11,P01,0.0,0.0,0.6583025830258302,0.6583025830258302
2402_pid-MR029209I_glioma.png,P12,P01,0.0,0.0,0.6583025830258302,0.6583025830258302
2402_pid-MR029209I_glioma.png,P13,P01,0.0,0.0,0.6583025830258302,0.6583025830258302
2402_pid-MR029209I_glioma.png,P14,P01,0.0,0.0,0.6583025830258302,0.6583025830258302
2402_pid-MR029209I_glioma.png,P16,P01,0.0,0.0,0.6583025830258302,0.6583025830258302
2402_pid-MR029209I_glioma.png,P17,P01,0.0,0.0,0.6583025830258302,0.6583025830258302
2402_pid-MR029209I_glioma.png,P18,P01,0.0,0.0,0.6583025830258302,0.6583025830258302
2402_pid-MR029209I_glioma.png,P19,P01,0.0,0.0,0.6583025830258302,0.6583025830258302
2402_pid-MR029209I_glioma.png,P20,P01,0.0,0.0,0.6583025830258302,0.6583025830258302
2439_pid-MR048994_glioma.png,P01,P02,0.0,0.0,0.7138509279704004,0.7138509279704004
2439_pid-MR048994_glioma.png,P01,P03,0.0,0.0,0.7120062152632523,0.7120062152632523
2439_pid-MR048994_glioma.png,P01,P04,0.0,0.0,0.5127237830503988,0.5127237830503988
2439_pid-MR048994_glioma.png,P01,P06,0.0,0.0,0.7070610114583958,0.7070610114583958
2439_pid-MR048994_glioma.png,P01,P07,0.0,0.0,0.5765017232890202,0.5765017232890202
2439_pid-MR048994_glioma.png,P01,P09,0.0,0.0,0.7201900237529691,0.7201900237529691
2439_pid-MR048994_glioma.png,P01,P10,0.0,0.0,0.7109276870626233,0.7109276870626233
2439_pid-MR048994_glioma.png,P01,P12,0.0,0.0,0.7207977207977208,0.7207977207977208
2439_pid-MR048994_glioma.png,P01,P13,0.0,0.0,0.9120989640953434,0.9120989640953434
2439_pid-MR048994_glioma.png,P01,P14,0.0,0.0,0.7150011924636298,0.7150011924636298
2439_pid-MR048994_glioma.png,P01,P15,0.0,0.0,0.5046741588201545,0.5046741588201545
2439_pid-MR048994_glioma.png,P01,P16,0.0,0.0,0.8951356886840758,0.8951356886840758
2439_pid-MR048994_glioma.png,P01,P17,0.0,0.0,0.9265391097452166,0.9265391097452166
2439_pid-MR048994_glioma.png,P01,P18,0.0,0.0,0.602022977022977,0.602022977022977
2439_pid-MR048994_glioma.png,P01,P19,0.0,0.0,0.712083183936895,0.712083183936895
2439_pid-MR048994_glioma.png,P01,P20,0.0,0.0,0.7161494013224519,0.7161494013224519
2439_pid-MR048994_glioma.png,P05,P02,0.0,0.0,0.7138509279704004,0.7138509279704004
2439_pid-MR048994_glioma.png,P08,P02,0.0,0.0,0.7138509279704004,0.7138509279704004
2439_pid-MR048994_glioma.png,P11,P02,0.0,0.0,0.7138509279704004,0.7138509279704004
2439_pid-MR048994_glioma.png,P05,P03,0.0,0.0,0.7120062152632523,0.7120062152632523
2439_pid-MR048994_glioma.png,P08,P03,0.0,0.0,0.7120062152632523,0.7120062152632523
2439_pid-MR048994_glioma.png,P11,P03,0.0,0.0,0.7120062152632523,0.7120062152632523
2439_pid-MR048994_glioma.png,P05,P04,0.0,0.0,0.5127237830503988,0.5127237830503988
2439_pid-MR048994_glioma.png,P08,P04,0.0,0.0,0.5127237830503988,0.5127237830503988
2439_pid-MR048994_glioma.png,P11,P04,0.0,0.0,0.5127237830503988,0.5127237830503988
2439_pid-MR048994_glioma.png,P05,P06,0.0,0.0,0.7070610114583958,0.7070610114583958
2439_pid-MR048994_glioma.png,P05,P07,0.0,0.0,0.5765017232890202,0.5765017232890202
2439_pid-MR048994_glioma.png,P05,P09,0.0,0.0,0.7201900237529691,0.7201900237529691
2439_pid-MR048994_glioma.png,P05,P10,0.0,0.0,0.7109276870626233,0.7109276870626233
2439_pid-MR048994_glioma.png,P05,P12,0.0,0.0,0.7207977207977208,0.7207977207977208
2439_pid-MR048994_glioma.png,P05,P13,0.0,0.0,0.9120989640953434,0.9120989640953434
2439_pid-MR048994_glioma.png,P05,P14,0.0,0.0,0.7150011924636298,0.7150011924636298
2439_pid-MR048994_glioma.png,P05,P15,0.0,0.0,0.5046741588201545,0.5046741588201545
2439_pid-MR048994_glioma.png,P05,P16,0.0,0.0,0.8951356886840758,0.8951356886840758
2439_pid-MR048994_glioma.png,P05,P17,0.0,0.0,0.9265391097452166,0.9265391097452166
2439_pid-MR048994_glioma.png,P05,P18,0.0,0.0,0.602022977022977,0.602022977022977
2439_pid-MR048994_glioma.png,P05,P19,0.0,0.0,0.712083183936895,0.712083183936895
2439_pid-MR048994_glioma.png,P05,P20,0.0,0.0,0.7161494013224519,0.7161494013224519
2439_pid-MR048994_glioma.png,P08,P06,0.0,0.0,0.7070610114583958,0.7070610114583958
2439_pid-MR048994_glioma.png,P11,P06,0.0,0.0,0.7070610114583958,0.7070610114583958
2439_pid-MR048994_glioma.png,P08,P07,0.0,0.0,0.5765017232890202,0.5765017232890202
2439_pid-MR048994_glioma.png,P11,P07,0.0,0.0,0.5765017232890202,0.5765017232890202
2439_pid-MR048994_glioma.png,P08,P09,0.0,0.0,0.7201900237529691,0.7201900237529691
2439_pid-MR048994_glioma.png,P08,P10,0.0,0.0,0.7109276870626233,0.7109276870626233
2439_pid-MR048994_glioma.png,P08,P12,0.0,0.0,0.7207977207977208,0.7207977207977208
2439_pid-MR048994_glioma.png,P08,P13,0.0,0.0,0.9120989640953434,0.9120989640953434
2439_pid-MR048994_glioma.png,P08,P14,0.0,0.0,0.7150011924636298,0.7150011924636298
2439_pid-MR048994_glioma.png,P08,P15,0.0,0.0,0.5046741588201545,0.5046741588201545
2439_pid-MR048994_glioma.png,P08,P16,0.0,0.0,0.8951356886840758,0.8951356886840758
2439_pid-MR048994_glioma.png,P08,P17,0.0,0.0,0.9265391097452166,0.9265391097452166
2439_pid-MR048994_glioma.png,P08,P18,0.0,0.0,0.602022977022977,0.602022977022977
2439_pid-MR048994_glioma.png,P08,P19,0.0,0.0,0.712083183936895,0.712083183936895
2439_pid-MR048994_glioma.png,P08,P20,0.0,0.0,0.7161494013224519,0.7161494013224519
2439_pid-MR048994_glioma.png,P11,P09,0.0,0.0,0.7201900237529691,0.7201900237529691
2439_pid-MR048994_glioma.png,P11,P10,0.0,0.0,0.7109276870626233,0.7109276870626233
2439_pid-MR048994_glioma.png,P11,P12,0.0,0.0,0.7207977207977208,0.7207977207977208
2439_pid-MR048994_glioma.png,P11,P13,0.0,0.0,0.9120989640953434,0.9120989640953434
2439_pid-MR048994_glioma.png,P11,P14,0.0,0.0,0.7150011924636298,0.7150011924636298
2439_pid-MR048994_glioma.png,P11,P15,0.0,0.0,0.5046741588201545,0.5046741588201545
2439_pid-MR048994_glioma.png,P11,P16,0.0,0.0,0.8951356886840758,0.8951356886840758
2439_pid-MR048994_glioma.png,P11,P17,0.0,0.0,0.9265391097452166,0.9265391097452166
2439_pid-MR048994_glioma.png,P11,P18,0.0,0.0,0.602022977022977,0.602022977022977
2439_pid-MR048994_glioma.png,P11,P19,0.0,0.0,0.712083183936895,0.712083183936895
2439_pid-MR048994_glioma.png,P11,P20,0.0,0.0,0.7161494013224519,0.7161494013224519
2505_pid-MR026175E_glioma.png,P01,P02,0.0,0.0,0.6741395642563941,0.6741395642563941
2505_pid-MR026175E_glioma.png,P01,P09,0.0,0.0,0.6778491926634269,0.6778491926634269
2505_pid-MR026175E_glioma.png,P01,P12,0.0,0.0,0.6767200754005656,0.6767200754005656
2505_pid-MR026175E_glioma.png,P01,P14,0.0,0.0,0.6709860935524652,0.6709860935524652
2505_pid-MR026175E_glioma.png,P01,P17,0.0,0.0,0.674550614947966,0.674550614947966
2505_pid-MR026175E_glioma.png,P03,P02,0.0,0.0,0.6741395642563941,0.6741395642563941
2505_pid-MR026175E_glioma.png,P05,P02,0.0,0.0,0.6741395642563941,0.6741395642563941
2505_pid-MR026175E_glioma.png,P06,P02,0.0,0.0,0.6741395642563941,0.6741395642563941
2505_pid-MR026175E_glioma.png,P07,P02,0.0,0.0,0.6741395642563941,0.6741395642563941
2505_pid-MR026175E_glioma.png,P08,P02,0.0,0.0,0.6741395642563941,0.6741395642563941
2505_pid-MR026175E_glioma.png,P10,P02,0.0,0.0,0.6741395642563941,0.6741395642563941
2505_pid-MR026175E_glioma.png,P11,P02,0.0,0.0,0.6741395642563941,0.6741395642563941
2505_pid-MR026175E_glioma.png,P13,P02,0.0,0.0,0.6741395642563941,0.6741395642563941
2505_pid-MR026175E_glioma.png,P15,P02,0.0,0.0,0.6741395642563941,0.6741395642563941
2505_pid-MR026175E_glioma.png,P16,P02,0.0,0.0,0.6741395642563941,0.6741395642563941
2505_pid-MR026175E_glioma.png,P18,P02,0.0,0.0,0.6741395642563941,0.6741395642563941
2505_pid-MR026175E_glioma.png,P20,P02,0.0,0.0,0.6741395642563941,0.6741395642563941
2505_pid-MR026175E_glioma.png,P03,P09,0.0,0.0,0.6778491926634269,0.6778491926634269
2505_pid-MR026175E_glioma.png,P03,P12,0.0,0.0,0.6767200754005656,0.6767200754005656
2505_pid-MR026175E_glioma.png,P03,P14,0.0,0.0,0.6709860935524652,0.6709860935524652
2505_pid-MR026175E_glioma.png,P03,P17,0.0,0.0,0.674550614947966,0.674550614947966
2505_pid-MR026175E_glioma.png,P05,P09,0.0,0.0,0.6778491926634269,0.6778491926634269
2505_pid-MR026175E_glioma.png,P05,P12,0.0,0.0,0.6767200754005656,0.6767200754005656
2505_pid-MR026175E_glioma.png,P05,P14,0.0,0.0,0.6709860935524652,0.6709860935524652
2505_pid-MR026175E_glioma.png,P05,P17,0.0,0.0,0.674550614947966,0.674550614947966
2505_pid-MR026175E_glioma.png,P06,P09,0.0,0.0,0.6778491926634269,0.6778491926634269
2505_pid-MR026175E_glioma.png,P06,P12,0.0,0.0,0.6767200754005656,0.6767200754005656
2505_pid-MR026175E_glioma.png,P06,P14,0.0,0.0,0.6709860935524652,0.6709860935524652
2505_pid-MR026175E_glioma.png,P06,P17,0.0,0.0,0.674550614947966,0.674550614947966
2505_pid-MR026175E_glioma.png,P07,P09,0.0,0.0,0.6778491926634269,0.6778491926634269
2505_pid-MR026175E_glioma.png,P07,P12,0.0,0.0,0.6767200754005656,0.6767200754005656
2505_pid-MR026175E_glioma.png,P07,P14,0.0,0.0,0.6709860935524652,0.6709860935524652
2505_pid-MR026175E_glioma.png,P07,P17,0.0,0.0,0.674550614947966,0.674550614947966
2505_pid-MR026175E_glioma.png,P08,P09,0.0,0.0,0.6778491926634269,0.6778491926634269
2505_pid-MR026175E_glioma.png,P08,P12,0.0,0.0,0.6767200754005656,0.6767200754005656
2505_pid-MR026175E_glioma.png,P08,P14,0.0,0.0,0.6709860935524652,0.6709860935524652
2505_pid-MR026175E_glioma.png,P08,P17,0.0,0.0,0.674550614947966,0.674550614947966
2505_pid-MR026175E_glioma.png,P10,P09,0.0,0.0,0.6778491926634269,0.6778491926634269
2505_pid-MR026175E_glioma.png,P11,P09,0.0,0.0,0.6778491926634269,0.6778491926634269
2505_pid-MR026175E_glioma.png,P13,P09,0.0,0.0,0.6778491926634269,0.6778491926634269
2505_pid-MR026175E_glioma.png,P15,P09,0.0,0.0,0.6778491926634269,0.6778491926634269
2505_pid-MR026175E_glioma.png,P16,P09,0.0,0.0,0.6778491926634269,0.6778491926634269
2505_pid-MR026175E_glioma.png,P18,P09,0.0,0.0,0.6778491926634269,0.6778491926634269
2505_pid-MR026175E_glioma.png,P20,P09,0.0,0.0,0.6778491926634269,0.6778491926634269
2505_pid-MR026175E_glioma.png,P10,P12,0.0,0.0,0.6767200754005656,0.6767200754005656
2505_pid-MR026175E_glioma.png,P10,P14,0.0,0.0,0.6709860935524652,0.6709860935524652
2505_pid-MR026175E_glioma.png,P10,P17,0.0,0.0,0.674550614947966,0.674550614947966
2505_pid-MR026175E_glioma.png,P11,P12,0.0,0.0,0.6767200754005656,0.6767200754005656
2505_pid-MR026175E_glioma.png,P11,P14,0.0,0.0,0.6709860935524652,0.6709860935524652
2505_pid-MR026175E_glioma.png,P11,P17,0.0,0.0,0.674550614947966,0.674550614947966
2505_pid-MR026175E_glioma.png,P13,P12,0.0,0.0,0.6767200754005656,0.6767200754005656
2505_pid-MR026175E_glioma.png,P15,P12,0.0,0.0,0.6767200754005656,0.6767200754005656
2505_pid-MR026175E_glioma.png,P16,P12,0.0,0.0,0.6767200754005656,0.6767200754005656
2505_pid-MR026175E_glioma.png,P18,P12,0.0,0.0,0.6767200754005656,0.6767200754005656
2505_pid-MR026175E_glioma.png,P20,P12,0.0,0.0,0.6767200754005656,0.6767200754005656
2505_pid-MR026175E_glioma.png,P13,P14,0.0,0.0,0.6709860935524652,0.6709860935524652
2505_pid-MR026175E_glioma.png,P13,P17,0.0,0.0,0.674550614947966,0.674550614947966
2505_pid-MR026175E_glioma.png,P15,P14,0.0,0.0,0.6709860935524652,0.6709860935524652
2505_pid-MR026175E_glioma.png,P16,P14,0.0,0.0,0.6709860935524652,0.6709860935524652
2505_pid-MR026175E_glioma.png,P18,P14,0.0,0.0,0.6709860935524652,0.6709860935524652
2505_pid-MR026175E_glioma.png,P20,P14,0.0,0.0,0.6709860935524652,0.6709860935524652
2505_pid-MR026175E_glioma.png,P15,P17,0.0,0.0,0.674550614947966,0.674550614947966
2505_pid-MR026175E_glioma.png,P16,P17,0.0,0.0,0.674550614947966,0.674550614947966
2505_pid-MR026175E_glioma.png,P18,P17,0.0,0.0,0.674550614947966,0.674550614947966
2505_pid-MR026175E_glioma.png,P20,P17,0.0,0.0,0.674550614947966,0.674550614947966
2521_pid-MR040240C_glioma.png,P09,P07,0.3415637860082304,0.0673799515985224,0.6230769230769231,0.5556969714784007
2521_pid-MR040240C_glioma.png,P12,P07,0.3347257337583819,0.0234314980793854,0.6230769230769231,0.5996454249975377
254_pid-103673_meningioma.png,P17,P01,0.0,0.0,0.9217818309365136,0.9217818309365136
254_pid-103673_meningioma.png,P17,P02,0.0,0.0,0.9222104892643436,0.9222104892643436
254_pid-103673_meningioma.png,P17,P03,0.0,0.0,0.9225352112676056,0.9225352112676056
254_pid-103673_meningioma.png,P17,P04,0.0,0.0,0.9217818309365136,0.9217818309365136
254_pid-103673_meningioma.png,P17,P05,0.0,0.0,0.9222104892643436,0.9222104892643436
254_pid-103673_meningioma.png,P17,P06,0.0,0.0,0.9228601620288834,0.9228601620288834
254_pid-103673_meningioma.png,P17,P07,0.0,0.0,0.9222104892643436,0.9222104892643436
254_pid-103673_meningioma.png,P17,P08,0.0,0.0,0.9222104892643436,0.9222104892643436
254_pid-103673_meningioma.png,P17,P09,0.0,0.0,0.9222104892643436,0.9222104892643436
254_pid-103673_meningioma.png,P17,P10,0.0,0.0,0.9222104892643436,0.9222104892643436
254_pid-103673_meningioma.png,P17,P11,0.0,0.0,0.9217818309365136,0.9217818309365136
254_pid-103673_meningioma.png,P17,P12,0.0,0.0,0.9225352112676056,0.9225352112676056
254_pid-103673_meningioma.png,P17,P13,0.0,0.0,0.9222104892643436,0.9222104892643436
254_pid-103673_meningioma.png,P17,P14,0.0,0.0,0.9222104892643436,0.9222104892643436
254_pid-103673_meningioma.png,P17,P15,0.0,0.0,0.9217818309365136,0.9217818309365136
254_pid-103673_meningioma.png,P17,P16,0.0,0.0,0.9222104892643436,0.9222104892643436
254_pid-103673_meningioma.png,P17,P18,0.0,0.0,0.9222104892643436,0.9222104892643436
254_pid-103673_meningioma.png,P17,P19,0.0,0.0,0.9222104892643436,0.9222104892643436
254_pid-103673_meningioma.png,P17,P20,0.0,0.0,0.9222104892643436,0.9222104892643436
2561_pid-MR051644_glioma.png,P17,P01,0.063625450180072,0.0288786944423554,0.8881471070508316,0.8592684126084762
2561_pid-MR051644_glioma.png,P17,P02,0.0532575797801731,0.0288786944423554,0.8704595446168479,0.8415808501744926
2561_pid-MR051644_glioma.png,P17,P03,0.0618798484575139,0.0288786944423554,0.8876516439078709,0.8587729494655155
2561_pid-MR051644_glioma.png,P17,P04,0.0168728908886389,0.0288786944423554,0.821703501365781,0.7928248069234256
2561_pid-MR051644_glioma.png,P17,P05,0.0,0.0288786944423554,0.7088331515812432,0.6799544571388878
2561_pid-MR051644_glioma.png,P17,P06,0.0659613159199867,0.0288786944423554,0.8809004655548353,0.8520217711124799
2561_pid-MR051644_glioma.png,P17,P07,0.0071593787862099,0.0288786944423554,0.6783544038555563,0.649475709413201
2561_pid-MR051644_glioma.png,P17,P08,0.0,0.0288786944423554,0.6744153479904775,0.6455366535481222
2561_pid-MR051644_glioma.png,P17,P09,0.056448190141272,0.0288786944423554,0.8716485345698829,0.8427698401275275
2561_pid-MR051644_glioma.png,P17,P10,0.0,0.0288786944423554,0.6744153479904775,0.6455366535481222
2561_pid-MR051644_glioma.png,P17,P11,0.0024026910139356,0.0288786944423554,0.7484305821714134,0.7195518877290581
2561_pid-MR051644_glioma.png,P17,P12,0.0532575797801731,0.0288786944423554,0.8704595446168479,0.8415808501744926
2561_pid-MR051644_glioma.png,P17,P13,0.0019699326075686,0.0288786944423554,0.7311943197802934,0.702315625337938
2561_pid-MR051644_glioma.png,P17,P14,0.0139720558882235,0.0288786944423554,0.7372632702053881,0.7083845757630327
2561_pid-MR051644_glioma.png,P17,P15,0.0157728706624605,0.0288786944423554,0.7050174789224758,0.6761387844801204
2561_pid-MR051644_glioma.png,P17,P16,0.0643848598026645,0.0288786944423554,0.8859556494192186,0.8570769549768632
2561_pid-MR051644_glioma.png,P17,P18,0.0652652992032547,0.0288786944423554,0.8834391907786403,0.854560496336285
2561_pid-MR051644_glioma.png,P17,P19,0.0380335701263594,0.0288786944423554,0.8367046708348658,0.8078259763925104
2561_pid-MR051644_glioma.png,P17,P20,0.0601299206040752,0.0288786944423554,0.8731307856634227,0.8442520912210674
2568_pid-MR051651_glioma.png,P01,P03,0.0,0.0,0.7753586065573771,0.7753586065573771
2568_pid-MR051651_glioma.png,P01,P11,0.0,0.0,0.8464114832535885,0.8464114832535885
2568_pid-MR051651_glioma.png,P01,P14,0.0,0.0,0.8145320197044335,0.8145320197044335
2568_pid-MR051651_glioma.png,P01,P18,0.0,0.0,0.7753586065573771,0.7753586065573771
2568_pid-MR051651_glioma.png,P01,P20,0.0,0.0,0.8860817638952687,0.8860817638952687
2568_pid-MR051651_glioma.png,P02,P03,0.0,0.0,0.7753586065573771,0.7753586065573771
2568_pid-MR051651_glioma.png,P02,P11,0.0,0.0,0.8464114832535885,0.8464114832535885
2568_pid-MR051651_glioma.png,P02,P14,0.0,0.0,0.8145320197044335,0.8145320197044335
2568_pid-MR051651_glioma.png,P02,P18,0.0,0.0,0.7753586065573771,0.7753586065573771
2568_pid-MR051651_glioma.png,P02,P20,0.0,0.0,0.8860817638952687,0.8860817638952687
2568_pid-MR051651_glioma.png,P04,P03,0.0,0.0,0.7753586065573771,0.7753586065573771
2568_pid-MR051651_glioma.png,P05,P03,0.0,0.0,0.7753586065573771,0.7753586065573771
2568_pid-MR051651_glioma.png,P06,P03,0.0,0.0,0.7753586065573771,0.7753586065573771
2568_pid-MR051651_glioma.png,P07,P03,0.0,0.0,0.7753586065573771,0.7753586065573771
2568_pid-MR051651_glioma.png,P08,P03,0.0,0.0,0.7753586065573771,0.7753586065573771
2568_pid-MR051651_glioma.png,P09,P03,0.0,0.0,0.7753586065573771,0.7753586065573771
2568_pid-MR051651_glioma.png,P10,P03,0.0,0.0,0.7753586065573771,0.7753586065573771
2568_pid-MR051651_glioma.png,P12,P03,0.0,0.0,0.7753586065573771,0.7753586065573771
2568_pid-MR051651_glioma.png,P13,P03,0.0130290479194667,0.0,0.7753586065573771,0.7753586065573771
2568_pid-MR051651_glioma.png,P15,P03,0.0151155661006104,0.0,0.7753586065573771,0.7753586065573771
2568_pid-MR051651_glioma.png,P16,P03,0.0,0.0,0.7753586065573771,0.7753586065573771
2568_pid-MR051651_glioma.png,P17,P03,0.0,0.0,0.7753586065573771,0.7753586065573771
2568_pid-MR051651_glioma.png,P19,P03,0.0,0.0,0.7753586065573771,0.7753586065573771
2568_pid-MR051651_glioma.png,P04,P11,0.0,0.0,0.8464114832535885,0.8464114832535885
2568_pid-MR051651_glioma.png,P04,P14,0.0,0.0,0.8145320197044335,0.8145320197044335
2568_pid-MR051651_glioma.png,P04,P18,0.0,0.0,0.7753586065573771,0.7753586065573771
2568_pid-MR051651_glioma.png,P04,P20,0.0,0.0,0.8860817638952687,0.8860817638952687
2568_pid-MR051651_glioma.png,P05,P11,0.0,0.0,0.8464114832535885,0.8464114832535885
2568_pid-MR051651_glioma.png,P05,P14,0.0,0.0,0.8145320197044335,0.8145320197044335
2568_pid-MR051651_glioma.png,P05,P18,0.0,0.0,0.7753586065573771,0.7753586065573771
2568_pid-MR051651_glioma.png,P05,P20,0.0,0.0,0.8860817638952687,0.8860817638952687
2568_pid-MR051651_glioma.png,P06,P11,0.0,0.0,0.8464114832535885,0.8464114832535885
2568_pid-MR051651_glioma.png,P06,P14,0.0,0.0,0.8145320197044335,0.8145320197044335
2568_pid-MR051651_glioma.png,P06,P18,0.0,0.0,0.7753586065573771,0.7753586065573771
2568_pid-MR051651_glioma.png,P06,P20,0.0,0.0,0.8860817638952687,0.8860817638952687
2568_pid-MR051651_glioma.png,P07,P11,0.0,0.0,0.8464114832535885,0.8464114832535885
2568_pid-MR051651_glioma.png,P07,P14,0.0,0.0,0.8145320197044335,0.8145320197044335
2568_pid-MR051651_glioma.png,P07,P18,0.0,0.0,0.7753586065573771,0.7753586065573771
2568_pid-MR051651_glioma.png,P07,P20,0.0,0.0,0.8860817638952687,0.8860817638952687
2568_pid-MR051651_glioma.png,P08,P11,0.0,0.0,0.8464114832535885,0.8464114832535885
2568_pid-MR051651_glioma.png,P08,P14,0.0,0.0,0.8145320197044335,0.8145320197044335
2568_pid-MR051651_glioma.png,P08,P18,0.0,0.0,0.7753586065573771,0.7753586065573771
2568_pid-MR051651_glioma.png,P08,P20,0.0,0.0,0.8860817638952687,0.8860817638952687
2568_pid-MR051651_glioma.png,P09,P11,0.0,0.0,0.8464114832535885,0.8464114832535885
2568_pid-MR051651_glioma.png,P09,P14,0.0,0.0,0.8145320197044335,0.8145320197044335
2568_pid-MR051651_glioma.png,P09,P18,0.0,0.0,0.7753586065573771,0.7753586065573771
2568_pid-MR051651_glioma.png,P09,P20,0.0,0.0,0.8860817638952687,0.8860817638952687
2568_pid-MR051651_glioma.png,P10,P11,0.0,0.0,0.8464114832535885,0.8464114832535885
2568_pid-MR051651_glioma.png,P10,P14,0.0,0.0,0.8145320197044335,0.8145320197044335
2568_pid-MR051651_glioma.png,P10,P18,0.0,0.0,0.7753586065573771,0.7753586065573771
2568_pid-MR051651_glioma.png,P10,P20,0.0,0.0,0.8860817638952687,0.8860817638952687
2568_pid-MR051651_glioma.png,P12,P11,0.0,0.0,0.8464114832535885,0.8464114832535885
2568_pid-MR051651_glioma.png,P13,P11,0.012807722382506,0.0,0.8464114832535885,0.8464114832535885
2568_pid-MR051651_glioma.png,P15,P11,0.0148658923468183,0.0,0.8464114832535885,0.8464114832535885
2568_pid-MR051651_glioma.png,P16,P11,0.0,0.0,0.8464114832535885,0.8464114832535885
2568_pid-MR051651_glioma.png,P17,P11,0.0,0.0,0.8464114832535885,0.8464114832535885
2568_pid-MR051651_glioma.png,P19,P11,0.0,0.0,0.8464114832535885,0.8464114832535885
2568_pid-MR051651_glioma.png,P12,P14,0.0,0.0,0.8145320197044335,0.8145320197044335
2568_pid-MR051651_glioma.png,P12,P18,0.0,0.0,0.7753586065573771,0.7753586065573771
2568_pid-MR051651_glioma.png,P12,P20,0.0,0.0,0.8860817638952687,0.8860817638952687
2568_pid-MR051651_glioma.png,P13,P14,0.0128953441020768,0.0,0.8145320197044335,0.8145320197044335
2568_pid-MR051651_glioma.png,P13,P18,0.0130290479194667,0.0,0.7753586065573771,0.7753586065573771
2568_pid-MR051651_glioma.png,P13,P20,0.0126360032986619,0.0,0.8860817638952687,0.8860817638952687
2568_pid-MR051651_glioma.png,P15,P14,0.0149647654992214,0.0,0.8145320197044335,0.8145320197044335
2568_pid-MR051651_glioma.png,P16,P14,0.0,0.0,0.8145320197044335,0.8145320197044335
2568_pid-MR051651_glioma.png,P17,P14,0.0,0.0,0.8145320197044335,0.8145320197044335
2568_pid-MR051651_glioma.png,P19,P14,0.0,0.0,0.8145320197044335,0.8145320197044335
2568_pid-MR051651_glioma.png,P15,P18,0.0151155661006104,0.0,0.7753586065573771,0.7753586065573771
2568_pid-MR051651_glioma.png,P15,P20,0.0146720144908785,0.0,0.8860817638952687,0.8860817638952687
2568_pid-MR051651_glioma.png,P16,P18,0.0,0.0,0.7753586065573771,0.7753586065573771
2568_pid-MR051651_glioma.png,P16,P20,0.0,0.0,0.8860817638952687,0.8860817638952687
2568_pid-MR051651_glioma.png,P17,P18,0.0,0.0,0.7753586065573771,0.7753586065573771
2568_pid-MR051651_glioma.png,P17,P20,0.0,0.0,0.8860817638952687,0.8860817638952687
2568_pid-MR051651_glioma.png,P19,P18,0.0,0.0,0.7753586065573771,0.7753586065573771
2568_pid-MR051651_glioma.png,P19,P20,0.0,0.0,0.8860817638952687,0.8860817638952687
2569_pid-MR051651_glioma.png,P01,P03,0.0,0.0,0.5546980513216284,0.5546980513216284
2569_pid-MR051651_glioma.png,P02,P03,0.0,0.0,0.5546980513216284,0.5546980513216284
2569_pid-MR051651_glioma.png,P05,P03,0.0,0.0,0.5546980513216284,0.5546980513216284
2569_pid-MR051651_glioma.png,P06,P03,0.0,0.0,0.5546980513216284,0.5546980513216284
2569_pid-MR051651_glioma.png,P07,P03,0.0,0.0,0.5546980513216284,0.5546980513216284
2569_pid-MR051651_glioma.png,P08,P03,0.0,0.0,0.5546980513216284,0.5546980513216284
2569_pid-MR051651_glioma.png,P09,P03,0.0,0.0,0.5546980513216284,0.5546980513216284
2569_pid-MR051651_glioma.png,P11,P03,0.0,0.0,0.5546980513216284,0.5546980513216284
2569_pid-MR051651_glioma.png,P12,P03,0.0,0.0,0.5546980513216284,0.5546980513216284
2569_pid-MR051651_glioma.png,P13,P03,0.0,0.0,0.5546980513216284,0.5546980513216284
2569_pid-MR051651_glioma.png,P15,P03,0.0,0.0,0.5546980513216284,0.5546980513216284
2569_pid-MR051651_glioma.png,P16,P03,0.0,0.0,0.5546980513216284,0.5546980513216284
2569_pid-MR051651_glioma.png,P17,P03,0.0,0.0,0.5546980513216284,0.5546980513216284
2569_pid-MR051651_glioma.png,P18,P03,0.0,0.0,0.5546980513216284,0.5546980513216284
2569_pid-MR051651_glioma.png,P19,P03,0.0,0.0,0.5546980513216284,0.5546980513216284
2569_pid-MR051651_glioma.png,P20,P03,0.0,0.0,0.5546980513216284,0.5546980513216284
2630_pid-MR034694_glioma.png,P04,P01,0.0,0.0,0.6702779757662153,0.6702779757662153
2630_pid-MR034694_glioma.png,P17,P01,0.0,0.0,0.6702779757662153,0.6702779757662153
2630_pid-MR034694_glioma.png,P04,P02,0.0,0.0,0.6702779757662153,0.6702779757662153
2630_pid-MR034694_glioma.png,P17,P02,0.0,0.0,0.6702779757662153,0.6702779757662153
2630_pid-MR034694_glioma.png,P04,P08,0.0,0.0,0.6702779757662153,0.6702779757662153
2630_pid-MR034694_glioma.png,P04,P12,0.0,0.0,0.6702779757662153,0.6702779757662153
2630_pid-MR034694_glioma.png,P04,P15,0.0,0.0,0.6702779757662153,0.6702779757662153
2630_pid-MR034694_glioma.png,P04,P19,0.0,0.0,0.6594796607733219,0.6594796607733219
2630_pid-MR034694_glioma.png,P17,P08,0.0,0.0,0.6702779757662153,0.6702779757662153
2630_pid-MR034694_glioma.png,P17,P12,0.0,0.0,0.6702779757662153,0.6702779757662153
2630_pid-MR034694_glioma.png,P17,P15,0.0,0.0,0.6702779757662153,0.6702779757662153
2630_pid-MR034694_glioma.png,P17,P19,0.0,0.0,0.6594796607733219,0.6594796607733219
2634_pid-MR050687C_glioma.png,P01,P04,0.0,0.0,0.5400280504908835,0.5400280504908835
2634_pid-MR050687C_glioma.png,P01,P07,0.0,0.0,0.628694624104597,0.628694624104597
2634_pid-MR050687C_glioma.png,P01,P15,0.0,0.0,0.5688189775466193,0.5688189775466193
2634_pid-MR050687C_glioma.png,P02,P04,0.196694214876033,0.0091499095648473,0.5400280504908835,0.5308781409260362
2634_pid-MR050687C_glioma.png,P02,P07,0.2463768115942029,0.0091499095648473,0.628694624104597,0.6195447145397497
2634_pid-MR050687C_glioma.png,P02,P15,0.2258568717204421,0.0091499095648473,0.5688189775466193,0.559669067981772
2634_pid-MR050687C_glioma.png,P03,P04,0.0,0.0,0.5400280504908835,0.5400280504908835
2634_pid-MR050687C_glioma.png,P03,P07,0.0,0.0,0.628694624104597,0.628694624104597
2634_pid-MR050687C_glioma.png,P03,P15,0.0,0.0,0.5688189775466193,0.5688189775466193
2634_pid-MR050687C_glioma.png,P05,P04,0.0,0.0,0.5400280504908835,0.5400280504908835
2634_pid-MR050687C_glioma.png,P06,P04,0.0,0.0,0.5400280504908835,0.5400280504908835
2634_pid-MR050687C_glioma.png,P08,P04,0.0,0.0,0.5400280504908835,0.5400280504908835
2634_pid-MR050687C_glioma.png,P09,P04,0.0,0.0,0.5400280504908835,0.5400280504908835
2634_pid-MR050687C_glioma.png,P10,P04,0.0,0.0,0.5400280504908835,0.5400280504908835
2634_pid-MR050687C_glioma.png,P11,P04,0.0,0.0,0.5400280504908835,0.5400280504908835
2634_pid-MR050687C_glioma.png,P12,P04,0.0,0.0,0.5400280504908835,0.5400280504908835
2634_pid-MR050687C_glioma.png,P13,P04,0.0,0.0,0.5400280504908835,0.5400280504908835
2634_pid-MR050687C_glioma.png,P14,P04,0.0,0.0,0.5400280504908835,0.5400280504908835
2634_pid-MR050687C_glioma.png,P16,P04,0.0,0.0,0.5400280504908835,0.5400280504908835
2634_pid-MR050687C_glioma.png,P17,P04,0.0,0.0,0.5400280504908835,0.5400280504908835
2634_pid-MR050687C_glioma.png,P18,P04,0.0,0.0,0.5400280504908835,0.5400280504908835
2634_pid-MR050687C_glioma.png,P19,P04,0.0,0.0,0.5400280504908835,0.5400280504908835
2634_pid-MR050687C_glioma.png,P20,P04,0.0,0.0,0.5400280504908835,0.5400280504908835
2634_pid-MR050687C_glioma.png,P05,P07,0.0,0.0,0.628694624104597,0.628694624104597
2634_pid-MR050687C_glioma.png,P05,P15,0.0,0.0,0.5688189775466193,0.5688189775466193
2634_pid-MR050687C_glioma.png,P06,P07,0.0,0.0,0.628694624104597,0.628694624104597
2634_pid-MR050687C_glioma.png,P06,P15,0.0,0.0,0.5688189775466193,0.5688189775466193
2634_pid-MR050687C_glioma.png,P08,P07,0.0,0.0,0.628694624104597,0.628694624104597
2634_pid-MR050687C_glioma.png,P09,P07,0.0,0.0,0.628694624104597,0.628694624104597
2634_pid-MR050687C_glioma.png,P10,P07,0.0,0.0,0.628694624104597,0.628694624104597
2634_pid-MR050687C_glioma.png,P11,P07,0.0,0.0,0.628694624104597,0.628694624104597
2634_pid-MR050687C_glioma.png,P12,P07,0.0,0.0,0.628694624104597,0.628694624104597
2634_pid-MR050687C_glioma.png,P13,P07,0.0,0.0,0.628694624104597,0.628694624104597
2634_pid-MR050687C_glioma.png,P14,P07,0.0,0.0,0.628694624104597,0.628694624104597
2634_pid-MR050687C_glioma.png,P16,P07,0.0,0.0,0.628694624104597,0.628694624104597
2634_pid-MR050687C_glioma.png,P17,P07,0.0,0.0,0.628694624104597,0.628694624104597
2634_pid-MR050687C_glioma.png,P18,P07,0.0,0.0,0.628694624104597,0.628694624104597
2634_pid-MR050687C_glioma.png,P19,P07,0.0,0.0,0.628694624104597,0.628694624104597
2634_pid-MR050687C_glioma.png,P20,P07,0.0,0.0,0.628694624104597,0.628694624104597
2634_pid-MR050687C_glioma.png,P08,P15,0.0,0.0,0.5688189775466193,0.5688189775466193
2634_pid-MR050687C_glioma.png,P09,P15,0.0,0.0,0.5688189775466193,0.5688189775466193
2634_pid-MR050687C_glioma.png,P10,P15,0.0,0.0,0.5688189775466193,0.5688189775466193
2634_pid-MR050687C_glioma.png,P11,P15,0.0,0.0,0.5688189775466193,0.5688189775466193
2634_pid-MR050687C_glioma.png,P12,P15,0.0,0.0,0.5688189775466193,0.5688189775466193
2634_pid-MR050687C_glioma.png,P13,P15,0.0,0.0,0.5688189775466193,0.5688189775466193
2634_pid-MR050687C_glioma.png,P14,P15,0.0,0.0,0.5688189775466193,0.5688189775466193
2634_pid-MR050687C_glioma.png,P16,P15,0.0,0.0,0.5688189775466193,0.5688189775466193
2634_pid-MR050687C_glioma.png,P17,P15,0.0,0.0,0.5688189775466193,0.5688189775466193
2634_pid-MR050687C_glioma.png,P18,P15,0.0,0.0,0.5688189775466193,0.5688189775466193
2634_pid-MR050687C_glioma.png,P19,P15,0.0,0.0,0.5688189775466193,0.5688189775466193
2634_pid-MR050687C_glioma.png,P20,P15,0.0,0.0,0.5688189775466193,0.5688189775466193
2674_pid-MR053110E_glioma.png,P03,P01,0.2501294665976178,0.0,0.540671117357695,0.540671117357695
2674_pid-MR053110E_glioma.png,P05,P01,0.2433591816531925,0.0,0.540671117357695,0.540671117357695
2674_pid-MR053110E_glioma.png,P06,P01,0.295829926410466,0.0,0.540671117357695,0.540671117357695
2674_pid-MR053110E_glioma.png,P10,P01,0.2723972941758785,0.0,0.540671117357695,0.540671117357695
2674_pid-MR053110E_glioma.png,P13,P01,0.2809767365121267,0.0,0.540671117357695,0.540671117357695
2674_pid-MR053110E_glioma.png,P14,P01,0.2681735687180333,0.0,0.540671117357695,0.540671117357695
2674_pid-MR053110E_glioma.png,P16,P01,0.219600725952813,0.0,0.540671117357695,0.540671117357695
2674_pid-MR053110E_glioma.png,P19,P01,0.2984655997360171,0.0,0.540671117357695,0.540671117357695
2674_pid-MR053110E_glioma.png,P20,P01,0.2723312984655997,0.0,0.540671117357695,0.540671117357695
2674_pid-MR053110E_glioma.png,P03,P02,0.0,0.0,0.6900793934625563,0.6900793934625563
2674_pid-MR053110E_glioma.png,P05,P02,0.0,0.0,0.6900793934625563,0.6900793934625563
2674_pid-MR053110E_glioma.png,P06,P02,0.0,0.0,0.6900793934625563,0.6900793934625563
2674_pid-MR053110E_glioma.png,P10,P02,0.0,0.0,0.6900793934625563,0.6900793934625563
2674_pid-MR053110E_glioma.png,P13,P02,0.0,0.0,0.6900793934625563,0.6900793934625563
2674_pid-MR053110E_glioma.png,P14,P02,0.0,0.0,0.6900793934625563,0.6900793934625563
2674_pid-MR053110E_glioma.png,P16,P02,0.0,0.0,0.6900793934625563,0.6900793934625563
2674_pid-MR053110E_glioma.png,P19,P02,0.0,0.0,0.6900793934625563,0.6900793934625563
2674_pid-MR053110E_glioma.png,P20,P02,0.0,0.0,0.6900793934625563,0.6900793934625563
2674_pid-MR053110E_glioma.png,P03,P08,0.0,0.0,0.6388867293788385,0.6388867293788385
2674_pid-MR053110E_glioma.png,P03,P11,0.0,0.0,0.6376203789996894,0.6376203789996894
2674_pid-MR053110E_glioma.png,P03,P18,0.0,0.0,0.7659363782646367,0.7659363782646367
2674_pid-MR053110E_glioma.png,P05,P08,0.0,0.0,0.6388867293788385,0.6388867293788385
2674_pid-MR053110E_glioma.png,P05,P11,0.0,0.0,0.6376203789996894,0.6376203789996894
2674_pid-MR053110E_glioma.png,P05,P18,0.0,0.0,0.7659363782646367,0.7659363782646367
2674_pid-MR053110E_glioma.png,P06,P08,0.0,0.0,0.6388867293788385,0.6388867293788385
2674_pid-MR053110E_glioma.png,P06,P11,0.0,0.0,0.6376203789996894,0.6376203789996894
2674_pid-MR053110E_glioma.png,P06,P18,0.0,0.0,0.7659363782646367,0.7659363782646367
2674_pid-MR053110E_glioma.png,P10,P08,0.0,0.0,0.6388867293788385,0.6388867293788385
2674_pid-MR053110E_glioma.png,P13,P08,0.0,0.0,0.6388867293788385,0.6388867293788385
2674_pid-MR053110E_glioma.png,P14,P08,0.0,0.0,0.6388867293788385,0.6388867293788385
2674_pid-MR053110E_glioma.png,P16,P08,0.0,0.0,0.6388867293788385,0.6388867293788385
2674_pid-MR053110E_glioma.png,P19,P08,0.0,0.0,0.6388867293788385,0.6388867293788385
2674_pid-MR053110E_glioma.png,P20,P08,0.0,0.0,0.6388867293788385,0.6388867293788385
2674_pid-MR053110E_glioma.png,P10,P11,0.0,0.0,0.6376203789996894,0.6376203789996894
2674_pid-MR053110E_glioma.png,P10,P18,0.0,0.0,0.7659363782646367,0.7659363782646367
2674_pid-MR053110E_glioma.png,P13,P11,0.0,0.0,0.6376203789996894,0.6376203789996894
2674_pid-MR053110E_glioma.png,P14,P11,0.0,0.0,0.6376203789996894,0.6376203789996894
2674_pid-MR053110E_glioma.png,P16,P11,0.0,0.0,0.6376203789996894,0.6376203789996894
2674_pid-MR053110E_glioma.png,P19,P11,0.0,0.0,0.6376203789996894,0.6376203789996894
2674_pid-MR053110E_glioma.png,P20,P11,0.0,0.0,0.6376203789996894,0.6376203789996894
2674_pid-MR053110E_glioma.png,P13,P18,0.0,0.0,0.7659363782646367,0.7659363782646367
2674_pid-MR053110E_glioma.png,P14,P18,0.0,0.0,0.7659363782646367,0.7659363782646367
2674_pid-MR053110E_glioma.png,P16,P18,0.0,0.0,0.7659363782646367,0.7659363782646367
2674_pid-MR053110E_glioma.png,P19,P18,0.0,0.0,0.7659363782646367,0.7659363782646367
2674_pid-MR053110E_glioma.png,P20,P18,0.0,0.0,0.7659363782646367,0.7659363782646367
2684_pid-MR038469_glioma.png,P04,P01,0.0,0.0,0.6964959568733153,0.6964959568733153
2684_pid-MR038469_glioma.png,P15,P01,0.0,0.0,0.6964959568733153,0.6964959568733153
2684_pid-MR038469_glioma.png,P17,P01,0.0,0.0,0.6964959568733153,0.6964959568733153
2684_pid-MR038469_glioma.png,P19,P01,0.0,0.0,0.6964959568733153,0.6964959568733153
2684_pid-MR038469_glioma.png,P04,P02,0.0,0.0,0.6986006458557589,0.6986006458557589
2684_pid-MR038469_glioma.png,P15,P02,0.0,0.0,0.6986006458557589,0.6986006458557589
2684_pid-MR038469_glioma.png,P17,P02,0.0,0.0,0.6986006458557589,0.6986006458557589
2684_pid-MR038469_glioma.png,P19,P02,0.0,0.0,0.6986006458557589,0.6986006458557589
2684_pid-MR038469_glioma.png,P04,P03,0.0,0.0,0.7110874200426439,0.7110874200426439
2684_pid-MR038469_glioma.png,P15,P03,0.0,0.0,0.7110874200426439,0.7110874200426439
2684_pid-MR038469_glioma.png,P17,P03,0.0,0.0,0.7110874200426439,0.7110874200426439
2684_pid-MR038469_glioma.png,P19,P03,0.0,0.0,0.7110874200426439,0.7110874200426439
2684_pid-MR038469_glioma.png,P04,P05,0.0,0.0,0.6964959568733153,0.6964959568733153
2684_pid-MR038469_glioma.png,P04,P06,0.0,0.0,0.6964959568733153,0.6964959568733153
2684_pid-MR038469_glioma.png,P04,P07,0.0,0.0,0.6964959568733153,0.6964959568733153
2684_pid-MR038469_glioma.png,P04,P08,0.0,0.0,0.6964959568733153,0.6964959568733153
2684_pid-MR038469_glioma.png,P04,P09,0.0,0.0,0.702441642071371,0.702441642071371
2684_pid-MR038469_glioma.png,P04,P10,0.0,0.0,0.702441642071371,0.702441642071371
2684_pid-MR038469_glioma.png,P04,P11,0.0,0.0,0.702441642071371,0.702441642071371
2684_pid-MR038469_glioma.png,P04,P12,0.0,0.0,0.6964959568733153,0.6964959568733153
2684_pid-MR038469_glioma.png,P04,P13,0.0,0.0,0.6964959568733153,0.6964959568733153
2684_pid-MR038469_glioma.png,P04,P14,0.0,0.0,0.6964959568733153,0.6964959568733153
2684_pid-MR038469_glioma.png,P04,P16,0.0,0.0,0.6964959568733153,0.6964959568733153
2684_pid-MR038469_glioma.png,P04,P18,0.0,0.0,0.6964959568733153,0.6964959568733153
2684_pid-MR038469_glioma.png,P04,P20,0.0,0.0,0.6964959568733153,0.6964959568733153
2684_pid-MR038469_glioma.png,P15,P05,0.0,0.0,0.6964959568733153,0.6964959568733153
2684_pid-MR038469_glioma.png,P17,P05,0.0,0.0,0.6964959568733153,0.6964959568733153
2684_pid-MR038469_glioma.png,P19,P05,0.0,0.0,0.6964959568733153,0.6964959568733153
2684_pid-MR038469_glioma.png,P15,P06,0.0,0.0,0.6964959568733153,0.6964959568733153
2684_pid-MR038469_glioma.png,P17,P06,0.0,0.0,0.6964959568733153,0.6964959568733153
2684_pid-MR038469_glioma.png,P19,P06,0.0,0.0,0.6964959568733153,0.6964959568733153
2684_pid-MR038469_glioma.png,P15,P07,0.0,0.0,0.6964959568733153,0.6964959568733153
2684_pid-MR038469_glioma.png,P17,P07,0.0,0.0,0.6964959568733153,0.6964959568733153
2684_pid-MR038469_glioma.png,P19,P07,0.0,0.0,0.6964959568733153,0.6964959568733153
2684_pid-MR038469_glioma.png,P15,P08,0.0,0.0,0.6964959568733153,0.6964959568733153
2684_pid-MR038469_glioma.png,P17,P08,0.0,0.0,0.6964959568733153,0.6964959568733153
2684_pid-MR038469_glioma.png,P19,P08,0.0,0.0,0.6964959568733153,0.6964959568733153
2684_pid-MR038469_glioma.png,P15,P09,0.0,0.0,0.702441642071371,0.702441642071371
2684_pid-MR038469_glioma.png,P17,P09,0.0,0.0,0.702441642071371,0.702441642071371
2684_pid-MR038469_glioma.png,P19,P09,0.0,0.0,0.702441642071371,0.702441642071371
2684_pid-MR038469_glioma.png,P15,P10,0.0,0.0,0.702441642071371,0.702441642071371
2684_pid-MR038469_glioma.png,P17,P10,0.0,0.0,0.702441642071371,0.702441642071371
2684_pid-MR038469_glioma.png,P19,P10,0.0,0.0,0.702441642071371,0.702441642071371
2684_pid-MR038469_glioma.png,P15,P11,0.0,0.0,0.702441642071371,0.702441642071371
2684_pid-MR038469_glioma.png,P17,P11,0.0,0.0,0.702441642071371,0.702441642071371
2684_pid-MR038469_glioma.png,P19,P11,0.0,0.0,0.702441642071371,0.702441642071371
2684_pid-MR038469_glioma.png,P15,P12,0.0,0.0,0.6964959568733153,0.6964959568733153
2684_pid-MR038469_glioma.png,P17,P12,0.0,0.0,0.6964959568733153,0.6964959568733153
2684_pid-MR038469_glioma.png,P19,P12,0.0,0.0,0.6964959568733153,0.6964959568733153
2684_pid-MR038469_glioma.png,P15,P13,0.0,0.0,0.6964959568733153,0.6964959568733153
2684_pid-MR038469_glioma.png,P17,P13,0.0,0.0,0.6964959568733153,0.6964959568733153
2684_pid-MR038469_glioma.png,P19,P13,0.0,0.0,0.6964959568733153,0.6964959568733153
2684_pid-MR038469_glioma.png,P15,P14,0.0,0.0,0.6964959568733153,0.6964959568733153
2684_pid-MR038469_glioma.png,P17,P14,0.0,0.0,0.6964959568733153,0.6964959568733153
2684_pid-MR038469_glioma.png,P19,P14,0.0,0.0,0.6964959568733153,0.6964959568733153
2684_pid-MR038469_glioma.png,P15,P16,0.0,0.0,0.6964959568733153,0.6964959568733153
2684_pid-MR038469_glioma.png,P15,P18,0.0,0.0,0.6964959568733153,0.6964959568733153
2684_pid-MR038469_glioma.png,P15,P20,0.0,0.0,0.6964959568733153,0.6964959568733153
2684_pid-MR038469_glioma.png,P17,P16,0.0,0.0,0.6964959568733153,0.6964959568733153
2684_pid-MR038469_glioma.png,P19,P16,0.0,0.0,0.6964959568733153,0.6964959568733153
2684_pid-MR038469_glioma.png,P17,P18,0.0,0.0,0.6964959568733153,0.6964959568733153
2684_pid-MR038469_glioma.png,P17,P20,0.0,0.0,0.6964959568733153,0.6964959568733153
2684_pid-MR038469_glioma.png,P19,P18,0.0,0.0,0.6964959568733153,0.6964959568733153
2684_pid-MR038469_glioma.png,P19,P20,0.0,0.0,0.6964959568733153,0.6964959568733153
2685_pid-MR038469_glioma.png,P15,P01,0.0,0.0,0.7743573468740083,0.7743573468740083
2685_pid-MR038469_glioma.png,P15,P02,0.0,0.0,0.7759112519809825,0.7759112519809825
2685_pid-MR038469_glioma.png,P15,P03,0.0,0.0,0.7770740975300824,0.7770740975300824
2685_pid-MR038469_glioma.png,P15,P04,0.0,0.0,0.7801642451042324,0.7801642451042324
2685_pid-MR038469_glioma.png,P15,P05,0.0,0.0,0.7759112519809825,0.7759112519809825
2685_pid-MR038469_glioma.png,P15,P06,0.0,0.0,0.7743573468740083,0.7743573468740083
2685_pid-MR038469_glioma.png,P15,P07,0.0,0.0,0.7824716267339218,0.7824716267339218
2685_pid-MR038469_glioma.png,P15,P08,0.0,0.0,0.7759112519809825,0.7759112519809825
2685_pid-MR038469_glioma.png,P15,P09,0.0,0.0,0.7727994915792818,0.7727994915792818
2685_pid-MR038469_glioma.png,P15,P10,0.0,0.0,0.7727994915792818,0.7727994915792818
2685_pid-MR038469_glioma.png,P15,P11,0.0,0.0,0.7727994915792818,0.7727994915792818
2685_pid-MR038469_glioma.png,P15,P12,0.0,0.0,0.774746192893401,0.774746192893401
2685_pid-MR038469_glioma.png,P15,P13,0.0,0.0,0.7759112519809825,0.7759112519809825
2685_pid-MR038469_glioma.png,P15,P14,0.0,0.0,0.7743573468740083,0.7743573468740083
2685_pid-MR038469_glioma.png,P15,P16,0.0,0.0,0.7743573468740083,0.7743573468740083
2685_pid-MR038469_glioma.png,P15,P17,0.0,0.0,0.774746192893401,0.774746192893401
2685_pid-MR038469_glioma.png,P15,P18,0.0,0.0,0.7759112519809825,0.7759112519809825
2685_pid-MR038469_glioma.png,P15,P19,0.0,0.0,0.7801642451042324,0.7801642451042324
2685_pid-MR038469_glioma.png,P15,P20,0.0,0.0,0.7743573468740083,0.7743573468740083
2719_pid-MR039473B_glioma.png,P01,P02,0.4782003306935863,8.439174648719355e-05,0.5865547271474219,0.5864703354009346
2719_pid-MR039473B_glioma.png,P01,P10,0.3360801573181009,8.439174648719355e-05,0.8514217060472568,0.8513373143007695
2719_pid-MR039473B_glioma.png,P01,P14,0.6293315183617909,8.439174648719355e-05,0.6195431638196217,0.6194587720731345
2719_pid-MR039473B_glioma.png,P03,P02,0.4930450961282892,8.32258332986559e-05,0.5865547271474219,0.5864715013141232
2719_pid-MR039473B_glioma.png,P06,P02,0.4931679101349652,0.0043274432023079,0.5865547271474219,0.5822272839451139
2719_pid-MR039473B_glioma.png,P08,P02,0.469412477286493,0.0,0.5865547271474219,0.5865547271474219
2719_pid-MR039473B_glioma.png,P11,P02,0.5332014693416219,0.0804035308953341,0.5865547271474219,0.5061511962520877
2719_pid-MR039473B_glioma.png,P18,P02,0.5050560979163631,0.0045286816504528,0.5865547271474219,0.582026045496969
2719_pid-MR039473B_glioma.png,P20,P02,0.4972529794607387,0.0245924179925358,0.5865547271474219,0.5619623091548861
2719_pid-MR039473B_glioma.png,P03,P10,0.3403508771929824,8.32258332986559e-05,0.8514217060472568,0.8513384802139581
2719_pid-MR039473B_glioma.png,P03,P14,0.6932990489172527,8.32258332986559e-05,0.6195431638196217,0.619459937986323
2719_pid-MR039473B_glioma.png,P06,P10,0.3119513255106475,0.0043274432023079,0.8514217060472568,0.8470942628449488
2719_pid-MR039473B_glioma.png,P06,P14,0.6670433145009416,0.0043274432023079,0.6195431638196217,0.6152157206173138
2719_pid-MR039473B_glioma.png,P08,P10,0.3362060889929742,0.0,0.8514217060472568,0.8514217060472568
2719_pid-MR039473B_glioma.png,P08,P14,0.6162541472151267,0.0,0.6195431638196217,0.6195431638196217
2719_pid-MR039473B_glioma.png,P11,P10,0.351180788520942,0.0804035308953341,0.8514217060472568,0.7710181751519226
2719_pid-MR039473B_glioma.png,P18,P10,0.3290145148968678,0.0045286816504528,0.8514217060472568,0.8468930243968039
2719_pid-MR039473B_glioma.png,P20,P10,0.314631366704655,0.0245924179925358,0.8514217060472568,0.826829288054721
2719_pid-MR039473B_glioma.png,P11,P14,0.6736539251952323,0.0804035308953341,0.6195431638196217,0.5391396329242876
2719_pid-MR039473B_glioma.png,P18,P14,0.7035294117647058,0.0045286816504528,0.6195431638196217,0.6150144821691689
2719_pid-MR039473B_glioma.png,P20,P14,0.6727740276438444,0.0245924179925358,0.6195431638196217,0.594950745827086
2742_pid-MR053110E_glioma.png,P02,P01,0.0,0.0,0.7382761330888132,0.7382761330888132
2742_pid-MR053110E_glioma.png,P04,P01,0.0,0.0,0.7382761330888132,0.7382761330888132
2742_pid-MR053110E_glioma.png,P09,P01,0.0,0.0,0.7382761330888132,0.7382761330888132
2742_pid-MR053110E_glioma.png,P15,P01,0.0,0.0,0.7382761330888132,0.7382761330888132
2742_pid-MR053110E_glioma.png,P17,P01,0.0,0.0,0.7382761330888132,0.7382761330888132
2742_pid-MR053110E_glioma.png,P19,P01,0.0410958904109589,0.0311971433940988,0.7382761330888132,0.7070789896947144
2742_pid-MR053110E_glioma.png,P02,P03,0.0,0.0,0.7420956362686177,0.7420956362686177
2742_pid-MR053110E_glioma.png,P02,P05,0.0,0.0,0.7557875016726884,0.7557875016726884
2742_pid-MR053110E_glioma.png,P02,P07,0.0,0.0,0.7551521768800328,0.7551521768800328
2742_pid-MR053110E_glioma.png,P02,P08,0.0,0.0,0.7469975449538849,0.7469975449538849
2742_pid-MR053110E_glioma.png,P02,P10,0.0,0.0,0.5172398291750955,0.5172398291750955
2742_pid-MR053110E_glioma.png,P02,P12,0.0,0.0,0.7547195344745923,0.7547195344745923
2742_pid-MR053110E_glioma.png,P02,P13,0.0,0.0,0.7316145115790855,0.7316145115790855
2742_pid-MR053110E_glioma.png,P02,P14,0.0,0.0,0.7762632520996833,0.7762632520996833
2742_pid-MR053110E_glioma.png,P02,P16,0.0,0.0,0.8977045908183633,0.8977045908183633
2742_pid-MR053110E_glioma.png,P02,P20,0.0,0.0,0.7556512378902045,0.7556512378902045
2742_pid-MR053110E_glioma.png,P04,P03,0.0,0.0,0.7420956362686177,0.7420956362686177
2742_pid-MR053110E_glioma.png,P09,P03,0.0,0.0,0.7420956362686177,0.7420956362686177
2742_pid-MR053110E_glioma.png,P15,P03,0.0,0.0,0.7420956362686177,0.7420956362686177
2742_pid-MR053110E_glioma.png,P17,P03,0.0,0.0,0.7420956362686177,0.7420956362686177
2742_pid-MR053110E_glioma.png,P19,P03,0.0503989703989704,0.0311971433940988,0.7420956362686177,0.7108984928745189
2742_pid-MR053110E_glioma.png,P04,P05,0.0,0.0,0.7557875016726884,0.7557875016726884
2742_pid-MR053110E_glioma.png,P04,P07,0.0,0.0,0.7551521768800328,0.7551521768800328
2742_pid-MR053110E_glioma.png,P04,P08,0.0,0.0,0.7469975449538849,0.7469975449538849
2742_pid-MR053110E_glioma.png,P04,P10,0.0,0.0,0.5172398291750955,0.5172398291750955
2742_pid-MR053110E_glioma.png,P04,P12,0.0,0.0,0.7547195344745923,0.7547195344745923
2742_pid-MR053110E_glioma.png,P04,P13,0.0,0.0,0.7316145115790855,0.7316145115790855
2742_pid-MR053110E_glioma.png,P04,P14,0.0,0.0,0.7762632520996833,0.7762632520996833
2742_pid-MR053110E_glioma.png,P04,P16,0.0,0.0,0.8977045908183633,0.8977045908183633
2742_pid-MR053110E_glioma.png,P04,P20,0.0,0.0,0.7556512378902045,0.7556512378902045
2742_pid-MR053110E_glioma.png,P09,P05,0.0,0.0,0.7557875016726884,0.7557875016726884
2742_pid-MR053110E_glioma.png,P15,P05,0.0,0.0,0.7557875016726884,0.7557875016726884
2742_pid-MR053110E_glioma.png,P17,P05,0.0,0.0,0.7557875016726884,0.7557875016726884
2742_pid-MR053110E_glioma.png,P19,P05,0.0508756430909941,0.0311971433940988,0.7557875016726884,0.7245903582785895
2742_pid-MR053110E_glioma.png,P09,P07,0.0,0.0,0.7551521768800328,0.7551521768800328
2742_pid-MR053110E_glioma.png,P15,P07,0.0,0.0,0.7551521768800328,0.7551521768800328
2742_pid-MR053110E_glioma.png,P17,P07,0.0,0.0,0.7551521768800328,0.7551521768800328
2742_pid-MR053110E_glioma.png,P19,P07,0.0048324917196068,0.0311971433940988,0.7551521768800328,0.7239550334859339
2742_pid-MR053110E_glioma.png,P09,P08,0.0,0.0,0.7469975449538849,0.7469975449538849
2742_pid-MR053110E_glioma.png,P15,P08,0.0,0.0,0.7469975449538849,0.7469975449538849
2742_pid-MR053110E_glioma.png,P17,P08,0.0,0.0,0.7469975449538849,0.7469975449538849
2742_pid-MR053110E_glioma.png,P19,P08,0.041860465116279,0.0311971433940988,0.7469975449538849,0.7158004015597861
2742_pid-MR053110E_glioma.png,P09,P10,0.0,0.0,0.5172398291750955,0.5172398291750955
2742_pid-MR053110E_glioma.png,P09,P12,0.0,0.0,0.7547195344745923,0.7547195344745923
2742_pid-MR053110E_glioma.png,P09,P13,0.0,0.0,0.7316145115790855,0.7316145115790855
2742_pid-MR053110E_glioma.png,P09,P14,0.0,0.0,0.7762632520996833,0.7762632520996833
2742_pid-MR053110E_glioma.png,P09,P16,0.0,0.0,0.8977045908183633,0.8977045908183633
2742_pid-MR053110E_glioma.png,P09,P20,0.0,0.0,0.7556512378902045,0.7556512378902045
2742_pid-MR053110E_glioma.png,P15,P10,0.0,0.0,0.5172398291750955,0.5172398291750955
2742_pid-MR053110E_glioma.png,P17,P10,0.0,0.0,0.5172398291750955,0.5172398291750955
2742_pid-MR053110E_glioma.png,P19,P10,0.3309461506679521,0.0311971433940988,0.5172398291750955,0.4860426857809967
2742_pid-MR053110E_glioma.png,P15,P12,0.0,0.0,0.7547195344745923,0.7547195344745923
2742_pid-MR053110E_glioma.png,P17,P12,0.0,0.0,0.7547195344745923,0.7547195344745923
2742_pid-MR053110E_glioma.png,P19,P12,0.0236714718868024,0.0311971433940988,0.7547195344745923,0.7235223910804934
2742_pid-MR053110E_glioma.png,P15,P13,0.0,0.0,0.7316145115790855,0.7316145115790855
2742_pid-MR053110E_glioma.png,P17,P13,0.0,0.0,0.7316145115790855,0.7316145115790855
2742_pid-MR053110E_glioma.png,P19,P13,0.0227586559607221,0.0311971433940988,0.7316145115790855,0.7004173681849867
2742_pid-MR053110E_glioma.png,P15,P14,0.0,0.0,0.7762632520996833,0.7762632520996833
2742_pid-MR053110E_glioma.png,P17,P14,0.0,0.0,0.7762632520996833,0.7762632520996833
2742_pid-MR053110E_glioma.png,P19,P14,0.0511040350785613,0.0311971433940988,0.7762632520996833,0.7450661087055844
2742_pid-MR053110E_glioma.png,P15,P16,0.0,0.0,0.8977045908183633,0.8977045908183633
2742_pid-MR053110E_glioma.png,P15,P20,0.0,0.0,0.7556512378902045,0.7556512378902045
2742_pid-MR053110E_glioma.png,P17,P16,0.0,0.0,0.8977045908183633,0.8977045908183633
2742_pid-MR053110E_glioma.png,P19,P16,0.0150719729043183,0.0311971433940988,0.8977045908183633,0.8665074474242644
2742_pid-MR053110E_glioma.png,P17,P20,0.0,0.0,0.7556512378902045,0.7556512378902045
2742_pid-MR053110E_glioma.png,P19,P20,0.041860465116279,0.0311971433940988,0.7556512378902045,0.7244540944961056
2875_pid-MR049104B_glioma.png,P04,P01,0.0,0.0,0.8943089430894309,0.8943089430894309
2875_pid-MR049104B_glioma.png,P15,P01,0.0,0.0,0.8943089430894309,0.8943089430894309
2875_pid-MR049104B_glioma.png,P17,P01,0.0,0.0,0.8943089430894309,0.8943089430894309
2875_pid-MR049104B_glioma.png,P04,P02,0.0,0.0,0.8944881889763779,0.8944881889763779
2875_pid-MR049104B_glioma.png,P15,P02,0.0,0.0,0.8944881889763779,0.8944881889763779
2875_pid-MR049104B_glioma.png,P17,P02,0.0,0.0,0.8944881889763779,0.8944881889763779
2875_pid-MR049104B_glioma.png,P04,P03,0.0,0.0,0.8948194662480377,0.8948194662480377
2875_pid-MR049104B_glioma.png,P15,P03,0.0,0.0,0.8948194662480377,0.8948194662480377
2875_pid-MR049104B_glioma.png,P17,P03,0.0,0.0,0.8948194662480377,0.8948194662480377
2875_pid-MR049104B_glioma.png,P04,P05,0.0,0.0,0.8955974842767296,0.8955974842767296
2875_pid-MR049104B_glioma.png,P04,P06,0.0,0.0,0.8942731277533039,0.8942731277533039
2875_pid-MR049104B_glioma.png,P04,P07,0.0,0.0,0.8936835522201376,0.8936835522201376
2875_pid-MR049104B_glioma.png,P04,P08,0.0,0.0,0.895447409733124,0.895447409733124
2875_pid-MR049104B_glioma.png,P04,P09,0.0,0.0,0.8945546112684923,0.8945546112684923
2875_pid-MR049104B_glioma.png,P04,P10,0.0,0.0,0.8952978056426333,0.8952978056426333
2875_pid-MR049104B_glioma.png,P04,P11,0.0,0.0,0.8950520012606367,0.8950520012606367
2875_pid-MR049104B_glioma.png,P04,P12,0.0,0.0,0.8953159383841559,0.8953159383841559
2875_pid-MR049104B_glioma.png,P04,P13,0.0,0.0,0.8944881889763779,0.8944881889763779
2875_pid-MR049104B_glioma.png,P04,P14,0.0,0.0,0.8942731277533039,0.8942731277533039
2875_pid-MR049104B_glioma.png,P04,P16,0.0,0.0,0.8955974842767296,0.8955974842767296
2875_pid-MR049104B_glioma.png,P04,P18,0.0,0.0,0.8948362720403022,0.8948362720403022
2875_pid-MR049104B_glioma.png,P04,P19,0.0,0.0,0.8970541653468482,0.8970541653468482
2875_pid-MR049104B_glioma.png,P04,P20,0.0,0.0,0.8948362720403022,0.8948362720403022
2875_pid-MR049104B_glioma.png,P15,P05,0.0,0.0,0.8955974842767296,0.8955974842767296
2875_pid-MR049104B_glioma.png,P17,P05,0.0,0.0,0.8955974842767296,0.8955974842767296
2875_pid-MR049104B_glioma.png,P15,P06,0.0,0.0,0.8942731277533039,0.8942731277533039
2875_pid-MR049104B_glioma.png,P17,P06,0.0,0.0,0.8942731277533039,0.8942731277533039
2875_pid-MR049104B_glioma.png,P15,P07,0.0,0.0,0.8936835522201376,0.8936835522201376
2875_pid-MR049104B_glioma.png,P17,P07,0.0,0.0,0.8936835522201376,0.8936835522201376
2875_pid-MR049104B_glioma.png,P15,P08,0.0,0.0,0.895447409733124,0.895447409733124
2875_pid-MR049104B_glioma.png,P17,P08,0.0,0.0,0.895447409733124,0.895447409733124
2875_pid-MR049104B_glioma.png,P15,P09,0.0,0.0,0.8945546112684923,0.8945546112684923
2875_pid-MR049104B_glioma.png,P17,P09,0.0,0.0,0.8945546112684923,0.8945546112684923
2875_pid-MR049104B_glioma.png,P15,P10,0.0,0.0,0.8952978056426333,0.8952978056426333
2875_pid-MR049104B_glioma.png,P17,P10,0.0,0.0,0.8952978056426333,0.8952978056426333
2875_pid-MR049104B_glioma.png,P15,P11,0.0,0.0,0.8950520012606367,0.8950520012606367
2875_pid-MR049104B_glioma.png,P17,P11,0.0,0.0,0.8950520012606367,0.8950520012606367
2875_pid-MR049104B_glioma.png,P15,P12,0.0,0.0,0.8953159383841559,0.8953159383841559
2875_pid-MR049104B_glioma.png,P17,P12,0.0,0.0,0.8953159383841559,0.8953159383841559
2875_pid-MR049104B_glioma.png,P15,P13,0.0,0.0,0.8944881889763779,0.8944881889763779
2875_pid-MR049104B_glioma.png,P17,P13,0.0,0.0,0.8944881889763779,0.8944881889763779
2875_pid-MR049104B_glioma.png,P15,P14,0.0,0.0,0.8942731277533039,0.8942731277533039
2875_pid-MR049104B_glioma.png,P17,P14,0.0,0.0,0.8942731277533039,0.8942731277533039
2875_pid-MR049104B_glioma.png,P15,P16,0.0,0.0,0.8955974842767296,0.8955974842767296
2875_pid-MR049104B_glioma.png,P15,P18,0.0,0.0,0.8948362720403022,0.8948362720403022
2875_pid-MR049104B_glioma.png,P15,P19,0.0,0.0,0.8970541653468482,0.8970541653468482
2875_pid-MR049104B_glioma.png,P15,P20,0.0,0.0,0.8948362720403022,0.8948362720403022
2875_pid-MR049104B_glioma.png,P17,P16,0.0,0.0,0.8955974842767296,0.8955974842767296
2875_pid-MR049104B_glioma.png,P17,P18,0.0,0.0,0.8948362720403022,0.8948362720403022
2875_pid-MR049104B_glioma.png,P17,P19,0.0,0.0,0.8970541653468482,0.8970541653468482
2875_pid-MR049104B_glioma.png,P17,P20,0.0,0.0,0.8948362720403022,0.8948362720403022
291_pid-106284_meningioma.png,P15,P01,0.3926607158957713,0.006771856165775,0.7362054526844701,0.7294335965186951
291_pid-106284_meningioma.png,P15,P02,0.3900027718747113,0.006771856165775,0.7058261700095511,0.699054313843776
291_pid-106284_meningioma.png,P15,P03,0.3788966799020022,0.006771856165775,0.839046072313873,0.8322742161480979
291_pid-106284_meningioma.png,P15,P04,0.5322251385243512,0.006771856165775,0.6705426356589147,0.6637707794931397
291_pid-106284_meningioma.png,P15,P05,0.3721518987341772,0.006771856165775,0.6902021472095947,0.6834302910438197
291_pid-106284_meningioma.png,P15,P06,0.3682337992376112,0.006771856165775,0.8240804996530188,0.8173086434872437
291_pid-106284_meningioma.png,P15,P07,0.397462809163092,0.006771856165775,0.7276814988290398,0.7209096426632647
291_pid-106284_meningioma.png,P15,P08,0.397462809163092,0.006771856165775,0.7276814988290398,0.7209096426632647
291_pid-106284_meningioma.png,P15,P09,0.3745592156188183,0.006771856165775,0.8044014084507042,0.7976295522849292
291_pid-106284_meningioma.png,P15,P10,0.3400154202004626,0.006771856165775,0.8050414242904989,0.7982695681247238
291_pid-106284_meningioma.png,P15,P11,0.3513944223107569,0.006771856165775,0.7481748452083911,0.741402989042616
291_pid-106284_meningioma.png,P15,P12,0.3937318936002107,0.006771856165775,0.8117616172223681,0.804989761056593
291_pid-106284_meningioma.png,P15,P13,0.376601195559351,0.006771856165775,0.6831971995332555,0.6764253433674805
291_pid-106284_meningioma.png,P15,P14,0.3588980528866593,0.006771856165775,0.8063721175849322,0.7996002614191572
291_pid-106284_meningioma.png,P15,P16,0.3594132029339853,0.006771856165775,0.730715156059612,0.723943299893837
291_pid-106284_meningioma.png,P15,P17,0.3735783027121609,0.006771856165775,0.6605395790097836,0.6537677228440085
291_pid-106284_meningioma.png,P15,P18,0.3833964257417026,0.006771856165775,0.7913144077600783,0.7845425515943033
291_pid-106284_meningioma.png,P15,P19,0.5159981123171308,0.006771856165775,0.6826254826254826,0.6758536264597076
291_pid-106284_meningioma.png,P15,P20,0.3715996126419579,0.006771856165775,0.7900705420126797,0.7832986858469047
2928_pid-MR051586_glioma.png,P04,P01,0.0,0.0,0.6991460811222934,0.6991460811222934
2928_pid-MR051586_glioma.png,P04,P02,0.0,0.0,0.6564287865100873,0.6564287865100873
2928_pid-MR051586_glioma.png,P04,P03,0.0,0.0,0.6976630567543359,0.6976630567543359
2928_pid-MR051586_glioma.png,P04,P05,0.0,0.0,0.6937510197422092,0.6937510197422092
2928_pid-MR051586_glioma.png,P04,P06,0.0,0.0,0.7090030881304933,0.7090030881304933
2928_pid-MR051586_glioma.png,P04,P07,0.0,0.0,0.6765883376849434,0.6765883376849434
2928_pid-MR051586_glioma.png,P04,P08,0.0,0.0,0.6874699181774426,0.6874699181774426
2928_pid-MR051586_glioma.png,P04,P09,0.0,0.0,0.7063809748057452,0.7063809748057452
2928_pid-MR051586_glioma.png,P04,P10,0.0,0.0,0.6892085120699807,0.6892085120699807
2928_pid-MR051586_glioma.png,P04,P11,0.0,0.0,0.6795889771134984,0.6795889771134984
2928_pid-MR051586_glioma.png,P04,P12,0.0,0.0,0.7039229615597127,0.7039229615597127
2928_pid-MR051586_glioma.png,P04,P13,0.0,0.0,0.7066698165209859,0.7066698165209859
2928_pid-MR051586_glioma.png,P04,P14,0.0,0.0,0.6918767507002801,0.6918767507002801
2928_pid-MR051586_glioma.png,P04,P15,0.0,0.0,0.6985069834644405,0.6985069834644405
2928_pid-MR051586_glioma.png,P04,P16,0.0,0.0,0.6977597066092641,0.6977597066092641
2928_pid-MR051586_glioma.png,P04,P17,0.0,0.0,0.7021176470588235,0.7021176470588235
2928_pid-MR051586_glioma.png,P04,P18,0.0,0.0,0.6911090742438131,0.6911090742438131
2928_pid-MR051586_glioma.png,P04,P19,0.0,0.0,0.6764444444444444,0.6764444444444444
2928_pid-MR051586_glioma.png,P04,P20,0.0,0.0,0.6959010054137664,0.6959010054137664
2960_pid-MR051651B_glioma.png,P01,P15,0.272754831375521,0.0,0.6039538714991762,0.6039538714991762
2960_pid-MR051651B_glioma.png,P02,P15,0.0,0.0,0.6039538714991762,0.6039538714991762
2960_pid-MR051651B_glioma.png,P03,P15,0.2806237816764133,0.0,0.6039538714991762,0.6039538714991762
2960_pid-MR051651B_glioma.png,P04,P15,0.0,0.0,0.6039538714991762,0.6039538714991762
2960_pid-MR051651B_glioma.png,P05,P15,0.0,0.0,0.6039538714991762,0.6039538714991762
2960_pid-MR051651B_glioma.png,P06,P15,0.2622222222222222,0.0,0.6039538714991762,0.6039538714991762
2960_pid-MR051651B_glioma.png,P07,P15,0.2714230019493177,0.0,0.6039538714991762,0.6039538714991762
2960_pid-MR051651B_glioma.png,P08,P15,0.272754831375521,0.0,0.6039538714991762,0.6039538714991762
2960_pid-MR051651B_glioma.png,P09,P15,0.2444444444444444,0.0,0.6039538714991762,0.6039538714991762
2960_pid-MR051651B_glioma.png,P10,P15,0.2622222222222222,0.0,0.6039538714991762,0.6039538714991762
2960_pid-MR051651B_glioma.png,P11,P15,0.29107021131561,0.0179500987255429,0.6039538714991762,0.5860037727736334
2960_pid-MR051651B_glioma.png,P12,P15,0.0,0.0,0.6039538714991762,0.6039538714991762
2960_pid-MR051651B_glioma.png,P13,P15,0.29107021131561,0.0179500987255429,0.6039538714991762,0.5860037727736334
2960_pid-MR051651B_glioma.png,P14,P15,0.2714230019493177,0.0,0.6039538714991762,0.6039538714991762
2960_pid-MR051651B_glioma.png,P16,P15,0.0,0.0,0.6039538714991762,0.6039538714991762
2960_pid-MR051651B_glioma.png,P17,P15,0.2806237816764133,0.0,0.6039538714991762,0.6039538714991762
2960_pid-MR051651B_glioma.png,P18,P15,0.2530214424951267,0.0,0.6039538714991762,0.6039538714991762
2960_pid-MR051651B_glioma.png,P19,P15,0.3091617933723197,0.0279269602577873,0.6039538714991762,0.5760269112413889
2960_pid-MR051651B_glioma.png,P20,P15,0.29107021131561,0.0179500987255429,0.6039538714991762,0.5860037727736334
2975_pid-MR052550_glioma.png,P02,P01,0.0,0.0,0.9020289855072464,0.9020289855072464
2975_pid-MR052550_glioma.png,P04,P01,0.0,0.0,0.9020289855072464,0.9020289855072464
2975_pid-MR052550_glioma.png,P15,P01,0.0,0.0,0.9020289855072464,0.9020289855072464
2975_pid-MR052550_glioma.png,P17,P01,0.0,0.0,0.9020289855072464,0.9020289855072464
2975_pid-MR052550_glioma.png,P19,P01,0.0,0.0,0.9020289855072464,0.9020289855072464
2975_pid-MR052550_glioma.png,P02,P03,0.0,0.0,0.9097303634232122,0.9097303634232122
2975_pid-MR052550_glioma.png,P02,P05,0.0,0.0,0.9097303634232122,0.9097303634232122
2975_pid-MR052550_glioma.png,P02,P06,0.0,0.0,0.9097303634232122,0.9097303634232122
2975_pid-MR052550_glioma.png,P02,P07,0.0,0.0,0.9097303634232122,0.9097303634232122
2975_pid-MR052550_glioma.png,P02,P08,0.0,0.0,0.9097303634232122,0.9097303634232122
2975_pid-MR052550_glioma.png,P02,P09,0.0,0.0,0.9020289855072464,0.9020289855072464
2975_pid-MR052550_glioma.png,P02,P10,0.0,0.0,0.9097303634232122,0.9097303634232122
2975_pid-MR052550_glioma.png,P02,P11,0.0,0.0,0.9020289855072464,0.9020289855072464
2975_pid-MR052550_glioma.png,P02,P12,0.0,0.0,0.9097303634232122,0.9097303634232122
2975_pid-MR052550_glioma.png,P02,P13,0.0,0.0,0.9097303634232122,0.9097303634232122
2975_pid-MR052550_glioma.png,P02,P14,0.0,0.0,0.9097303634232122,0.9097303634232122
2975_pid-MR052550_glioma.png,P02,P16,0.0,0.0,0.9097303634232122,0.9097303634232122
2975_pid-MR052550_glioma.png,P02,P18,0.0,0.0,0.9020289855072464,0.9020289855072464
2975_pid-MR052550_glioma.png,P02,P20,0.0,0.0,0.9020289855072464,0.9020289855072464
2975_pid-MR052550_glioma.png,P04,P03,0.0,0.0,0.9097303634232122,0.9097303634232122
2975_pid-MR052550_glioma.png,P15,P03,0.0,0.0,0.9097303634232122,0.9097303634232122
2975_pid-MR052550_glioma.png,P17,P03,0.0,0.0,0.9097303634232122,0.9097303634232122
2975_pid-MR052550_glioma.png,P19,P03,0.0,0.0,0.9097303634232122,0.9097303634232122
2975_pid-MR052550_glioma.png,P04,P05,0.0,0.0,0.9097303634232122,0.9097303634232122
2975_pid-MR052550_glioma.png,P04,P06,0.0,0.0,0.9097303634232122,0.9097303634232122
2975_pid-MR052550_glioma.png,P04,P07,0.0,0.0,0.9097303634232122,0.9097303634232122
2975_pid-MR052550_glioma.png,P04,P08,0.0,0.0,0.9097303634232122,0.9097303634232122
2975_pid-MR052550_glioma.png,P04,P09,0.0,0.0,0.9020289855072464,0.9020289855072464
2975_pid-MR052550_glioma.png,P04,P10,0.0,0.0,0.9097303634232122,0.9097303634232122
2975_pid-MR052550_glioma.png,P04,P11,0.0,0.0,0.9020289855072464,0.9020289855072464
2975_pid-MR052550_glioma.png,P04,P12,0.0,0.0,0.9097303634232122,0.9097303634232122
2975_pid-MR052550_glioma.png,P04,P13,0.0,0.0,0.9097303634232122,0.9097303634232122
2975_pid-MR052550_glioma.png,P04,P14,0.0,0.0,0.9097303634232122,0.9097303634232122
2975_pid-MR052550_glioma.png,P04,P16,0.0,0.0,0.9097303634232122,0.9097303634232122
2975_pid-MR052550_glioma.png,P04,P18,0.0,0.0,0.9020289855072464,0.9020289855072464
2975_pid-MR052550_glioma.png,P04,P20,0.0,0.0,0.9020289855072464,0.9020289855072464
2975_pid-MR052550_glioma.png,P15,P05,0.0,0.0,0.9097303634232122,0.9097303634232122
2975_pid-MR052550_glioma.png,P17,P05,0.0,0.0,0.9097303634232122,0.9097303634232122
2975_pid-MR052550_glioma.png,P19,P05,0.0,0.0,0.9097303634232122,0.9097303634232122
2975_pid-MR052550_glioma.png,P15,P06,0.0,0.0,0.9097303634232122,0.9097303634232122
2975_pid-MR052550_glioma.png,P17,P06,0.0,0.0,0.9097303634232122,0.9097303634232122
2975_pid-MR052550_glioma.png,P19,P06,0.0,0.0,0.9097303634232122,0.9097303634232122
2975_pid-MR052550_glioma.png,P15,P07,0.0,0.0,0.9097303634232122,0.9097303634232122
2975_pid-MR052550_glioma.png,P17,P07,0.0,0.0,0.9097303634232122,0.9097303634232122
2975_pid-MR052550_glioma.png,P19,P07,0.0,0.0,0.9097303634232122,0.9097303634232122
2975_pid-MR052550_glioma.png,P15,P08,0.0,0.0,0.9097303634232122,0.9097303634232122
2975_pid-MR052550_glioma.png,P17,P08,0.0,0.0,0.9097303634232122,0.9097303634232122
2975_pid-MR052550_glioma.png,P19,P08,0.0,0.0,0.9097303634232122,0.9097303634232122
2975_pid-MR052550_glioma.png,P15,P09,0.0,0.0,0.9020289855072464,0.9020289855072464
2975_pid-MR052550_glioma.png,P17,P09,0.0,0.0,0.9020289855072464,0.9020289855072464
2975_pid-MR052550_glioma.png,P19,P09,0.0,0.0,0.9020289855072464,0.9020289855072464
2975_pid-MR052550_glioma.png,P15,P10,0.0,0.0,0.9097303634232122,0.9097303634232122
2975_pid-MR052550_glioma.png,P17,P10,0.0,0.0,0.9097303634232122,0.9097303634232122
2975_pid-MR052550_glioma.png,P19,P10,0.0,0.0,0.9097303634232122,0.9097303634232122
2975_pid-MR052550_glioma.png,P15,P11,0.0,0.0,0.9020289855072464,0.9020289855072464
2975_pid-MR052550_glioma.png,P17,P11,0.0,0.0,0.9020289855072464,0.9020289855072464
2975_pid-MR052550_glioma.png,P19,P11,0.0,0.0,0.9020289855072464,0.9020289855072464
2975_pid-MR052550_glioma.png,P15,P12,0.0,0.0,0.9097303634232122,0.9097303634232122
2975_pid-MR052550_glioma.png,P17,P12,0.0,0.0,0.9097303634232122,0.9097303634232122
2975_pid-MR052550_glioma.png,P19,P12,0.0,0.0,0.9097303634232122,0.9097303634232122
2975_pid-MR052550_glioma.png,P15,P13,0.0,0.0,0.9097303634232122,0.9097303634232122
2975_pid-MR052550_glioma.png,P17,P13,0.0,0.0,0.9097303634232122,0.9097303634232122
2975_pid-MR052550_glioma.png,P19,P13,0.0,0.0,0.9097303634232122,0.9097303634232122
2975_pid-MR052550_glioma.png,P15,P14,0.0,0.0,0.9097303634232122,0.9097303634232122
2975_pid-MR052550_glioma.png,P17,P14,0.0,0.0,0.9097303634232122,0.9097303634232122
2975_pid-MR052550_glioma.png,P19,P14,0.0,0.0,0.9097303634232122,0.9097303634232122
2975_pid-MR052550_glioma.png,P15,P16,0.0,0.0,0.9097303634232122,0.9097303634232122
2975_pid-MR052550_glioma.png,P15,P18,0.0,0.0,0.9020289855072464,0.9020289855072464
2975_pid-MR052550_glioma.png,P15,P20,0.0,0.0,0.9020289855072464,0.9020289855072464
2975_pid-MR052550_glioma.png,P17,P16,0.0,0.0,0.9097303634232122,0.9097303634232122
2975_pid-MR052550_glioma.png,P19,P16,0.0,0.0,0.9097303634232122,0.9097303634232122
2975_pid-MR052550_glioma.png,P17,P18,0.0,0.0,0.9020289855072464,0.9020289855072464
2975_pid-MR052550_glioma.png,P17,P20,0.0,0.0,0.9020289855072464,0.9020289855072464
2975_pid-MR052550_glioma.png,P19,P18,0.0,0.0,0.9020289855072464,0.9020289855072464
2975_pid-MR052550_glioma.png,P19,P20,0.0,0.0,0.9020289855072464,0.9020289855072464
2987_pid-MR051644C_glioma.png,P02,P03,0.0,0.0,0.5348175320979065,0.5348175320979065
2987_pid-MR051644C_glioma.png,P02,P06,0.0,0.0,0.5219064725126692,0.5219064725126692
2987_pid-MR051644C_glioma.png,P02,P10,0.0,0.0,0.5389206508764214,0.5389206508764214
2987_pid-MR051644C_glioma.png,P02,P14,0.0,0.0,0.5286494727480625,0.5286494727480625
2987_pid-MR051644C_glioma.png,P02,P18,0.0,0.0,0.5417376490630323,0.5417376490630323
2987_pid-MR051644C_glioma.png,P04,P03,0.0,0.0,0.5348175320979065,0.5348175320979065
2987_pid-MR051644C_glioma.png,P05,P03,0.0,0.0,0.5348175320979065,0.5348175320979065
2987_pid-MR051644C_glioma.png,P07,P03,0.0,0.0,0.5348175320979065,0.5348175320979065
2987_pid-MR051644C_glioma.png,P08,P03,0.0,0.0,0.5348175320979065,0.5348175320979065
2987_pid-MR051644C_glioma.png,P09,P03,0.0,0.0,0.5348175320979065,0.5348175320979065
2987_pid-MR051644C_glioma.png,P11,P03,0.0,0.0,0.5348175320979065,0.5348175320979065
2987_pid-MR051644C_glioma.png,P12,P03,0.0,0.0,0.5348175320979065,0.5348175320979065
2987_pid-MR051644C_glioma.png,P13,P03,0.0,0.0,0.5348175320979065,0.5348175320979065
2987_pid-MR051644C_glioma.png,P15,P03,0.0,0.0,0.5348175320979065,0.5348175320979065
2987_pid-MR051644C_glioma.png,P16,P03,0.0,0.0,0.5348175320979065,0.5348175320979065
2987_pid-MR051644C_glioma.png,P17,P03,0.0,0.0,0.5348175320979065,0.5348175320979065
2987_pid-MR051644C_glioma.png,P19,P03,0.0,0.0,0.5348175320979065,0.5348175320979065
2987_pid-MR051644C_glioma.png,P20,P03,0.0,0.0,0.5348175320979065,0.5348175320979065
2987_pid-MR051644C_glioma.png,P04,P06,0.0,0.0,0.5219064725126692,0.5219064725126692
2987_pid-MR051644C_glioma.png,P04,P10,0.0,0.0,0.5389206508764214,0.5389206508764214
2987_pid-MR051644C_glioma.png,P04,P14,0.0,0.0,0.5286494727480625,0.5286494727480625
2987_pid-MR051644C_glioma.png,P04,P18,0.0,0.0,0.5417376490630323,0.5417376490630323
2987_pid-MR051644C_glioma.png,P05,P06,0.0,0.0,0.5219064725126692,0.5219064725126692
2987_pid-MR051644C_glioma.png,P05,P10,0.0,0.0,0.5389206508764214,0.5389206508764214
2987_pid-MR051644C_glioma.png,P05,P14,0.0,0.0,0.5286494727480625,0.5286494727480625
2987_pid-MR051644C_glioma.png,P05,P18,0.0,0.0,0.5417376490630323,0.5417376490630323
2987_pid-MR051644C_glioma.png,P07,P06,0.0,0.0,0.5219064725126692,0.5219064725126692
2987_pid-MR051644C_glioma.png,P08,P06,0.0,0.0,0.5219064725126692,0.5219064725126692
2987_pid-MR051644C_glioma.png,P09,P06,0.0,0.0,0.5219064725126692,0.5219064725126692
2987_pid-MR051644C_glioma.png,P11,P06,0.0,0.0,0.5219064725126692,0.5219064725126692
2987_pid-MR051644C_glioma.png,P12,P06,0.0,0.0,0.5219064725126692,0.5219064725126692
2987_pid-MR051644C_glioma.png,P13,P06,0.0,0.0,0.5219064725126692,0.5219064725126692
2987_pid-MR051644C_glioma.png,P15,P06,0.0,0.0,0.5219064725126692,0.5219064725126692
2987_pid-MR051644C_glioma.png,P16,P06,0.0,0.0,0.5219064725126692,0.5219064725126692
2987_pid-MR051644C_glioma.png,P17,P06,0.0,0.0,0.5219064725126692,0.5219064725126692
2987_pid-MR051644C_glioma.png,P19,P06,0.0,0.0,0.5219064725126692,0.5219064725126692
2987_pid-MR051644C_glioma.png,P20,P06,0.0,0.0,0.5219064725126692,0.5219064725126692
2987_pid-MR051644C_glioma.png,P07,P10,0.0,0.0,0.5389206508764214,0.5389206508764214
2987_pid-MR051644C_glioma.png,P07,P14,0.0,0.0,0.5286494727480625,0.5286494727480625
2987_pid-MR051644C_glioma.png,P07,P18,0.0,0.0,0.5417376490630323,0.5417376490630323
2987_pid-MR051644C_glioma.png,P08,P10,0.0,0.0,0.5389206508764214,0.5389206508764214
2987_pid-MR051644C_glioma.png,P08,P14,0.0,0.0,0.5286494727480625,0.5286494727480625
2987_pid-MR051644C_glioma.png,P08,P18,0.0,0.0,0.5417376490630323,0.5417376490630323
2987_pid-MR051644C_glioma.png,P09,P10,0.0,0.0,0.5389206508764214,0.5389206508764214
2987_pid-MR051644C_glioma.png,P09,P14,0.0,0.0,0.5286494727480625,0.5286494727480625
2987_pid-MR051644C_glioma.png,P09,P18,0.0,0.0,0.5417376490630323,0.5417376490630323
2987_pid-MR051644C_glioma.png,P11,P10,0.0,0.0,0.5389206508764214,0.5389206508764214
2987_pid-MR051644C_glioma.png,P12,P10,0.0,0.0,0.5389206508764214,0.5389206508764214
2987_pid-MR051644C_glioma.png,P13,P10,0.0,0.0,0.5389206508764214,0.5389206508764214
2987_pid-MR051644C_glioma.png,P15,P10,0.0,0.0,0.5389206508764214,0.5389206508764214
2987_pid-MR051644C_glioma.png,P16,P10,0.0,0.0,0.5389206508764214,0.5389206508764214
2987_pid-MR051644C_glioma.png,P17,P10,0.0,0.0,0.5389206508764214,0.5389206508764214
2987_pid-MR051644C_glioma.png,P19,P10,0.0,0.0,0.5389206508764214,0.5389206508764214
2987_pid-MR051644C_glioma.png,P20,P10,0.0,0.0,0.5389206508764214,0.5389206508764214
2987_pid-MR051644C_glioma.png,P11,P14,0.0,0.0,0.5286494727480625,0.5286494727480625
2987_pid-MR051644C_glioma.png,P11,P18,0.0,0.0,0.5417376490630323,0.5417376490630323
2987_pid-MR051644C_glioma.png,P12,P14,0.0,0.0,0.5286494727480625,0.5286494727480625
2987_pid-MR051644C_glioma.png,P12,P18,0.0,0.0,0.5417376490630323,0.5417376490630323
2987_pid-MR051644C_glioma.png,P13,P14,0.0,0.0,0.5286494727480625,0.5286494727480625
2987_pid-MR051644C_glioma.png,P13,P18,0.0,0.0,0.5417376490630323,0.5417376490630323
2987_pid-MR051644C_glioma.png,P15,P14,0.0,0.0,0.5286494727480625,0.5286494727480625
2987_pid-MR051644C_glioma.png,P16,P14,0.0,0.0,0.5286494727480625,0.5286494727480625
2987_pid-MR051644C_glioma.png,P17,P14,0.0,0.0,0.5286494727480625,0.5286494727480625
2987_pid-MR051644C_glioma.png,P19,P14,0.0,0.0,0.5286494727480625,0.5286494727480625
2987_pid-MR051644C_glioma.png,P20,P14,0.0,0.0,0.5286494727480625,0.5286494727480625
2987_pid-MR051644C_glioma.png,P15,P18,0.0,0.0,0.5417376490630323,0.5417376490630323
2987_pid-MR051644C_glioma.png,P16,P18,0.0,0.0,0.5417376490630323,0.5417376490630323
2987_pid-MR051644C_glioma.png,P17,P18,0.0,0.0,0.5417376490630323,0.5417376490630323
2987_pid-MR051644C_glioma.png,P19,P18,0.0,0.0,0.5417376490630323,0.5417376490630323
2987_pid-MR051644C_glioma.png,P20,P18,0.0,0.0,0.5417376490630323,0.5417376490630323
2995_pid-MR049942B_glioma.png,P04,P01,0.5660260384376937,0.0215281454032115,0.6694290045477513,0.6479008591445399
2995_pid-MR049942B_glioma.png,P17,P01,0.0,0.0,0.6694290045477513,0.6694290045477513
2995_pid-MR049942B_glioma.png,P19,P01,0.0,0.0,0.6694290045477513,0.6694290045477513
2995_pid-MR049942B_glioma.png,P04,P02,0.3292909805002411,0.0215281454032115,0.8061983892343766,0.7846702438311651
2995_pid-MR049942B_glioma.png,P17,P02,0.0,0.0,0.8061983892343766,0.8061983892343766
2995_pid-MR049942B_glioma.png,P19,P02,0.0,0.0,0.8061983892343766,0.8061983892343766
2995_pid-MR049942B_glioma.png,P04,P03,0.6421926243223345,0.0215281454032115,0.57702948383527,0.5555013384320585
2995_pid-MR049942B_glioma.png,P17,P03,0.0,0.0,0.57702948383527,0.57702948383527
2995_pid-MR049942B_glioma.png,P19,P03,0.0,0.0,0.57702948383527,0.57702948383527
2995_pid-MR049942B_glioma.png,P04,P05,0.5097205769632778,0.0215281454032115,0.7123287671232876,0.6908006217200762
2995_pid-MR049942B_glioma.png,P04,P06,0.3373286491699387,0.0215281454032115,0.7921129016114503,0.7705847562082389
2995_pid-MR049942B_glioma.png,P04,P07,0.552539102873286,0.0215281454032115,0.6736948808920425,0.6521667354888311
2995_pid-MR049942B_glioma.png,P04,P08,0.3247857292174761,0.0215281454032115,0.7839036755386565,0.762375530135445
2995_pid-MR049942B_glioma.png,P04,P10,0.6146270917980855,0.0215281454032115,0.5940948404413957,0.5725666950381842
2995_pid-MR049942B_glioma.png,P04,P11,0.552539102873286,0.0215281454032115,0.6736948808920425,0.6521667354888311
2995_pid-MR049942B_glioma.png,P04,P12,0.2918960351195038,0.0215281454032115,0.7754647667816987,0.7539366213784873
2995_pid-MR049942B_glioma.png,P04,P13,0.5700648038464219,0.0215281454032115,0.6597585513078471,0.6382304059046356
2995_pid-MR049942B_glioma.png,P04,P14,0.5916095309211866,0.0215281454032115,0.6415996938384998,0.6200715484352883
2995_pid-MR049942B_glioma.png,P04,P15,0.3330081527419692,0.0215281454032115,0.7731636060100167,0.7516354606068052
2995_pid-MR049942B_glioma.png,P04,P16,0.5001718803712616,0.0215281454032115,0.7304210940574577,0.7088929486542462
2995_pid-MR049942B_glioma.png,P04,P18,0.3373286491699387,0.0215281454032115,0.7921129016114503,0.7705847562082389
2995_pid-MR049942B_glioma.png,P04,P20,0.6129386717945196,0.0215281454032115,0.6267638980964106,0.6052357526931992
2995_pid-MR049942B_glioma.png,P17,P05,0.0,0.0,0.7123287671232876,0.7123287671232876
2995_pid-MR049942B_glioma.png,P19,P05,0.0,0.0,0.7123287671232876,0.7123287671232876
2995_pid-MR049942B_glioma.png,P17,P06,0.0,0.0,0.7921129016114503,0.7921129016114503
2995_pid-MR049942B_glioma.png,P19,P06,0.0,0.0,0.7921129016114503,0.7921129016114503
2995_pid-MR049942B_glioma.png,P17,P07,0.0,0.0,0.6736948808920425,0.6736948808920425
2995_pid-MR049942B_glioma.png,P19,P07,0.0,0.0,0.6736948808920425,0.6736948808920425
2995_pid-MR049942B_glioma.png,P17,P08,0.0,0.0,0.7839036755386565,0.7839036755386565
2995_pid-MR049942B_glioma.png,P19,P08,0.0,0.0,0.7839036755386565,0.7839036755386565
2995_pid-MR049942B_glioma.png,P17,P10,0.0,0.0,0.5940948404413957,0.5940948404413957
2995_pid-MR049942B_glioma.png,P19,P10,0.0,0.0,0.5940948404413957,0.5940948404413957
2995_pid-MR049942B_glioma.png,P17,P11,0.0,0.0,0.6736948808920425,0.6736948808920425
2995_pid-MR049942B_glioma.png,P19,P11,0.0,0.0,0.6736948808920425,0.6736948808920425
2995_pid-MR049942B_glioma.png,P17,P12,0.0,0.0,0.7754647667816987,0.7754647667816987
2995_pid-MR049942B_glioma.png,P19,P12,0.0,0.0,0.7754647667816987,0.7754647667816987
2995_pid-MR049942B_glioma.png,P17,P13,0.0,0.0,0.6597585513078471,0.6597585513078471
2995_pid-MR049942B_glioma.png,P19,P13,0.0,0.0,0.6597585513078471,0.6597585513078471
2995_pid-MR049942B_glioma.png,P17,P14,0.0,0.0,0.6415996938384998,0.6415996938384998
2995_pid-MR049942B_glioma.png,P19,P14,0.0,0.0,0.6415996938384998,0.6415996938384998
2995_pid-MR049942B_glioma.png,P17,P15,0.0,0.0,0.7731636060100167,0.7731636060100167
2995_pid-MR049942B_glioma.png,P19,P15,0.0,0.0,0.7731636060100167,0.7731636060100167
2995_pid-MR049942B_glioma.png,P17,P16,0.0,0.0,0.7304210940574577,0.7304210940574577
2995_pid-MR049942B_glioma.png,P19,P16,0.0,0.0,0.7304210940574577,0.7304210940574577
2995_pid-MR049942B_glioma.png,P17,P18,0.0,0.0,0.7921129016114503,0.7921129016114503
2995_pid-MR049942B_glioma.png,P17,P20,0.0,0.0,0.6267638980964106,0.6267638980964106
2995_pid-MR049942B_glioma.png,P19,P18,0.0,0.0,0.7921129016114503,0.7921129016114503
2995_pid-MR049942B_glioma.png,P19,P20,0.0,0.0,0.6267638980964106,0.6267638980964106
2_pid-100360_meningioma.png,P15,P01,0.0,0.0,0.8800636397013829,0.8800636397013829
2_pid-100360_meningioma.png,P15,P02,0.0,0.0,0.6099181214274679,0.6099181214274679
2_pid-100360_meningioma.png,P15,P03,0.0,0.0,0.688332368268674,0.688332368268674
2_pid-100360_meningioma.png,P15,P04,0.0,0.0,0.9199106197812535,0.9199106197812535
2_pid-100360_meningioma.png,P15,P05,0.0,0.0,0.6329440315486121,0.6329440315486121
2_pid-100360_meningioma.png,P15,P06,0.0,0.0,0.568498051999682,0.568498051999682
2_pid-100360_meningioma.png,P15,P07,0.0,0.0,0.9529213483146068,0.9529213483146068
2_pid-100360_meningioma.png,P15,P08,0.0,0.0,0.6415689810640216,0.6415689810640216
2_pid-100360_meningioma.png,P15,P09,0.0,0.0,0.5791712620135497,0.5791712620135497
2_pid-100360_meningioma.png,P15,P10,0.0,0.0,0.951592789933114,0.951592789933114
2_pid-100360_meningioma.png,P15,P11,0.0,0.0,0.9153081042905068,0.9153081042905068
2_pid-100360_meningioma.png,P15,P12,0.0,0.0,0.5852552576030021,0.5852552576030021
2_pid-100360_meningioma.png,P15,P13,0.0,0.0,0.5881983185353972,0.5881983185353972
2_pid-100360_meningioma.png,P15,P14,0.0,0.0,0.5901201602136181,0.5901201602136181
2_pid-100360_meningioma.png,P15,P16,0.0,0.0,0.6033224654556746,0.6033224654556746
2_pid-100360_meningioma.png,P15,P17,0.0,0.0,0.5451188182402055,0.5451188182402055
2_pid-100360_meningioma.png,P15,P18,0.0,0.0,0.5820672282138077,0.5820672282138077
2_pid-100360_meningioma.png,P15,P19,0.0,0.0,0.6762442278091328,0.6762442278091328
2_pid-100360_meningioma.png,P15,P20,0.0,0.0,0.5833333333333334,0.5833333333333334
3018_pid-MR050687C_glioma.png,P04,P01,0.0,0.0,0.5285929901056515,0.5285929901056515
3018_pid-MR050687C_glioma.png,P07,P01,0.0,0.0,0.5285929901056515,0.5285929901056515
3018_pid-MR050687C_glioma.png,P08,P01,0.0,0.0,0.5285929901056515,0.5285929901056515
3018_pid-MR050687C_glioma.png,P15,P01,0.0,0.0,0.5285929901056515,0.5285929901056515
3018_pid-MR050687C_glioma.png,P16,P01,0.0,0.0,0.5285929901056515,0.5285929901056515
3018_pid-MR050687C_glioma.png,P17,P01,0.0,0.0,0.5285929901056515,0.5285929901056515
3018_pid-MR050687C_glioma.png,P19,P01,0.0,0.0,0.5285929901056515,0.5285929901056515
3018_pid-MR050687C_glioma.png,P04,P02,0.0,0.0,0.5264485745521823,0.5264485745521823
3018_pid-MR050687C_glioma.png,P07,P02,0.0,0.0,0.5264485745521823,0.5264485745521823
3018_pid-MR050687C_glioma.png,P08,P02,0.0,0.0,0.5264485745521823,0.5264485745521823
3018_pid-MR050687C_glioma.png,P15,P02,0.0,0.0,0.5264485745521823,0.5264485745521823
3018_pid-MR050687C_glioma.png,P16,P02,0.0,0.0,0.5264485745521823,0.5264485745521823
3018_pid-MR050687C_glioma.png,P17,P02,0.0,0.0,0.5264485745521823,0.5264485745521823
3018_pid-MR050687C_glioma.png,P19,P02,0.0,0.0,0.5264485745521823,0.5264485745521823
3018_pid-MR050687C_glioma.png,P04,P03,0.0,0.0,0.5271656854499579,0.5271656854499579
3018_pid-MR050687C_glioma.png,P07,P03,0.0,0.0,0.5271656854499579,0.5271656854499579
3018_pid-MR050687C_glioma.png,P08,P03,0.0,0.0,0.5271656854499579,0.5271656854499579
3018_pid-MR050687C_glioma.png,P15,P03,0.0,0.0,0.5271656854499579,0.5271656854499579
3018_pid-MR050687C_glioma.png,P16,P03,0.0,0.0,0.5271656854499579,0.5271656854499579
3018_pid-MR050687C_glioma.png,P17,P03,0.0,0.0,0.5271656854499579,0.5271656854499579
3018_pid-MR050687C_glioma.png,P19,P03,0.0,0.0,0.5271656854499579,0.5271656854499579
3018_pid-MR050687C_glioma.png,P04,P05,0.0,0.0,0.5309704923514169,0.5309704923514169
3018_pid-MR050687C_glioma.png,P04,P06,0.0,0.0,0.5249494268374916,0.5249494268374916
3018_pid-MR050687C_glioma.png,P04,P09,0.0,0.0,0.520288013553579,0.520288013553579
3018_pid-MR050687C_glioma.png,P04,P10,0.0,0.0,0.5270145365935636,0.5270145365935636
3018_pid-MR050687C_glioma.png,P04,P11,0.0,0.0,0.5318864774624374,0.5318864774624374
3018_pid-MR050687C_glioma.png,P04,P12,0.0,0.0,0.5251453121051302,0.5251453121051302
3018_pid-MR050687C_glioma.png,P04,P13,0.0,0.0,0.527791771620487,0.527791771620487
3018_pid-MR050687C_glioma.png,P04,P14,0.0,0.0,0.522121647914728,0.522121647914728
3018_pid-MR050687C_glioma.png,P04,P18,0.0,0.0,0.5137254901960784,0.5137254901960784
3018_pid-MR050687C_glioma.png,P04,P20,0.0,0.0,0.511228308948622,0.511228308948622
3018_pid-MR050687C_glioma.png,P07,P05,0.0,0.0,0.5309704923514169,0.5309704923514169
3018_pid-MR050687C_glioma.png,P08,P05,0.0,0.0,0.5309704923514169,0.5309704923514169
3018_pid-MR050687C_glioma.png,P15,P05,0.0,0.0,0.5309704923514169,0.5309704923514169
3018_pid-MR050687C_glioma.png,P16,P05,0.0,0.0,0.5309704923514169,0.5309704923514169
3018_pid-MR050687C_glioma.png,P17,P05,0.0,0.0,0.5309704923514169,0.5309704923514169
3018_pid-MR050687C_glioma.png,P19,P05,0.0,0.0,0.5309704923514169,0.5309704923514169
3018_pid-MR050687C_glioma.png,P07,P06,0.0,0.0,0.5249494268374916,0.5249494268374916
3018_pid-MR050687C_glioma.png,P08,P06,0.0,0.0,0.5249494268374916,0.5249494268374916
3018_pid-MR050687C_glioma.png,P15,P06,0.0,0.0,0.5249494268374916,0.5249494268374916
3018_pid-MR050687C_glioma.png,P16,P06,0.0,0.0,0.5249494268374916,0.5249494268374916
3018_pid-MR050687C_glioma.png,P17,P06,0.0,0.0,0.5249494268374916,0.5249494268374916
3018_pid-MR050687C_glioma.png,P19,P06,0.0,0.0,0.5249494268374916,0.5249494268374916
3018_pid-MR050687C_glioma.png,P07,P09,0.0,0.0,0.520288013553579,0.520288013553579
3018_pid-MR050687C_glioma.png,P07,P10,0.0,0.0,0.5270145365935636,0.5270145365935636
3018_pid-MR050687C_glioma.png,P07,P11,0.0,0.0,0.5318864774624374,0.5318864774624374
3018_pid-MR050687C_glioma.png,P07,P12,0.0,0.0,0.5251453121051302,0.5251453121051302
3018_pid-MR050687C_glioma.png,P07,P13,0.0,0.0,0.527791771620487,0.527791771620487
3018_pid-MR050687C_glioma.png,P07,P14,0.0,0.0,0.522121647914728,0.522121647914728
3018_pid-MR050687C_glioma.png,P07,P18,0.0,0.0,0.5137254901960784,0.5137254901960784
3018_pid-MR050687C_glioma.png,P07,P20,0.0,0.0,0.511228308948622,0.511228308948622
3018_pid-MR050687C_glioma.png,P08,P09,0.0,0.0,0.520288013553579,0.520288013553579
3018_pid-MR050687C_glioma.png,P08,P10,0.0,0.0,0.5270145365935636,0.5270145365935636
3018_pid-MR050687C_glioma.png,P08,P11,0.0,0.0,0.5318864774624374,0.5318864774624374
3018_pid-MR050687C_glioma.png,P08,P12,0.0,0.0,0.5251453121051302,0.5251453121051302
3018_pid-MR050687C_glioma.png,P08,P13,0.0,0.0,0.527791771620487,0.527791771620487
3018_pid-MR050687C_glioma.png,P08,P14,0.0,0.0,0.522121647914728,0.522121647914728
3018_pid-MR050687C_glioma.png,P08,P18,0.0,0.0,0.5137254901960784,0.5137254901960784
3018_pid-MR050687C_glioma.png,P08,P20,0.0,0.0,0.511228308948622,0.511228308948622
3018_pid-MR050687C_glioma.png,P15,P09,0.0,0.0,0.520288013553579,0.520288013553579
3018_pid-MR050687C_glioma.png,P16,P09,0.0,0.0,0.520288013553579,0.520288013553579
3018_pid-MR050687C_glioma.png,P17,P09,0.0,0.0,0.520288013553579,0.520288013553579
3018_pid-MR050687C_glioma.png,P19,P09,0.0,0.0,0.520288013553579,0.520288013553579
3018_pid-MR050687C_glioma.png,P15,P10,0.0,0.0,0.5270145365935636,0.5270145365935636
3018_pid-MR050687C_glioma.png,P16,P10,0.0,0.0,0.5270145365935636,0.5270145365935636
3018_pid-MR050687C_glioma.png,P17,P10,0.0,0.0,0.5270145365935636,0.5270145365935636
3018_pid-MR050687C_glioma.png,P19,P10,0.0,0.0,0.5270145365935636,0.5270145365935636
3018_pid-MR050687C_glioma.png,P15,P11,0.0,0.0,0.5318864774624374,0.5318864774624374
3018_pid-MR050687C_glioma.png,P16,P11,0.0,0.0,0.5318864774624374,0.5318864774624374
3018_pid-MR050687C_glioma.png,P17,P11,0.0,0.0,0.5318864774624374,0.5318864774624374
3018_pid-MR050687C_glioma.png,P19,P11,0.0,0.0,0.5318864774624374,0.5318864774624374
3018_pid-MR050687C_glioma.png,P15,P12,0.0,0.0,0.5251453121051302,0.5251453121051302
3018_pid-MR050687C_glioma.png,P16,P12,0.0,0.0,0.5251453121051302,0.5251453121051302
3018_pid-MR050687C_glioma.png,P17,P12,0.0,0.0,0.5251453121051302,0.5251453121051302
3018_pid-MR050687C_glioma.png,P19,P12,0.0,0.0,0.5251453121051302,0.5251453121051302
3018_pid-MR050687C_glioma.png,P15,P13,0.0,0.0,0.527791771620487,0.527791771620487
3018_pid-MR050687C_glioma.png,P16,P13,0.0,0.0,0.527791771620487,0.527791771620487
3018_pid-MR050687C_glioma.png,P17,P13,0.0,0.0,0.527791771620487,0.527791771620487
3018_pid-MR050687C_glioma.png,P19,P13,0.0,0.0,0.527791771620487,0.527791771620487
3018_pid-MR050687C_glioma.png,P15,P14,0.0,0.0,0.522121647914728,0.522121647914728
3018_pid-MR050687C_glioma.png,P16,P14,0.0,0.0,0.522121647914728,0.522121647914728
3018_pid-MR050687C_glioma.png,P17,P14,0.0,0.0,0.522121647914728,0.522121647914728
3018_pid-MR050687C_glioma.png,P19,P14,0.0,0.0,0.522121647914728,0.522121647914728
3018_pid-MR050687C_glioma.png,P15,P18,0.0,0.0,0.5137254901960784,0.5137254901960784
3018_pid-MR050687C_glioma.png,P15,P20,0.0,0.0,0.511228308948622,0.511228308948622
3018_pid-MR050687C_glioma.png,P16,P18,0.0,0.0,0.5137254901960784,0.5137254901960784
3018_pid-MR050687C_glioma.png,P16,P20,0.0,0.0,0.511228308948622,0.511228308948622
3018_pid-MR050687C_glioma.png,P17,P18,0.0,0.0,0.5137254901960784,0.5137254901960784
3018_pid-MR050687C_glioma.png,P17,P20,0.0,0.0,0.511228308948622,0.511228308948622
3018_pid-MR050687C_glioma.png,P19,P18,0.0,0.0,0.5137254901960784,0.5137254901960784
3018_pid-MR050687C_glioma.png,P19,P20,0.0,0.0,0.511228308948622,0.511228308948622
3027_pid-MR034997_glioma.png,P04,P01,0.0144087076772092,0.0,0.8494692827275652,0.8494692827275652
3027_pid-MR034997_glioma.png,P15,P01,0.0144087076772092,0.0,0.8494692827275652,0.8494692827275652
3027_pid-MR034997_glioma.png,P17,P01,0.0154431803434701,0.0,0.8494692827275652,0.8494692827275652
3027_pid-MR034997_glioma.png,P19,P01,0.0199150620541788,0.0,0.8494692827275652,0.8494692827275652
3027_pid-MR034997_glioma.png,P04,P02,0.0144087076772092,0.0,0.8488652824722356,0.8488652824722356
3027_pid-MR034997_glioma.png,P15,P02,0.0144087076772092,0.0,0.8488652824722356,0.8488652824722356
3027_pid-MR034997_glioma.png,P17,P02,0.0154431803434701,0.0,0.8488652824722356,0.8488652824722356
3027_pid-MR034997_glioma.png,P19,P02,0.0199150620541788,0.0,0.8488652824722356,0.8488652824722356
3027_pid-MR034997_glioma.png,P04,P03,0.0155176555368724,0.0,0.8459292896529355,0.8459292896529355
3027_pid-MR034997_glioma.png,P15,P03,0.0155176555368724,0.0,0.8459292896529355,0.8459292896529355
3027_pid-MR034997_glioma.png,P17,P03,0.0165930745991168,0.0,0.8459292896529355,0.8459292896529355
3027_pid-MR034997_glioma.png,P19,P03,0.0213235618736479,0.0,0.8459292896529355,0.8459292896529355
3027_pid-MR034997_glioma.png,P04,P05,0.01429266781716,0.0,0.8491566265060241,0.8491566265060241
3027_pid-MR034997_glioma.png,P04,P06,0.0102361130066875,0.0,0.8452940223554187,0.8452940223554187
3027_pid-MR034997_glioma.png,P04,P07,0.0160774600315244,0.0,0.8492842206852179,0.8492842206852179
3027_pid-MR034997_glioma.png,P04,P08,0.01429266781716,0.0,0.8491566265060241,0.8491566265060241
3027_pid-MR034997_glioma.png,P04,P09,0.0146412220660894,0.0,0.8489533011272141,0.8489533011272141
3027_pid-MR034997_glioma.png,P04,P10,0.0152567190968778,0.0,0.8465522822920039,0.8465522822920039
3027_pid-MR034997_glioma.png,P04,P11,0.0141784820683903,0.0,0.8490687219010918,0.8490687219010918
3027_pid-MR034997_glioma.png,P04,P12,0.0141784820683903,0.0,0.8479588556734169,0.8479588556734169
3027_pid-MR034997_glioma.png,P04,P13,0.0145240343540626,0.0,0.8486312399355878,0.8486312399355878
3027_pid-MR034997_glioma.png,P04,P14,0.0127934641109664,0.0,0.8474685585295066,0.8474685585295066
3027_pid-MR034997_glioma.png,P04,P16,0.0144087076772092,0.0,0.8494692827275652,0.8494692827275652
3027_pid-MR034997_glioma.png,P04,P18,0.0132085090605737,0.0,0.8469865891097108,0.8469865891097108
3027_pid-MR034997_glioma.png,P04,P20,0.0144087076772092,0.0,0.8488652824722356,0.8488652824722356
3027_pid-MR034997_glioma.png,P15,P05,0.01429266781716,0.0,0.8491566265060241,0.8491566265060241
3027_pid-MR034997_glioma.png,P17,P05,0.0153225460320185,0.0,0.8491566265060241,0.8491566265060241
3027_pid-MR034997_glioma.png,P19,P05,0.0197667280540208,0.0,0.8491566265060241,0.8491566265060241
3027_pid-MR034997_glioma.png,P15,P06,0.0102361130066875,0.0,0.8452940223554187,0.8452940223554187
3027_pid-MR034997_glioma.png,P17,P06,0.0112409080890456,0.0,0.8452940223554187,0.8452940223554187
3027_pid-MR034997_glioma.png,P19,P06,0.0149716921786538,0.0,0.8452940223554187,0.8452940223554187
3027_pid-MR034997_glioma.png,P15,P07,0.0160774600315244,0.0,0.8492842206852179,0.8492842206852179
3027_pid-MR034997_glioma.png,P17,P07,0.0170705086225714,0.0,0.8492842206852179,0.8492842206852179
3027_pid-MR034997_glioma.png,P19,P07,0.022015065129635,0.0,0.8492842206852179,0.8492842206852179
3027_pid-MR034997_glioma.png,P15,P08,0.01429266781716,0.0,0.8491566265060241,0.8491566265060241
3027_pid-MR034997_glioma.png,P17,P08,0.0153225460320185,0.0,0.8491566265060241,0.8491566265060241
3027_pid-MR034997_glioma.png,P19,P08,0.0197667280540208,0.0,0.8491566265060241,0.8491566265060241
3027_pid-MR034997_glioma.png,P15,P09,0.0146412220660894,0.0,0.8489533011272141,0.8489533011272141
3027_pid-MR034997_glioma.png,P17,P09,0.0156847238697772,0.0,0.8489533011272141,0.8489533011272141
3027_pid-MR034997_glioma.png,P19,P09,0.0202117420596727,0.0,0.8489533011272141,0.8489533011272141
3027_pid-MR034997_glioma.png,P15,P10,0.0152567190968778,0.0,0.8465522822920039,0.8465522822920039
3027_pid-MR034997_glioma.png,P17,P10,0.0163229847743587,0.0,0.8465522822920039,0.8465522822920039
3027_pid-MR034997_glioma.png,P19,P10,0.0209936106402399,0.0,0.8465522822920039,0.8465522822920039
3027_pid-MR034997_glioma.png,P15,P11,0.0141784820683903,0.0,0.8490687219010918,0.8490687219010918
3027_pid-MR034997_glioma.png,P17,P11,0.0152037817810144,0.0,0.8490687219010918,0.8490687219010918
3027_pid-MR034997_glioma.png,P19,P11,0.0196205873989519,0.0,0.8490687219010918,0.8490687219010918
3027_pid-MR034997_glioma.png,P15,P12,0.0141784820683903,0.0,0.8479588556734169,0.8479588556734169
3027_pid-MR034997_glioma.png,P17,P12,0.0152037817810144,0.0,0.8479588556734169,0.8479588556734169
3027_pid-MR034997_glioma.png,P19,P12,0.0196205873989519,0.0,0.8479588556734169,0.8479588556734169
3027_pid-MR034997_glioma.png,P15,P13,0.0145240343540626,0.0,0.8486312399355878,0.8486312399355878
3027_pid-MR034997_glioma.png,P17,P13,0.0155630149527006,0.0,0.8486312399355878,0.8486312399355878
3027_pid-MR034997_glioma.png,P19,P13,0.0200623052959501,0.0,0.8486312399355878,0.8486312399355878
3027_pid-MR034997_glioma.png,P15,P14,0.0127934641109664,0.0,0.8474685585295066,0.8474685585295066
3027_pid-MR034997_glioma.png,P17,P14,0.0137069753274444,0.0,0.8474685585295066,0.8474685585295066
3027_pid-MR034997_glioma.png,P19,P14,0.0182858564498071,0.0,0.8474685585295066,0.8474685585295066
3027_pid-MR034997_glioma.png,P15,P16,0.0144087076772092,0.0,0.8494692827275652,0.8494692827275652
3027_pid-MR034997_glioma.png,P15,P18,0.0132085090605737,0.0,0.8469865891097108,0.8469865891097108
3027_pid-MR034997_glioma.png,P15,P20,0.0144087076772092,0.0,0.8488652824722356,0.8488652824722356
3027_pid-MR034997_glioma.png,P17,P16,0.0154431803434701,0.0,0.8494692827275652,0.8494692827275652
3027_pid-MR034997_glioma.png,P19,P16,0.0199150620541788,0.0,0.8494692827275652,0.8494692827275652
3027_pid-MR034997_glioma.png,P17,P18,0.0141376060320452,0.0,0.8469865891097108,0.8469865891097108
3027_pid-MR034997_glioma.png,P17,P20,0.0154431803434701,0.0,0.8488652824722356,0.8488652824722356
3027_pid-MR034997_glioma.png,P19,P18,0.0188324721356279,0.0,0.8469865891097108,0.8469865891097108
3027_pid-MR034997_glioma.png,P19,P20,0.0199150620541788,0.0,0.8488652824722356,0.8488652824722356
3032_pid-MR033389B_glioma.png,P12,P01,0.0,0.0,0.9212541307326508,0.9212541307326508
3032_pid-MR033389B_glioma.png,P17,P01,0.0,0.0,0.9212541307326508,0.9212541307326508
3032_pid-MR033389B_glioma.png,P19,P01,0.4425193418328429,0.0984755231512167,0.9212541307326508,0.8227786075814342
3032_pid-MR033389B_glioma.png,P12,P02,0.0,0.0,0.6545857243531662,0.6545857243531662
3032_pid-MR033389B_glioma.png,P17,P02,0.0,0.0,0.6545857243531662,0.6545857243531662
3032_pid-MR033389B_glioma.png,P19,P02,0.097125732189075,0.0984755231512167,0.6545857243531662,0.5561102012019495
3032_pid-MR033389B_glioma.png,P12,P03,0.0,0.0,0.5149673977474807,0.5149673977474807
3032_pid-MR033389B_glioma.png,P17,P03,0.0,0.0,0.5149673977474807,0.5149673977474807
3032_pid-MR033389B_glioma.png,P19,P03,0.0674459011214658,0.0984755231512167,0.5149673977474807,0.41649187459626397
3032_pid-MR033389B_glioma.png,P12,P04,0.0,0.0,0.6592649566933083,0.6592649566933083
3032_pid-MR033389B_glioma.png,P17,P04,0.0,0.0,0.6592649566933083,0.6592649566933083
3032_pid-MR033389B_glioma.png,P19,P04,0.2571654303647456,0.0984755231512167,0.6592649566933083,0.5607894335420917
3032_pid-MR033389B_glioma.png,P12,P05,0.0,0.0,0.9371513180508184,0.9371513180508184
3032_pid-MR033389B_glioma.png,P17,P05,0.0,0.0,0.9371513180508184,0.9371513180508184
3032_pid-MR033389B_glioma.png,P19,P05,0.4175549233985673,0.0984755231512167,0.9371513180508184,0.8386757948996018
3032_pid-MR033389B_glioma.png,P12,P06,0.0,0.0,0.8625638116846285,0.8625638116846285
3032_pid-MR033389B_glioma.png,P17,P06,0.0,0.0,0.8625638116846285,0.8625638116846285
3032_pid-MR033389B_glioma.png,P19,P06,0.4400663952890961,0.0984755231512167,0.8625638116846285,0.7640882885334118
3032_pid-MR033389B_glioma.png,P12,P07,0.0,0.0,0.6059193823253226,0.6059193823253226
3032_pid-MR033389B_glioma.png,P17,P07,0.0,0.0,0.6059193823253226,0.6059193823253226
3032_pid-MR033389B_glioma.png,P19,P07,0.0898257113064203,0.0984755231512167,0.6059193823253226,0.507443859174106
3032_pid-MR033389B_glioma.png,P12,P08,0.0,0.0,0.9346805632906356,0.9346805632906356
3032_pid-MR033389B_glioma.png,P17,P08,0.0,0.0,0.9346805632906356,0.9346805632906356
3032_pid-MR033389B_glioma.png,P19,P08,0.4393542918217668,0.0984755231512167,0.9346805632906356,0.836205040139419
3032_pid-MR033389B_glioma.png,P12,P09,0.0,0.0,0.8931358760100383,0.8931358760100383
3032_pid-MR033389B_glioma.png,P17,P09,0.0,0.0,0.8931358760100383,0.8931358760100383
3032_pid-MR033389B_glioma.png,P19,P09,0.4613925765375237,0.0984755231512167,0.8931358760100383,0.7946603528588216
3032_pid-MR033389B_glioma.png,P12,P10,0.0,0.0,0.8664104882459313,0.8664104882459313
3032_pid-MR033389B_glioma.png,P17,P10,0.0,0.0,0.8664104882459313,0.8664104882459313
3032_pid-MR033389B_glioma.png,P19,P10,0.226572773936283,0.0984755231512167,0.8664104882459313,0.7679349650947146
3032_pid-MR033389B_glioma.png,P12,P11,0.0,0.0,0.9348327719279632,0.9348327719279632
3032_pid-MR033389B_glioma.png,P17,P11,0.0,0.0,0.9348327719279632,0.9348327719279632
3032_pid-MR033389B_glioma.png,P19,P11,0.4301239346458744,0.0984755231512167,0.9348327719279632,0.8363572487767466
3032_pid-MR033389B_glioma.png,P12,P13,0.0,0.0,0.9346874917132932,0.9346874917132932
3032_pid-MR033389B_glioma.png,P12,P14,0.0,0.0,0.9401335057122504,0.9401335057122504
3032_pid-MR033389B_glioma.png,P12,P15,0.0,0.0,0.64000814000814,0.64000814000814
3032_pid-MR033389B_glioma.png,P12,P16,0.0,0.0,0.9341117155366856,0.9341117155366856
3032_pid-MR033389B_glioma.png,P12,P18,0.0,0.0,0.8510674881788222,0.8510674881788222
3032_pid-MR033389B_glioma.png,P12,P20,0.0,0.0,0.8969004176742141,0.8969004176742141
3032_pid-MR033389B_glioma.png,P17,P13,0.0,0.0,0.9346874917132932,0.9346874917132932
3032_pid-MR033389B_glioma.png,P19,P13,0.4320365970424483,0.0984755231512167,0.9346874917132932,0.8362119685620766
3032_pid-MR033389B_glioma.png,P17,P14,0.0,0.0,0.9401335057122504,0.9401335057122504
3032_pid-MR033389B_glioma.png,P19,P14,0.4475588699900812,0.0984755231512167,0.9401335057122504,0.8416579825610337
3032_pid-MR033389B_glioma.png,P17,P15,0.0,0.0,0.64000814000814,0.64000814000814
3032_pid-MR033389B_glioma.png,P19,P15,0.2240314430095452,0.0984755231512167,0.64000814000814,0.5415326168569233
3032_pid-MR033389B_glioma.png,P17,P16,0.0,0.0,0.9341117155366856,0.9341117155366856
3032_pid-MR033389B_glioma.png,P19,P16,0.4422623153156423,0.0984755231512167,0.9341117155366856,0.8356361923854689
3032_pid-MR033389B_glioma.png,P17,P18,0.0,0.0,0.8510674881788222,0.8510674881788222
3032_pid-MR033389B_glioma.png,P17,P20,0.0,0.0,0.8969004176742141,0.8969004176742141
3032_pid-MR033389B_glioma.png,P19,P18,0.4458948395754544,0.0984755231512167,0.8510674881788222,0.7525919650276055
3032_pid-MR033389B_glioma.png,P19,P20,0.4425193418328429,0.0984755231512167,0.8969004176742141,0.7984248945229975
3059_pid-MR029209I_glioma.png,P04,P02,0.1531775159358702,0.0241211667913238,0.5084461161298989,0.48432494933857506
3059_pid-MR029209I_glioma.png,P05,P02,0.0,0.0,0.5084461161298989,0.5084461161298989
3059_pid-MR029209I_glioma.png,P06,P02,0.1682441568475951,0.0297111416781293,0.5084461161298989,0.4787349744517696
3059_pid-MR029209I_glioma.png,P07,P02,0.1732663704848367,0.0314598473001563,0.5084461161298989,0.4769862688297426
3059_pid-MR029209I_glioma.png,P13,P02,0.1782885841220784,0.0626661296818364,0.5084461161298989,0.4457799864480625
3059_pid-MR029209I_glioma.png,P15,P02,0.0,0.0,0.5084461161298989,0.5084461161298989
3059_pid-MR029209I_glioma.png,P16,P02,0.0,0.0,0.5084461161298989,0.5084461161298989
3059_pid-MR029209I_glioma.png,P04,P03,0.184050503643875,0.0241211667913238,0.5242133031844733,0.5000921363931495
3059_pid-MR029209I_glioma.png,P05,P03,0.0,0.0,0.5242133031844733,0.5242133031844733
3059_pid-MR029209I_glioma.png,P06,P03,0.2021538318711414,0.0297111416781293,0.5242133031844733,0.4945021615063441
3059_pid-MR029209I_glioma.png,P07,P03,0.2081882746135635,0.0314598473001563,0.5242133031844733,0.49275345588431707
3059_pid-MR029209I_glioma.png,P13,P03,0.2069395099893877,0.0626661296818364,0.5242133031844733,0.46154717350263696
3059_pid-MR029209I_glioma.png,P15,P03,0.0,0.0,0.5242133031844733,0.5242133031844733
3059_pid-MR029209I_glioma.png,P16,P03,0.0,0.0,0.5242133031844733,0.5242133031844733
3059_pid-MR029209I_glioma.png,P04,P09,0.1874970444980375,0.0241211667913238,0.5330132052821128,0.508892038490789
3059_pid-MR029209I_glioma.png,P04,P14,0.2477350827866291,0.0241211667913238,0.6701897428154412,0.6460685760241174
3059_pid-MR029209I_glioma.png,P05,P09,0.0,0.0,0.5330132052821128,0.5330132052821128
3059_pid-MR029209I_glioma.png,P05,P14,0.0,0.0,0.6701897428154412,0.6701897428154412
3059_pid-MR029209I_glioma.png,P06,P09,0.2059393767437461,0.0297111416781293,0.5330132052821128,0.5033020636039836
3059_pid-MR029209I_glioma.png,P06,P14,0.2615403680525435,0.0297111416781293,0.6701897428154412,0.6404786011373119
3059_pid-MR029209I_glioma.png,P07,P09,0.212086820825649,0.0314598473001563,0.5330132052821128,0.5015533579819565
3059_pid-MR029209I_glioma.png,P07,P14,0.2802249297094658,0.0314598473001563,0.6701897428154412,0.6387298955152849
3059_pid-MR029209I_glioma.png,P13,P09,0.2107909949710955,0.0626661296818364,0.5330132052821128,0.47034707560027644
3059_pid-MR029209I_glioma.png,P15,P09,0.0,0.0,0.5330132052821128,0.5330132052821128
3059_pid-MR029209I_glioma.png,P16,P09,0.0,0.0,0.5330132052821128,0.5330132052821128
3059_pid-MR029209I_glioma.png,P13,P14,0.2770174026134885,0.0626661296818364,0.6701897428154412,0.6075236131336048
3059_pid-MR029209I_glioma.png,P15,P14,0.0,0.0,0.6701897428154412,0.6701897428154412
3059_pid-MR029209I_glioma.png,P16,P14,0.0,0.0,0.6701897428154412,0.6701897428154412
308_pid-106720_meningioma.png,P17,P01,0.3559322033898305,0.0015817779183802,0.8052784833653429,0.8036967054469627
308_pid-106720_meningioma.png,P19,P01,0.0,0.0,0.8052784833653429,0.8052784833653429
308_pid-106720_meningioma.png,P17,P02,0.3655793025871766,0.0015817779183802,0.8040917544947304,0.8025099765763501
308_pid-106720_meningioma.png,P19,P02,0.0,0.0,0.8040917544947304,0.8040917544947304
308_pid-106720_meningioma.png,P17,P03,0.3865030674846625,0.0015817779183802,0.7323850915316739,0.7308033136132936
308_pid-106720_meningioma.png,P19,P03,0.0,0.0,0.7323850915316739,0.7323850915316739
308_pid-106720_meningioma.png,P17,P04,0.334388603086664,0.0015817779183802,0.8194112967382657,0.8178295188198855
308_pid-106720_meningioma.png,P19,P04,0.0,0.0,0.8194112967382657,0.8194112967382657
308_pid-106720_meningioma.png,P17,P05,0.3357933579335793,0.0015817779183802,0.8225451880801172,0.820963410161737
308_pid-106720_meningioma.png,P19,P05,0.0,0.0,0.8225451880801172,0.8225451880801172
308_pid-106720_meningioma.png,P17,P06,0.3916132215096201,0.0015817779183802,0.7218015145476285,0.7202197366292483
308_pid-106720_meningioma.png,P19,P06,0.0,0.0,0.7218015145476285,0.7218015145476285
308_pid-106720_meningioma.png,P17,P07,0.3008616392508723,0.0015817779183802,0.6981661554525876,0.6965843775342074
308_pid-106720_meningioma.png,P19,P07,0.0,0.0,0.6981661554525876,0.6981661554525876
308_pid-106720_meningioma.png,P17,P08,0.678061306371369,0.0015817779183802,0.5185412667946258,0.5169594888762455
308_pid-106720_meningioma.png,P19,P08,0.0,0.0,0.5185412667946258,0.5185412667946258
308_pid-106720_meningioma.png,P17,P09,0.4111033028812368,0.0015817779183802,0.7050117726202489,0.7034299947018687
308_pid-106720_meningioma.png,P19,P09,0.0,0.0,0.7050117726202489,0.7050117726202489
308_pid-106720_meningioma.png,P17,P10,0.3060928783597769,0.0015817779183802,0.828442712772434,0.8268609348540538
308_pid-106720_meningioma.png,P19,P10,0.0,0.0,0.828442712772434,0.828442712772434
308_pid-106720_meningioma.png,P17,P11,0.3501864898466639,0.0015817779183802,0.8024338755743201,0.8008520976559399
308_pid-106720_meningioma.png,P19,P11,0.0,0.0,0.8024338755743201,0.8024338755743201
308_pid-106720_meningioma.png,P17,P13,0.3339706265751281,0.0015817779183802,0.8098500277726347,0.8082682498542545
308_pid-106720_meningioma.png,P19,P13,0.0,0.0,0.8098500277726347,0.8098500277726347
308_pid-106720_meningioma.png,P17,P14,0.3832190788838466,0.0015817779183802,0.7343770556505723,0.7327952777321921
308_pid-106720_meningioma.png,P19,P14,0.0,0.0,0.7343770556505723,0.7343770556505723
308_pid-106720_meningioma.png,P17,P16,0.3359857783797511,0.0015817779183802,0.812753908654438,0.8111721307360578
308_pid-106720_meningioma.png,P19,P16,0.0,0.0,0.812753908654438,0.812753908654438
308_pid-106720_meningioma.png,P17,P18,0.3865030674846625,0.0015817779183802,0.7484878048780488,0.7469060269596686
308_pid-106720_meningioma.png,P17,P20,0.3757225433526011,0.0015817779183802,0.7910915934755333,0.789509815557153
308_pid-106720_meningioma.png,P19,P18,0.0,0.0,0.7484878048780488,0.7484878048780488
308_pid-106720_meningioma.png,P19,P20,0.0,0.0,0.7910915934755333,0.7910915934755333
320_pid-107494_meningioma.png,P19,P01,0.3881848606776219,0.0731843575418994,0.8474685585295066,0.7742842009876072
320_pid-107494_meningioma.png,P19,P03,0.3902906779979694,0.0731843575418994,0.8487394957983193,0.7755551382564199
320_pid-107494_meningioma.png,P19,P05,0.5087000260814486,0.0731843575418994,0.8441308531109686,0.7709464955690691
320_pid-107494_meningioma.png,P19,P06,0.3524611739931561,0.0731843575418994,0.8524164774570224,0.779232119915123
320_pid-107494_meningioma.png,P19,P08,0.4281201820027827,0.0731843575418994,0.8480154888673765,0.7748311313254771
320_pid-107494_meningioma.png,P19,P09,0.3524611739931561,0.0731843575418994,0.8524164774570224,0.779232119915123
320_pid-107494_meningioma.png,P19,P11,0.4373765604620831,0.0731843575418994,0.8470209339774557,0.7738365764355563
320_pid-107494_meningioma.png,P19,P12,0.3965329221975708,0.0731843575418994,0.8474685585295066,0.7742842009876072
320_pid-107494_meningioma.png,P19,P14,0.4656926689277328,0.0731843575418994,0.8447444551591128,0.7715600976172133
320_pid-107494_meningioma.png,P19,P17,0.4251118715451434,0.0731843575418994,0.847741935483871,0.7745575779419716
320_pid-107494_meningioma.png,P19,P18,0.3179408114917459,0.0731843575418994,0.8555591783501794,0.7823748208082799
320_pid-107494_meningioma.png,P19,P20,0.4413567480163953,0.0731843575418994,0.8461043142305216,0.7729199566886221
334_pid-108590_meningioma.png,P15,P01,0.0,0.0,0.9353824659448132,0.9353824659448132
334_pid-108590_meningioma.png,P17,P01,0.0,0.0,0.9353824659448132,0.9353824659448132
334_pid-108590_meningioma.png,P15,P02,0.0,0.0,0.9449378330373002,0.9449378330373002
334_pid-108590_meningioma.png,P17,P02,0.0,0.0,0.9449378330373002,0.9449378330373002
334_pid-108590_meningioma.png,P15,P03,0.0,0.0,0.9353824659448132,0.9353824659448132
334_pid-108590_meningioma.png,P17,P03,0.0,0.0,0.9353824659448132,0.9353824659448132
334_pid-108590_meningioma.png,P15,P04,0.0,0.0,0.9321739130434784,0.9321739130434784
334_pid-108590_meningioma.png,P17,P04,0.0,0.0,0.9321739130434784,0.9321739130434784
334_pid-108590_meningioma.png,P15,P05,0.0,0.0,0.9438757500882456,0.9438757500882456
334_pid-108590_meningioma.png,P17,P05,0.0,0.0,0.9438757500882456,0.9438757500882456
334_pid-108590_meningioma.png,P15,P06,0.0,0.0,0.9353824659448132,0.9353824659448132
334_pid-108590_meningioma.png,P17,P06,0.0,0.0,0.9353824659448132,0.9353824659448132
334_pid-108590_meningioma.png,P15,P07,0.0,0.0,0.9438757500882456,0.9438757500882456
334_pid-108590_meningioma.png,P17,P07,0.0,0.0,0.9438757500882456,0.9438757500882456
334_pid-108590_meningioma.png,P15,P08,0.0,0.0,0.9363191042687192,0.9363191042687192
334_pid-108590_meningioma.png,P17,P08,0.0,0.0,0.9363191042687192,0.9363191042687192
334_pid-108590_meningioma.png,P15,P09,0.0,0.0,0.9353824659448132,0.9353824659448132
334_pid-108590_meningioma.png,P17,P09,0.0,0.0,0.9353824659448132,0.9353824659448132
334_pid-108590_meningioma.png,P15,P10,0.0,0.0,0.9449378330373002,0.9449378330373002
334_pid-108590_meningioma.png,P17,P10,0.0,0.0,0.9449378330373002,0.9449378330373002
334_pid-108590_meningioma.png,P15,P11,0.0,0.0,0.944424778761062,0.944424778761062
334_pid-108590_meningioma.png,P17,P11,0.0,0.0,0.944424778761062,0.944424778761062
334_pid-108590_meningioma.png,P15,P12,0.0,0.0,0.9353824659448132,0.9353824659448132
334_pid-108590_meningioma.png,P17,P12,0.0,0.0,0.9353824659448132,0.9353824659448132
334_pid-108590_meningioma.png,P15,P13,0.0,0.0,0.9438757500882456,0.9438757500882456
334_pid-108590_meningioma.png,P17,P13,0.0,0.0,0.9438757500882456,0.9438757500882456
334_pid-108590_meningioma.png,P15,P14,0.0,0.0,0.9438757500882456,0.9438757500882456
334_pid-108590_meningioma.png,P17,P14,0.0,0.0,0.9438757500882456,0.9438757500882456
334_pid-108590_meningioma.png,P15,P16,0.0,0.0,0.9449378330373002,0.9449378330373002
334_pid-108590_meningioma.png,P15,P18,0.0,0.0,0.9363191042687192,0.9363191042687192
334_pid-108590_meningioma.png,P15,P19,0.0,0.0,0.9312022237665044,0.9312022237665044
334_pid-108590_meningioma.png,P15,P20,0.0,0.0,0.9449378330373002,0.9449378330373002
334_pid-108590_meningioma.png,P17,P16,0.0,0.0,0.9449378330373002,0.9449378330373002
334_pid-108590_meningioma.png,P17,P18,0.0,0.0,0.9363191042687192,0.9363191042687192
334_pid-108590_meningioma.png,P17,P19,0.0,0.0,0.9312022237665044,0.9312022237665044
334_pid-108590_meningioma.png,P17,P20,0.0,0.0,0.9449378330373002,0.9449378330373002
390_pid-113554_meningioma.png,P17,P01,0.0,0.0,0.8013490725126475,0.8013490725126475
390_pid-113554_meningioma.png,P17,P02,0.0,0.0,0.7688328483672809,0.7688328483672809
390_pid-113554_meningioma.png,P17,P03,0.0,0.0,0.8573492235464066,0.8573492235464066
390_pid-113554_meningioma.png,P17,P05,0.0,0.0,0.8013490725126475,0.8013490725126475
390_pid-113554_meningioma.png,P17,P06,0.0,0.0,0.8013490725126475,0.8013490725126475
390_pid-113554_meningioma.png,P17,P07,0.0,0.0,0.8573492235464066,0.8573492235464066
390_pid-113554_meningioma.png,P17,P08,0.0,0.0,0.8013490725126475,0.8013490725126475
390_pid-113554_meningioma.png,P17,P09,0.0,0.0,0.8013490725126475,0.8013490725126475
390_pid-113554_meningioma.png,P17,P10,0.0,0.0,0.9242245779348252,0.9242245779348252
390_pid-113554_meningioma.png,P17,P11,0.0,0.0,0.7688328483672809,0.7688328483672809
390_pid-113554_meningioma.png,P17,P12,0.0,0.0,0.8573492235464066,0.8573492235464066
390_pid-113554_meningioma.png,P17,P13,0.0,0.0,0.8013490725126475,0.8013490725126475
390_pid-113554_meningioma.png,P17,P14,0.0,0.0,0.8013490725126475,0.8013490725126475
390_pid-113554_meningioma.png,P17,P16,0.0,0.0,0.8134661628306424,0.8134661628306424
390_pid-113554_meningioma.png,P17,P18,0.0,0.0,0.8573492235464066,0.8573492235464066
390_pid-113554_meningioma.png,P17,P20,0.0,0.0,0.8013490725126475,0.8013490725126475
3_pid-100360_meningioma.png,P01,P03,0.1581289506953223,0.0313055250021152,0.9690299218601104,0.9377243968579951
3_pid-100360_meningioma.png,P01,P05,0.4242300908967575,0.0313055250021152,0.6386886918808597,0.6073831668787446
3_pid-100360_meningioma.png,P01,P06,0.4437349226621257,0.0313055250021152,0.6118626430801248,0.5805571180780096
3_pid-100360_meningioma.png,P01,P08,0.1255067228577162,0.0313055250021152,0.966327705295472,0.9350221802933567
3_pid-100360_meningioma.png,P01,P10,0.1305037352364258,0.0313055250021152,0.9665008291873964,0.9351953041852812
3_pid-100360_meningioma.png,P01,P11,0.1183349101229895,0.0313055250021152,0.9674886282020588,0.9361831031999437
3_pid-100360_meningioma.png,P01,P14,0.1400295553266759,0.0313055250021152,0.9683929931454685,0.9370874681433532
3_pid-100360_meningioma.png,P01,P19,0.1048097871627283,0.0313055250021152,0.9671096663160914,0.9358041413139762
3_pid-100360_meningioma.png,P02,P03,0.1640960809102402,0.0755232806492951,0.9690299218601104,0.8935066412108152
3_pid-100360_meningioma.png,P02,P05,0.4402387735721069,0.0755232806492951,0.6386886918808597,0.5631654112315646
3_pid-100360_meningioma.png,P02,P06,0.4604796367248474,0.0755232806492951,0.6118626430801248,0.5363393624308297
3_pid-100360_meningioma.png,P02,P08,0.130242825607064,0.0755232806492951,0.966327705295472,0.8908044246461768
3_pid-100360_meningioma.png,P02,P10,0.1354284044906306,0.0755232806492951,0.9665008291873964,0.8909775485381013
3_pid-100360_meningioma.png,P02,P11,0.1228003784295175,0.0755232806492951,0.9674886282020588,0.8919653475527637
3_pid-100360_meningioma.png,P02,P14,0.1453136894899467,0.0755232806492951,0.9683929931454685,0.8928697124961733
3_pid-100360_meningioma.png,P02,P19,0.1087648734707558,0.0755232806492951,0.9671096663160914,0.8915863856667963
3_pid-100360_meningioma.png,P09,P03,0.1474083438685208,0.0419349225682965,0.9690299218601104,0.9270949992918139
3_pid-100360_meningioma.png,P12,P03,0.1474083438685208,0.0419349225682965,0.9690299218601104,0.9270949992918139
3_pid-100360_meningioma.png,P15,P03,0.1640960809102402,0.0755232806492951,0.9690299218601104,0.8935066412108152
3_pid-100360_meningioma.png,P16,P03,0.1527686472819216,0.0568794572969212,0.9690299218601104,0.9121504645631892
3_pid-100360_meningioma.png,P17,P03,0.170063211125158,0.0400067521944632,0.9690299218601104,0.9290231696656472
3_pid-100360_meningioma.png,P20,P03,0.1527686472819216,0.0568794572969212,0.9690299218601104,0.9121504645631892
3_pid-100360_meningioma.png,P09,P05,0.3954687288020621,0.0419349225682965,0.6386886918808597,0.5967537693125633
3_pid-100360_meningioma.png,P12,P05,0.3954687288020621,0.0419349225682965,0.6386886918808597,0.5967537693125633
3_pid-100360_meningioma.png,P15,P05,0.4402387735721069,0.0755232806492951,0.6386886918808597,0.5631654112315646
3_pid-100360_meningioma.png,P16,P05,0.4098494098494099,0.0568794572969212,0.6386886918808597,0.5818092345839385
3_pid-100360_meningioma.png,P17,P05,0.4562474562474563,0.0400067521944632,0.6386886918808597,0.5986819396863965
3_pid-100360_meningioma.png,P20,P05,0.4098494098494099,0.0568794572969212,0.6386886918808597,0.5818092345839385
3_pid-100360_meningioma.png,P09,P06,0.4136511990918121,0.0419349225682965,0.6118626430801248,0.5699277205118284
3_pid-100360_meningioma.png,P12,P06,0.4136511990918121,0.0419349225682965,0.6118626430801248,0.5699277205118284
3_pid-100360_meningioma.png,P15,P06,0.4604796367248474,0.0755232806492951,0.6118626430801248,0.5363393624308297
3_pid-100360_meningioma.png,P16,P06,0.4286930608769689,0.0568794572969212,0.6118626430801248,0.5549831857832036
3_pid-100360_meningioma.png,P17,P06,0.4772243507875692,0.0400067521944632,0.6118626430801248,0.5718558908856617
3_pid-100360_meningioma.png,P20,P06,0.4286930608769689,0.0568794572969212,0.6118626430801248,0.5549831857832036
3_pid-100360_meningioma.png,P09,P08,0.1169977924944812,0.0419349225682965,0.966327705295472,0.9243927827271755
3_pid-100360_meningioma.png,P12,P08,0.1169977924944812,0.0419349225682965,0.966327705295472,0.9243927827271755
3_pid-100360_meningioma.png,P15,P08,0.130242825607064,0.0755232806492951,0.966327705295472,0.8908044246461768
3_pid-100360_meningioma.png,P16,P08,0.1212522576760987,0.0568794572969212,0.966327705295472,0.9094482479985507
3_pid-100360_meningioma.png,P17,P08,0.1349789283564118,0.0400067521944632,0.966327705295472,0.9263209531010088
3_pid-100360_meningioma.png,P20,P08,0.1212522576760987,0.0568794572969212,0.966327705295472,0.9094482479985507
3_pid-100360_meningioma.png,P09,P10,0.1216560243729393,0.0419349225682965,0.9665008291873964,0.9245659066191
3_pid-100360_meningioma.png,P09,P11,0.1103122043519394,0.0419349225682965,0.9674886282020588,0.9255537056337624
3_pid-100360_meningioma.png,P09,P14,0.130536026151986,0.0419349225682965,0.9683929931454685,0.926458070577172
3_pid-100360_meningioma.png,P09,P19,0.0977040388805094,0.0419349225682965,0.9671096663160914,0.925174743747795
3_pid-100360_meningioma.png,P12,P10,0.1216560243729393,0.0419349225682965,0.9665008291873964,0.9245659066191
3_pid-100360_meningioma.png,P15,P10,0.1354284044906306,0.0755232806492951,0.9665008291873964,0.8909775485381013
3_pid-100360_meningioma.png,P16,P10,0.1260798798046826,0.0568794572969212,0.9665008291873964,0.9096213718904752
3_pid-100360_meningioma.png,P17,P10,0.1403530737448353,0.0400067521944632,0.9665008291873964,0.9264940769929333
3_pid-100360_meningioma.png,P20,P10,0.1260798798046826,0.0568794572969212,0.9665008291873964,0.9096213718904752
3_pid-100360_meningioma.png,P12,P11,0.1103122043519394,0.0419349225682965,0.9674886282020588,0.9255537056337624
3_pid-100360_meningioma.png,P15,P11,0.1228003784295175,0.0755232806492951,0.9674886282020588,0.8919653475527637
3_pid-100360_meningioma.png,P16,P11,0.1143235572374645,0.0568794572969212,0.9674886282020588,0.9106091709051376
3_pid-100360_meningioma.png,P17,P11,0.1272658467360454,0.0400067521944632,0.9674886282020588,0.9274818760075956
3_pid-100360_meningioma.png,P20,P11,0.1143235572374645,0.0568794572969212,0.9674886282020588,0.9106091709051376
3_pid-100360_meningioma.png,P12,P14,0.130536026151986,0.0419349225682965,0.9683929931454685,0.926458070577172
3_pid-100360_meningioma.png,P12,P19,0.0977040388805094,0.0419349225682965,0.9671096663160914,0.925174743747795
3_pid-100360_meningioma.png,P15,P14,0.1453136894899467,0.0755232806492951,0.9683929931454685,0.8928697124961733
3_pid-100360_meningioma.png,P16,P14,0.1352827907393309,0.0568794572969212,0.9683929931454685,0.9115135358485472
3_pid-100360_meningioma.png,P17,P14,0.1505978236532175,0.0400067521944632,0.9683929931454685,0.9283862409510053
3_pid-100360_meningioma.png,P20,P14,0.1352827907393309,0.0568794572969212,0.9683929931454685,0.9115135358485472
3_pid-100360_meningioma.png,P15,P19,0.1087648734707558,0.0755232806492951,0.9671096663160914,0.8915863856667963
3_pid-100360_meningioma.png,P16,P19,0.1012569130216189,0.0568794572969212,0.9671096663160914,0.9102302090191702
3_pid-100360_meningioma.png,P17,P19,0.1127199597787833,0.0400067521944632,0.9671096663160914,0.9271029141216283
3_pid-100360_meningioma.png,P20,P19,0.1012569130216189,0.0568794572969212,0.9671096663160914,0.9102302090191702
401_pid-114359_meningioma.png,P05,P01,0.0,0.0,0.9645046970804972,0.9645046970804972
401_pid-114359_meningioma.png,P05,P03,0.0,0.0,0.9012618862508224,0.9012618862508224
401_pid-114359_meningioma.png,P05,P04,0.0,0.0,0.943430971974449,0.943430971974449
401_pid-114359_meningioma.png,P05,P06,0.0,0.0,0.8328352514783494,0.8328352514783494
401_pid-114359_meningioma.png,P05,P08,0.0,0.0,0.9190557485135692,0.9190557485135692
401_pid-114359_meningioma.png,P05,P09,0.0,0.0,0.8488838725859041,0.8488838725859041
401_pid-114359_meningioma.png,P05,P10,0.0,0.0,0.9726255125789648,0.9726255125789648
401_pid-114359_meningioma.png,P05,P12,0.0,0.0,0.8880009686402712,0.8880009686402712
401_pid-114359_meningioma.png,P05,P13,0.0,0.0,0.935493202198438,0.935493202198438
401_pid-114359_meningioma.png,P05,P14,0.0,0.0,0.9098574821852732,0.9098574821852732
401_pid-114359_meningioma.png,P05,P15,0.0,0.0,0.8827963525835866,0.8827963525835866
401_pid-114359_meningioma.png,P05,P17,0.0,0.0,0.9670391375147396,0.9670391375147396
401_pid-114359_meningioma.png,P05,P18,0.0,0.0,0.8328352514783494,0.8328352514783494
401_pid-114359_meningioma.png,P05,P19,0.0,0.0,0.9344633424275846,0.9344633424275846
413_pid-97737_meningioma.png,P04,P01,0.0,0.0,0.8130976528542452,0.8130976528542452
413_pid-97737_meningioma.png,P04,P02,0.0,0.0,0.8130976528542452,0.8130976528542452
413_pid-97737_meningioma.png,P04,P03,0.0,0.0,0.8094825093957791,0.8094825093957791
413_pid-97737_meningioma.png,P04,P05,0.0,0.0,0.8054567022538552,0.8054567022538552
413_pid-97737_meningioma.png,P04,P06,0.0,0.0,0.9267707082833132,0.9267707082833132
413_pid-97737_meningioma.png,P04,P07,0.0,0.0,0.8094825093957791,0.8094825093957791
413_pid-97737_meningioma.png,P04,P08,0.0,0.0,0.7727272727272727,0.7727272727272727
413_pid-97737_meningioma.png,P04,P09,0.0,0.0,0.8094825093957791,0.8094825093957791
413_pid-97737_meningioma.png,P04,P10,0.0,0.0,0.7727272727272727,0.7727272727272727
413_pid-97737_meningioma.png,P04,P11,0.0,0.0,0.8296865759905382,0.8296865759905382
413_pid-97737_meningioma.png,P04,P12,0.0,0.0,0.8130976528542452,0.8130976528542452
413_pid-97737_meningioma.png,P04,P13,0.0,0.0,0.7727272727272727,0.7727272727272727
413_pid-97737_meningioma.png,P04,P14,0.0,0.0,0.8054567022538552,0.8054567022538552
413_pid-97737_meningioma.png,P04,P16,0.0,0.0,0.8054567022538552,0.8054567022538552
413_pid-97737_meningioma.png,P04,P17,0.0,0.0,0.8094825093957791,0.8094825093957791
413_pid-97737_meningioma.png,P04,P18,0.0,0.0,0.7727272727272727,0.7727272727272727
413_pid-97737_meningioma.png,P04,P19,0.0,0.0,0.8975422917331631,0.8975422917331631
413_pid-97737_meningioma.png,P04,P20,0.0,0.0,0.8091693956534683,0.8091693956534683
414_pid-97875_meningioma.png,P01,P02,0.5515370705244123,0.032359333494325,0.952764555108019,0.9204052216136941
414_pid-97875_meningioma.png,P01,P03,0.6345621448346205,0.032359333494325,0.9501970619849516,0.9178377284906266
414_pid-97875_meningioma.png,P01,P04,0.5715929639980273,0.032359333494325,0.9521373766898064,0.9197780431954814
414_pid-97875_meningioma.png,P01,P06,0.6800257524545308,0.032359333494325,0.95623869801085,0.9238793645165251
414_pid-97875_meningioma.png,P01,P07,0.5715929639980273,0.032359333494325,0.9521373766898064,0.9197780431954814
414_pid-97875_meningioma.png,P01,P08,0.6595264937993236,0.032359333494325,0.9546937296121784,0.9223343961178534
414_pid-97875_meningioma.png,P01,P09,0.5916488574716423,0.032359333494325,0.955158585490339,0.9227992519960141
414_pid-97875_meningioma.png,P01,P10,0.6800257524545308,0.032359333494325,0.95623869801085,0.9238793645165251
414_pid-97875_meningioma.png,P01,P12,0.7009496217608241,0.032359333494325,0.9569931333574268,0.9246337998631018
414_pid-97875_meningioma.png,P01,P13,0.5515370705244123,0.032359333494325,0.952764555108019,0.9204052216136941
414_pid-97875_meningioma.png,P01,P14,0.5916488574716423,0.032359333494325,0.955158585490339,0.9227992519960141
414_pid-97875_meningioma.png,P01,P15,0.6939010356731876,0.032359333494325,0.9420442571127504,0.9096849236184255
414_pid-97875_meningioma.png,P01,P16,0.6317606444188723,0.032359333494325,0.9553214674900108,0.9229621339956858
414_pid-97875_meningioma.png,P01,P18,0.6518165378924873,0.032359333494325,0.9568684305907936,0.9245090970964687
414_pid-97875_meningioma.png,P01,P19,0.5903337169159953,0.032359333494325,0.956268221574344,0.923908888080019
414_pid-97875_meningioma.png,P01,P20,0.6117047509452572,0.032359333494325,0.955288985823337,0.922929652329012
414_pid-97875_meningioma.png,P05,P02,0.5243006719799969,0.0154195011337868,0.952764555108019,0.9373450539742323
414_pid-97875_meningioma.png,P11,P02,0.4760891159358592,0.0450070323488045,0.952764555108019,0.9077575227592145
414_pid-97875_meningioma.png,P17,P02,0.5113549763755525,0.0433263452131376,0.952764555108019,0.9094382098948814
414_pid-97875_meningioma.png,P05,P03,0.5771913031587583,0.0154195011337868,0.9501970619849516,0.9347775608511648
414_pid-97875_meningioma.png,P11,P03,0.5826945563206444,0.0450070323488045,0.9501970619849516,0.905190029636147
414_pid-97875_meningioma.png,P17,P03,0.6219664401608653,0.0433263452131376,0.9501970619849516,0.906870716771814
414_pid-97875_meningioma.png,P05,P04,0.5433661509610876,0.0154195011337868,0.9521373766898064,0.9367178755560196
414_pid-97875_meningioma.png,P11,P04,0.4934014474244359,0.0450070323488045,0.9521373766898064,0.9071303443410018
414_pid-97875_meningioma.png,P17,P04,0.5299497027892089,0.0433263452131376,0.9521373766898064,0.9088110314766688
414_pid-97875_meningioma.png,P05,P06,0.614957200780898,0.0154195011337868,0.95623869801085,0.9408191968770633
414_pid-97875_meningioma.png,P05,P07,0.5433661509610876,0.0154195011337868,0.9521373766898064,0.9367178755560196
414_pid-97875_meningioma.png,P05,P08,0.5957926371149511,0.0154195011337868,0.9546937296121784,0.9392742284783916
414_pid-97875_meningioma.png,P05,P09,0.5624316299421784,0.0154195011337868,0.955158585490339,0.9397390843565523
414_pid-97875_meningioma.png,P05,P10,0.614957200780898,0.0154195011337868,0.95623869801085,0.9408191968770633
414_pid-97875_meningioma.png,P05,P12,0.6334984241332733,0.0154195011337868,0.9569931333574268,0.94157363222364
414_pid-97875_meningioma.png,P05,P13,0.5243006719799969,0.0154195011337868,0.952764555108019,0.9373450539742323
414_pid-97875_meningioma.png,P05,P14,0.5624316299421784,0.0154195011337868,0.955158585490339,0.9397390843565523
414_pid-97875_meningioma.png,P05,P15,0.659634317862166,0.0154195011337868,0.9420442571127504,0.9266247559789637
414_pid-97875_meningioma.png,P05,P16,0.60056258790436,0.0154195011337868,0.9553214674900108,0.939901966356224
414_pid-97875_meningioma.png,P05,P18,0.6196280668854508,0.0154195011337868,0.9568684305907936,0.9414489294570069
414_pid-97875_meningioma.png,P05,P19,0.5611814345991561,0.0154195011337868,0.956268221574344,0.9408487204405572
414_pid-97875_meningioma.png,P05,P20,0.5814971089232692,0.0154195011337868,0.955288985823337,0.9398694846895502
414_pid-97875_meningioma.png,P11,P06,0.6179934723996027,0.0450070323488045,0.95623869801085,0.9112316656620455
414_pid-97875_meningioma.png,P17,P06,0.6637707666514251,0.0433263452131376,0.95623869801085,0.9129123527977124
414_pid-97875_meningioma.png,P11,P07,0.4934014474244359,0.0450070323488045,0.9521373766898064,0.9071303443410018
414_pid-97875_meningioma.png,P17,P07,0.5299497027892089,0.0433263452131376,0.9521373766898064,0.9088110314766688
414_pid-97875_meningioma.png,P11,P08,0.598978288633461,0.0450070323488045,0.9546937296121784,0.9096866972633738
414_pid-97875_meningioma.png,P17,P08,0.6433470507544582,0.0433263452131376,0.9546937296121784,0.9113673843990407
414_pid-97875_meningioma.png,P11,P09,0.5107137789130126,0.0450070323488045,0.955158585490339,0.9101515531415345
414_pid-97875_meningioma.png,P17,P09,0.5485444292028654,0.0433263452131376,0.955158585490339,0.9118322402772014
414_pid-97875_meningioma.png,P11,P10,0.6179934723996027,0.0450070323488045,0.95623869801085,0.9112316656620455
414_pid-97875_meningioma.png,P17,P10,0.6637707666514251,0.0433263452131376,0.95623869801085,0.9129123527977124
414_pid-97875_meningioma.png,P11,P12,0.6364410387398893,0.0450070323488045,0.9569931333574268,0.9119861010086222
414_pid-97875_meningioma.png,P11,P13,0.4760891159358592,0.0450070323488045,0.952764555108019,0.9077575227592145
414_pid-97875_meningioma.png,P11,P14,0.5107137789130126,0.0450070323488045,0.955158585490339,0.9101515531415345
414_pid-97875_meningioma.png,P11,P15,0.598978288633461,0.0450070323488045,0.9420442571127504,0.8970372247639459
414_pid-97875_meningioma.png,P11,P16,0.545338441890166,0.0450070323488045,0.9553214674900108,0.9103144351412062
414_pid-97875_meningioma.png,P11,P18,0.5626507733787427,0.0450070323488045,0.9568684305907936,0.9118613982419891
414_pid-97875_meningioma.png,P11,P19,0.5095785440613027,0.0450070323488045,0.956268221574344,0.9112611892255394
414_pid-97875_meningioma.png,P11,P20,0.5280261104015893,0.0450070323488045,0.955288985823337,0.9102819534745324
414_pid-97875_meningioma.png,P17,P12,0.6835848193872885,0.0433263452131376,0.9569931333574268,0.9136667881442891
414_pid-97875_meningioma.png,P17,P13,0.5113549763755525,0.0433263452131376,0.952764555108019,0.9094382098948814
414_pid-97875_meningioma.png,P17,P14,0.5485444292028654,0.0433263452131376,0.955158585490339,0.9118322402772014
414_pid-97875_meningioma.png,P17,P15,0.6433470507544582,0.0433263452131376,0.9420442571127504,0.8987179118996128
414_pid-97875_meningioma.png,P17,P16,0.5857338820301783,0.0433263452131376,0.9553214674900108,0.9119951222768732
414_pid-97875_meningioma.png,P17,P18,0.6043286084438347,0.0433263452131376,0.9568684305907936,0.913542085377656
414_pid-97875_meningioma.png,P17,P19,0.5473251028806584,0.0433263452131376,0.956268221574344,0.9129418763612064
414_pid-97875_meningioma.png,P17,P20,0.5671391556165218,0.0433263452131376,0.955288985823337,0.9119626406101994
423_pid-98241_meningioma.png,P04,P01,0.0,0.0,0.9670058587727411,0.9670058587727411
423_pid-98241_meningioma.png,P15,P01,0.0,0.0,0.9670058587727411,0.9670058587727411
423_pid-98241_meningioma.png,P17,P01,0.0,0.0,0.9670058587727411,0.9670058587727411
423_pid-98241_meningioma.png,P19,P01,0.0,0.0,0.9670058587727411,0.9670058587727411
423_pid-98241_meningioma.png,P04,P02,0.0,0.0,0.9670058587727411,0.9670058587727411
423_pid-98241_meningioma.png,P15,P02,0.0,0.0,0.9670058587727411,0.9670058587727411
423_pid-98241_meningioma.png,P17,P02,0.0,0.0,0.9670058587727411,0.9670058587727411
423_pid-98241_meningioma.png,P19,P02,0.0,0.0,0.9670058587727411,0.9670058587727411
423_pid-98241_meningioma.png,P04,P03,0.0,0.0,0.93520535786331,0.93520535786331
423_pid-98241_meningioma.png,P15,P03,0.0,0.0,0.93520535786331,0.93520535786331
423_pid-98241_meningioma.png,P17,P03,0.0,0.0,0.93520535786331,0.93520535786331
423_pid-98241_meningioma.png,P19,P03,0.0,0.0,0.93520535786331,0.93520535786331
423_pid-98241_meningioma.png,P04,P05,0.0,0.0,0.9666975023126736,0.9666975023126736
423_pid-98241_meningioma.png,P04,P06,0.0,0.0,0.9619556673479012,0.9619556673479012
423_pid-98241_meningioma.png,P04,P07,0.0,0.0,0.9667925109792742,0.9667925109792742
423_pid-98241_meningioma.png,P04,P08,0.0,0.0,0.9662593190377372,0.9662593190377372
423_pid-98241_meningioma.png,P04,P09,0.0,0.0,0.9653984656333175,0.9653984656333175
423_pid-98241_meningioma.png,P04,P10,0.0,0.0,0.9678863671452832,0.9678863671452832
423_pid-98241_meningioma.png,P04,P11,0.0,0.0,0.9664460520240112,0.9664460520240112
423_pid-98241_meningioma.png,P04,P12,0.0,0.0,0.967314143068882,0.967314143068882
423_pid-98241_meningioma.png,P04,P13,0.0,0.0,0.9678219741025044,0.9678219741025044
423_pid-98241_meningioma.png,P04,P14,0.0,0.0,0.967611963427863,0.967611963427863
423_pid-98241_meningioma.png,P04,P16,0.0,0.0,0.9662229745325844,0.9662229745325844
423_pid-98241_meningioma.png,P04,P18,0.0,0.0,0.962112875334067,0.962112875334067
423_pid-98241_meningioma.png,P04,P20,0.0,0.0,0.9670058587727411,0.9670058587727411
423_pid-98241_meningioma.png,P15,P05,0.0,0.0,0.9666975023126736,0.9666975023126736
423_pid-98241_meningioma.png,P17,P05,0.0,0.0,0.9666975023126736,0.9666975023126736
423_pid-98241_meningioma.png,P19,P05,0.0,0.0,0.9666975023126736,0.9666975023126736
423_pid-98241_meningioma.png,P15,P06,0.0,0.0,0.9619556673479012,0.9619556673479012
423_pid-98241_meningioma.png,P17,P06,0.0,0.0,0.9619556673479012,0.9619556673479012
423_pid-98241_meningioma.png,P19,P06,0.0,0.0,0.9619556673479012,0.9619556673479012
423_pid-98241_meningioma.png,P15,P07,0.0,0.0,0.9667925109792742,0.9667925109792742
423_pid-98241_meningioma.png,P17,P07,0.0,0.0,0.9667925109792742,0.9667925109792742
423_pid-98241_meningioma.png,P19,P07,0.0,0.0,0.9667925109792742,0.9667925109792742
423_pid-98241_meningioma.png,P15,P08,0.0,0.0,0.9662593190377372,0.9662593190377372
423_pid-98241_meningioma.png,P17,P08,0.0,0.0,0.9662593190377372,0.9662593190377372
423_pid-98241_meningioma.png,P19,P08,0.0,0.0,0.9662593190377372,0.9662593190377372
423_pid-98241_meningioma.png,P15,P09,0.0,0.0,0.9653984656333175,0.9653984656333175
423_pid-98241_meningioma.png,P17,P09,0.0,0.0,0.9653984656333175,0.9653984656333175
423_pid-98241_meningioma.png,P19,P09,0.0,0.0,0.9653984656333175,0.9653984656333175
423_pid-98241_meningioma.png,P15,P10,0.0,0.0,0.9678863671452832,0.9678863671452832
423_pid-98241_meningioma.png,P17,P10,0.0,0.0,0.9678863671452832,0.9678863671452832
423_pid-98241_meningioma.png,P19,P10,0.0,0.0,0.9678863671452832,0.9678863671452832
423_pid-98241_meningioma.png,P15,P11,0.0,0.0,0.9664460520240112,0.9664460520240112
423_pid-98241_meningioma.png,P17,P11,0.0,0.0,0.9664460520240112,0.9664460520240112
423_pid-98241_meningioma.png,P19,P11,0.0,0.0,0.9664460520240112,0.9664460520240112
423_pid-98241_meningioma.png,P15,P12,0.0,0.0,0.967314143068882,0.967314143068882
423_pid-98241_meningioma.png,P17,P12,0.0,0.0,0.967314143068882,0.967314143068882
423_pid-98241_meningioma.png,P19,P12,0.0,0.0,0.967314143068882,0.967314143068882
423_pid-98241_meningioma.png,P15,P13,0.0,0.0,0.9678219741025044,0.9678219741025044
423_pid-98241_meningioma.png,P17,P13,0.0,0.0,0.9678219741025044,0.9678219741025044
423_pid-98241_meningioma.png,P19,P13,0.0,0.0,0.9678219741025044,0.9678219741025044
423_pid-98241_meningioma.png,P15,P14,0.0,0.0,0.967611963427863,0.967611963427863
423_pid-98241_meningioma.png,P17,P14,0.0,0.0,0.967611963427863,0.967611963427863
423_pid-98241_meningioma.png,P19,P14,0.0,0.0,0.967611963427863,0.967611963427863
423_pid-98241_meningioma.png,P15,P16,0.0,0.0,0.9662229745325844,0.9662229745325844
423_pid-98241_meningioma.png,P15,P18,0.0,0.0,0.962112875334067,0.962112875334067
423_pid-98241_meningioma.png,P15,P20,0.0,0.0,0.9670058587727411,0.9670058587727411
423_pid-98241_meningioma.png,P17,P16,0.0,0.0,0.9662229745325844,0.9662229745325844
423_pid-98241_meningioma.png,P19,P16,0.0,0.0,0.9662229745325844,0.9662229745325844
423_pid-98241_meningioma.png,P17,P18,0.0,0.0,0.962112875334067,0.962112875334067
423_pid-98241_meningioma.png,P17,P20,0.0,0.0,0.9670058587727411,0.9670058587727411
423_pid-98241_meningioma.png,P19,P18,0.0,0.0,0.962112875334067,0.962112875334067
423_pid-98241_meningioma.png,P19,P20,0.0,0.0,0.9670058587727411,0.9670058587727411
484_pid-102714_meningioma.png,P04,P01,0.0,0.0,0.5686821705426357,0.5686821705426357
484_pid-102714_meningioma.png,P15,P01,0.0,0.0,0.5686821705426357,0.5686821705426357
484_pid-102714_meningioma.png,P19,P01,0.0,0.0,0.5686821705426357,0.5686821705426357
484_pid-102714_meningioma.png,P04,P02,0.0,0.0,0.5686821705426357,0.5686821705426357
484_pid-102714_meningioma.png,P15,P02,0.0,0.0,0.5686821705426357,0.5686821705426357
484_pid-102714_meningioma.png,P19,P02,0.0,0.0,0.5686821705426357,0.5686821705426357
484_pid-102714_meningioma.png,P04,P03,0.0,0.0,0.5686821705426357,0.5686821705426357
484_pid-102714_meningioma.png,P15,P03,0.0,0.0,0.5686821705426357,0.5686821705426357
484_pid-102714_meningioma.png,P19,P03,0.0,0.0,0.5686821705426357,0.5686821705426357
484_pid-102714_meningioma.png,P04,P05,0.0,0.0,0.6613832853025937,0.6613832853025937
484_pid-102714_meningioma.png,P04,P06,0.0,0.0,0.5686821705426357,0.5686821705426357
484_pid-102714_meningioma.png,P04,P07,0.0,0.0,0.6613832853025937,0.6613832853025937
484_pid-102714_meningioma.png,P04,P08,0.0,0.0,0.5686821705426357,0.5686821705426357
484_pid-102714_meningioma.png,P04,P09,0.0,0.0,0.6613832853025937,0.6613832853025937
484_pid-102714_meningioma.png,P04,P10,0.0,0.0,0.6613832853025937,0.6613832853025937
484_pid-102714_meningioma.png,P04,P11,0.0,0.0,0.5686821705426357,0.5686821705426357
484_pid-102714_meningioma.png,P04,P12,0.0,0.0,0.5686821705426357,0.5686821705426357
484_pid-102714_meningioma.png,P04,P13,0.0,0.0,0.6613832853025937,0.6613832853025937
484_pid-102714_meningioma.png,P04,P14,0.0,0.0,0.6046204620462046,0.6046204620462046
484_pid-102714_meningioma.png,P04,P16,0.0,0.0,0.6613832853025937,0.6613832853025937
484_pid-102714_meningioma.png,P04,P17,0.0,0.0,0.5686821705426357,0.5686821705426357
484_pid-102714_meningioma.png,P04,P18,0.0,0.0,0.6613832853025937,0.6613832853025937
484_pid-102714_meningioma.png,P04,P20,0.0,0.0,0.6613832853025937,0.6613832853025937
484_pid-102714_meningioma.png,P15,P05,0.0,0.0,0.6613832853025937,0.6613832853025937
484_pid-102714_meningioma.png,P19,P05,0.0,0.0,0.6613832853025937,0.6613832853025937
484_pid-102714_meningioma.png,P15,P06,0.0,0.0,0.5686821705426357,0.5686821705426357
484_pid-102714_meningioma.png,P19,P06,0.0,0.0,0.5686821705426357,0.5686821705426357
484_pid-102714_meningioma.png,P15,P07,0.0,0.0,0.6613832853025937,0.6613832853025937
484_pid-102714_meningioma.png,P19,P07,0.0,0.0,0.6613832853025937,0.6613832853025937
484_pid-102714_meningioma.png,P15,P08,0.0,0.0,0.5686821705426357,0.5686821705426357
484_pid-102714_meningioma.png,P19,P08,0.0,0.0,0.5686821705426357,0.5686821705426357
484_pid-102714_meningioma.png,P15,P09,0.0,0.0,0.6613832853025937,0.6613832853025937
484_pid-102714_meningioma.png,P19,P09,0.0,0.0,0.6613832853025937,0.6613832853025937
484_pid-102714_meningioma.png,P15,P10,0.0,0.0,0.6613832853025937,0.6613832853025937
484_pid-102714_meningioma.png,P19,P10,0.0,0.0,0.6613832853025937,0.6613832853025937
484_pid-102714_meningioma.png,P15,P11,0.0,0.0,0.5686821705426357,0.5686821705426357
484_pid-102714_meningioma.png,P19,P11,0.0,0.0,0.5686821705426357,0.5686821705426357
484_pid-102714_meningioma.png,P15,P12,0.0,0.0,0.5686821705426357,0.5686821705426357
484_pid-102714_meningioma.png,P19,P12,0.0,0.0,0.5686821705426357,0.5686821705426357
484_pid-102714_meningioma.png,P15,P13,0.0,0.0,0.6613832853025937,0.6613832853025937
484_pid-102714_meningioma.png,P19,P13,0.0,0.0,0.6613832853025937,0.6613832853025937
484_pid-102714_meningioma.png,P15,P14,0.0,0.0,0.6046204620462046,0.6046204620462046
484_pid-102714_meningioma.png,P19,P14,0.0,0.0,0.6046204620462046,0.6046204620462046
484_pid-102714_meningioma.png,P15,P16,0.0,0.0,0.6613832853025937,0.6613832853025937
484_pid-102714_meningioma.png,P15,P17,0.0,0.0,0.5686821705426357,0.5686821705426357
484_pid-102714_meningioma.png,P15,P18,0.0,0.0,0.6613832853025937,0.6613832853025937
484_pid-102714_meningioma.png,P15,P20,0.0,0.0,0.6613832853025937,0.6613832853025937
484_pid-102714_meningioma.png,P19,P16,0.0,0.0,0.6613832853025937,0.6613832853025937
484_pid-102714_meningioma.png,P19,P17,0.0,0.0,0.5686821705426357,0.5686821705426357
484_pid-102714_meningioma.png,P19,P18,0.0,0.0,0.6613832853025937,0.6613832853025937
484_pid-102714_meningioma.png,P19,P20,0.0,0.0,0.6613832853025937,0.6613832853025937
486_pid-102818_meningioma.png,P19,P01,0.0,0.0,0.9515318528124492,0.9515318528124492
486_pid-102818_meningioma.png,P19,P02,0.0,0.0,0.950024578076356,0.950024578076356
486_pid-102818_meningioma.png,P19,P03,0.0,0.0,0.9503197245450072,0.9503197245450072
486_pid-102818_meningioma.png,P19,P04,0.0,0.0,0.953811369509044,0.953811369509044
486_pid-102818_meningioma.png,P19,P05,0.0,0.0,0.9527355131110392,0.9527355131110392
486_pid-102818_meningioma.png,P19,P06,0.0,0.0,0.9511877643996096,0.9511877643996096
486_pid-102818_meningioma.png,P19,P07,0.0,0.0,0.9512866159572746,0.9512866159572746
486_pid-102818_meningioma.png,P19,P08,0.0,0.0,0.95247301433865,0.95247301433865
486_pid-102818_meningioma.png,P19,P09,0.0,0.0,0.9348299547662924,0.9348299547662924
486_pid-102818_meningioma.png,P19,P10,0.0,0.0,0.9503197245450072,0.9503197245450072
486_pid-102818_meningioma.png,P19,P11,0.0,0.0,0.9499918019347434,0.9499918019347434
486_pid-102818_meningioma.png,P19,P12,0.0,0.0,0.9481652130985684,0.9481652130985684
486_pid-102818_meningioma.png,P19,P13,0.0,0.0,0.9527355131110392,0.9527355131110392
486_pid-102818_meningioma.png,P19,P14,0.0,0.0,0.9517128874388254,0.9517128874388254
486_pid-102818_meningioma.png,P19,P15,0.0,0.0,0.9536573550783142,0.9536573550783142
486_pid-102818_meningioma.png,P19,P16,0.0,0.0,0.9512594046450767,0.9512594046450767
486_pid-102818_meningioma.png,P19,P17,0.0,0.0,0.951381036989178,0.951381036989178
486_pid-102818_meningioma.png,P19,P18,0.0,0.0,0.944472070280126,0.944472070280126
486_pid-102818_meningioma.png,P19,P20,0.0,0.0,0.951762221861296,0.951762221861296
502_pid-103925_meningioma.png,P04,P01,0.0,0.0,0.963515954244431,0.963515954244431
502_pid-103925_meningioma.png,P04,P02,0.0,0.0,0.9634205426356588,0.9634205426356588
502_pid-103925_meningioma.png,P04,P03,0.0,0.0,0.9585555016965585,0.9585555016965585
502_pid-103925_meningioma.png,P04,P05,0.0,0.0,0.9635335178721868,0.9635335178721868
502_pid-103925_meningioma.png,P04,P06,0.0,0.0,0.9569238257483572,0.9569238257483572
502_pid-103925_meningioma.png,P04,P07,0.0,0.0,0.9635335178721868,0.9635335178721868
502_pid-103925_meningioma.png,P04,P08,0.0,0.0,0.964148219441771,0.964148219441771
502_pid-103925_meningioma.png,P04,P09,0.0,0.0,0.9635335178721868,0.9635335178721868
502_pid-103925_meningioma.png,P04,P10,0.0,0.0,0.9636891793754538,0.9636891793754538
502_pid-103925_meningioma.png,P04,P11,0.0,0.0,0.964165464165464,0.964165464165464
502_pid-103925_meningioma.png,P04,P12,0.0,0.0,0.9632219944531532,0.9632219944531532
502_pid-103925_meningioma.png,P04,P13,0.0,0.0,0.9635335178721868,0.9635335178721868
502_pid-103925_meningioma.png,P04,P14,0.0,0.0,0.9569238257483572,0.9569238257483572
502_pid-103925_meningioma.png,P04,P15,0.0,0.0,0.9603876438522108,0.9603876438522108
502_pid-103925_meningioma.png,P04,P16,0.0,0.0,0.963515954244431,0.963515954244431
502_pid-103925_meningioma.png,P04,P17,0.0,0.0,0.96349302607641,0.96349302607641
502_pid-103925_meningioma.png,P04,P18,0.0,0.0,0.9635335178721868,0.9635335178721868
502_pid-103925_meningioma.png,P04,P19,0.0,0.0,0.9627291489620008,0.9627291489620008
502_pid-103925_meningioma.png,P04,P20,0.0,0.0,0.964148219441771,0.964148219441771
523_pid-106284_meningioma.png,P04,P01,0.0,0.0,0.8726523133302795,0.8726523133302795
523_pid-106284_meningioma.png,P15,P01,0.0,0.0,0.8726523133302795,0.8726523133302795
523_pid-106284_meningioma.png,P19,P01,0.0,0.0,0.8726523133302795,0.8726523133302795
523_pid-106284_meningioma.png,P04,P02,0.0,0.0,0.8348761769127304,0.8348761769127304
523_pid-106284_meningioma.png,P15,P02,0.0,0.0,0.8348761769127304,0.8348761769127304
523_pid-106284_meningioma.png,P19,P02,0.0,0.0,0.8348761769127304,0.8348761769127304
523_pid-106284_meningioma.png,P04,P03,0.0,0.0,0.8969941075557545,0.8969941075557545
523_pid-106284_meningioma.png,P15,P03,0.0,0.0,0.8969941075557545,0.8969941075557545
523_pid-106284_meningioma.png,P19,P03,0.0,0.0,0.8969941075557545,0.8969941075557545
523_pid-106284_meningioma.png,P04,P05,0.0,0.0,0.8338081671415005,0.8338081671415005
523_pid-106284_meningioma.png,P04,P06,0.0,0.0,0.8614029666254636,0.8614029666254636
523_pid-106284_meningioma.png,P04,P07,0.0,0.0,0.8650726531867456,0.8650726531867456
523_pid-106284_meningioma.png,P04,P08,0.0,0.0,0.8459186073864973,0.8459186073864973
523_pid-106284_meningioma.png,P04,P09,0.0,0.0,0.8745235554200336,0.8745235554200336
523_pid-106284_meningioma.png,P04,P10,0.0,0.0,0.9155588020452884,0.9155588020452884
523_pid-106284_meningioma.png,P04,P11,0.0,0.0,0.8421714195930552,0.8421714195930552
523_pid-106284_meningioma.png,P04,P12,0.0,0.0,0.8392800757814967,0.8392800757814967
523_pid-106284_meningioma.png,P04,P13,0.0,0.0,0.8610661112396821,0.8610661112396821
523_pid-106284_meningioma.png,P04,P14,0.0,0.0,0.8348761769127304,0.8348761769127304
523_pid-106284_meningioma.png,P04,P16,0.0,0.0,0.8022488389146908,0.8022488389146908
523_pid-106284_meningioma.png,P04,P17,0.0,0.0,0.8885555722213889,0.8885555722213889
523_pid-106284_meningioma.png,P04,P18,0.0,0.0,0.8593943139678616,0.8593943139678616
523_pid-106284_meningioma.png,P04,P20,0.0,0.0,0.8190797398217297,0.8190797398217297
523_pid-106284_meningioma.png,P15,P05,0.0,0.0,0.8338081671415005,0.8338081671415005
523_pid-106284_meningioma.png,P19,P05,0.0,0.0,0.8338081671415005,0.8338081671415005
523_pid-106284_meningioma.png,P15,P06,0.0,0.0,0.8614029666254636,0.8614029666254636
523_pid-106284_meningioma.png,P19,P06,0.0,0.0,0.8614029666254636,0.8614029666254636
523_pid-106284_meningioma.png,P15,P07,0.0,0.0,0.8650726531867456,0.8650726531867456
523_pid-106284_meningioma.png,P19,P07,0.0,0.0,0.8650726531867456,0.8650726531867456
523_pid-106284_meningioma.png,P15,P08,0.0,0.0,0.8459186073864973,0.8459186073864973
523_pid-106284_meningioma.png,P19,P08,0.0,0.0,0.8459186073864973,0.8459186073864973
523_pid-106284_meningioma.png,P15,P09,0.0,0.0,0.8745235554200336,0.8745235554200336
523_pid-106284_meningioma.png,P19,P09,0.0,0.0,0.8745235554200336,0.8745235554200336
523_pid-106284_meningioma.png,P15,P10,0.0,0.0,0.9155588020452884,0.9155588020452884
523_pid-106284_meningioma.png,P19,P10,0.0,0.0,0.9155588020452884,0.9155588020452884
523_pid-106284_meningioma.png,P15,P11,0.0,0.0,0.8421714195930552,0.8421714195930552
523_pid-106284_meningioma.png,P19,P11,0.0,0.0,0.8421714195930552,0.8421714195930552
523_pid-106284_meningioma.png,P15,P12,0.0,0.0,0.8392800757814967,0.8392800757814967
523_pid-106284_meningioma.png,P19,P12,0.0,0.0,0.8392800757814967,0.8392800757814967
523_pid-106284_meningioma.png,P15,P13,0.0,0.0,0.8610661112396821,0.8610661112396821
523_pid-106284_meningioma.png,P19,P13,0.0,0.0,0.8610661112396821,0.8610661112396821
523_pid-106284_meningioma.png,P15,P14,0.0,0.0,0.8348761769127304,0.8348761769127304
523_pid-106284_meningioma.png,P19,P14,0.0,0.0,0.8348761769127304,0.8348761769127304
523_pid-106284_meningioma.png,P15,P16,0.0,0.0,0.8022488389146908,0.8022488389146908
523_pid-106284_meningioma.png,P15,P17,0.0,0.0,0.8885555722213889,0.8885555722213889
523_pid-106284_meningioma.png,P15,P18,0.0,0.0,0.8593943139678616,0.8593943139678616
523_pid-106284_meningioma.png,P15,P20,0.0,0.0,0.8190797398217297,0.8190797398217297
523_pid-106284_meningioma.png,P19,P16,0.0,0.0,0.8022488389146908,0.8022488389146908
523_pid-106284_meningioma.png,P19,P17,0.0,0.0,0.8885555722213889,0.8885555722213889
523_pid-106284_meningioma.png,P19,P18,0.0,0.0,0.8593943139678616,0.8593943139678616
523_pid-106284_meningioma.png,P19,P20,0.0,0.0,0.8190797398217297,0.8190797398217297
554_pid-107248_meningioma.png,P04,P01,0.0,0.0,0.919016467403564,0.919016467403564
554_pid-107248_meningioma.png,P04,P02,0.0,0.0,0.919774011299435,0.919774011299435
554_pid-107248_meningioma.png,P04,P03,0.0,0.0,0.913641488162345,0.913641488162345
554_pid-107248_meningioma.png,P04,P05,0.0,0.0,0.903558052434457,0.903558052434457
554_pid-107248_meningioma.png,P04,P06,0.0,0.0,0.9192855527922223,0.9192855527922223
554_pid-107248_meningioma.png,P04,P07,0.0,0.0,0.9196650825978728,0.9196650825978728
554_pid-107248_meningioma.png,P04,P08,0.0,0.0,0.91869918699187,0.91869918699187
554_pid-107248_meningioma.png,P04,P09,0.0,0.0,0.9181365897783808,0.9181365897783808
554_pid-107248_meningioma.png,P04,P10,0.0,0.0,0.9179070816418584,0.9179070816418584
554_pid-107248_meningioma.png,P04,P11,0.0,0.0,0.916892502258356,0.916892502258356
554_pid-107248_meningioma.png,P04,P12,0.0,0.0,0.9135913591359136,0.9135913591359136
554_pid-107248_meningioma.png,P04,P13,0.0,0.0,0.9021815622800844,0.9021815622800844
554_pid-107248_meningioma.png,P04,P14,0.0,0.0,0.9156680985756274,0.9156680985756274
554_pid-107248_meningioma.png,P04,P15,0.0,0.0,0.9196650825978728,0.9196650825978728
554_pid-107248_meningioma.png,P04,P16,0.0,0.0,0.9190045248868778,0.9190045248868778
554_pid-107248_meningioma.png,P04,P17,0.0,0.0,0.9185051778478164,0.9185051778478164
554_pid-107248_meningioma.png,P04,P18,0.0,0.0,0.919016467403564,0.919016467403564
554_pid-107248_meningioma.png,P04,P19,0.0,0.0,0.9220489977728286,0.9220489977728286
554_pid-107248_meningioma.png,P04,P20,0.0,0.0,0.9038146501287152,0.9038146501287152
556_pid-107494_meningioma.png,P15,P01,0.0,0.0,0.603462111658833,0.603462111658833
556_pid-107494_meningioma.png,P15,P02,0.0,0.0,0.603462111658833,0.603462111658833
556_pid-107494_meningioma.png,P15,P03,0.0,0.0,0.603462111658833,0.603462111658833
556_pid-107494_meningioma.png,P15,P04,0.0,0.0,0.6696302721457227,0.6696302721457227
556_pid-107494_meningioma.png,P15,P05,0.0,0.0,0.603462111658833,0.603462111658833
556_pid-107494_meningioma.png,P15,P06,0.0,0.0,0.5976905311778291,0.5976905311778291
556_pid-107494_meningioma.png,P15,P07,0.0,0.0,0.603462111658833,0.603462111658833
556_pid-107494_meningioma.png,P15,P08,0.0,0.0,0.603462111658833,0.603462111658833
556_pid-107494_meningioma.png,P15,P09,0.0,0.0,0.603462111658833,0.603462111658833
556_pid-107494_meningioma.png,P15,P10,0.0,0.0,0.6122402634268196,0.6122402634268196
556_pid-107494_meningioma.png,P15,P11,0.0,0.0,0.603462111658833,0.603462111658833
556_pid-107494_meningioma.png,P15,P12,0.0,0.0,0.603462111658833,0.603462111658833
556_pid-107494_meningioma.png,P15,P13,0.0,0.0,0.603462111658833,0.603462111658833
556_pid-107494_meningioma.png,P15,P14,0.0,0.0,0.5976905311778291,0.5976905311778291
556_pid-107494_meningioma.png,P15,P16,0.0,0.0,0.603462111658833,0.603462111658833
556_pid-107494_meningioma.png,P15,P17,0.0,0.0,0.6696302721457227,0.6696302721457227
556_pid-107494_meningioma.png,P15,P18,0.0,0.0,0.5976905311778291,0.5976905311778291
556_pid-107494_meningioma.png,P15,P19,0.0,0.0,0.6696302721457227,0.6696302721457227
556_pid-107494_meningioma.png,P15,P20,0.0,0.0,0.603462111658833,0.603462111658833
55_pid-104281_meningioma.png,P04,P01,0.0,0.0,0.5332225913621262,0.5332225913621262
55_pid-104281_meningioma.png,P07,P01,0.0,0.0,0.5332225913621262,0.5332225913621262
55_pid-104281_meningioma.png,P15,P01,0.0,0.0,0.5332225913621262,0.5332225913621262
55_pid-104281_meningioma.png,P19,P01,0.0,0.0,0.5332225913621262,0.5332225913621262
55_pid-104281_meningioma.png,P04,P02,0.0,0.0,0.5317871194864361,0.5317871194864361
55_pid-104281_meningioma.png,P07,P02,0.0,0.0,0.5317871194864361,0.5317871194864361
55_pid-104281_meningioma.png,P15,P02,0.0,0.0,0.5317871194864361,0.5317871194864361
55_pid-104281_meningioma.png,P19,P02,0.0,0.0,0.5317871194864361,0.5317871194864361
55_pid-104281_meningioma.png,P04,P05,0.0,0.0,0.5360050093926112,0.5360050093926112
55_pid-104281_meningioma.png,P04,P08,0.0,0.0,0.5358931552587646,0.5358931552587646
55_pid-104281_meningioma.png,P04,P11,0.0,0.0,0.535,0.535
55_pid-104281_meningioma.png,P04,P13,0.0,0.0,0.5633926609536366,0.5633926609536366
55_pid-104281_meningioma.png,P04,P17,0.0,0.0,0.5313469894475481,0.5313469894475481
55_pid-104281_meningioma.png,P04,P18,0.0,0.0,0.5313469894475481,0.5313469894475481
55_pid-104281_meningioma.png,P04,P20,0.0,0.0,0.5331118953705626,0.5331118953705626
55_pid-104281_meningioma.png,P07,P05,0.0,0.0,0.5360050093926112,0.5360050093926112
55_pid-104281_meningioma.png,P15,P05,0.0,0.0,0.5360050093926112,0.5360050093926112
55_pid-104281_meningioma.png,P19,P05,0.0,0.0,0.5360050093926112,0.5360050093926112
55_pid-104281_meningioma.png,P07,P08,0.0,0.0,0.5358931552587646,0.5358931552587646
55_pid-104281_meningioma.png,P07,P11,0.0,0.0,0.535,0.535
55_pid-104281_meningioma.png,P07,P13,0.0,0.0,0.5633926609536366,0.5633926609536366
55_pid-104281_meningioma.png,P07,P17,0.0,0.0,0.5313469894475481,0.5313469894475481
55_pid-104281_meningioma.png,P07,P18,0.0,0.0,0.5313469894475481,0.5313469894475481
55_pid-104281_meningioma.png,P07,P20,0.0,0.0,0.5331118953705626,0.5331118953705626
55_pid-104281_meningioma.png,P15,P08,0.0,0.0,0.5358931552587646,0.5358931552587646
55_pid-104281_meningioma.png,P19,P08,0.0,0.0,0.5358931552587646,0.5358931552587646
55_pid-104281_meningioma.png,P15,P11,0.0,0.0,0.535,0.535
55_pid-104281_meningioma.png,P19,P11,0.0,0.0,0.535,0.535
55_pid-104281_meningioma.png,P15,P13,0.0,0.0,0.5633926609536366,0.5633926609536366
55_pid-104281_meningioma.png,P19,P13,0.0,0.0,0.5633926609536366,0.5633926609536366
55_pid-104281_meningioma.png,P15,P17,0.0,0.0,0.5313469894475481,0.5313469894475481
55_pid-104281_meningioma.png,P15,P18,0.0,0.0,0.5313469894475481,0.5313469894475481
55_pid-104281_meningioma.png,P15,P20,0.0,0.0,0.5331118953705626,0.5331118953705626
55_pid-104281_meningioma.png,P19,P17,0.0,0.0,0.5313469894475481,0.5313469894475481
55_pid-104281_meningioma.png,P19,P18,0.0,0.0,0.5313469894475481,0.5313469894475481
55_pid-104281_meningioma.png,P19,P20,0.0,0.0,0.5331118953705626,0.5331118953705626
597_pid-111710_meningioma.png,P08,P01,0.0,0.0,0.6235997012696042,0.6235997012696042
597_pid-111710_meningioma.png,P15,P01,0.0,0.0,0.6235997012696042,0.6235997012696042
597_pid-111710_meningioma.png,P17,P01,0.0,0.0,0.6235997012696042,0.6235997012696042
597_pid-111710_meningioma.png,P08,P02,0.0,0.0,0.6264066016504126,0.6264066016504126
597_pid-111710_meningioma.png,P15,P02,0.0,0.0,0.6264066016504126,0.6264066016504126
597_pid-111710_meningioma.png,P17,P02,0.0,0.0,0.6264066016504126,0.6264066016504126
597_pid-111710_meningioma.png,P08,P03,0.0,0.0,0.6208689194207204,0.6208689194207204
597_pid-111710_meningioma.png,P15,P03,0.0,0.0,0.6208689194207204,0.6208689194207204
597_pid-111710_meningioma.png,P17,P03,0.0,0.0,0.6208689194207204,0.6208689194207204
597_pid-111710_meningioma.png,P08,P04,0.0,0.0,0.6264066016504126,0.6264066016504126
597_pid-111710_meningioma.png,P15,P04,0.0,0.0,0.6264066016504126,0.6264066016504126
597_pid-111710_meningioma.png,P17,P04,0.0,0.0,0.6264066016504126,0.6264066016504126
597_pid-111710_meningioma.png,P08,P05,0.0,0.0,0.6264066016504126,0.6264066016504126
597_pid-111710_meningioma.png,P15,P05,0.0,0.0,0.6264066016504126,0.6264066016504126
597_pid-111710_meningioma.png,P17,P05,0.0,0.0,0.6264066016504126,0.6264066016504126
597_pid-111710_meningioma.png,P08,P06,0.0,0.0,0.6019417475728155,0.6019417475728155
597_pid-111710_meningioma.png,P15,P06,0.0,0.0,0.6019417475728155,0.6019417475728155
597_pid-111710_meningioma.png,P17,P06,0.0,0.0,0.6019417475728155,0.6019417475728155
597_pid-111710_meningioma.png,P08,P07,0.0,0.0,0.6264066016504126,0.6264066016504126
597_pid-111710_meningioma.png,P15,P07,0.0,0.0,0.6264066016504126,0.6264066016504126
597_pid-111710_meningioma.png,P17,P07,0.0,0.0,0.6264066016504126,0.6264066016504126
597_pid-111710_meningioma.png,P08,P09,0.0,0.0,0.6318577374195989,0.6318577374195989
597_pid-111710_meningioma.png,P08,P10,0.0,0.0,0.625,0.625
597_pid-111710_meningioma.png,P08,P11,0.0,0.0,0.5741692360397397,0.5741692360397397
597_pid-111710_meningioma.png,P08,P12,0.0,0.0,0.6264066016504126,0.6264066016504126
597_pid-111710_meningioma.png,P08,P13,0.0,0.0,0.6264066016504126,0.6264066016504126
597_pid-111710_meningioma.png,P08,P14,0.0,0.0,0.6171470805617147,0.6171470805617147
597_pid-111710_meningioma.png,P08,P16,0.0,0.0,0.620817843866171,0.620817843866171
597_pid-111710_meningioma.png,P08,P18,0.0,0.0,0.6264066016504126,0.6264066016504126
597_pid-111710_meningioma.png,P08,P19,0.0,0.0,0.6264066016504126,0.6264066016504126
597_pid-111710_meningioma.png,P08,P20,0.0,0.0,0.620817843866171,0.620817843866171
597_pid-111710_meningioma.png,P15,P09,0.0,0.0,0.6318577374195989,0.6318577374195989
597_pid-111710_meningioma.png,P17,P09,0.0,0.0,0.6318577374195989,0.6318577374195989
597_pid-111710_meningioma.png,P15,P10,0.0,0.0,0.625,0.625
597_pid-111710_meningioma.png,P17,P10,0.0,0.0,0.625,0.625
597_pid-111710_meningioma.png,P15,P11,0.0,0.0,0.5741692360397397,0.5741692360397397
597_pid-111710_meningioma.png,P17,P11,0.0,0.0,0.5741692360397397,0.5741692360397397
597_pid-111710_meningioma.png,P15,P12,0.0,0.0,0.6264066016504126,0.6264066016504126
597_pid-111710_meningioma.png,P17,P12,0.0,0.0,0.6264066016504126,0.6264066016504126
597_pid-111710_meningioma.png,P15,P13,0.0,0.0,0.6264066016504126,0.6264066016504126
597_pid-111710_meningioma.png,P17,P13,0.0,0.0,0.6264066016504126,0.6264066016504126
597_pid-111710_meningioma.png,P15,P14,0.0,0.0,0.6171470805617147,0.6171470805617147
597_pid-111710_meningioma.png,P17,P14,0.0,0.0,0.6171470805617147,0.6171470805617147
597_pid-111710_meningioma.png,P15,P16,0.0,0.0,0.620817843866171,0.620817843866171
597_pid-111710_meningioma.png,P15,P18,0.0,0.0,0.6264066016504126,0.6264066016504126
597_pid-111710_meningioma.png,P15,P19,0.0,0.0,0.6264066016504126,0.6264066016504126
597_pid-111710_meningioma.png,P15,P20,0.0,0.0,0.620817843866171,0.620817843866171
597_pid-111710_meningioma.png,P17,P16,0.0,0.0,0.620817843866171,0.620817843866171
597_pid-111710_meningioma.png,P17,P18,0.0,0.0,0.6264066016504126,0.6264066016504126
597_pid-111710_meningioma.png,P17,P19,0.0,0.0,0.6264066016504126,0.6264066016504126
597_pid-111710_meningioma.png,P17,P20,0.0,0.0,0.620817843866171,0.620817843866171
59_pid-58392_pituitary.png,P18,P01,0.3725490196078431,0.0047694753577106,0.9234937838699394,0.9187243085122289
59_pid-58392_pituitary.png,P18,P02,0.2604627547689853,0.0047694753577106,0.6635310313181141,0.6587615559604035
59_pid-58392_pituitary.png,P18,P03,0.3257142857142857,0.0047694753577106,0.9309677419354838,0.9261982665777733
59_pid-58392_pituitary.png,P18,P04,0.2490756302521008,0.0047694753577106,0.6585476895060324,0.6537782141483218
59_pid-58392_pituitary.png,P18,P05,0.4258131249281692,0.0047694753577106,0.9247002398081536,0.9199307644504431
59_pid-58392_pituitary.png,P18,P06,0.3187096774193548,0.0047694753577106,0.9274943856272057,0.9227249102694951
59_pid-58392_pituitary.png,P18,P07,0.3136906273812547,0.0047694753577106,0.9288581981692628,0.9240887228115523
59_pid-58392_pituitary.png,P18,P08,0.3881613410162389,0.0047694753577106,0.9238870272857826,0.9191175519280721
59_pid-58392_pituitary.png,P18,P09,0.312,0.0047694753577106,0.9278383579217448,0.9230688825640343
59_pid-58392_pituitary.png,P18,P10,0.6989247311827957,0.0047694753577106,0.760137179745814,0.7553677043881034
59_pid-58392_pituitary.png,P18,P11,0.457238059977786,0.0047694753577106,0.9268762026940346,0.922106727336324
59_pid-58392_pituitary.png,P18,P12,0.2533333333333333,0.0047694753577106,0.6614065180102916,0.656637042652581
59_pid-58392_pituitary.png,P18,P13,0.2832352266646281,0.0047694753577106,0.905849233656553,0.9010797582988425
59_pid-58392_pituitary.png,P18,P14,0.4078150798018712,0.0047694753577106,0.925339728217426,0.9205702528597155
59_pid-58392_pituitary.png,P18,P15,0.3602333495381624,0.0047694753577106,0.9231505102040816,0.918381034846371
59_pid-58392_pituitary.png,P18,P16,0.3311879860552427,0.0047694753577106,0.6679768786127168,0.6632074032550063
59_pid-58392_pituitary.png,P18,P17,0.3689136712137807,0.0047694753577106,0.923739629865986,0.9189701545082755
59_pid-58392_pituitary.png,P18,P19,0.2719266055045871,0.0047694753577106,0.6617091865919231,0.6569397112342126
59_pid-58392_pituitary.png,P18,P20,0.2623008849557522,0.0047694753577106,0.6603493549491951,0.6555798795914846
615_pid-112648_meningioma.png,P02,P05,0.8970497031983699,0.0331241283124128,0.9084967320261438,0.8753726037137309
615_pid-112648_meningioma.png,P02,P07,0.8702070049786007,0.0331241283124128,0.8955550689730677,0.8624309406606548
615_pid-112648_meningioma.png,P02,P16,0.9131929522990976,0.0331241283124128,0.6345637583892617,0.6014396300768489
615_pid-112648_meningioma.png,P03,P05,0.8970497031983699,0.0331241283124128,0.9084967320261438,0.8753726037137309
615_pid-112648_meningioma.png,P03,P07,0.8702070049786007,0.0331241283124128,0.8955550689730677,0.8624309406606548
615_pid-112648_meningioma.png,P03,P16,0.9131929522990976,0.0331241283124128,0.6345637583892617,0.6014396300768489
615_pid-112648_meningioma.png,P04,P05,0.7895637296834902,0.0124714828897338,0.9084967320261438,0.89602524913641
615_pid-112648_meningioma.png,P04,P07,0.7895637296834902,0.0124714828897338,0.8955550689730677,0.8830835860833339
615_pid-112648_meningioma.png,P04,P16,0.7670408621463852,0.0124714828897338,0.6345637583892617,0.622092275499528
615_pid-112648_meningioma.png,P06,P05,0.8831225468818142,0.0417031715437182,0.9084967320261438,0.8667935604824256
615_pid-112648_meningioma.png,P08,P05,0.9031308536259032,0.0444833625218914,0.9084967320261438,0.8640133695042523
615_pid-112648_meningioma.png,P10,P05,0.6599730544684673,0.0445915345758578,0.9084967320261438,0.8639051974502859
615_pid-112648_meningioma.png,P11,P05,0.8831225468818142,0.0285471537807986,0.9084967320261438,0.8799495782453451
615_pid-112648_meningioma.png,P14,P05,0.8831225468818142,0.0285471537807986,0.9084967320261438,0.8799495782453451
615_pid-112648_meningioma.png,P17,P05,0.7005988023952096,0.0104940970703979,0.9084967320261438,0.8980026349557458
615_pid-112648_meningioma.png,P19,P05,0.0,0.0,0.9084967320261438,0.9084967320261438
615_pid-112648_meningioma.png,P06,P07,0.8568848370172873,0.0417031715437182,0.8955550689730677,0.8538518974293495
615_pid-112648_meningioma.png,P06,P16,0.9271665378338916,0.0417031715437182,0.6345637583892617,0.5928605868455435
615_pid-112648_meningioma.png,P08,P07,0.8760221577420205,0.0444833625218914,0.8955550689730677,0.8510717064511762
615_pid-112648_meningioma.png,P10,P07,0.6599730544684673,0.0445915345758578,0.8955550689730677,0.8509635343972098
615_pid-112648_meningioma.png,P11,P07,0.8568848370172873,0.0285471537807986,0.8955550689730677,0.867007915192269
615_pid-112648_meningioma.png,P14,P07,0.8568848370172873,0.0285471537807986,0.8955550689730677,0.867007915192269
615_pid-112648_meningioma.png,P17,P07,0.7005988023952096,0.0104940970703979,0.8955550689730677,0.8850609719026697
615_pid-112648_meningioma.png,P19,P07,0.0,0.0,0.8955550689730677,0.8955550689730677
615_pid-112648_meningioma.png,P08,P16,0.9053508545907412,0.0444833625218914,0.6345637583892617,0.5900803958673703
615_pid-112648_meningioma.png,P10,P16,0.6958811956590721,0.0445915345758578,0.6345637583892617,0.5899722238134039
615_pid-112648_meningioma.png,P11,P16,0.8860216861393628,0.0285471537807986,0.6345637583892617,0.6060166046084631
615_pid-112648_meningioma.png,P14,P16,0.8860216861393628,0.0285471537807986,0.6345637583892617,0.6060166046084631
615_pid-112648_meningioma.png,P17,P16,0.6829815895823979,0.0104940970703979,0.6345637583892617,0.6240696613188638
615_pid-112648_meningioma.png,P19,P16,0.0,0.0,0.6345637583892617,0.6345637583892617
622_pid-113098_meningioma.png,P19,P01,0.0,0.0,0.928487493704885,0.928487493704885
622_pid-113098_meningioma.png,P19,P02,0.0,0.0,0.9077516059957174,0.9077516059957174
622_pid-113098_meningioma.png,P19,P03,0.0,0.0,0.927743236430852,0.927743236430852
622_pid-113098_meningioma.png,P19,P05,0.0,0.0,0.9350692705725254,0.9350692705725254
622_pid-113098_meningioma.png,P19,P06,0.0,0.0,0.9217641094964516,0.9217641094964516
622_pid-113098_meningioma.png,P19,P07,0.0,0.0,0.8954525768731052,0.8954525768731052
622_pid-113098_meningioma.png,P19,P08,0.0,0.0,0.928487493704885,0.928487493704885
622_pid-113098_meningioma.png,P19,P09,0.0,0.0,0.927743236430852,0.927743236430852
622_pid-113098_meningioma.png,P19,P10,0.0,0.0,0.936963943708885,0.936963943708885
622_pid-113098_meningioma.png,P19,P11,0.0,0.0,0.9410009943652636,0.9410009943652636
622_pid-113098_meningioma.png,P19,P12,0.0,0.0,0.9084374465172,0.9084374465172
622_pid-113098_meningioma.png,P19,P13,0.0,0.0,0.9254485721506192,0.9254485721506192
622_pid-113098_meningioma.png,P19,P14,0.0,0.0,0.928487493704885,0.928487493704885
622_pid-113098_meningioma.png,P19,P15,0.0,0.0,0.709592641261498,0.709592641261498
622_pid-113098_meningioma.png,P19,P16,0.0,0.0,0.9247892074198988,0.9247892074198988
622_pid-113098_meningioma.png,P19,P17,0.0,0.0,0.6993677340403834,0.6993677340403834
622_pid-113098_meningioma.png,P19,P18,0.0,0.0,0.926829268292683,0.926829268292683
622_pid-113098_meningioma.png,P19,P20,0.0,0.0,0.928487493704885,0.928487493704885
647_pid-114018_meningioma.png,P04,P01,0.0,0.0,0.8811742182514358,0.8811742182514358
647_pid-114018_meningioma.png,P15,P01,0.0,0.0,0.8811742182514358,0.8811742182514358
647_pid-114018_meningioma.png,P17,P01,0.0,0.0,0.8811742182514358,0.8811742182514358
647_pid-114018_meningioma.png,P19,P01,0.0,0.0,0.8811742182514358,0.8811742182514358
647_pid-114018_meningioma.png,P04,P02,0.0,0.0,0.8894176581089542,0.8894176581089542
647_pid-114018_meningioma.png,P15,P02,0.0,0.0,0.8894176581089542,0.8894176581089542
647_pid-114018_meningioma.png,P17,P02,0.0,0.0,0.8894176581089542,0.8894176581089542
647_pid-114018_meningioma.png,P19,P02,0.0,0.0,0.8894176581089542,0.8894176581089542
647_pid-114018_meningioma.png,P04,P03,0.0,0.0,0.815563555801717,0.815563555801717
647_pid-114018_meningioma.png,P15,P03,0.0,0.0,0.815563555801717,0.815563555801717
647_pid-114018_meningioma.png,P17,P03,0.0,0.0,0.815563555801717,0.815563555801717
647_pid-114018_meningioma.png,P19,P03,0.0,0.0,0.815563555801717,0.815563555801717
647_pid-114018_meningioma.png,P04,P05,0.0,0.0,0.879570442342112,0.879570442342112
647_pid-114018_meningioma.png,P04,P06,0.0,0.0,0.8591942560829677,0.8591942560829677
647_pid-114018_meningioma.png,P04,P07,0.0,0.0,0.8897252540459164,0.8897252540459164
647_pid-114018_meningioma.png,P04,P08,0.0,0.0,0.8802762854950115,0.8802762854950115
647_pid-114018_meningioma.png,P04,P09,0.0,0.0,0.8860270444301352,0.8860270444301352
647_pid-114018_meningioma.png,P04,P10,0.0,0.0,0.8709465668898516,0.8709465668898516
647_pid-114018_meningioma.png,P04,P11,0.0,0.0,0.8758135902108826,0.8758135902108826
647_pid-114018_meningioma.png,P04,P12,0.0,0.0,0.8935162094763093,0.8935162094763093
647_pid-114018_meningioma.png,P04,P13,0.0,0.0,0.885623812539582,0.885623812539582
647_pid-114018_meningioma.png,P04,P14,0.0,0.0,0.8701588551923329,0.8701588551923329
647_pid-114018_meningioma.png,P04,P16,0.0,0.0,0.8836382113821138,0.8836382113821138
647_pid-114018_meningioma.png,P04,P18,0.0,0.0,0.8864016467258459,0.8864016467258459
647_pid-114018_meningioma.png,P04,P20,0.0,0.0,0.8866371120962635,0.8866371120962635
647_pid-114018_meningioma.png,P15,P05,0.0,0.0,0.879570442342112,0.879570442342112
647_pid-114018_meningioma.png,P17,P05,0.0,0.0,0.879570442342112,0.879570442342112
647_pid-114018_meningioma.png,P19,P05,0.0,0.0,0.879570442342112,0.879570442342112
647_pid-114018_meningioma.png,P15,P06,0.0,0.0,0.8591942560829677,0.8591942560829677
647_pid-114018_meningioma.png,P17,P06,0.0,0.0,0.8591942560829677,0.8591942560829677
647_pid-114018_meningioma.png,P19,P06,0.0,0.0,0.8591942560829677,0.8591942560829677
647_pid-114018_meningioma.png,P15,P07,0.0,0.0,0.8897252540459164,0.8897252540459164
647_pid-114018_meningioma.png,P17,P07,0.0,0.0,0.8897252540459164,0.8897252540459164
647_pid-114018_meningioma.png,P19,P07,0.0,0.0,0.8897252540459164,0.8897252540459164
647_pid-114018_meningioma.png,P15,P08,0.0,0.0,0.8802762854950115,0.8802762854950115
647_pid-114018_meningioma.png,P17,P08,0.0,0.0,0.8802762854950115,0.8802762854950115
647_pid-114018_meningioma.png,P19,P08,0.0,0.0,0.8802762854950115,0.8802762854950115
647_pid-114018_meningioma.png,P15,P09,0.0,0.0,0.8860270444301352,0.8860270444301352
647_pid-114018_meningioma.png,P17,P09,0.0,0.0,0.8860270444301352,0.8860270444301352
647_pid-114018_meningioma.png,P19,P09,0.0,0.0,0.8860270444301352,0.8860270444301352
647_pid-114018_meningioma.png,P15,P10,0.0,0.0,0.8709465668898516,0.8709465668898516
647_pid-114018_meningioma.png,P17,P10,0.0,0.0,0.8709465668898516,0.8709465668898516
647_pid-114018_meningioma.png,P19,P10,0.0,0.0,0.8709465668898516,0.8709465668898516
647_pid-114018_meningioma.png,P15,P11,0.0,0.0,0.8758135902108826,0.8758135902108826
647_pid-114018_meningioma.png,P17,P11,0.0,0.0,0.8758135902108826,0.8758135902108826
647_pid-114018_meningioma.png,P19,P11,0.0,0.0,0.8758135902108826,0.8758135902108826
647_pid-114018_meningioma.png,P15,P12,0.0,0.0,0.8935162094763093,0.8935162094763093
647_pid-114018_meningioma.png,P17,P12,0.0,0.0,0.8935162094763093,0.8935162094763093
647_pid-114018_meningioma.png,P19,P12,0.0,0.0,0.8935162094763093,0.8935162094763093
647_pid-114018_meningioma.png,P15,P13,0.0,0.0,0.885623812539582,0.885623812539582
647_pid-114018_meningioma.png,P17,P13,0.0,0.0,0.885623812539582,0.885623812539582
647_pid-114018_meningioma.png,P19,P13,0.0,0.0,0.885623812539582,0.885623812539582
647_pid-114018_meningioma.png,P15,P14,0.0,0.0,0.8701588551923329,0.8701588551923329
647_pid-114018_meningioma.png,P17,P14,0.0,0.0,0.8701588551923329,0.8701588551923329
647_pid-114018_meningioma.png,P19,P14,0.0,0.0,0.8701588551923329,0.8701588551923329
647_pid-114018_meningioma.png,P15,P16,0.0,0.0,0.8836382113821138,0.8836382113821138
647_pid-114018_meningioma.png,P15,P18,0.0,0.0,0.8864016467258459,0.8864016467258459
647_pid-114018_meningioma.png,P15,P20,0.0,0.0,0.8866371120962635,0.8866371120962635
647_pid-114018_meningioma.png,P17,P16,0.0,0.0,0.8836382113821138,0.8836382113821138
647_pid-114018_meningioma.png,P19,P16,0.0,0.0,0.8836382113821138,0.8836382113821138
647_pid-114018_meningioma.png,P17,P18,0.0,0.0,0.8864016467258459,0.8864016467258459
647_pid-114018_meningioma.png,P17,P20,0.0,0.0,0.8866371120962635,0.8866371120962635
647_pid-114018_meningioma.png,P19,P18,0.0,0.0,0.8864016467258459,0.8864016467258459
647_pid-114018_meningioma.png,P19,P20,0.0,0.0,0.8866371120962635,0.8866371120962635
650_pid-114359_meningioma.png,P04,P01,0.0483894265491838,0.0005877858108505,0.6786430002862869,0.6780552144754364
650_pid-114359_meningioma.png,P05,P01,0.0450946222752147,0.0002409928907097,0.6786430002862869,0.6784020073955772
650_pid-114359_meningioma.png,P06,P01,0.0432702898322686,0.0001245485116452,0.6786430002862869,0.6785184517746417
650_pid-114359_meningioma.png,P07,P01,0.0450946222752147,0.0002409928907097,0.6786430002862869,0.6784020073955772
650_pid-114359_meningioma.png,P15,P01,0.0460894291160203,0.0003665913117859,0.6786430002862869,0.678276408974501
650_pid-114359_meningioma.png,P17,P01,0.0457151712381837,0.000365987556423,0.6786430002862869,0.6782770127298638
650_pid-114359_meningioma.png,P18,P01,0.0428455941794664,0.0001270809505655,0.6786430002862869,0.6785159193357214
650_pid-114359_meningioma.png,P19,P01,0.0452723764286774,0.0001177648236471,0.6786430002862869,0.6785252354626398
650_pid-114359_meningioma.png,P04,P02,0.0441563044569808,0.0005877858108505,0.68901356437753,0.6884257785666795
650_pid-114359_meningioma.png,P05,P02,0.0410521371535932,0.0002409928907097,0.68901356437753,0.6887725714868204
650_pid-114359_meningioma.png,P06,P02,0.0393289240200032,0.0001245485116452,0.68901356437753,0.6888890158658848
650_pid-114359_meningioma.png,P07,P02,0.0410521371535932,0.0002409928907097,0.68901356437753,0.6887725714868204
650_pid-114359_meningioma.png,P15,P02,0.0419802107015914,0.0003665913117859,0.68901356437753,0.6886469730657442
650_pid-114359_meningioma.png,P17,P02,0.0416309421739544,0.000365987556423,0.68901356437753,0.688647576821107
650_pid-114359_meningioma.png,P18,P02,0.0389196721855403,0.0001270809505655,0.68901356437753,0.6888864834269646
650_pid-114359_meningioma.png,P19,P02,0.0412274039191857,0.0001177648236471,0.68901356437753,0.6888957995538829
650_pid-114359_meningioma.png,P04,P08,0.2619431930424727,0.0005877858108505,0.9055922410235244,0.9050044552126739
650_pid-114359_meningioma.png,P04,P09,0.0350399578466672,0.0005877858108505,0.6546909090909091,0.6541031232800586
650_pid-114359_meningioma.png,P04,P11,0.455887625756649,0.0005877858108505,0.5265886928085319,0.5260009069976814
650_pid-114359_meningioma.png,P04,P12,0.0447537793743451,0.0005877858108505,0.6911952360697575,0.690607450258907
650_pid-114359_meningioma.png,P04,P13,0.0454183736626484,0.0005877858108505,0.6750394717956079,0.6744516859847574
650_pid-114359_meningioma.png,P04,P14,0.4437314594685573,0.0005877858108505,0.5219318712085861,0.5213440853977356
650_pid-114359_meningioma.png,P04,P16,0.0447537793743451,0.0005877858108505,0.6911952360697575,0.690607450258907
650_pid-114359_meningioma.png,P04,P20,0.0449153283395027,0.0005877858108505,0.6642066420664207,0.6636188562555702
650_pid-114359_meningioma.png,P05,P08,0.2382946232851407,0.0002409928907097,0.9055922410235244,0.9053512481328148
650_pid-114359_meningioma.png,P05,P09,0.0324463625919831,0.0002409928907097,0.6546909090909091,0.6544499162001994
650_pid-114359_meningioma.png,P05,P11,0.4339711585849279,0.0002409928907097,0.5265886928085319,0.5263476999178223
650_pid-114359_meningioma.png,P05,P12,0.0416415208207604,0.0002409928907097,0.6911952360697575,0.6909542431790479
650_pid-114359_meningioma.png,P05,P13,0.042396975661574,0.0002409928907097,0.6750394717956079,0.6747984789048982
650_pid-114359_meningioma.png,P05,P14,0.421920092349131,0.0002409928907097,0.5219318712085861,0.5216908783178764
650_pid-114359_meningioma.png,P05,P16,0.0416415208207604,0.0002409928907097,0.6911952360697575,0.6909542431790479
650_pid-114359_meningioma.png,P05,P20,0.0418995275882298,0.0002409928907097,0.6642066420664207,0.663965649175711
650_pid-114359_meningioma.png,P06,P08,0.2284894598977173,0.0001245485116452,0.9055922410235244,0.9054676925118792
650_pid-114359_meningioma.png,P06,P09,0.0310070077757511,0.0001245485116452,0.6546909090909091,0.6545663605792639
650_pid-114359_meningioma.png,P06,P11,0.4276428401187355,0.0001245485116452,0.5265886928085319,0.5264641442968867
650_pid-114359_meningioma.png,P06,P12,0.039910945224765,0.0001245485116452,0.6911952360697575,0.6910706875581123
650_pid-114359_meningioma.png,P06,P13,0.040718447226961,0.0001245485116452,0.6750394717956079,0.6749149232839626
650_pid-114359_meningioma.png,P06,P14,0.4154724077556578,0.0001245485116452,0.5219318712085861,0.5218073226969409
650_pid-114359_meningioma.png,P06,P16,0.039910945224765,0.0001245485116452,0.6911952360697575,0.6910706875581123
650_pid-114359_meningioma.png,P06,P20,0.0402264126943746,0.0001245485116452,0.6642066420664207,0.6640820935547754
650_pid-114359_meningioma.png,P07,P08,0.2382946232851407,0.0002409928907097,0.9055922410235244,0.9053512481328148
650_pid-114359_meningioma.png,P07,P09,0.0324463625919831,0.0002409928907097,0.6546909090909091,0.6544499162001994
650_pid-114359_meningioma.png,P07,P11,0.4339711585849279,0.0002409928907097,0.5265886928085319,0.5263476999178223
650_pid-114359_meningioma.png,P07,P12,0.0416415208207604,0.0002409928907097,0.6911952360697575,0.6909542431790479
650_pid-114359_meningioma.png,P07,P13,0.042396975661574,0.0002409928907097,0.6750394717956079,0.6747984789048982
650_pid-114359_meningioma.png,P07,P14,0.421920092349131,0.0002409928907097,0.5219318712085861,0.5216908783178764
650_pid-114359_meningioma.png,P07,P16,0.0416415208207604,0.0002409928907097,0.6911952360697575,0.6909542431790479
650_pid-114359_meningioma.png,P07,P20,0.0418995275882298,0.0002409928907097,0.6642066420664207,0.663965649175711
650_pid-114359_meningioma.png,P15,P08,0.2472009057743112,0.0003665913117859,0.9055922410235244,0.9052256497117386
650_pid-114359_meningioma.png,P17,P08,0.2455820231459494,0.000365987556423,0.9055922410235244,0.9052262534671014
650_pid-114359_meningioma.png,P18,P08,0.2171614170254551,0.0001270809505655,0.9055922410235244,0.905465160072959
650_pid-114359_meningioma.png,P19,P08,0.2447409923571515,0.0001177648236471,0.9055922410235244,0.9054744761998773
650_pid-114359_meningioma.png,P15,P09,0.0331735500460302,0.0003665913117859,0.6546909090909091,0.6543243177791233
650_pid-114359_meningioma.png,P17,P09,0.0328999149954349,0.000365987556423,0.6546909090909091,0.6543249215344861
650_pid-114359_meningioma.png,P18,P09,0.0306381018198571,0.0001270809505655,0.6546909090909091,0.6545638281403436
650_pid-114359_meningioma.png,P19,P09,0.0326253953908721,0.0001177648236471,0.6546909090909091,0.654573144267262
650_pid-114359_meningioma.png,P15,P11,0.4505465618085829,0.0003665913117859,0.5265886928085319,0.5262221014967461
650_pid-114359_meningioma.png,P17,P11,0.4479754307246629,0.000365987556423,0.5265886928085319,0.5262227052521089
650_pid-114359_meningioma.png,P18,P11,0.4093205820484462,0.0001270809505655,0.5265886928085319,0.5264616118579665
650_pid-114359_meningioma.png,P19,P11,0.4420509773127613,0.0001177648236471,0.5265886928085319,0.5264709279848848
650_pid-114359_meningioma.png,P15,P12,0.0425967443220586,0.0003665913117859,0.6911952360697575,0.6908286447579717
650_pid-114359_meningioma.png,P17,P12,0.0422371854763362,0.000365987556423,0.6911952360697575,0.6908292485133345
650_pid-114359_meningioma.png,P18,P12,0.039512244416748,0.0001270809505655,0.6911952360697575,0.6910681551191921
650_pid-114359_meningioma.png,P19,P12,0.041801435480393,0.0001177648236471,0.6911952360697575,0.6910774712461104
650_pid-114359_meningioma.png,P15,P13,0.0433532475000798,0.0003665913117859,0.6750394717956079,0.674672880483822
650_pid-114359_meningioma.png,P17,P13,0.0429933783227196,0.000365987556423,0.6750394717956079,0.6746734842391848
650_pid-114359_meningioma.png,P18,P13,0.0403495415577107,0.0001270809505655,0.6750394717956079,0.6749123908450424
650_pid-114359_meningioma.png,P19,P13,0.0425319065086246,0.0001177648236471,0.6750394717956079,0.6749217069719607
650_pid-114359_meningioma.png,P15,P14,0.4379356304761072,0.0003665913117859,0.5219318712085861,0.5215652798968002
650_pid-114359_meningioma.png,P17,P14,0.4354428729713876,0.000365987556423,0.5219318712085861,0.521565883652163
650_pid-114359_meningioma.png,P18,P14,0.3976670201484623,0.0001270809505655,0.5219318712085861,0.5218047902580206
650_pid-114359_meningioma.png,P19,P14,0.4298537163664077,0.0001177648236471,0.5219318712085861,0.521814106384939
650_pid-114359_meningioma.png,P15,P16,0.0425967443220586,0.0003665913117859,0.6911952360697575,0.6908286447579717
650_pid-114359_meningioma.png,P15,P20,0.0428332439001294,0.0003665913117859,0.6642066420664207,0.6638400507546348
650_pid-114359_meningioma.png,P17,P16,0.0422371854763362,0.000365987556423,0.6911952360697575,0.6908292485133345
650_pid-114359_meningioma.png,P18,P16,0.039512244416748,0.0001270809505655,0.6911952360697575,0.6910681551191921
650_pid-114359_meningioma.png,P19,P16,0.041801435480393,0.0001177648236471,0.6911952360697575,0.6910774712461104
650_pid-114359_meningioma.png,P17,P20,0.0424819209216416,0.000365987556423,0.6642066420664207,0.6638406545099976
650_pid-114359_meningioma.png,P18,P20,0.0398483214017194,0.0001270809505655,0.6642066420664207,0.6640795611158552
650_pid-114359_meningioma.png,P19,P20,0.0420475319926873,0.0001177648236471,0.6642066420664207,0.6640888772427735
684_pid-98241_meningioma.png,P01,P03,0.0,0.0,0.9165681109558113,0.9165681109558113
684_pid-98241_meningioma.png,P01,P06,0.0,0.0,0.9521085746971036,0.9521085746971036
684_pid-98241_meningioma.png,P01,P09,0.0,0.0,0.9120837605915052,0.9120837605915052
684_pid-98241_meningioma.png,P01,P12,0.0,0.0,0.6056523852510243,0.6056523852510243
684_pid-98241_meningioma.png,P01,P14,0.0,0.0,0.9449939812634112,0.9449939812634112
684_pid-98241_meningioma.png,P01,P18,0.0,0.0,0.9516078676241024,0.9516078676241024
684_pid-98241_meningioma.png,P01,P20,0.0,0.0,0.5861146317420082,0.5861146317420082
684_pid-98241_meningioma.png,P02,P03,0.0,0.0,0.9165681109558113,0.9165681109558113
684_pid-98241_meningioma.png,P02,P06,0.0,0.0,0.9521085746971036,0.9521085746971036
684_pid-98241_meningioma.png,P02,P09,0.0,0.0,0.9120837605915052,0.9120837605915052
684_pid-98241_meningioma.png,P02,P12,0.0,0.0,0.6056523852510243,0.6056523852510243
684_pid-98241_meningioma.png,P02,P14,0.0,0.0,0.9449939812634112,0.9449939812634112
684_pid-98241_meningioma.png,P02,P18,0.0,0.0,0.9516078676241024,0.9516078676241024
684_pid-98241_meningioma.png,P02,P20,0.0,0.0,0.5861146317420082,0.5861146317420082
684_pid-98241_meningioma.png,P04,P03,0.0,0.0,0.9165681109558113,0.9165681109558113
684_pid-98241_meningioma.png,P05,P03,0.0,0.0,0.9165681109558113,0.9165681109558113
684_pid-98241_meningioma.png,P07,P03,0.0,0.0,0.9165681109558113,0.9165681109558113
684_pid-98241_meningioma.png,P08,P03,0.0,0.0,0.9165681109558113,0.9165681109558113
684_pid-98241_meningioma.png,P10,P03,0.0,0.0,0.9165681109558113,0.9165681109558113
684_pid-98241_meningioma.png,P11,P03,0.0,0.0,0.9165681109558113,0.9165681109558113
684_pid-98241_meningioma.png,P13,P03,0.0,0.0,0.9165681109558113,0.9165681109558113
684_pid-98241_meningioma.png,P15,P03,0.0,0.0,0.9165681109558113,0.9165681109558113
684_pid-98241_meningioma.png,P16,P03,0.0,0.0,0.9165681109558113,0.9165681109558113
684_pid-98241_meningioma.png,P17,P03,0.0,0.0,0.9165681109558113,0.9165681109558113
684_pid-98241_meningioma.png,P19,P03,0.0,0.0,0.9165681109558113,0.9165681109558113
684_pid-98241_meningioma.png,P04,P06,0.0,0.0,0.9521085746971036,0.9521085746971036
684_pid-98241_meningioma.png,P04,P09,0.0,0.0,0.9120837605915052,0.9120837605915052
684_pid-98241_meningioma.png,P04,P12,0.0,0.0,0.6056523852510243,0.6056523852510243
684_pid-98241_meningioma.png,P04,P14,0.0,0.0,0.9449939812634112,0.9449939812634112
684_pid-98241_meningioma.png,P04,P18,0.0,0.0,0.9516078676241024,0.9516078676241024
684_pid-98241_meningioma.png,P04,P20,0.0,0.0,0.5861146317420082,0.5861146317420082
684_pid-98241_meningioma.png,P05,P06,0.0,0.0,0.9521085746971036,0.9521085746971036
684_pid-98241_meningioma.png,P05,P09,0.0,0.0,0.9120837605915052,0.9120837605915052
684_pid-98241_meningioma.png,P05,P12,0.0,0.0,0.6056523852510243,0.6056523852510243
684_pid-98241_meningioma.png,P05,P14,0.0,0.0,0.9449939812634112,0.9449939812634112
684_pid-98241_meningioma.png,P05,P18,0.0,0.0,0.9516078676241024,0.9516078676241024
684_pid-98241_meningioma.png,P05,P20,0.0,0.0,0.5861146317420082,0.5861146317420082
684_pid-98241_meningioma.png,P07,P06,0.0,0.0,0.9521085746971036,0.9521085746971036
684_pid-98241_meningioma.png,P08,P06,0.0,0.0,0.9521085746971036,0.9521085746971036
684_pid-98241_meningioma.png,P10,P06,0.0,0.0,0.9521085746971036,0.9521085746971036
684_pid-98241_meningioma.png,P11,P06,0.0,0.0,0.9521085746971036,0.9521085746971036
684_pid-98241_meningioma.png,P13,P06,0.0,0.0,0.9521085746971036,0.9521085746971036
684_pid-98241_meningioma.png,P15,P06,0.0,0.0,0.9521085746971036,0.9521085746971036
684_pid-98241_meningioma.png,P16,P06,0.0,0.0,0.9521085746971036,0.9521085746971036
684_pid-98241_meningioma.png,P17,P06,0.0,0.0,0.9521085746971036,0.9521085746971036
684_pid-98241_meningioma.png,P19,P06,0.0,0.0,0.9521085746971036,0.9521085746971036
684_pid-98241_meningioma.png,P07,P09,0.0,0.0,0.9120837605915052,0.9120837605915052
684_pid-98241_meningioma.png,P07,P12,0.0,0.0,0.6056523852510243,0.6056523852510243
684_pid-98241_meningioma.png,P07,P14,0.0,0.0,0.9449939812634112,0.9449939812634112
684_pid-98241_meningioma.png,P07,P18,0.0,0.0,0.9516078676241024,0.9516078676241024
684_pid-98241_meningioma.png,P07,P20,0.0,0.0,0.5861146317420082,0.5861146317420082
684_pid-98241_meningioma.png,P08,P09,0.0,0.0,0.9120837605915052,0.9120837605915052
684_pid-98241_meningioma.png,P08,P12,0.0,0.0,0.6056523852510243,0.6056523852510243
684_pid-98241_meningioma.png,P08,P14,0.0,0.0,0.9449939812634112,0.9449939812634112
684_pid-98241_meningioma.png,P08,P18,0.0,0.0,0.9516078676241024,0.9516078676241024
684_pid-98241_meningioma.png,P08,P20,0.0,0.0,0.5861146317420082,0.5861146317420082
684_pid-98241_meningioma.png,P10,P09,0.0,0.0,0.9120837605915052,0.9120837605915052
684_pid-98241_meningioma.png,P11,P09,0.0,0.0,0.9120837605915052,0.9120837605915052
684_pid-98241_meningioma.png,P13,P09,0.0,0.0,0.9120837605915052,0.9120837605915052
684_pid-98241_meningioma.png,P15,P09,0.0,0.0,0.9120837605915052,0.9120837605915052
684_pid-98241_meningioma.png,P16,P09,0.0,0.0,0.9120837605915052,0.9120837605915052
684_pid-98241_meningioma.png,P17,P09,0.0,0.0,0.9120837605915052,0.9120837605915052
684_pid-98241_meningioma.png,P19,P09,0.0,0.0,0.9120837605915052,0.9120837605915052
684_pid-98241_meningioma.png,P10,P12,0.0,0.0,0.6056523852510243,0.6056523852510243
684_pid-98241_meningioma.png,P10,P14,0.0,0.0,0.9449939812634112,0.9449939812634112
684_pid-98241_meningioma.png,P10,P18,0.0,0.0,0.9516078676241024,0.9516078676241024
684_pid-98241_meningioma.png,P10,P20,0.0,0.0,0.5861146317420082,0.5861146317420082
684_pid-98241_meningioma.png,P11,P12,0.0,0.0,0.6056523852510243,0.6056523852510243
684_pid-98241_meningioma.png,P11,P14,0.0,0.0,0.9449939812634112,0.9449939812634112
684_pid-98241_meningioma.png,P11,P18,0.0,0.0,0.9516078676241024,0.9516078676241024
684_pid-98241_meningioma.png,P11,P20,0.0,0.0,0.5861146317420082,0.5861146317420082
684_pid-98241_meningioma.png,P13,P12,0.0,0.0,0.6056523852510243,0.6056523852510243
684_pid-98241_meningioma.png,P15,P12,0.0,0.0,0.6056523852510243,0.6056523852510243
684_pid-98241_meningioma.png,P16,P12,0.0,0.0,0.6056523852510243,0.6056523852510243
684_pid-98241_meningioma.png,P17,P12,0.0,0.0,0.6056523852510243,0.6056523852510243
684_pid-98241_meningioma.png,P19,P12,0.0,0.0,0.6056523852510243,0.6056523852510243
684_pid-98241_meningioma.png,P13,P14,0.0,0.0,0.9449939812634112,0.9449939812634112
684_pid-98241_meningioma.png,P13,P18,0.0,0.0,0.9516078676241024,0.9516078676241024
684_pid-98241_meningioma.png,P13,P20,0.0,0.0,0.5861146317420082,0.5861146317420082
684_pid-98241_meningioma.png,P15,P14,0.0,0.0,0.9449939812634112,0.9449939812634112
684_pid-98241_meningioma.png,P16,P14,0.0,0.0,0.9449939812634112,0.9449939812634112
684_pid-98241_meningioma.png,P17,P14,0.0,0.0,0.9449939812634112,0.9449939812634112
684_pid-98241_meningioma.png,P19,P14,0.0,0.0,0.9449939812634112,0.9449939812634112
684_pid-98241_meningioma.png,P15,P18,0.0,0.0,0.9516078676241024,0.9516078676241024
684_pid-98241_meningioma.png,P15,P20,0.0,0.0,0.5861146317420082,0.5861146317420082
684_pid-98241_meningioma.png,P16,P18,0.0,0.0,0.9516078676241024,0.9516078676241024
684_pid-98241_meningioma.png,P16,P20,0.0,0.0,0.5861146317420082,0.5861146317420082
684_pid-98241_meningioma.png,P17,P18,0.0,0.0,0.9516078676241024,0.9516078676241024
684_pid-98241_meningioma.png,P17,P20,0.0,0.0,0.5861146317420082,0.5861146317420082
684_pid-98241_meningioma.png,P19,P18,0.0,0.0,0.9516078676241024,0.9516078676241024
684_pid-98241_meningioma.png,P19,P20,0.0,0.0,0.5861146317420082,0.5861146317420082
697_pid-99308_meningioma.png,P04,P01,0.0,0.0,0.8626302083333334,0.8626302083333334
697_pid-99308_meningioma.png,P15,P01,0.0,0.0,0.8626302083333334,0.8626302083333334
697_pid-99308_meningioma.png,P19,P01,0.0,0.0,0.8626302083333334,0.8626302083333334
697_pid-99308_meningioma.png,P04,P02,0.0,0.0,0.8587496943516179,0.8587496943516179
697_pid-99308_meningioma.png,P15,P02,0.0046138174845706,0.0,0.8587496943516179,0.8587496943516179
697_pid-99308_meningioma.png,P19,P02,0.0046809267049831,0.0,0.8587496943516179,0.8587496943516179
697_pid-99308_meningioma.png,P04,P03,0.0,0.0,0.8695441319107663,0.8695441319107663
697_pid-99308_meningioma.png,P15,P03,0.0,0.0,0.8695441319107663,0.8695441319107663
697_pid-99308_meningioma.png,P19,P03,0.0,0.0,0.8695441319107663,0.8695441319107663
697_pid-99308_meningioma.png,P04,P05,0.0,0.0,0.8751505419510237,0.8751505419510237
697_pid-99308_meningioma.png,P04,P06,0.0,0.0,0.8736799677549375,0.8736799677549375
697_pid-99308_meningioma.png,P04,P07,0.0,0.0,0.8720660097732916,0.8720660097732916
697_pid-99308_meningioma.png,P04,P08,0.0,0.0,0.8890467171717171,0.8890467171717171
697_pid-99308_meningioma.png,P04,P09,0.0,0.0,0.8740562248995984,0.8740562248995984
697_pid-99308_meningioma.png,P04,P10,0.0,0.0,0.8852354856643634,0.8852354856643634
697_pid-99308_meningioma.png,P04,P11,0.0,0.0,0.8844963086449155,0.8844963086449155
697_pid-99308_meningioma.png,P04,P12,0.4255307712980382,0.0,0.5573392088972825,0.5573392088972825
697_pid-99308_meningioma.png,P04,P13,0.0,0.0,0.870658393101781,0.870658393101781
697_pid-99308_meningioma.png,P04,P14,0.0,0.0,0.8771339264246213,0.8771339264246213
697_pid-99308_meningioma.png,P04,P16,0.0,0.0,0.8753818941952083,0.8753818941952083
697_pid-99308_meningioma.png,P04,P17,0.0,0.0,0.8486295168326611,0.8486295168326611
697_pid-99308_meningioma.png,P04,P18,0.0,0.0,0.9486142322097378,0.9486142322097378
697_pid-99308_meningioma.png,P04,P20,0.0,0.0,0.8749900151769311,0.8749900151769311
697_pid-99308_meningioma.png,P15,P05,0.0,0.0,0.8751505419510237,0.8751505419510237
697_pid-99308_meningioma.png,P19,P05,0.0,0.0,0.8751505419510237,0.8751505419510237
697_pid-99308_meningioma.png,P15,P06,0.0,0.0,0.8736799677549375,0.8736799677549375
697_pid-99308_meningioma.png,P19,P06,0.0,0.0,0.8736799677549375,0.8736799677549375
697_pid-99308_meningioma.png,P15,P07,0.0,0.0,0.8720660097732916,0.8720660097732916
697_pid-99308_meningioma.png,P19,P07,0.0,0.0,0.8720660097732916,0.8720660097732916
697_pid-99308_meningioma.png,P15,P08,0.0,0.0,0.8890467171717171,0.8890467171717171
697_pid-99308_meningioma.png,P19,P08,0.0,0.0,0.8890467171717171,0.8890467171717171
697_pid-99308_meningioma.png,P15,P09,0.0,0.0,0.8740562248995984,0.8740562248995984
697_pid-99308_meningioma.png,P19,P09,0.0,0.0,0.8740562248995984,0.8740562248995984
697_pid-99308_meningioma.png,P15,P10,0.0,0.0,0.8852354856643634,0.8852354856643634
697_pid-99308_meningioma.png,P19,P10,0.0,0.0,0.8852354856643634,0.8852354856643634
697_pid-99308_meningioma.png,P15,P11,0.0,0.0,0.8844963086449155,0.8844963086449155
697_pid-99308_meningioma.png,P19,P11,0.0,0.0,0.8844963086449155,0.8844963086449155
697_pid-99308_meningioma.png,P15,P12,0.4089798577555785,0.0,0.5573392088972825,0.5573392088972825
697_pid-99308_meningioma.png,P19,P12,0.4189871356456603,0.0,0.5573392088972825,0.5573392088972825
697_pid-99308_meningioma.png,P15,P13,0.0,0.0,0.870658393101781,0.870658393101781
697_pid-99308_meningioma.png,P19,P13,0.0,0.0,0.870658393101781,0.870658393101781
697_pid-99308_meningioma.png,P15,P14,0.0,0.0,0.8771339264246213,0.8771339264246213
697_pid-99308_meningioma.png,P19,P14,0.0,0.0,0.8771339264246213,0.8771339264246213
697_pid-99308_meningioma.png,P15,P16,0.0,0.0,0.8753818941952083,0.8753818941952083
697_pid-99308_meningioma.png,P15,P17,0.0,0.0,0.8486295168326611,0.8486295168326611
697_pid-99308_meningioma.png,P15,P18,0.0043123603678495,0.0,0.9486142322097378,0.9486142322097378
697_pid-99308_meningioma.png,P15,P20,0.0,0.0,0.8749900151769311,0.8749900151769311
697_pid-99308_meningioma.png,P19,P16,0.0,0.0,0.8753818941952083,0.8753818941952083
697_pid-99308_meningioma.png,P19,P17,0.0,0.0,0.8486295168326611,0.8486295168326611
697_pid-99308_meningioma.png,P19,P18,0.0043735528685361,0.0,0.9486142322097378,0.9486142322097378
697_pid-99308_meningioma.png,P19,P20,0.0,0.0,0.8749900151769311,0.8749900151769311
708_pid-99815_meningioma.png,P04,P10,0.1886318713606496,0.0042754619025805,0.9315845824411136,0.9273091205385331
708_pid-99815_meningioma.png,P04,P11,0.066492260736865,0.0042754619025805,0.809133693568067,0.8048582316654864
708_pid-99815_meningioma.png,P04,P14,0.2162831982844989,0.0042754619025805,0.5632627838714661,0.5589873219688856
734_pid-106494_glioma.png,P15,P01,0.572501354803747,0.0814525708467673,0.8377429173495669,0.7562903465027996
734_pid-106494_glioma.png,P15,P02,0.6286877752846339,0.0814525708467673,0.899526302667664,0.8180737318208967
734_pid-106494_glioma.png,P15,P03,0.6352765321375187,0.0814525708467673,0.8301800775017096,0.7487275066549424
734_pid-106494_glioma.png,P15,P05,0.5673764437809382,0.0814525708467673,0.8453510436432637,0.7638984727964965
734_pid-106494_glioma.png,P15,P06,0.6205031742299554,0.0814525708467673,0.8391866913123844,0.7577341204656172
734_pid-106494_glioma.png,P15,P07,0.608302053433429,0.0814525708467673,0.5779270340406045,0.49647446319383726
734_pid-106494_glioma.png,P15,P08,0.6004321449347627,0.0814525708467673,0.8982456140350877,0.8167930431883205
734_pid-106494_glioma.png,P15,P09,0.6546762589928058,0.0814525708467673,0.893553963941714,0.8121013930949468
734_pid-106494_glioma.png,P15,P10,0.5918367346938775,0.0814525708467673,0.595621769534813,0.5141691986880458
734_pid-106494_glioma.png,P15,P11,0.6337432443017154,0.0814525708467673,0.840552995391705,0.7591004245449378
734_pid-106494_glioma.png,P15,P12,0.6292843432958596,0.0814525708467673,0.8959345435949885,0.8144819727482212
734_pid-106494_glioma.png,P15,P13,0.6028368794326241,0.0814525708467673,0.8868440686396418,0.8053914977928746
734_pid-106494_glioma.png,P15,P14,0.5987009974483879,0.0814525708467673,0.8228310502283105,0.7413784793815432
734_pid-106494_glioma.png,P15,P16,0.6312056737588653,0.0814525708467673,0.8893290418420401,0.8078764709952728
734_pid-106494_glioma.png,P15,P17,0.7640969763007355,0.0814525708467673,0.897876643073812,0.8164240722270447
734_pid-106494_glioma.png,P15,P18,0.6117765242253304,0.0814525708467673,0.8260177393677507,0.7445651685209834
734_pid-106494_glioma.png,P15,P20,0.6004321449347627,0.0814525708467673,0.8982456140350877,0.8167930431883205
742_pid-112105_glioma.png,P19,P07,0.7733766873583604,0.0068067671160454,0.5149841182157161,0.5081773510996707
742_pid-112105_glioma.png,P19,P10,0.0,0.0068067671160454,0.5646001562907007,0.5577933891746553
742_pid-112105_glioma.png,P19,P17,0.6990526547697731,0.0068067671160454,0.5172342336119362,0.5104274664958908
769_pid-106494_glioma.png,P04,P01,0.0,0.0004781638508128,0.901370149565945,0.9008919857151322
769_pid-106494_glioma.png,P15,P01,0.0,0.0013580805794477,0.901370149565945,0.9000120689864972
769_pid-106494_glioma.png,P17,P01,0.0,0.0005296142642775,0.901370149565945,0.9008405353016675
769_pid-106494_glioma.png,P19,P01,0.0,0.0,0.901370149565945,0.901370149565945
769_pid-106494_glioma.png,P04,P02,0.0,0.0004781638508128,0.8971211298207495,0.8966429659699368
769_pid-106494_glioma.png,P15,P02,0.0,0.0013580805794477,0.8971211298207495,0.8957630492413018
769_pid-106494_glioma.png,P17,P02,0.0,0.0005296142642775,0.8971211298207495,0.8965915155564721
769_pid-106494_glioma.png,P19,P02,0.0,0.0,0.8971211298207495,0.8971211298207495
769_pid-106494_glioma.png,P04,P03,0.0,0.0004781638508128,0.8987643615868198,0.898286197736007
769_pid-106494_glioma.png,P15,P03,0.0,0.0013580805794477,0.8987643615868198,0.8974062810073721
769_pid-106494_glioma.png,P17,P03,0.0,0.0005296142642775,0.8987643615868198,0.8982347473225424
769_pid-106494_glioma.png,P19,P03,0.0,0.0,0.8987643615868198,0.8987643615868198
769_pid-106494_glioma.png,P04,P05,0.0,0.0004781638508128,0.8919063402116968,0.891428176360884
769_pid-106494_glioma.png,P04,P06,0.0,0.0004781638508128,0.903551166211389,0.9030730023605762
769_pid-106494_glioma.png,P04,P07,0.0,0.0004781638508128,0.9003414425949637,0.899863278744151
769_pid-106494_glioma.png,P04,P08,0.0,0.0004781638508128,0.8984179850124896,0.8979398211616768
769_pid-106494_glioma.png,P04,P09,0.0,0.0004781638508128,0.8909013424248882,0.8904231785740754
769_pid-106494_glioma.png,P04,P10,0.0,0.0004781638508128,0.901143099068586,0.9006649352177732
769_pid-106494_glioma.png,P04,P11,0.0,0.0004781638508128,0.8893612498671485,0.8888830860163357
769_pid-106494_glioma.png,P04,P12,0.0,0.0004781638508128,0.8970697133185233,0.8965915494677105
769_pid-106494_glioma.png,P04,P13,0.0,0.0004781638508128,0.8995784239541671,0.8991002601033543
769_pid-106494_glioma.png,P04,P14,0.0,0.0004781638508128,0.9022683909264364,0.9017902270756236
769_pid-106494_glioma.png,P04,P16,0.0,0.0004781638508128,0.8969618337117526,0.8964836698609399
769_pid-106494_glioma.png,P04,P18,0.0,0.0004781638508128,0.9063217191737952,0.9058435553229824
769_pid-106494_glioma.png,P04,P20,0.0,0.0004781638508128,0.89209425236732,0.8916160885165072
769_pid-106494_glioma.png,P15,P05,0.0,0.0013580805794477,0.8919063402116968,0.890548259632249
769_pid-106494_glioma.png,P17,P05,0.0,0.0005296142642775,0.8919063402116968,0.8913767259474193
769_pid-106494_glioma.png,P19,P05,0.0,0.0,0.8919063402116968,0.8919063402116968
769_pid-106494_glioma.png,P15,P06,0.0,0.0013580805794477,0.903551166211389,0.9021930856319412
769_pid-106494_glioma.png,P17,P06,0.0,0.0005296142642775,0.903551166211389,0.9030215519471115
769_pid-106494_glioma.png,P19,P06,0.0,0.0,0.903551166211389,0.903551166211389
769_pid-106494_glioma.png,P15,P07,0.0,0.0013580805794477,0.9003414425949637,0.898983362015516
769_pid-106494_glioma.png,P17,P07,0.0,0.0005296142642775,0.9003414425949637,0.8998118283306863
769_pid-106494_glioma.png,P19,P07,0.0,0.0,0.9003414425949637,0.9003414425949637
769_pid-106494_glioma.png,P15,P08,0.0,0.0013580805794477,0.8984179850124896,0.8970599044330418
769_pid-106494_glioma.png,P17,P08,0.0,0.0005296142642775,0.8984179850124896,0.8978883707482122
769_pid-106494_glioma.png,P19,P08,0.0,0.0,0.8984179850124896,0.8984179850124896
769_pid-106494_glioma.png,P15,P09,0.0,0.0013580805794477,0.8909013424248882,0.8895432618454404
769_pid-106494_glioma.png,P17,P09,0.0,0.0005296142642775,0.8909013424248882,0.8903717281606107
769_pid-106494_glioma.png,P19,P09,0.0,0.0,0.8909013424248882,0.8909013424248882
769_pid-106494_glioma.png,P15,P10,0.0,0.0013580805794477,0.901143099068586,0.8997850184891383
769_pid-106494_glioma.png,P17,P10,0.0,0.0005296142642775,0.901143099068586,0.9006134848043086
769_pid-106494_glioma.png,P19,P10,0.0,0.0,0.901143099068586,0.901143099068586
769_pid-106494_glioma.png,P15,P11,0.0,0.0013580805794477,0.8893612498671485,0.8880031692877007
769_pid-106494_glioma.png,P17,P11,0.0,0.0005296142642775,0.8893612498671485,0.888831635602871
769_pid-106494_glioma.png,P19,P11,0.0,0.0,0.8893612498671485,0.8893612498671485
769_pid-106494_glioma.png,P15,P12,0.0,0.0013580805794477,0.8970697133185233,0.8957116327390755
769_pid-106494_glioma.png,P17,P12,0.0,0.0005296142642775,0.8970697133185233,0.8965400990542458
769_pid-106494_glioma.png,P19,P12,0.0,0.0,0.8970697133185233,0.8970697133185233
769_pid-106494_glioma.png,P15,P13,0.0,0.0013580805794477,0.8995784239541671,0.8982203433747193
769_pid-106494_glioma.png,P17,P13,0.0,0.0005296142642775,0.8995784239541671,0.8990488096898896
769_pid-106494_glioma.png,P19,P13,0.0,0.0,0.8995784239541671,0.8995784239541671
769_pid-106494_glioma.png,P15,P14,0.0,0.0013580805794477,0.9022683909264364,0.9009103103469887
769_pid-106494_glioma.png,P17,P14,0.0,0.0005296142642775,0.9022683909264364,0.901738776662159
769_pid-106494_glioma.png,P19,P14,0.0,0.0,0.9022683909264364,0.9022683909264364
769_pid-106494_glioma.png,P15,P16,0.0,0.0013580805794477,0.8969618337117526,0.8956037531323049
769_pid-106494_glioma.png,P15,P18,0.0,0.0013580805794477,0.9063217191737952,0.9049636385943475
769_pid-106494_glioma.png,P15,P20,0.0,0.0013580805794477,0.89209425236732,0.8907361717878722
769_pid-106494_glioma.png,P17,P16,0.0,0.0005296142642775,0.8969618337117526,0.8964322194474752
769_pid-106494_glioma.png,P19,P16,0.0,0.0,0.8969618337117526,0.8969618337117526
769_pid-106494_glioma.png,P17,P18,0.0,0.0005296142642775,0.9063217191737952,0.9057921049095178
769_pid-106494_glioma.png,P17,P20,0.0,0.0005296142642775,0.89209425236732,0.8915646381030425
769_pid-106494_glioma.png,P19,P18,0.0,0.0,0.9063217191737952,0.9063217191737952
769_pid-106494_glioma.png,P19,P20,0.0,0.0,0.89209425236732,0.89209425236732
807_pid-92897_glioma.png,P01,P03,0.0,0.0,0.6262058859445597,0.6262058859445597
807_pid-92897_glioma.png,P01,P04,0.0,0.0,0.6500960343464015,0.6500960343464015
807_pid-92897_glioma.png,P01,P06,0.0,0.0,0.6380905991232343,0.6380905991232343
807_pid-92897_glioma.png,P01,P07,0.0,0.0,0.6718346253229974,0.6718346253229974
807_pid-92897_glioma.png,P01,P09,0.0,0.0,0.62819750148721,0.62819750148721
807_pid-92897_glioma.png,P01,P10,0.0,0.0,0.6493184634448576,0.6493184634448576
807_pid-92897_glioma.png,P01,P12,0.0,0.0,0.632699987897858,0.632699987897858
807_pid-92897_glioma.png,P01,P14,0.0,0.0,0.6612046730389926,0.6612046730389926
807_pid-92897_glioma.png,P01,P15,0.0,0.0,0.6486955014301812,0.6486955014301812
807_pid-92897_glioma.png,P01,P17,0.0,0.0,0.6343339121806003,0.6343339121806003
807_pid-92897_glioma.png,P01,P18,0.0,0.0,0.6262058859445597,0.6262058859445597
807_pid-92897_glioma.png,P01,P19,0.0,0.0,0.632699987897858,0.632699987897858
807_pid-92897_glioma.png,P01,P20,0.0,0.0,0.6488417939871858,0.6488417939871858
807_pid-92897_glioma.png,P02,P03,0.0,0.0,0.6262058859445597,0.6262058859445597
807_pid-92897_glioma.png,P02,P04,0.0,0.0,0.6500960343464015,0.6500960343464015
807_pid-92897_glioma.png,P02,P06,0.0,0.0,0.6380905991232343,0.6380905991232343
807_pid-92897_glioma.png,P02,P07,0.0,0.0,0.6718346253229974,0.6718346253229974
807_pid-92897_glioma.png,P02,P09,0.0,0.0,0.62819750148721,0.62819750148721
807_pid-92897_glioma.png,P02,P10,0.0,0.0,0.6493184634448576,0.6493184634448576
807_pid-92897_glioma.png,P02,P12,0.0,0.0,0.632699987897858,0.632699987897858
807_pid-92897_glioma.png,P02,P14,0.0,0.0,0.6612046730389926,0.6612046730389926
807_pid-92897_glioma.png,P02,P15,0.0,0.0,0.6486955014301812,0.6486955014301812
807_pid-92897_glioma.png,P02,P17,0.0,0.0,0.6343339121806003,0.6343339121806003
807_pid-92897_glioma.png,P02,P18,0.0,0.0,0.6262058859445597,0.6262058859445597
807_pid-92897_glioma.png,P02,P19,0.0,0.0,0.632699987897858,0.632699987897858
807_pid-92897_glioma.png,P02,P20,0.0,0.0,0.6488417939871858,0.6488417939871858
807_pid-92897_glioma.png,P05,P03,0.0,0.0,0.6262058859445597,0.6262058859445597
807_pid-92897_glioma.png,P08,P03,0.0,0.0,0.6262058859445597,0.6262058859445597
807_pid-92897_glioma.png,P11,P03,0.0,0.0,0.6262058859445597,0.6262058859445597
807_pid-92897_glioma.png,P13,P03,0.0,0.0,0.6262058859445597,0.6262058859445597
807_pid-92897_glioma.png,P16,P03,0.0,0.0,0.6262058859445597,0.6262058859445597
807_pid-92897_glioma.png,P05,P04,0.0,0.0,0.6500960343464015,0.6500960343464015
807_pid-92897_glioma.png,P08,P04,0.0,0.0,0.6500960343464015,0.6500960343464015
807_pid-92897_glioma.png,P11,P04,0.0,0.0,0.6500960343464015,0.6500960343464015
807_pid-92897_glioma.png,P13,P04,0.0,0.0,0.6500960343464015,0.6500960343464015
807_pid-92897_glioma.png,P16,P04,0.0,0.0,0.6500960343464015,0.6500960343464015
807_pid-92897_glioma.png,P05,P06,0.0,0.0,0.6380905991232343,0.6380905991232343
807_pid-92897_glioma.png,P05,P07,0.0,0.0,0.6718346253229974,0.6718346253229974
807_pid-92897_glioma.png,P05,P09,0.0,0.0,0.62819750148721,0.62819750148721
807_pid-92897_glioma.png,P05,P10,0.0,0.0,0.6493184634448576,0.6493184634448576
807_pid-92897_glioma.png,P05,P12,0.0,0.0,0.632699987897858,0.632699987897858
807_pid-92897_glioma.png,P05,P14,0.0,0.0,0.6612046730389926,0.6612046730389926
807_pid-92897_glioma.png,P05,P15,0.0,0.0,0.6486955014301812,0.6486955014301812
807_pid-92897_glioma.png,P05,P17,0.0,0.0,0.6343339121806003,0.6343339121806003
807_pid-92897_glioma.png,P05,P18,0.0,0.0,0.6262058859445597,0.6262058859445597
807_pid-92897_glioma.png,P05,P19,0.0,0.0,0.632699987897858,0.632699987897858
807_pid-92897_glioma.png,P05,P20,0.0,0.0,0.6488417939871858,0.6488417939871858
807_pid-92897_glioma.png,P08,P06,0.0,0.0,0.6380905991232343,0.6380905991232343
807_pid-92897_glioma.png,P11,P06,0.0,0.0,0.6380905991232343,0.6380905991232343
807_pid-92897_glioma.png,P13,P06,0.0,0.0,0.6380905991232343,0.6380905991232343
807_pid-92897_glioma.png,P16,P06,0.0,0.0,0.6380905991232343,0.6380905991232343
807_pid-92897_glioma.png,P08,P07,0.0,0.0,0.6718346253229974,0.6718346253229974
807_pid-92897_glioma.png,P11,P07,0.0,0.0,0.6718346253229974,0.6718346253229974
807_pid-92897_glioma.png,P13,P07,0.0,0.0,0.6718346253229974,0.6718346253229974
807_pid-92897_glioma.png,P16,P07,0.0,0.0,0.6718346253229974,0.6718346253229974
807_pid-92897_glioma.png,P08,P09,0.0,0.0,0.62819750148721,0.62819750148721
807_pid-92897_glioma.png,P08,P10,0.0,0.0,0.6493184634448576,0.6493184634448576
807_pid-92897_glioma.png,P08,P12,0.0,0.0,0.632699987897858,0.632699987897858
807_pid-92897_glioma.png,P08,P14,0.0,0.0,0.6612046730389926,0.6612046730389926
807_pid-92897_glioma.png,P08,P15,0.0,0.0,0.6486955014301812,0.6486955014301812
807_pid-92897_glioma.png,P08,P17,0.0,0.0,0.6343339121806003,0.6343339121806003
807_pid-92897_glioma.png,P08,P18,0.0,0.0,0.6262058859445597,0.6262058859445597
807_pid-92897_glioma.png,P08,P19,0.0,0.0,0.632699987897858,0.632699987897858
807_pid-92897_glioma.png,P08,P20,0.0,0.0,0.6488417939871858,0.6488417939871858
807_pid-92897_glioma.png,P11,P09,0.0,0.0,0.62819750148721,0.62819750148721
807_pid-92897_glioma.png,P13,P09,0.0,0.0,0.62819750148721,0.62819750148721
807_pid-92897_glioma.png,P16,P09,0.0,0.0,0.62819750148721,0.62819750148721
807_pid-92897_glioma.png,P11,P10,0.0,0.0,0.6493184634448576,0.6493184634448576
807_pid-92897_glioma.png,P13,P10,0.0,0.0,0.6493184634448576,0.6493184634448576
807_pid-92897_glioma.png,P16,P10,0.0,0.0,0.6493184634448576,0.6493184634448576
807_pid-92897_glioma.png,P11,P12,0.0,0.0,0.632699987897858,0.632699987897858
807_pid-92897_glioma.png,P11,P14,0.0,0.0,0.6612046730389926,0.6612046730389926
807_pid-92897_glioma.png,P11,P15,0.0,0.0,0.6486955014301812,0.6486955014301812
807_pid-92897_glioma.png,P11,P17,0.0,0.0,0.6343339121806003,0.6343339121806003
807_pid-92897_glioma.png,P11,P18,0.0,0.0,0.6262058859445597,0.6262058859445597
807_pid-92897_glioma.png,P11,P19,0.0,0.0,0.632699987897858,0.632699987897858
807_pid-92897_glioma.png,P11,P20,0.0,0.0,0.6488417939871858,0.6488417939871858
807_pid-92897_glioma.png,P13,P12,0.0,0.0,0.632699987897858,0.632699987897858
807_pid-92897_glioma.png,P16,P12,0.0,0.0,0.632699987897858,0.632699987897858
807_pid-92897_glioma.png,P13,P14,0.0,0.0,0.6612046730389926,0.6612046730389926
807_pid-92897_glioma.png,P13,P15,0.0,0.0,0.6486955014301812,0.6486955014301812
807_pid-92897_glioma.png,P13,P17,0.0,0.0,0.6343339121806003,0.6343339121806003
807_pid-92897_glioma.png,P13,P18,0.0,0.0,0.6262058859445597,0.6262058859445597
807_pid-92897_glioma.png,P13,P19,0.0,0.0,0.632699987897858,0.632699987897858
807_pid-92897_glioma.png,P13,P20,0.0,0.0,0.6488417939871858,0.6488417939871858
807_pid-92897_glioma.png,P16,P14,0.0,0.0,0.6612046730389926,0.6612046730389926
807_pid-92897_glioma.png,P16,P15,0.0,0.0,0.6486955014301812,0.6486955014301812
807_pid-92897_glioma.png,P16,P17,0.0,0.0,0.6343339121806003,0.6343339121806003
807_pid-92897_glioma.png,P16,P18,0.0,0.0,0.6262058859445597,0.6262058859445597
807_pid-92897_glioma.png,P16,P19,0.0,0.0,0.632699987897858,0.632699987897858
807_pid-92897_glioma.png,P16,P20,0.0,0.0,0.6488417939871858,0.6488417939871858
848_pid-106494_glioma.png,P15,P01,0.0460308591567456,0.0,0.9480644129252426,0.9480644129252426
848_pid-106494_glioma.png,P19,P01,0.0389327287788289,0.0,0.9480644129252426,0.9480644129252426
848_pid-106494_glioma.png,P15,P02,0.0410780265159747,0.0,0.9447419147569072,0.9447419147569072
848_pid-106494_glioma.png,P19,P02,0.0343732074306137,0.0,0.9447419147569072,0.9447419147569072
848_pid-106494_glioma.png,P15,P03,0.0460308591567456,0.0,0.9480644129252426,0.9480644129252426
848_pid-106494_glioma.png,P19,P03,0.0389327287788289,0.0,0.9480644129252426,0.9480644129252426
848_pid-106494_glioma.png,P15,P04,0.0381868984787333,0.0,0.9390797148412184,0.9390797148412184
848_pid-106494_glioma.png,P19,P04,0.031670946524305,0.0,0.9390797148412184,0.9390797148412184
848_pid-106494_glioma.png,P15,P05,0.0456735894920892,0.0,0.9474468085106384,0.9474468085106384
848_pid-106494_glioma.png,P19,P05,0.0386262381590899,0.0,0.9474468085106384,0.9474468085106384
848_pid-106494_glioma.png,P15,P06,0.0460308591567456,0.0,0.9480644129252426,0.9480644129252426
848_pid-106494_glioma.png,P19,P06,0.0389327287788289,0.0,0.9480644129252426,0.9480644129252426
848_pid-106494_glioma.png,P15,P07,0.0429522607598241,0.0,0.9464668094218416,0.9464668094218416
848_pid-106494_glioma.png,P19,P07,0.0360849785786846,0.0,0.9464668094218416,0.9464668094218416
848_pid-106494_glioma.png,P15,P08,0.0540048286670337,0.0,0.9478491768454592,0.9478491768454592
848_pid-106494_glioma.png,P19,P08,0.0464048078986907,0.0,0.9478491768454592,0.9478491768454592
848_pid-106494_glioma.png,P15,P09,0.0429522607598241,0.0,0.9464668094218416,0.9464668094218416
848_pid-106494_glioma.png,P19,P09,0.0360849785786846,0.0,0.9464668094218416,0.9464668094218416
848_pid-106494_glioma.png,P15,P10,0.0502420011136334,0.0,0.9482207543149372,0.9482207543149372
848_pid-106494_glioma.png,P19,P10,0.0428664495114006,0.0,0.9482207543149372,0.9482207543149372
848_pid-106494_glioma.png,P15,P11,0.0557730353159068,0.0,0.9478592623993216,0.9478592623993216
848_pid-106494_glioma.png,P19,P11,0.0480658506418731,0.0,0.9478592623993216,0.9478592623993216
848_pid-106494_glioma.png,P15,P12,0.0413838405955769,0.0,0.9454155495978552,0.9454155495978552
848_pid-106494_glioma.png,P19,P12,0.0346329969323789,0.0,0.9454155495978552,0.9454155495978552
848_pid-106494_glioma.png,P15,P13,0.0465286446003529,0.0,0.9466154174674354,0.9466154174674354
848_pid-106494_glioma.png,P19,P13,0.0394271492817534,0.0,0.9466154174674354,0.9466154174674354
848_pid-106494_glioma.png,P15,P14,0.0421212779830471,0.0,0.9482003631314748,0.9482003631314748
848_pid-106494_glioma.png,P19,P14,0.0352494816252702,0.0,0.9482003631314748,0.9482003631314748
848_pid-106494_glioma.png,P15,P16,0.0426294648641644,0.0,0.9465926084170048,0.9465926084170048
848_pid-106494_glioma.png,P15,P18,0.0483571752483819,0.0,0.9470787468247248,0.9470787468247248
848_pid-106494_glioma.png,P15,P20,0.0429522607598241,0.0,0.9464668094218416,0.9464668094218416
848_pid-106494_glioma.png,P19,P16,0.0358097742713127,0.0,0.9465926084170048,0.9465926084170048
848_pid-106494_glioma.png,P19,P18,0.0412366826822644,0.0,0.9470787468247248,0.9470787468247248
848_pid-106494_glioma.png,P19,P20,0.0360849785786846,0.0,0.9464668094218416,0.9464668094218416
860_pid-112105_glioma.png,P04,P01,0.0566053760244596,0.0041438147471054,0.9288499923230462,0.9247061775759409
860_pid-112105_glioma.png,P15,P01,0.2146513231930882,0.0344839670579989,0.9288499923230462,0.8943660252650473
860_pid-112105_glioma.png,P19,P01,0.2120454461889179,0.0291715702007774,0.9288499923230462,0.8996784221222688
860_pid-112105_glioma.png,P04,P02,0.2186404393285967,0.0041438147471054,0.6169964615415028,0.6128526467943974
860_pid-112105_glioma.png,P15,P02,0.4847817318730414,0.0344839670579989,0.6169964615415028,0.5825124944835038
860_pid-112105_glioma.png,P19,P02,0.4693928205764636,0.0291715702007774,0.6169964615415028,0.5878248913407254
860_pid-112105_glioma.png,P04,P03,0.2588429752066116,0.0041438147471054,0.5442479827152873,0.540104167968182
860_pid-112105_glioma.png,P15,P03,0.5595996360327571,0.0344839670579989,0.5442479827152873,0.5097640156572883
860_pid-112105_glioma.png,P19,P03,0.555702479338843,0.0291715702007774,0.5442479827152873,0.5150764125145099
860_pid-112105_glioma.png,P04,P05,0.0364836514352965,0.0041438147471054,0.8565882392315673,0.852444424484462
860_pid-112105_glioma.png,P04,P06,0.2357408088850232,0.0041438147471054,0.5941653362085052,0.5900215214613999
860_pid-112105_glioma.png,P04,P07,0.27874688501246,0.0041438147471054,0.5210738564350732,0.5169300416879679
860_pid-112105_glioma.png,P04,P08,0.0487874933322391,0.0041438147471054,0.9486862348788802,0.9445424201317748
860_pid-112105_glioma.png,P04,P09,0.1981108206122965,0.0041438147471054,0.6384531192995258,0.6343093045524204
860_pid-112105_glioma.png,P04,P10,0.0300624485646512,0.0041438147471054,0.8987954878592824,0.8946516731121771
860_pid-112105_glioma.png,P04,P11,0.0359119943222143,0.0041438147471054,0.91817727215902,0.9140334574119147
860_pid-112105_glioma.png,P04,P12,0.223267750213858,0.0041438147471054,0.6194761369114575,0.6153323221643522
860_pid-112105_glioma.png,P04,P13,0.1995130375697177,0.0041438147471054,0.628258254244085,0.6241144394969796
860_pid-112105_glioma.png,P04,P14,0.0634055148777068,0.0041438147471054,0.8179425008659508,0.8137986861188454
860_pid-112105_glioma.png,P04,P16,0.0500225326723749,0.0041438147471054,0.8540856031128404,0.8499417883657351
860_pid-112105_glioma.png,P04,P18,0.0363386167881351,0.0041438147471054,0.8685518648977845,0.8644080501506791
860_pid-112105_glioma.png,P04,P20,0.0669270515480695,0.0041438147471054,0.9357586781870548,0.9316148634399495
860_pid-112105_glioma.png,P15,P05,0.184196476241324,0.0344839670579989,0.8565882392315673,0.8221042721735684
860_pid-112105_glioma.png,P19,P05,0.1815869574281783,0.0291715702007774,0.8565882392315673,0.8274166690307899
860_pid-112105_glioma.png,P15,P06,0.5100686726603192,0.0344839670579989,0.5941653362085052,0.5596813691505063
860_pid-112105_glioma.png,P19,P06,0.5061051082193155,0.0291715702007774,0.5941653362085052,0.5649937660077278
860_pid-112105_glioma.png,P15,P07,0.6022090791586698,0.0344839670579989,0.5210738564350732,0.4865898893770743
860_pid-112105_glioma.png,P19,P07,0.598433606265575,0.0291715702007774,0.5210738564350732,0.4919022862342958
860_pid-112105_glioma.png,P15,P08,0.1966069613375863,0.0344839670579989,0.9486862348788802,0.9142022678208812
860_pid-112105_glioma.png,P19,P08,0.1940372670807453,0.0291715702007774,0.9486862348788802,0.9195146646781027
860_pid-112105_glioma.png,P15,P09,0.4292174981156305,0.0344839670579989,0.6384531192995258,0.6039691522415268
860_pid-112105_glioma.png,P19,P09,0.4253183773298473,0.0291715702007774,0.6384531192995258,0.6092815490987483
860_pid-112105_glioma.png,P15,P10,0.1648394522258203,0.0344839670579989,0.8987954878592824,0.8643115208012835
860_pid-112105_glioma.png,P19,P10,0.1620819315258262,0.0291715702007774,0.8987954878592824,0.869623917658505
860_pid-112105_glioma.png,P15,P11,0.1766613893501177,0.0344839670579989,0.91817727215902,0.8836933051010211
860_pid-112105_glioma.png,P19,P11,0.1731830456733591,0.0291715702007774,0.91817727215902,0.8890057019582426
860_pid-112105_glioma.png,P15,P12,0.4832929934303586,0.0344839670579989,0.6194761369114575,0.5849921698534586
860_pid-112105_glioma.png,P19,P12,0.4793270601653835,0.0291715702007774,0.6194761369114575,0.5903045667106801
860_pid-112105_glioma.png,P15,P13,0.4423713937883978,0.0344839670579989,0.628258254244085,0.593774287186086
860_pid-112105_glioma.png,P19,P13,0.4283287562639789,0.0291715702007774,0.628258254244085,0.5990866840433076
860_pid-112105_glioma.png,P15,P14,0.239220369343626,0.0344839670579989,0.8179425008659508,0.7834585338079518
860_pid-112105_glioma.png,P19,P14,0.2358821238478514,0.0291715702007774,0.8179425008659508,0.7887709306651733
860_pid-112105_glioma.png,P15,P16,0.2123251138554958,0.0344839670579989,0.8540856031128404,0.8196016360548415
860_pid-112105_glioma.png,P15,P18,0.1820597734985077,0.0344839670579989,0.8685518648977845,0.8340678978397855
860_pid-112105_glioma.png,P15,P20,0.2316240223661393,0.0344839670579989,0.9357586781870548,0.9012747111290559
860_pid-112105_glioma.png,P19,P16,0.2097439100562148,0.0291715702007774,0.8540856031128404,0.824914032912063
860_pid-112105_glioma.png,P19,P18,0.1786469783068563,0.0291715702007774,0.8685518648977845,0.839380294697007
860_pid-112105_glioma.png,P19,P20,0.2289450116424861,0.0291715702007774,0.9357586781870548,0.9065871079862774
876_pid-90284_glioma.png,P02,P01,0.0,0.0,0.5878877400295421,0.5878877400295421
876_pid-90284_glioma.png,P04,P01,0.0,0.0,0.5878877400295421,0.5878877400295421
876_pid-90284_glioma.png,P05,P01,0.0,0.0,0.5878877400295421,0.5878877400295421
876_pid-90284_glioma.png,P07,P01,0.0,0.0,0.5878877400295421,0.5878877400295421
876_pid-90284_glioma.png,P08,P01,0.0,0.0,0.5878877400295421,0.5878877400295421
876_pid-90284_glioma.png,P10,P01,0.0,0.0,0.5878877400295421,0.5878877400295421
876_pid-90284_glioma.png,P12,P01,0.0,0.0,0.5878877400295421,0.5878877400295421
876_pid-90284_glioma.png,P13,P01,0.0,0.0,0.5878877400295421,0.5878877400295421
876_pid-90284_glioma.png,P15,P01,0.0,0.0,0.5878877400295421,0.5878877400295421
876_pid-90284_glioma.png,P16,P01,0.0,0.0,0.5878877400295421,0.5878877400295421
876_pid-90284_glioma.png,P17,P01,0.0,0.0,0.5878877400295421,0.5878877400295421
876_pid-90284_glioma.png,P19,P01,0.0,0.0,0.5878877400295421,0.5878877400295421
876_pid-90284_glioma.png,P02,P06,0.0,0.0,0.6260796879353581,0.6260796879353581
876_pid-90284_glioma.png,P02,P09,0.0,0.0,0.6043795620437956,0.6043795620437956
876_pid-90284_glioma.png,P02,P11,0.0,0.0,0.597623588088602,0.597623588088602
876_pid-90284_glioma.png,P02,P14,0.0,0.0,0.5766195085629189,0.5766195085629189
876_pid-90284_glioma.png,P02,P18,0.0,0.0,0.6325878594249201,0.6325878594249201
876_pid-90284_glioma.png,P02,P20,0.0,0.0,0.5539067231980618,0.5539067231980618
876_pid-90284_glioma.png,P04,P06,0.0,0.0,0.6260796879353581,0.6260796879353581
876_pid-90284_glioma.png,P04,P09,0.0,0.0,0.6043795620437956,0.6043795620437956
876_pid-90284_glioma.png,P04,P11,0.0,0.0,0.597623588088602,0.597623588088602
876_pid-90284_glioma.png,P04,P14,0.0,0.0,0.5766195085629189,0.5766195085629189
876_pid-90284_glioma.png,P04,P18,0.0,0.0,0.6325878594249201,0.6325878594249201
876_pid-90284_glioma.png,P04,P20,0.0,0.0,0.5539067231980618,0.5539067231980618
876_pid-90284_glioma.png,P05,P06,0.0,0.0,0.6260796879353581,0.6260796879353581
876_pid-90284_glioma.png,P05,P09,0.0,0.0,0.6043795620437956,0.6043795620437956
876_pid-90284_glioma.png,P05,P11,0.0,0.0,0.597623588088602,0.597623588088602
876_pid-90284_glioma.png,P05,P14,0.0,0.0,0.5766195085629189,0.5766195085629189
876_pid-90284_glioma.png,P05,P18,0.0,0.0,0.6325878594249201,0.6325878594249201
876_pid-90284_glioma.png,P05,P20,0.0,0.0,0.5539067231980618,0.5539067231980618
876_pid-90284_glioma.png,P07,P06,0.0,0.0,0.6260796879353581,0.6260796879353581
876_pid-90284_glioma.png,P08,P06,0.0,0.0,0.6260796879353581,0.6260796879353581
876_pid-90284_glioma.png,P10,P06,0.0,0.0,0.6260796879353581,0.6260796879353581
876_pid-90284_glioma.png,P12,P06,0.0,0.0,0.6260796879353581,0.6260796879353581
876_pid-90284_glioma.png,P13,P06,0.0,0.0,0.6260796879353581,0.6260796879353581
876_pid-90284_glioma.png,P15,P06,0.0,0.0,0.6260796879353581,0.6260796879353581
876_pid-90284_glioma.png,P16,P06,0.0,0.0,0.6260796879353581,0.6260796879353581
876_pid-90284_glioma.png,P17,P06,0.0,0.0,0.6260796879353581,0.6260796879353581
876_pid-90284_glioma.png,P19,P06,0.0,0.0,0.6260796879353581,0.6260796879353581
876_pid-90284_glioma.png,P07,P09,0.0,0.0,0.6043795620437956,0.6043795620437956
876_pid-90284_glioma.png,P07,P11,0.0,0.0,0.597623588088602,0.597623588088602
876_pid-90284_glioma.png,P07,P14,0.0,0.0,0.5766195085629189,0.5766195085629189
876_pid-90284_glioma.png,P07,P18,0.0,0.0,0.6325878594249201,0.6325878594249201
876_pid-90284_glioma.png,P07,P20,0.0,0.0,0.5539067231980618,0.5539067231980618
876_pid-90284_glioma.png,P08,P09,0.0,0.0,0.6043795620437956,0.6043795620437956
876_pid-90284_glioma.png,P08,P11,0.0,0.0,0.597623588088602,0.597623588088602
876_pid-90284_glioma.png,P08,P14,0.0,0.0,0.5766195085629189,0.5766195085629189
876_pid-90284_glioma.png,P08,P18,0.0,0.0,0.6325878594249201,0.6325878594249201
876_pid-90284_glioma.png,P08,P20,0.0,0.0,0.5539067231980618,0.5539067231980618
876_pid-90284_glioma.png,P10,P09,0.0,0.0,0.6043795620437956,0.6043795620437956
876_pid-90284_glioma.png,P12,P09,0.0,0.0,0.6043795620437956,0.6043795620437956
876_pid-90284_glioma.png,P13,P09,0.0,0.0,0.6043795620437956,0.6043795620437956
876_pid-90284_glioma.png,P15,P09,0.0,0.0,0.6043795620437956,0.6043795620437956
876_pid-90284_glioma.png,P16,P09,0.0,0.0,0.6043795620437956,0.6043795620437956
876_pid-90284_glioma.png,P17,P09,0.0,0.0,0.6043795620437956,0.6043795620437956
876_pid-90284_glioma.png,P19,P09,0.0,0.0,0.6043795620437956,0.6043795620437956
876_pid-90284_glioma.png,P10,P11,0.0,0.0,0.597623588088602,0.597623588088602
876_pid-90284_glioma.png,P10,P14,0.0,0.0,0.5766195085629189,0.5766195085629189
876_pid-90284_glioma.png,P10,P18,0.0,0.0,0.6325878594249201,0.6325878594249201
876_pid-90284_glioma.png,P10,P20,0.0,0.0,0.5539067231980618,0.5539067231980618
876_pid-90284_glioma.png,P12,P11,0.0,0.0,0.597623588088602,0.597623588088602
876_pid-90284_glioma.png,P13,P11,0.0,0.0,0.597623588088602,0.597623588088602
876_pid-90284_glioma.png,P15,P11,0.0,0.0,0.597623588088602,0.597623588088602
876_pid-90284_glioma.png,P16,P11,0.0,0.0,0.597623588088602,0.597623588088602
876_pid-90284_glioma.png,P17,P11,0.0,0.0,0.597623588088602,0.597623588088602
876_pid-90284_glioma.png,P19,P11,0.0,0.0,0.597623588088602,0.597623588088602
876_pid-90284_glioma.png,P12,P14,0.0,0.0,0.5766195085629189,0.5766195085629189
876_pid-90284_glioma.png,P12,P18,0.0,0.0,0.6325878594249201,0.6325878594249201
876_pid-90284_glioma.png,P12,P20,0.0,0.0,0.5539067231980618,0.5539067231980618
876_pid-90284_glioma.png,P13,P14,0.0,0.0,0.5766195085629189,0.5766195085629189
876_pid-90284_glioma.png,P13,P18,0.0,0.0,0.6325878594249201,0.6325878594249201
876_pid-90284_glioma.png,P13,P20,0.0,0.0,0.5539067231980618,0.5539067231980618
876_pid-90284_glioma.png,P15,P14,0.0,0.0,0.5766195085629189,0.5766195085629189
876_pid-90284_glioma.png,P16,P14,0.0,0.0,0.5766195085629189,0.5766195085629189
876_pid-90284_glioma.png,P17,P14,0.0,0.0,0.5766195085629189,0.5766195085629189
876_pid-90284_glioma.png,P19,P14,0.0,0.0,0.5766195085629189,0.5766195085629189
876_pid-90284_glioma.png,P15,P18,0.0,0.0,0.6325878594249201,0.6325878594249201
876_pid-90284_glioma.png,P15,P20,0.0,0.0,0.5539067231980618,0.5539067231980618
876_pid-90284_glioma.png,P16,P18,0.0,0.0,0.6325878594249201,0.6325878594249201
876_pid-90284_glioma.png,P16,P20,0.0,0.0,0.5539067231980618,0.5539067231980618
876_pid-90284_glioma.png,P17,P18,0.0,0.0,0.6325878594249201,0.6325878594249201
876_pid-90284_glioma.png,P17,P20,0.0,0.0,0.5539067231980618,0.5539067231980618
876_pid-90284_glioma.png,P19,P18,0.0,0.0,0.6325878594249201,0.6325878594249201
876_pid-90284_glioma.png,P19,P20,0.0,0.0,0.5539067231980618,0.5539067231980618
884_pid-93329_glioma.png,P04,P01,0.0,0.0,0.7969180859691809,0.7969180859691809
884_pid-93329_glioma.png,P04,P02,0.0,0.0,0.7497427101200687,0.7497427101200687
884_pid-93329_glioma.png,P04,P03,0.0,0.0,0.9025998074216725,0.9025998074216725
884_pid-93329_glioma.png,P04,P05,0.0,0.0,0.6329184991110696,0.6329184991110696
884_pid-93329_glioma.png,P04,P06,0.0,0.0,0.9025998074216725,0.9025998074216725
884_pid-93329_glioma.png,P04,P07,0.0,0.0,0.6368038740920097,0.6368038740920097
884_pid-93329_glioma.png,P04,P08,0.0,0.0,0.7219427580225499,0.7219427580225499
884_pid-93329_glioma.png,P04,P09,0.0,0.0,0.8867299292062057,0.8867299292062057
884_pid-93329_glioma.png,P04,P10,0.0,0.0,0.9001547417286861,0.9001547417286861
884_pid-93329_glioma.png,P04,P11,0.0,0.0,0.6749681876022542,0.6749681876022542
884_pid-93329_glioma.png,P04,P12,0.0,0.0,0.7112488928255093,0.7112488928255093
884_pid-93329_glioma.png,P04,P13,0.0,0.0,0.7827594748575675,0.7827594748575675
884_pid-93329_glioma.png,P04,P14,0.0,0.0,0.9025998074216725,0.9025998074216725
884_pid-93329_glioma.png,P04,P15,0.0,0.0,0.8181229773462784,0.8181229773462784
884_pid-93329_glioma.png,P04,P16,0.0,0.0,0.6523660467685509,0.6523660467685509
884_pid-93329_glioma.png,P04,P17,0.0,0.0,0.9168298165470234,0.9168298165470234
884_pid-93329_glioma.png,P04,P18,0.0,0.0,0.8611240130051091,0.8611240130051091
884_pid-93329_glioma.png,P04,P19,0.0,0.0,0.8867299292062057,0.8867299292062057
884_pid-93329_glioma.png,P04,P20,0.0,0.0,0.8824677274091864,0.8824677274091864
894_pid-94731_glioma.png,P04,P01,0.0,0.0,0.8361328854050019,0.8361328854050019
894_pid-94731_glioma.png,P15,P01,0.0,0.0,0.8361328854050019,0.8361328854050019
894_pid-94731_glioma.png,P16,P01,0.0,0.0,0.8361328854050019,0.8361328854050019
894_pid-94731_glioma.png,P20,P01,0.0,0.0,0.8361328854050019,0.8361328854050019
894_pid-94731_glioma.png,P04,P02,0.0,0.0,0.8306299509619012,0.8306299509619012
894_pid-94731_glioma.png,P15,P02,0.0,0.0,0.8306299509619012,0.8306299509619012
894_pid-94731_glioma.png,P16,P02,0.0,0.0,0.8306299509619012,0.8306299509619012
894_pid-94731_glioma.png,P20,P02,0.0,0.0,0.8306299509619012,0.8306299509619012
894_pid-94731_glioma.png,P04,P03,0.0,0.0,0.8306176582038651,0.8306176582038651
894_pid-94731_glioma.png,P15,P03,0.0,0.0,0.8306176582038651,0.8306176582038651
894_pid-94731_glioma.png,P16,P03,0.0,0.0,0.8306176582038651,0.8306176582038651
894_pid-94731_glioma.png,P20,P03,0.0,0.0,0.8306176582038651,0.8306176582038651
894_pid-94731_glioma.png,P04,P05,0.0,0.0,0.8327696354753852,0.8327696354753852
894_pid-94731_glioma.png,P04,P06,0.0,0.0,0.8327696354753852,0.8327696354753852
894_pid-94731_glioma.png,P04,P07,0.0,0.0,0.8306299509619012,0.8306299509619012
894_pid-94731_glioma.png,P04,P08,0.0,0.0,0.8341445151628604,0.8341445151628604
894_pid-94731_glioma.png,P04,P09,0.0,0.0,0.845101663585952,0.845101663585952
894_pid-94731_glioma.png,P04,P10,0.0,0.0,0.8352633545013074,0.8352633545013074
894_pid-94731_glioma.png,P04,P11,0.0,0.0,0.8383010432190761,0.8383010432190761
894_pid-94731_glioma.png,P04,P12,0.0,0.0,0.8341445151628604,0.8341445151628604
894_pid-94731_glioma.png,P04,P13,0.0,0.0,0.8294162244124337,0.8294162244124337
894_pid-94731_glioma.png,P04,P14,0.0,0.0,0.834392523364486,0.834392523364486
894_pid-94731_glioma.png,P04,P17,0.0,0.0,0.845101663585952,0.845101663585952
894_pid-94731_glioma.png,P04,P18,0.0,0.0,0.8361328854050019,0.8361328854050019
894_pid-94731_glioma.png,P04,P19,0.0,0.0,0.8294162244124337,0.8294162244124337
894_pid-94731_glioma.png,P15,P05,0.0,0.0,0.8327696354753852,0.8327696354753852
894_pid-94731_glioma.png,P16,P05,0.0,0.0,0.8327696354753852,0.8327696354753852
894_pid-94731_glioma.png,P20,P05,0.0,0.0,0.8327696354753852,0.8327696354753852
894_pid-94731_glioma.png,P15,P06,0.0,0.0,0.8327696354753852,0.8327696354753852
894_pid-94731_glioma.png,P16,P06,0.0,0.0,0.8327696354753852,0.8327696354753852
894_pid-94731_glioma.png,P20,P06,0.0,0.0,0.8327696354753852,0.8327696354753852
894_pid-94731_glioma.png,P15,P07,0.0,0.0,0.8306299509619012,0.8306299509619012
894_pid-94731_glioma.png,P16,P07,0.0,0.0,0.8306299509619012,0.8306299509619012
894_pid-94731_glioma.png,P20,P07,0.0,0.0,0.8306299509619012,0.8306299509619012
894_pid-94731_glioma.png,P15,P08,0.0,0.0,0.8341445151628604,0.8341445151628604
894_pid-94731_glioma.png,P16,P08,0.0,0.0,0.8341445151628604,0.8341445151628604
894_pid-94731_glioma.png,P20,P08,0.0,0.0,0.8341445151628604,0.8341445151628604
894_pid-94731_glioma.png,P15,P09,0.0,0.0,0.845101663585952,0.845101663585952
894_pid-94731_glioma.png,P16,P09,0.0,0.0,0.845101663585952,0.845101663585952
894_pid-94731_glioma.png,P20,P09,0.0,0.0,0.845101663585952,0.845101663585952
894_pid-94731_glioma.png,P15,P10,0.0,0.0,0.8352633545013074,0.8352633545013074
894_pid-94731_glioma.png,P16,P10,0.0,0.0,0.8352633545013074,0.8352633545013074
894_pid-94731_glioma.png,P20,P10,0.0,0.0,0.8352633545013074,0.8352633545013074
894_pid-94731_glioma.png,P15,P11,0.0,0.0,0.8383010432190761,0.8383010432190761
894_pid-94731_glioma.png,P16,P11,0.0,0.0,0.8383010432190761,0.8383010432190761
894_pid-94731_glioma.png,P20,P11,0.0,0.0,0.8383010432190761,0.8383010432190761
894_pid-94731_glioma.png,P15,P12,0.0,0.0,0.8341445151628604,0.8341445151628604
894_pid-94731_glioma.png,P16,P12,0.0,0.0,0.8341445151628604,0.8341445151628604
894_pid-94731_glioma.png,P20,P12,0.0,0.0,0.8341445151628604,0.8341445151628604
894_pid-94731_glioma.png,P15,P13,0.0,0.0,0.8294162244124337,0.8294162244124337
894_pid-94731_glioma.png,P16,P13,0.0,0.0,0.8294162244124337,0.8294162244124337
894_pid-94731_glioma.png,P20,P13,0.0,0.0,0.8294162244124337,0.8294162244124337
894_pid-94731_glioma.png,P15,P14,0.0,0.0,0.834392523364486,0.834392523364486
894_pid-94731_glioma.png,P16,P14,0.0,0.0,0.834392523364486,0.834392523364486
894_pid-94731_glioma.png,P20,P14,0.0,0.0,0.834392523364486,0.834392523364486
894_pid-94731_glioma.png,P15,P17,0.0,0.0,0.845101663585952,0.845101663585952
894_pid-94731_glioma.png,P15,P18,0.0,0.0,0.8361328854050019,0.8361328854050019
894_pid-94731_glioma.png,P15,P19,0.0,0.0,0.8294162244124337,0.8294162244124337
894_pid-94731_glioma.png,P16,P17,0.0,0.0,0.845101663585952,0.845101663585952
894_pid-94731_glioma.png,P16,P18,0.0,0.0,0.8361328854050019,0.8361328854050019
894_pid-94731_glioma.png,P16,P19,0.0,0.0,0.8294162244124337,0.8294162244124337
894_pid-94731_glioma.png,P20,P17,0.0,0.0,0.845101663585952,0.845101663585952
894_pid-94731_glioma.png,P20,P18,0.0,0.0,0.8361328854050019,0.8361328854050019
894_pid-94731_glioma.png,P20,P19,0.0,0.0,0.8294162244124337,0.8294162244124337
896_pid-95142_glioma.png,P01,P03,0.0,0.0,0.8493624378647071,0.8493624378647071
896_pid-95142_glioma.png,P01,P09,0.0,0.0,0.8504201680672269,0.8504201680672269
896_pid-95142_glioma.png,P01,P10,0.0,0.0,0.8590633130962706,0.8590633130962706
896_pid-95142_glioma.png,P01,P11,0.0,0.0,0.8466076696165191,0.8466076696165191
896_pid-95142_glioma.png,P01,P13,0.0,0.0,0.857945945945946,0.857945945945946
896_pid-95142_glioma.png,P01,P14,0.0,0.0,0.8720880982634477,0.8720880982634477
896_pid-95142_glioma.png,P01,P16,0.0,0.0,0.8590633130962706,0.8590633130962706
896_pid-95142_glioma.png,P01,P18,0.0,0.0,0.858690940615518,0.858690940615518
896_pid-95142_glioma.png,P01,P20,0.0,0.0,0.857945945945946,0.857945945945946
896_pid-95142_glioma.png,P02,P03,0.0,0.0,0.8493624378647071,0.8493624378647071
896_pid-95142_glioma.png,P02,P09,0.0,0.0,0.8504201680672269,0.8504201680672269
896_pid-95142_glioma.png,P02,P10,0.0,0.0,0.8590633130962706,0.8590633130962706
896_pid-95142_glioma.png,P02,P11,0.0,0.0,0.8466076696165191,0.8466076696165191
896_pid-95142_glioma.png,P02,P13,0.0,0.0,0.857945945945946,0.857945945945946
896_pid-95142_glioma.png,P02,P14,0.0,0.0,0.8720880982634477,0.8720880982634477
896_pid-95142_glioma.png,P02,P16,0.0,0.0,0.8590633130962706,0.8590633130962706
896_pid-95142_glioma.png,P02,P18,0.0,0.0,0.858690940615518,0.858690940615518
896_pid-95142_glioma.png,P02,P20,0.0,0.0,0.857945945945946,0.857945945945946
896_pid-95142_glioma.png,P04,P03,0.0,0.0,0.8493624378647071,0.8493624378647071
896_pid-95142_glioma.png,P05,P03,0.001765447667087,0.0,0.8493624378647071,0.8493624378647071
896_pid-95142_glioma.png,P06,P03,0.0060061958652083,0.0,0.8493624378647071,0.8493624378647071
896_pid-95142_glioma.png,P07,P03,0.0055399437976716,0.0,0.8493624378647071,0.8493624378647071
896_pid-95142_glioma.png,P08,P03,0.0,0.0,0.8493624378647071,0.8493624378647071
896_pid-95142_glioma.png,P12,P03,0.0017440411925919,0.0,0.8493624378647071,0.8493624378647071
896_pid-95142_glioma.png,P15,P03,0.0085479161136182,0.0,0.8493624378647071,0.8493624378647071
896_pid-95142_glioma.png,P17,P03,0.0,0.0,0.8493624378647071,0.8493624378647071
896_pid-95142_glioma.png,P19,P03,0.0,0.0,0.8493624378647071,0.8493624378647071
896_pid-95142_glioma.png,P04,P09,0.0,0.0,0.8504201680672269,0.8504201680672269
896_pid-95142_glioma.png,P04,P10,0.0,0.0,0.8590633130962706,0.8590633130962706
896_pid-95142_glioma.png,P04,P11,0.0,0.0,0.8466076696165191,0.8466076696165191
896_pid-95142_glioma.png,P04,P13,0.0,0.0,0.857945945945946,0.857945945945946
896_pid-95142_glioma.png,P04,P14,0.0,0.0,0.8720880982634477,0.8720880982634477
896_pid-95142_glioma.png,P04,P16,0.0,0.0,0.8590633130962706,0.8590633130962706
896_pid-95142_glioma.png,P04,P18,0.0,0.0,0.858690940615518,0.858690940615518
896_pid-95142_glioma.png,P04,P20,0.0,0.0,0.857945945945946,0.857945945945946
896_pid-95142_glioma.png,P05,P09,0.0059311981020166,0.0,0.8504201680672269,0.8504201680672269
896_pid-95142_glioma.png,P05,P10,0.0080085424452749,0.0,0.8590633130962706,0.8590633130962706
896_pid-95142_glioma.png,P05,P11,0.0056497175141242,0.0,0.8466076696165191,0.8466076696165191
896_pid-95142_glioma.png,P05,P13,0.0023217247097844,0.0,0.857945945945946,0.857945945945946
896_pid-95142_glioma.png,P05,P14,0.0026901969224147,0.0,0.8720880982634477,0.8720880982634477
896_pid-95142_glioma.png,P05,P16,0.0080085424452749,0.0,0.8590633130962706,0.8590633130962706
896_pid-95142_glioma.png,P05,P18,0.0026213694033763,0.0,0.858690940615518,0.858690940615518
896_pid-95142_glioma.png,P05,P20,0.0023217247097844,0.0,0.857945945945946,0.857945945945946
896_pid-95142_glioma.png,P06,P09,0.0097251585623678,0.0,0.8504201680672269,0.8504201680672269
896_pid-95142_glioma.png,P06,P10,0.0121280602636534,0.0,0.8590633130962706,0.8590633130962706
896_pid-95142_glioma.png,P06,P11,0.0093686354378818,0.0,0.8466076696165191,0.8466076696165191
896_pid-95142_glioma.png,P06,P13,0.0073262898126012,0.0,0.857945945945946,0.857945945945946
896_pid-95142_glioma.png,P06,P14,0.0087127812713084,0.0,0.8720880982634477,0.8720880982634477
896_pid-95142_glioma.png,P06,P16,0.0121280602636534,0.0,0.8590633130962706,0.8590633130962706
896_pid-95142_glioma.png,P06,P18,0.0085546381016142,0.0,0.858690940615518,0.858690940615518
896_pid-95142_glioma.png,P06,P20,0.0073262898126012,0.0,0.857945945945946,0.857945945945946
896_pid-95142_glioma.png,P07,P09,0.0102326991586447,0.0,0.8504201680672269,0.8504201680672269
896_pid-95142_glioma.png,P07,P10,0.0136184807828104,0.0,0.8590633130962706,0.8590633130962706
896_pid-95142_glioma.png,P07,P11,0.0097663314765246,0.0,0.8466076696165191,0.8466076696165191
896_pid-95142_glioma.png,P07,P13,0.0071837584591358,0.0,0.857945945945946,0.857945945945946
896_pid-95142_glioma.png,P07,P14,0.0082275266632808,0.0,0.8720880982634477,0.8720880982634477
896_pid-95142_glioma.png,P07,P16,0.0136184807828104,0.0,0.8590633130962706,0.8590633130962706
896_pid-95142_glioma.png,P07,P18,0.0080285459411239,0.0,0.858690940615518,0.858690940615518
896_pid-95142_glioma.png,P07,P20,0.0071837584591358,0.0,0.857945945945946,0.857945945945946
896_pid-95142_glioma.png,P08,P09,0.0,0.0,0.8504201680672269,0.8504201680672269
896_pid-95142_glioma.png,P08,P10,0.0,0.0,0.8590633130962706,0.8590633130962706
896_pid-95142_glioma.png,P08,P11,0.0,0.0,0.8466076696165191,0.8466076696165191
896_pid-95142_glioma.png,P08,P13,0.0,0.0,0.857945945945946,0.857945945945946
896_pid-95142_glioma.png,P08,P14,0.0,0.0,0.8720880982634477,0.8720880982634477
896_pid-95142_glioma.png,P08,P16,0.0,0.0,0.8590633130962706,0.8590633130962706
896_pid-95142_glioma.png,P08,P18,0.0,0.0,0.858690940615518,0.858690940615518
896_pid-95142_glioma.png,P08,P20,0.0,0.0,0.857945945945946,0.857945945945946
896_pid-95142_glioma.png,P12,P09,0.0058634977718708,0.0,0.8504201680672269,0.8504201680672269
896_pid-95142_glioma.png,P15,P09,0.0124252185918085,0.0,0.8504201680672269,0.8504201680672269
896_pid-95142_glioma.png,P17,P09,0.0,0.0,0.8504201680672269,0.8504201680672269
896_pid-95142_glioma.png,P19,P09,0.0,0.0,0.8504201680672269,0.8504201680672269
896_pid-95142_glioma.png,P12,P10,0.0078856061402586,0.0,0.8590633130962706,0.8590633130962706
896_pid-95142_glioma.png,P15,P10,0.0149290409780672,0.0,0.8590633130962706,0.8590633130962706
896_pid-95142_glioma.png,P17,P10,0.0,0.0,0.8590633130962706,0.8590633130962706
896_pid-95142_glioma.png,P19,P10,0.0,0.0,0.8590633130962706,0.8590633130962706
896_pid-95142_glioma.png,P12,P11,0.0055882572088518,0.0,0.8466076696165191,0.8466076696165191
896_pid-95142_glioma.png,P15,P11,0.0120374498439589,0.0,0.8466076696165191,0.8466076696165191
896_pid-95142_glioma.png,P17,P11,0.0,0.0,0.8466076696165191,0.8466076696165191
896_pid-95142_glioma.png,P19,P11,0.0,0.0,0.8466076696165191,0.8466076696165191
896_pid-95142_glioma.png,P12,P13,0.0022848438690022,0.0,0.857945945945946,0.857945945945946
896_pid-95142_glioma.png,P12,P14,0.00264858565526,0.0,0.8720880982634477,0.8720880982634477
896_pid-95142_glioma.png,P12,P16,0.0078856061402586,0.0,0.8590633130962706,0.8590633130962706
896_pid-95142_glioma.png,P12,P18,0.0025818444696891,0.0,0.858690940615518,0.858690940615518
896_pid-95142_glioma.png,P12,P20,0.0022848438690022,0.0,0.857945945945946,0.857945945945946
896_pid-95142_glioma.png,P15,P13,0.0100719424460431,0.0,0.857945945945946,0.857945945945946
896_pid-95142_glioma.png,P17,P13,0.0,0.0,0.857945945945946,0.857945945945946
896_pid-95142_glioma.png,P19,P13,0.0,0.0,0.857945945945946,0.857945945945946
896_pid-95142_glioma.png,P15,P14,0.0116601887840088,0.0,0.8720880982634477,0.8720880982634477
896_pid-95142_glioma.png,P17,P14,0.0,0.0,0.8720880982634477,0.8720880982634477
896_pid-95142_glioma.png,P19,P14,0.0,0.0,0.8720880982634477,0.8720880982634477
896_pid-95142_glioma.png,P15,P16,0.0149290409780672,0.0,0.8590633130962706,0.8590633130962706
896_pid-95142_glioma.png,P15,P18,0.0114872667598614,0.0,0.858690940615518,0.858690940615518
896_pid-95142_glioma.png,P15,P20,0.0100719424460431,0.0,0.857945945945946,0.857945945945946
896_pid-95142_glioma.png,P17,P16,0.0,0.0,0.8590633130962706,0.8590633130962706
896_pid-95142_glioma.png,P19,P16,0.0,0.0,0.8590633130962706,0.8590633130962706
896_pid-95142_glioma.png,P17,P18,0.0,0.0,0.858690940615518,0.858690940615518
896_pid-95142_glioma.png,P17,P20,0.0,0.0,0.857945945945946,0.857945945945946
896_pid-95142_glioma.png,P19,P18,0.0,0.0,0.858690940615518,0.858690940615518
896_pid-95142_glioma.png,P19,P20,0.0,0.0,0.857945945945946,0.857945945945946
89_pid-106914_meningioma.png,P16,P01,0.0,0.0,0.9521300617191027,0.9521300617191027
89_pid-106914_meningioma.png,P20,P01,0.2744186046511628,0.0408663669799754,0.9521300617191027,0.9112636947391274
89_pid-106914_meningioma.png,P16,P02,0.0,0.0,0.954271961492178,0.954271961492178
89_pid-106914_meningioma.png,P20,P02,0.2941828254847645,0.0408663669799754,0.954271961492178,0.9134055945122026
89_pid-106914_meningioma.png,P16,P03,0.0229950505891112,0.0,0.955976765515133,0.955976765515133
89_pid-106914_meningioma.png,P20,P03,0.1869812364807082,0.0408663669799754,0.955976765515133,0.9151103985351576
89_pid-106914_meningioma.png,P16,P05,0.1309653847602546,0.0,0.5291436158442133,0.5291436158442133
89_pid-106914_meningioma.png,P20,P05,0.1400052732682963,0.0408663669799754,0.5291436158442133,0.4882772488642379
89_pid-106914_meningioma.png,P16,P06,0.0878016715184524,0.0,0.9011582462872166,0.9011582462872166
89_pid-106914_meningioma.png,P20,P06,0.1188489208633093,0.0408663669799754,0.9011582462872166,0.8602918793072413
89_pid-106914_meningioma.png,P16,P08,0.127769815896814,0.0,0.5689864591299654,0.5689864591299654
89_pid-106914_meningioma.png,P20,P08,0.1365891301951273,0.0408663669799754,0.5689864591299654,0.52812009214999
89_pid-106914_meningioma.png,P16,P10,0.1239174596386186,0.0,0.5437670449546934,0.5437670449546934
89_pid-106914_meningioma.png,P20,P10,0.1324708649631134,0.0408663669799754,0.5437670449546934,0.502900677974718
89_pid-106914_meningioma.png,P16,P11,0.1157110053579154,0.0,0.5269397864306306,0.5269397864306306
89_pid-106914_meningioma.png,P20,P11,0.1236979599986688,0.0408663669799754,0.5269397864306306,0.48607341945065513
89_pid-106914_meningioma.png,P16,P12,0.0813820952877194,0.0,0.9206095791001452,0.9206095791001452
89_pid-106914_meningioma.png,P20,P12,0.1250294325406169,0.0408663669799754,0.9206095791001452,0.8797432121201698
89_pid-106914_meningioma.png,P16,P13,0.0,0.0,0.55204602192554,0.55204602192554
89_pid-106914_meningioma.png,P20,P13,0.6273417721518987,0.0408663669799754,0.55204602192554,0.5111796549455646
89_pid-106914_meningioma.png,P16,P14,0.0103927655554055,0.0,0.9468411214953272,0.9468411214953272
89_pid-106914_meningioma.png,P20,P14,0.1958274063537221,0.0408663669799754,0.9468411214953272,0.9059747545153518
89_pid-106914_meningioma.png,P16,P17,0.0626598926242208,0.0,0.9479301669589084,0.9479301669589084
89_pid-106914_meningioma.png,P20,P17,0.1428791082068037,0.0408663669799754,0.9479301669589084,0.907063799978933
910_pid-97609_glioma.png,P02,P01,0.0,0.0,0.803257157867087,0.803257157867087
910_pid-97609_glioma.png,P04,P01,0.0,0.0,0.803257157867087,0.803257157867087
910_pid-97609_glioma.png,P15,P01,0.0,0.0,0.803257157867087,0.803257157867087
910_pid-97609_glioma.png,P02,P03,0.0,0.0,0.7887636296433191,0.7887636296433191
910_pid-97609_glioma.png,P02,P05,0.0,0.0,0.7947171190933187,0.7947171190933187
910_pid-97609_glioma.png,P02,P06,0.0,0.0,0.6156666127554046,0.6156666127554046
910_pid-97609_glioma.png,P02,P08,0.0,0.0,0.8185586868221599,0.8185586868221599
910_pid-97609_glioma.png,P02,P09,0.0,0.0,0.774937482634065,0.774937482634065
910_pid-97609_glioma.png,P02,P10,0.0,0.0,0.7803533939818055,0.7803533939818055
910_pid-97609_glioma.png,P02,P11,0.0,0.0,0.7630701837920199,0.7630701837920199
910_pid-97609_glioma.png,P02,P14,0.0,0.0,0.7541139995230145,0.7541139995230145
910_pid-97609_glioma.png,P02,P16,0.0,0.0,0.5696273153313992,0.5696273153313992
910_pid-97609_glioma.png,P02,P17,0.0,0.0,0.7540936785986291,0.7540936785986291
910_pid-97609_glioma.png,P02,P18,0.0,0.0,0.7269964213932055,0.7269964213932055
910_pid-97609_glioma.png,P02,P20,0.0,0.0,0.6052574407994786,0.6052574407994786
910_pid-97609_glioma.png,P04,P03,0.0,0.0,0.7887636296433191,0.7887636296433191
910_pid-97609_glioma.png,P15,P03,0.0,0.0,0.7887636296433191,0.7887636296433191
910_pid-97609_glioma.png,P04,P05,0.0,0.0,0.7947171190933187,0.7947171190933187
910_pid-97609_glioma.png,P04,P06,0.0,0.0,0.6156666127554046,0.6156666127554046
910_pid-97609_glioma.png,P04,P08,0.0,0.0,0.8185586868221599,0.8185586868221599
910_pid-97609_glioma.png,P04,P09,0.0,0.0,0.774937482634065,0.774937482634065
910_pid-97609_glioma.png,P04,P10,0.0,0.0,0.7803533939818055,0.7803533939818055
910_pid-97609_glioma.png,P04,P11,0.0,0.0,0.7630701837920199,0.7630701837920199
910_pid-97609_glioma.png,P04,P14,0.0,0.0,0.7541139995230145,0.7541139995230145
910_pid-97609_glioma.png,P04,P16,0.0,0.0,0.5696273153313992,0.5696273153313992
910_pid-97609_glioma.png,P04,P17,0.0,0.0,0.7540936785986291,0.7540936785986291
910_pid-97609_glioma.png,P04,P18,0.0,0.0,0.7269964213932055,0.7269964213932055
910_pid-97609_glioma.png,P04,P20,0.0,0.0,0.6052574407994786,0.6052574407994786
910_pid-97609_glioma.png,P15,P05,0.0,0.0,0.7947171190933187,0.7947171190933187
910_pid-97609_glioma.png,P15,P06,0.0,0.0,0.6156666127554046,0.6156666127554046
910_pid-97609_glioma.png,P15,P08,0.0,0.0,0.8185586868221599,0.8185586868221599
910_pid-97609_glioma.png,P15,P09,0.0,0.0,0.774937482634065,0.774937482634065
910_pid-97609_glioma.png,P15,P10,0.0,0.0,0.7803533939818055,0.7803533939818055
910_pid-97609_glioma.png,P15,P11,0.0,0.0,0.7630701837920199,0.7630701837920199
910_pid-97609_glioma.png,P15,P14,0.0,0.0,0.7541139995230145,0.7541139995230145
910_pid-97609_glioma.png,P15,P16,0.0,0.0,0.5696273153313992,0.5696273153313992
910_pid-97609_glioma.png,P15,P17,0.0,0.0,0.7540936785986291,0.7540936785986291
910_pid-97609_glioma.png,P15,P18,0.0,0.0,0.7269964213932055,0.7269964213932055
910_pid-97609_glioma.png,P15,P20,0.0,0.0,0.6052574407994786,0.6052574407994786
943_pid-107505_pituitary.png,P03,P01,0.0,0.0,0.9446517412935324,0.9446517412935324
943_pid-107505_pituitary.png,P04,P01,0.0,0.0,0.9446517412935324,0.9446517412935324
943_pid-107505_pituitary.png,P06,P01,0.0,0.0,0.9446517412935324,0.9446517412935324
943_pid-107505_pituitary.png,P07,P01,0.0,0.0,0.9446517412935324,0.9446517412935324
943_pid-107505_pituitary.png,P09,P01,0.0,0.0,0.9446517412935324,0.9446517412935324
943_pid-107505_pituitary.png,P12,P01,0.0,0.0,0.9446517412935324,0.9446517412935324
943_pid-107505_pituitary.png,P15,P01,0.0,0.0,0.9446517412935324,0.9446517412935324
943_pid-107505_pituitary.png,P17,P01,0.0,0.0,0.9446517412935324,0.9446517412935324
943_pid-107505_pituitary.png,P18,P01,0.0,0.0,0.9446517412935324,0.9446517412935324
943_pid-107505_pituitary.png,P19,P01,0.0,0.0,0.9446517412935324,0.9446517412935324
943_pid-107505_pituitary.png,P03,P02,0.0,0.0,0.9034543844109832,0.9034543844109832
943_pid-107505_pituitary.png,P04,P02,0.0,0.0,0.9034543844109832,0.9034543844109832
943_pid-107505_pituitary.png,P06,P02,0.0,0.0,0.9034543844109832,0.9034543844109832
943_pid-107505_pituitary.png,P07,P02,0.0,0.0,0.9034543844109832,0.9034543844109832
943_pid-107505_pituitary.png,P09,P02,0.0,0.0,0.9034543844109832,0.9034543844109832
943_pid-107505_pituitary.png,P12,P02,0.0,0.0,0.9034543844109832,0.9034543844109832
943_pid-107505_pituitary.png,P15,P02,0.0,0.0,0.9034543844109832,0.9034543844109832
943_pid-107505_pituitary.png,P17,P02,0.0,0.0,0.9034543844109832,0.9034543844109832
943_pid-107505_pituitary.png,P18,P02,0.0,0.0,0.9034543844109832,0.9034543844109832
943_pid-107505_pituitary.png,P19,P02,0.0,0.0,0.9034543844109832,0.9034543844109832
943_pid-107505_pituitary.png,P03,P05,0.0,0.0,0.9113389626055488,0.9113389626055488
943_pid-107505_pituitary.png,P03,P08,0.0,0.0,0.9138191714544904,0.9138191714544904
943_pid-107505_pituitary.png,P03,P10,0.0,0.0,0.902769593400118,0.902769593400118
943_pid-107505_pituitary.png,P03,P11,0.0,0.0,0.9034543844109832,0.9034543844109832
943_pid-107505_pituitary.png,P03,P13,0.0,0.0,0.9138191714544904,0.9138191714544904
943_pid-107505_pituitary.png,P03,P14,0.0,0.0,0.9034543844109832,0.9034543844109832
943_pid-107505_pituitary.png,P03,P16,0.0,0.0,0.9014995589532492,0.9014995589532492
943_pid-107505_pituitary.png,P03,P20,0.0,0.0,0.9014995589532492,0.9014995589532492
943_pid-107505_pituitary.png,P04,P05,0.0,0.0,0.9113389626055488,0.9113389626055488
943_pid-107505_pituitary.png,P04,P08,0.0,0.0,0.9138191714544904,0.9138191714544904
943_pid-107505_pituitary.png,P04,P10,0.0,0.0,0.902769593400118,0.902769593400118
943_pid-107505_pituitary.png,P04,P11,0.0,0.0,0.9034543844109832,0.9034543844109832
943_pid-107505_pituitary.png,P04,P13,0.0,0.0,0.9138191714544904,0.9138191714544904
943_pid-107505_pituitary.png,P04,P14,0.0,0.0,0.9034543844109832,0.9034543844109832
943_pid-107505_pituitary.png,P04,P16,0.0,0.0,0.9014995589532492,0.9014995589532492
943_pid-107505_pituitary.png,P04,P20,0.0,0.0,0.9014995589532492,0.9014995589532492
943_pid-107505_pituitary.png,P06,P05,0.0,0.0,0.9113389626055488,0.9113389626055488
943_pid-107505_pituitary.png,P07,P05,0.0,0.0,0.9113389626055488,0.9113389626055488
943_pid-107505_pituitary.png,P09,P05,0.0,0.0,0.9113389626055488,0.9113389626055488
943_pid-107505_pituitary.png,P12,P05,0.0,0.0,0.9113389626055488,0.9113389626055488
943_pid-107505_pituitary.png,P15,P05,0.0,0.0,0.9113389626055488,0.9113389626055488
943_pid-107505_pituitary.png,P17,P05,0.0,0.0,0.9113389626055488,0.9113389626055488
943_pid-107505_pituitary.png,P18,P05,0.0,0.0,0.9113389626055488,0.9113389626055488
943_pid-107505_pituitary.png,P19,P05,0.0,0.0,0.9113389626055488,0.9113389626055488
943_pid-107505_pituitary.png,P06,P08,0.0,0.0,0.9138191714544904,0.9138191714544904
943_pid-107505_pituitary.png,P06,P10,0.0,0.0,0.902769593400118,0.902769593400118
943_pid-107505_pituitary.png,P06,P11,0.0,0.0,0.9034543844109832,0.9034543844109832
943_pid-107505_pituitary.png,P06,P13,0.0,0.0,0.9138191714544904,0.9138191714544904
943_pid-107505_pituitary.png,P06,P14,0.0,0.0,0.9034543844109832,0.9034543844109832
943_pid-107505_pituitary.png,P06,P16,0.0,0.0,0.9014995589532492,0.9014995589532492
943_pid-107505_pituitary.png,P06,P20,0.0,0.0,0.9014995589532492,0.9014995589532492
943_pid-107505_pituitary.png,P07,P08,0.0,0.0,0.9138191714544904,0.9138191714544904
943_pid-107505_pituitary.png,P07,P10,0.0,0.0,0.902769593400118,0.902769593400118
943_pid-107505_pituitary.png,P07,P11,0.0,0.0,0.9034543844109832,0.9034543844109832
943_pid-107505_pituitary.png,P07,P13,0.0,0.0,0.9138191714544904,0.9138191714544904
943_pid-107505_pituitary.png,P07,P14,0.0,0.0,0.9034543844109832,0.9034543844109832
943_pid-107505_pituitary.png,P07,P16,0.0,0.0,0.9014995589532492,0.9014995589532492
943_pid-107505_pituitary.png,P07,P20,0.0,0.0,0.9014995589532492,0.9014995589532492
943_pid-107505_pituitary.png,P09,P08,0.0,0.0,0.9138191714544904,0.9138191714544904
943_pid-107505_pituitary.png,P12,P08,0.0,0.0,0.9138191714544904,0.9138191714544904
943_pid-107505_pituitary.png,P15,P08,0.0,0.0,0.9138191714544904,0.9138191714544904
943_pid-107505_pituitary.png,P17,P08,0.0,0.0,0.9138191714544904,0.9138191714544904
943_pid-107505_pituitary.png,P18,P08,0.0,0.0,0.9138191714544904,0.9138191714544904
943_pid-107505_pituitary.png,P19,P08,0.0,0.0,0.9138191714544904,0.9138191714544904
943_pid-107505_pituitary.png,P09,P10,0.0,0.0,0.902769593400118,0.902769593400118
943_pid-107505_pituitary.png,P09,P11,0.0,0.0,0.9034543844109832,0.9034543844109832
943_pid-107505_pituitary.png,P09,P13,0.0,0.0,0.9138191714544904,0.9138191714544904
943_pid-107505_pituitary.png,P09,P14,0.0,0.0,0.9034543844109832,0.9034543844109832
943_pid-107505_pituitary.png,P09,P16,0.0,0.0,0.9014995589532492,0.9014995589532492
943_pid-107505_pituitary.png,P09,P20,0.0,0.0,0.9014995589532492,0.9014995589532492
943_pid-107505_pituitary.png,P12,P10,0.0,0.0,0.902769593400118,0.902769593400118
943_pid-107505_pituitary.png,P15,P10,0.0,0.0,0.902769593400118,0.902769593400118
943_pid-107505_pituitary.png,P17,P10,0.0,0.0,0.902769593400118,0.902769593400118
943_pid-107505_pituitary.png,P18,P10,0.0,0.0,0.902769593400118,0.902769593400118
943_pid-107505_pituitary.png,P19,P10,0.0,0.0,0.902769593400118,0.902769593400118
943_pid-107505_pituitary.png,P12,P11,0.0,0.0,0.9034543844109832,0.9034543844109832
943_pid-107505_pituitary.png,P15,P11,0.0,0.0,0.9034543844109832,0.9034543844109832
943_pid-107505_pituitary.png,P17,P11,0.0,0.0,0.9034543844109832,0.9034543844109832
943_pid-107505_pituitary.png,P18,P11,0.0,0.0,0.9034543844109832,0.9034543844109832
943_pid-107505_pituitary.png,P19,P11,0.0,0.0,0.9034543844109832,0.9034543844109832
943_pid-107505_pituitary.png,P12,P13,0.0,0.0,0.9138191714544904,0.9138191714544904
943_pid-107505_pituitary.png,P12,P14,0.0,0.0,0.9034543844109832,0.9034543844109832
943_pid-107505_pituitary.png,P12,P16,0.0,0.0,0.9014995589532492,0.9014995589532492
943_pid-107505_pituitary.png,P12,P20,0.0,0.0,0.9014995589532492,0.9014995589532492
943_pid-107505_pituitary.png,P15,P13,0.0,0.0,0.9138191714544904,0.9138191714544904
943_pid-107505_pituitary.png,P17,P13,0.0,0.0,0.9138191714544904,0.9138191714544904
943_pid-107505_pituitary.png,P18,P13,0.0,0.0,0.9138191714544904,0.9138191714544904
943_pid-107505_pituitary.png,P19,P13,0.0,0.0,0.9138191714544904,0.9138191714544904
943_pid-107505_pituitary.png,P15,P14,0.0,0.0,0.9034543844109832,0.9034543844109832
943_pid-107505_pituitary.png,P17,P14,0.0,0.0,0.9034543844109832,0.9034543844109832
943_pid-107505_pituitary.png,P18,P14,0.0,0.0,0.9034543844109832,0.9034543844109832
943_pid-107505_pituitary.png,P19,P14,0.0,0.0,0.9034543844109832,0.9034543844109832
943_pid-107505_pituitary.png,P15,P16,0.0,0.0,0.9014995589532492,0.9014995589532492
943_pid-107505_pituitary.png,P15,P20,0.0,0.0,0.9014995589532492,0.9014995589532492
943_pid-107505_pituitary.png,P17,P16,0.0,0.0,0.9014995589532492,0.9014995589532492
943_pid-107505_pituitary.png,P18,P16,0.0,0.0,0.9014995589532492,0.9014995589532492
943_pid-107505_pituitary.png,P19,P16,0.0,0.0,0.9014995589532492,0.9014995589532492
943_pid-107505_pituitary.png,P17,P20,0.0,0.0,0.9014995589532492,0.9014995589532492
943_pid-107505_pituitary.png,P18,P20,0.0,0.0,0.9014995589532492,0.9014995589532492
943_pid-107505_pituitary.png,P19,P20,0.0,0.0,0.9014995589532492,0.9014995589532492
944_pid-107505_pituitary.png,P03,P01,0.0,0.0,0.9337016574585636,0.9337016574585636
944_pid-107505_pituitary.png,P04,P01,0.0,0.0,0.9337016574585636,0.9337016574585636
944_pid-107505_pituitary.png,P05,P01,0.0,0.0,0.9337016574585636,0.9337016574585636
944_pid-107505_pituitary.png,P07,P01,0.0,0.0,0.9337016574585636,0.9337016574585636
944_pid-107505_pituitary.png,P11,P01,0.0,0.0,0.9337016574585636,0.9337016574585636
944_pid-107505_pituitary.png,P15,P01,0.0,0.0,0.9337016574585636,0.9337016574585636
944_pid-107505_pituitary.png,P17,P01,0.0,0.0,0.9337016574585636,0.9337016574585636
944_pid-107505_pituitary.png,P19,P01,0.0,0.0,0.9337016574585636,0.9337016574585636
944_pid-107505_pituitary.png,P03,P02,0.0,0.0,0.9337016574585636,0.9337016574585636
944_pid-107505_pituitary.png,P04,P02,0.0,0.0,0.9337016574585636,0.9337016574585636
944_pid-107505_pituitary.png,P05,P02,0.0,0.0,0.9337016574585636,0.9337016574585636
944_pid-107505_pituitary.png,P07,P02,0.0,0.0,0.9337016574585636,0.9337016574585636
944_pid-107505_pituitary.png,P11,P02,0.0,0.0,0.9337016574585636,0.9337016574585636
944_pid-107505_pituitary.png,P15,P02,0.0,0.0,0.9337016574585636,0.9337016574585636
944_pid-107505_pituitary.png,P17,P02,0.0,0.0,0.9337016574585636,0.9337016574585636
944_pid-107505_pituitary.png,P19,P02,0.0,0.0,0.9337016574585636,0.9337016574585636
944_pid-107505_pituitary.png,P03,P06,0.0,0.0,0.933806146572104,0.933806146572104
944_pid-107505_pituitary.png,P03,P08,0.0,0.0,0.9340702724042638,0.9340702724042638
944_pid-107505_pituitary.png,P03,P09,0.0,0.0,0.9337016574585636,0.9337016574585636
944_pid-107505_pituitary.png,P03,P10,0.0,0.0,0.9340702724042638,0.9340702724042638
944_pid-107505_pituitary.png,P03,P12,0.0,0.0,0.9337016574585636,0.9337016574585636
944_pid-107505_pituitary.png,P03,P13,0.0,0.0,0.9337016574585636,0.9337016574585636
944_pid-107505_pituitary.png,P03,P14,0.0,0.0,0.9340702724042638,0.9340702724042638
944_pid-107505_pituitary.png,P03,P16,0.0,0.0,0.9337016574585636,0.9337016574585636
944_pid-107505_pituitary.png,P03,P18,0.0,0.0,0.9340702724042638,0.9340702724042638
944_pid-107505_pituitary.png,P03,P20,0.0,0.0,0.9337016574585636,0.9337016574585636
944_pid-107505_pituitary.png,P04,P06,0.0,0.0,0.933806146572104,0.933806146572104
944_pid-107505_pituitary.png,P04,P08,0.0,0.0,0.9340702724042638,0.9340702724042638
944_pid-107505_pituitary.png,P04,P09,0.0,0.0,0.9337016574585636,0.9337016574585636
944_pid-107505_pituitary.png,P04,P10,0.0,0.0,0.9340702724042638,0.9340702724042638
944_pid-107505_pituitary.png,P04,P12,0.0,0.0,0.9337016574585636,0.9337016574585636
944_pid-107505_pituitary.png,P04,P13,0.0,0.0,0.9337016574585636,0.9337016574585636
944_pid-107505_pituitary.png,P04,P14,0.0,0.0,0.9340702724042638,0.9340702724042638
944_pid-107505_pituitary.png,P04,P16,0.0,0.0,0.9337016574585636,0.9337016574585636
944_pid-107505_pituitary.png,P04,P18,0.0,0.0,0.9340702724042638,0.9340702724042638
944_pid-107505_pituitary.png,P04,P20,0.0,0.0,0.9337016574585636,0.9337016574585636
944_pid-107505_pituitary.png,P05,P06,0.0,0.0,0.933806146572104,0.933806146572104
944_pid-107505_pituitary.png,P05,P08,0.0,0.0,0.9340702724042638,0.9340702724042638
944_pid-107505_pituitary.png,P05,P09,0.0,0.0,0.9337016574585636,0.9337016574585636
944_pid-107505_pituitary.png,P05,P10,0.0,0.0,0.9340702724042638,0.9340702724042638
944_pid-107505_pituitary.png,P05,P12,0.0,0.0,0.9337016574585636,0.9337016574585636
944_pid-107505_pituitary.png,P05,P13,0.0,0.0,0.9337016574585636,0.9337016574585636
944_pid-107505_pituitary.png,P05,P14,0.0,0.0,0.9340702724042638,0.9340702724042638
944_pid-107505_pituitary.png,P05,P16,0.0,0.0,0.9337016574585636,0.9337016574585636
944_pid-107505_pituitary.png,P05,P18,0.0,0.0,0.9340702724042638,0.9340702724042638
944_pid-107505_pituitary.png,P05,P20,0.0,0.0,0.9337016574585636,0.9337016574585636
944_pid-107505_pituitary.png,P07,P06,0.0,0.0,0.933806146572104,0.933806146572104
944_pid-107505_pituitary.png,P11,P06,0.0,0.0,0.933806146572104,0.933806146572104
944_pid-107505_pituitary.png,P15,P06,0.0,0.0,0.933806146572104,0.933806146572104
944_pid-107505_pituitary.png,P17,P06,0.0,0.0,0.933806146572104,0.933806146572104
944_pid-107505_pituitary.png,P19,P06,0.0,0.0,0.933806146572104,0.933806146572104
944_pid-107505_pituitary.png,P07,P08,0.0,0.0,0.9340702724042638,0.9340702724042638
944_pid-107505_pituitary.png,P07,P09,0.0,0.0,0.9337016574585636,0.9337016574585636
944_pid-107505_pituitary.png,P07,P10,0.0,0.0,0.9340702724042638,0.9340702724042638
944_pid-107505_pituitary.png,P07,P12,0.0,0.0,0.9337016574585636,0.9337016574585636
944_pid-107505_pituitary.png,P07,P13,0.0,0.0,0.9337016574585636,0.9337016574585636
944_pid-107505_pituitary.png,P07,P14,0.0,0.0,0.9340702724042638,0.9340702724042638
944_pid-107505_pituitary.png,P07,P16,0.0,0.0,0.9337016574585636,0.9337016574585636
944_pid-107505_pituitary.png,P07,P18,0.0,0.0,0.9340702724042638,0.9340702724042638
944_pid-107505_pituitary.png,P07,P20,0.0,0.0,0.9337016574585636,0.9337016574585636
944_pid-107505_pituitary.png,P11,P08,0.0,0.0,0.9340702724042638,0.9340702724042638
944_pid-107505_pituitary.png,P15,P08,0.0,0.0,0.9340702724042638,0.9340702724042638
944_pid-107505_pituitary.png,P17,P08,0.0,0.0,0.9340702724042638,0.9340702724042638
944_pid-107505_pituitary.png,P19,P08,0.0,0.0,0.9340702724042638,0.9340702724042638
944_pid-107505_pituitary.png,P11,P09,0.0,0.0,0.9337016574585636,0.9337016574585636
944_pid-107505_pituitary.png,P15,P09,0.0,0.0,0.9337016574585636,0.9337016574585636
944_pid-107505_pituitary.png,P17,P09,0.0,0.0,0.9337016574585636,0.9337016574585636
944_pid-107505_pituitary.png,P19,P09,0.0,0.0,0.9337016574585636,0.9337016574585636
944_pid-107505_pituitary.png,P11,P10,0.0,0.0,0.9340702724042638,0.9340702724042638
944_pid-107505_pituitary.png,P15,P10,0.0,0.0,0.9340702724042638,0.9340702724042638
944_pid-107505_pituitary.png,P17,P10,0.0,0.0,0.9340702724042638,0.9340702724042638
944_pid-107505_pituitary.png,P19,P10,0.0,0.0,0.9340702724042638,0.9340702724042638
944_pid-107505_pituitary.png,P11,P12,0.0,0.0,0.9337016574585636,0.9337016574585636
944_pid-107505_pituitary.png,P11,P13,0.0,0.0,0.9337016574585636,0.9337016574585636
944_pid-107505_pituitary.png,P11,P14,0.0,0.0,0.9340702724042638,0.9340702724042638
944_pid-107505_pituitary.png,P11,P16,0.0,0.0,0.9337016574585636,0.9337016574585636
944_pid-107505_pituitary.png,P11,P18,0.0,0.0,0.9340702724042638,0.9340702724042638
944_pid-107505_pituitary.png,P11,P20,0.0,0.0,0.9337016574585636,0.9337016574585636
944_pid-107505_pituitary.png,P15,P12,0.0,0.0,0.9337016574585636,0.9337016574585636
944_pid-107505_pituitary.png,P17,P12,0.0,0.0,0.9337016574585636,0.9337016574585636
944_pid-107505_pituitary.png,P19,P12,0.0,0.0,0.9337016574585636,0.9337016574585636
944_pid-107505_pituitary.png,P15,P13,0.0,0.0,0.9337016574585636,0.9337016574585636
944_pid-107505_pituitary.png,P17,P13,0.0,0.0,0.9337016574585636,0.9337016574585636
944_pid-107505_pituitary.png,P19,P13,0.0,0.0,0.9337016574585636,0.9337016574585636
944_pid-107505_pituitary.png,P15,P14,0.0,0.0,0.9340702724042638,0.9340702724042638
944_pid-107505_pituitary.png,P17,P14,0.0,0.0,0.9340702724042638,0.9340702724042638
944_pid-107505_pituitary.png,P19,P14,0.0,0.0,0.9340702724042638,0.9340702724042638
944_pid-107505_pituitary.png,P15,P16,0.0,0.0,0.9337016574585636,0.9337016574585636
944_pid-107505_pituitary.png,P15,P18,0.0,0.0,0.9340702724042638,0.9340702724042638
944_pid-107505_pituitary.png,P15,P20,0.0,0.0,0.9337016574585636,0.9337016574585636
944_pid-107505_pituitary.png,P17,P16,0.0,0.0,0.9337016574585636,0.9337016574585636
944_pid-107505_pituitary.png,P19,P16,0.0,0.0,0.9337016574585636,0.9337016574585636
944_pid-107505_pituitary.png,P17,P18,0.0,0.0,0.9340702724042638,0.9340702724042638
944_pid-107505_pituitary.png,P17,P20,0.0,0.0,0.9337016574585636,0.9337016574585636
944_pid-107505_pituitary.png,P19,P18,0.0,0.0,0.9340702724042638,0.9340702724042638
944_pid-107505_pituitary.png,P19,P20,0.0,0.0,0.9337016574585636,0.9337016574585636
994_pid-112074_pituitary.png,P12,P01,0.0,0.0,0.8801897983392646,0.8801897983392646
994_pid-112074_pituitary.png,P15,P01,0.0,0.0,0.8801897983392646,0.8801897983392646
994_pid-112074_pituitary.png,P18,P01,0.0,0.0,0.8801897983392646,0.8801897983392646
994_pid-112074_pituitary.png,P12,P02,0.0,0.0,0.8492887351018839,0.8492887351018839
994_pid-112074_pituitary.png,P15,P02,0.0,0.0,0.8492887351018839,0.8492887351018839
994_pid-112074_pituitary.png,P18,P02,0.0,0.0,0.8492887351018839,0.8492887351018839
994_pid-112074_pituitary.png,P12,P03,0.0,0.0,0.8020626735422451,0.8020626735422451
994_pid-112074_pituitary.png,P15,P03,0.0,0.0,0.8020626735422451,0.8020626735422451
994_pid-112074_pituitary.png,P18,P03,0.0,0.0,0.8020626735422451,0.8020626735422451
994_pid-112074_pituitary.png,P12,P04,0.0,0.0,0.8195361116349237,0.8195361116349237
994_pid-112074_pituitary.png,P15,P04,0.0,0.0,0.8195361116349237,0.8195361116349237
994_pid-112074_pituitary.png,P18,P04,0.0,0.0,0.8195361116349237,0.8195361116349237
994_pid-112074_pituitary.png,P12,P05,0.0,0.0,0.8492887351018839,0.8492887351018839
994_pid-112074_pituitary.png,P15,P05,0.0,0.0,0.8492887351018839,0.8492887351018839
994_pid-112074_pituitary.png,P18,P05,0.0,0.0,0.8492887351018839,0.8492887351018839
994_pid-112074_pituitary.png,P12,P06,0.0,0.0,0.84779299847793,0.84779299847793
994_pid-112074_pituitary.png,P15,P06,0.0,0.0,0.84779299847793,0.84779299847793
994_pid-112074_pituitary.png,P18,P06,0.0,0.0,0.84779299847793,0.84779299847793
994_pid-112074_pituitary.png,P12,P07,0.0,0.0,0.8657306703579197,0.8657306703579197
994_pid-112074_pituitary.png,P15,P07,0.0,0.0,0.8657306703579197,0.8657306703579197
994_pid-112074_pituitary.png,P18,P07,0.0,0.0,0.8657306703579197,0.8657306703579197
994_pid-112074_pituitary.png,P12,P08,0.0,0.0,0.8492887351018839,0.8492887351018839
994_pid-112074_pituitary.png,P15,P08,0.0,0.0,0.8492887351018839,0.8492887351018839
994_pid-112074_pituitary.png,P18,P08,0.0,0.0,0.8492887351018839,0.8492887351018839
994_pid-112074_pituitary.png,P12,P09,0.0,0.0,0.8650683574400634,0.8650683574400634
994_pid-112074_pituitary.png,P15,P09,0.0,0.0,0.8650683574400634,0.8650683574400634
994_pid-112074_pituitary.png,P18,P09,0.0,0.0,0.8650683574400634,0.8650683574400634
994_pid-112074_pituitary.png,P12,P10,0.0,0.0,0.8524338827136834,0.8524338827136834
994_pid-112074_pituitary.png,P15,P10,0.0,0.0,0.8524338827136834,0.8524338827136834
994_pid-112074_pituitary.png,P18,P10,0.0,0.0,0.8524338827136834,0.8524338827136834
994_pid-112074_pituitary.png,P12,P11,0.0,0.0,0.8025452376217936,0.8025452376217936
994_pid-112074_pituitary.png,P15,P11,0.0,0.0,0.8025452376217936,0.8025452376217936
994_pid-112074_pituitary.png,P18,P11,0.0,0.0,0.8025452376217936,0.8025452376217936
994_pid-112074_pituitary.png,P12,P13,0.0,0.0,0.8524338827136834,0.8524338827136834
994_pid-112074_pituitary.png,P12,P14,0.0,0.0,0.8051271780492689,0.8051271780492689
994_pid-112074_pituitary.png,P12,P16,0.0,0.0,0.8476946334089192,0.8476946334089192
994_pid-112074_pituitary.png,P12,P17,0.0,0.0,0.7988229828093542,0.7988229828093542
994_pid-112074_pituitary.png,P12,P19,0.0,0.0,0.8631578947368421,0.8631578947368421
994_pid-112074_pituitary.png,P12,P20,0.0,0.0,0.8482431149097815,0.8482431149097815
994_pid-112074_pituitary.png,P15,P13,0.0,0.0,0.8524338827136834,0.8524338827136834
994_pid-112074_pituitary.png,P18,P13,0.0,0.0,0.8524338827136834,0.8524338827136834
994_pid-112074_pituitary.png,P15,P14,0.0,0.0,0.8051271780492689,0.8051271780492689
994_pid-112074_pituitary.png,P18,P14,0.0,0.0,0.8051271780492689,0.8051271780492689
994_pid-112074_pituitary.png,P15,P16,0.0,0.0,0.8476946334089192,0.8476946334089192
994_pid-112074_pituitary.png,P15,P17,0.0,0.0,0.7988229828093542,0.7988229828093542
994_pid-112074_pituitary.png,P15,P19,0.0,0.0,0.8631578947368421,0.8631578947368421
994_pid-112074_pituitary.png,P15,P20,0.0,0.0,0.8482431149097815,0.8482431149097815
994_pid-112074_pituitary.png,P18,P16,0.0,0.0,0.8476946334089192,0.8476946334089192
994_pid-112074_pituitary.png,P18,P17,0.0,0.0,0.7988229828093542,0.7988229828093542
994_pid-112074_pituitary.png,P18,P19,0.0,0.0,0.8631578947368421,0.8631578947368421
994_pid-112074_pituitary.png,P18,P20,0.0,0.0,0.8482431149097815,0.8482431149097815
99_pid-107494_meningioma.png,P01,P13,0.0,0.0,0.7776101893748952,0.7776101893748952
99_pid-107494_meningioma.png,P01,P16,0.0,0.0,0.6037639226731533,0.6037639226731533
99_pid-107494_meningioma.png,P01,P18,0.0,0.0,0.5766976062530532,0.5766976062530532
99_pid-107494_meningioma.png,P01,P20,0.0,0.0,0.589942456842632,0.589942456842632
99_pid-107494_meningioma.png,P03,P13,0.0,0.0,0.7776101893748952,0.7776101893748952
99_pid-107494_meningioma.png,P03,P16,0.0,0.0,0.6037639226731533,0.6037639226731533
99_pid-107494_meningioma.png,P03,P18,0.0,0.0,0.5766976062530532,0.5766976062530532
99_pid-107494_meningioma.png,P03,P20,0.0,0.0,0.589942456842632,0.589942456842632
99_pid-107494_meningioma.png,P04,P13,0.1460084326920392,0.0149657990175825,0.7776101893748952,0.7626443903573127
99_pid-107494_meningioma.png,P04,P16,0.170096291513433,0.0149657990175825,0.6037639226731533,0.5887981236555707
99_pid-107494_meningioma.png,P04,P18,0.171463985676904,0.0149657990175825,0.5766976062530532,0.5617318072354707
99_pid-107494_meningioma.png,P04,P20,0.1723469642016667,0.0149657990175825,0.589942456842632,0.5749766578250495
99_pid-107494_meningioma.png,P05,P13,0.0,0.0,0.7776101893748952,0.7776101893748952
99_pid-107494_meningioma.png,P05,P16,0.0,0.0,0.6037639226731533,0.6037639226731533
99_pid-107494_meningioma.png,P05,P18,0.0,0.0,0.5766976062530532,0.5766976062530532
99_pid-107494_meningioma.png,P05,P20,0.0,0.0,0.589942456842632,0.589942456842632
99_pid-107494_meningioma.png,P06,P13,0.0,0.0,0.7776101893748952,0.7776101893748952
99_pid-107494_meningioma.png,P06,P16,0.0,0.0,0.6037639226731533,0.6037639226731533
99_pid-107494_meningioma.png,P06,P18,0.0,0.0,0.5766976062530532,0.5766976062530532
99_pid-107494_meningioma.png,P06,P20,0.0,0.0,0.589942456842632,0.589942456842632
99_pid-107494_meningioma.png,P09,P13,0.0,0.0,0.7776101893748952,0.7776101893748952
99_pid-107494_meningioma.png,P09,P16,0.0,0.0,0.6037639226731533,0.6037639226731533
99_pid-107494_meningioma.png,P09,P18,0.0,0.0,0.5766976062530532,0.5766976062530532
99_pid-107494_meningioma.png,P09,P20,0.0,0.0,0.589942456842632,0.589942456842632
99_pid-107494_meningioma.png,P10,P13,0.0,0.0,0.7776101893748952,0.7776101893748952
99_pid-107494_meningioma.png,P10,P16,0.0,0.0,0.6037639226731533,0.6037639226731533
99_pid-107494_meningioma.png,P10,P18,0.0,0.0,0.5766976062530532,0.5766976062530532
99_pid-107494_meningioma.png,P10,P20,0.0,0.0,0.589942456842632,0.589942456842632
99_pid-107494_meningioma.png,P14,P13,0.0,0.0,0.7776101893748952,0.7776101893748952
99_pid-107494_meningioma.png,P15,P13,0.0786706948640483,0.0782829114132402,0.7776101893748952,0.6993272779616551
99_pid-107494_meningioma.png,P19,P13,0.1428571428571428,0.0,0.7776101893748952,0.7776101893748952
99_pid-107494_meningioma.png,P14,P16,0.0,0.0,0.6037639226731533,0.6037639226731533
99_pid-107494_meningioma.png,P14,P18,0.0,0.0,0.5766976062530532,0.5766976062530532
99_pid-107494_meningioma.png,P14,P20,0.0,0.0,0.589942456842632,0.589942456842632
99_pid-107494_meningioma.png,P15,P16,0.0872373279624035,0.0782829114132402,0.6037639226731533,0.5254810112599131
99_pid-107494_meningioma.png,P15,P18,0.0986505538771399,0.0782829114132402,0.5766976062530532,0.49841469483981304
99_pid-107494_meningioma.png,P15,P20,0.0961530715005035,0.0782829114132402,0.589942456842632,0.5116595454293918
99_pid-107494_meningioma.png,P19,P16,0.1557295088992372,0.0,0.6037639226731533,0.6037639226731533
99_pid-107494_meningioma.png,P19,P18,0.1571368539011066,0.0,0.5766976062530532,0.5766976062530532
99_pid-107494_meningioma.png,P19,P20,0.1579599538145259,0.0,0.589942456842632,0.589942456842632
