filename,risk_region,frozen_risk,prompt_id,seed_a,seed_b,box_iou,instability_1_minus_iou
464_pid-101127_meningioma.png,LOW,0.0317016557393043,P01,12,23,1.0,0.0
464_pid-101127_meningioma.png,LOW,0.0317016557393043,P01,12,34,1.0,0.0
464_pid-101127_meningioma.png,LOW,0.0317016557393043,P01,12,45,0.9655172413793104,0.03448275862068961
464_pid-101127_meningioma.png,LOW,0.0317016557393043,P01,12,56,0.9655172413793104,0.03448275862068961
464_pid-101127_meningioma.png,LOW,0.0317016557393043,P01,23,34,1.0,0.0
464_pid-101127_meningioma.png,LOW,0.0317016557393043,P01,23,45,0.9655172413793104,0.03448275862068961
464_pid-101127_meningioma.png,LOW,0.0317016557393043,P01,23,56,0.9655172413793104,0.03448275862068961
464_pid-101127_meningioma.png,LOW,0.0317016557393043,P01,34,45,0.9655172413793104,0.03448275862068961
464_pid-101127_meningioma.png,LOW,0.0317016557393043,P01,34,56,0.9655172413793104,0.03448275862068961
464_pid-101127_meningioma.png,LOW,0.0317016557393043,P01,45,56,1.0,0.0
464_pid-101127_meningioma.png,LOW,0.0317016557393043,P02,12,23,0.9310344827586207,0.06896551724137934
464_pid-101127_meningioma.png,LOW,0.0317016557393043,P02,12,34,1.0,0.0
464_pid-101127_meningioma.png,LOW,0.0317016557393043,P02,12,45,1.0,0.0
464_pid-101127_meningioma.png,LOW,0.0317016557393043,P02,12,56,1.0,0.0
464_pid-101127_meningioma.png,LOW,0.0317016557393043,P02,23,34,0.9310344827586207,0.06896551724137934
464_pid-101127_meningioma.png,LOW,0.0317016557393043,P02,23,45,0.9310344827586207,0.06896551724137934
464_pid-101127_meningioma.png,LOW,0.0317016557393043,P02,23,56,0.9310344827586207,0.06896551724137934
464_pid-101127_meningioma.png,LOW,0.0317016557393043,P02,34,45,1.0,0.0
464_pid-101127_meningioma.png,LOW,0.0317016557393043,P02,34,56,1.0,0.0
464_pid-101127_meningioma.png,LOW,0.0317016557393043,P02,45,56,1.0,0.0
464_pid-101127_meningioma.png,LOW,0.0317016557393043,P03,12,23,1.0,0.0
464_pid-101127_meningioma.png,LOW,0.0317016557393043,P03,12,34,1.0,0.0
464_pid-101127_meningioma.png,LOW,0.0317016557393043,P03,12,45,1.0,0.0
464_pid-101127_meningioma.png,LOW,0.0317016557393043,P03,12,56,1.0,0.0
464_pid-101127_meningioma.png,LOW,0.0317016557393043,P03,23,34,1.0,0.0
464_pid-101127_meningioma.png,LOW,0.0317016557393043,P03,23,45,1.0,0.0
464_pid-101127_meningioma.png,LOW,0.0317016557393043,P03,23,56,1.0,0.0
464_pid-101127_meningioma.png,LOW,0.0317016557393043,P03,34,45,1.0,0.0
464_pid-101127_meningioma.png,LOW,0.0317016557393043,P03,34,56,1.0,0.0
464_pid-101127_meningioma.png,LOW,0.0317016557393043,P03,45,56,1.0,0.0
464_pid-101127_meningioma.png,LOW,0.0317016557393043,P04,12,23,0.9666666666666667,0.033333333333333326
464_pid-101127_meningioma.png,LOW,0.0317016557393043,P04,12,34,1.0,0.0
464_pid-101127_meningioma.png,LOW,0.0317016557393043,P04,12,45,0.9666666666666667,0.033333333333333326
464_pid-101127_meningioma.png,LOW,0.0317016557393043,P04,12,56,1.0,0.0
464_pid-101127_meningioma.png,LOW,0.0317016557393043,P04,23,34,0.9666666666666667,0.033333333333333326
464_pid-101127_meningioma.png,LOW,0.0317016557393043,P04,23,45,1.0,0.0
464_pid-101127_meningioma.png,LOW,0.0317016557393043,P04,23,56,0.9666666666666667,0.033333333333333326
464_pid-101127_meningioma.png,LOW,0.0317016557393043,P04,34,45,0.9666666666666667,0.033333333333333326
464_pid-101127_meningioma.png,LOW,0.0317016557393043,P04,34,56,1.0,0.0
464_pid-101127_meningioma.png,LOW,0.0317016557393043,P04,45,56,0.9666666666666667,0.033333333333333326
464_pid-101127_meningioma.png,LOW,0.0317016557393043,P05,12,23,1.0,0.0
464_pid-101127_meningioma.png,LOW,0.0317016557393043,P05,12,34,1.0,0.0
464_pid-101127_meningioma.png,LOW,0.0317016557393043,P05,12,45,0.9655172413793104,0.03448275862068961
464_pid-101127_meningioma.png,LOW,0.0317016557393043,P05,12,56,0.9655172413793104,0.03448275862068961
464_pid-101127_meningioma.png,LOW,0.0317016557393043,P05,23,34,1.0,0.0
464_pid-101127_meningioma.png,LOW,0.0317016557393043,P05,23,45,0.9655172413793104,0.03448275862068961
464_pid-101127_meningioma.png,LOW,0.0317016557393043,P05,23,56,0.9655172413793104,0.03448275862068961
464_pid-101127_meningioma.png,LOW,0.0317016557393043,P05,34,45,0.9655172413793104,0.03448275862068961
464_pid-101127_meningioma.png,LOW,0.0317016557393043,P05,34,56,0.9655172413793104,0.03448275862068961
464_pid-101127_meningioma.png,LOW,0.0317016557393043,P05,45,56,1.0,0.0
464_pid-101127_meningioma.png,LOW,0.0317016557393043,P06,12,23,1.0,0.0
464_pid-101127_meningioma.png,LOW,0.0317016557393043,P06,12,34,0.9310344827586207,0.06896551724137934
464_pid-101127_meningioma.png,LOW,0.0317016557393043,P06,12,45,0.9310344827586207,0.06896551724137934
464_pid-101127_meningioma.png,LOW,0.0317016557393043,P06,12,56,1.0,0.0
464_pid-101127_meningioma.png,LOW,0.0317016557393043,P06,23,34,0.9310344827586207,0.06896551724137934
464_pid-101127_meningioma.png,LOW,0.0317016557393043,P06,23,45,0.9310344827586207,0.06896551724137934
464_pid-101127_meningioma.png,LOW,0.0317016557393043,P06,23,56,1.0,0.0
464_pid-101127_meningioma.png,LOW,0.0317016557393043,P06,34,45,1.0,0.0
464_pid-101127_meningioma.png,LOW,0.0317016557393043,P06,34,56,0.9310344827586207,0.06896551724137934
464_pid-101127_meningioma.png,LOW,0.0317016557393043,P06,45,56,0.9310344827586207,0.06896551724137934
464_pid-101127_meningioma.png,LOW,0.0317016557393043,P07,12,23,0.9655172413793104,0.03448275862068961
464_pid-101127_meningioma.png,LOW,0.0317016557393043,P07,12,34,1.0,0.0
464_pid-101127_meningioma.png,LOW,0.0317016557393043,P07,12,45,0.9655172413793104,0.03448275862068961
464_pid-101127_meningioma.png,LOW,0.0317016557393043,P07,12,56,1.0,0.0
464_pid-101127_meningioma.png,LOW,0.0317016557393043,P07,23,34,0.9655172413793104,0.03448275862068961
464_pid-101127_meningioma.png,LOW,0.0317016557393043,P07,23,45,1.0,0.0
464_pid-101127_meningioma.png,LOW,0.0317016557393043,P07,23,56,0.9655172413793104,0.03448275862068961
464_pid-101127_meningioma.png,LOW,0.0317016557393043,P07,34,45,0.9655172413793104,0.03448275862068961
464_pid-101127_meningioma.png,LOW,0.0317016557393043,P07,34,56,1.0,0.0
464_pid-101127_meningioma.png,LOW,0.0317016557393043,P07,45,56,0.9655172413793104,0.03448275862068961
464_pid-101127_meningioma.png,LOW,0.0317016557393043,P08,12,23,1.0,0.0
464_pid-101127_meningioma.png,LOW,0.0317016557393043,P08,12,34,1.0,0.0
464_pid-101127_meningioma.png,LOW,0.0317016557393043,P08,12,45,0.9655172413793104,0.03448275862068961
464_pid-101127_meningioma.png,LOW,0.0317016557393043,P08,12,56,1.0,0.0
464_pid-101127_meningioma.png,LOW,0.0317016557393043,P08,23,34,1.0,0.0
464_pid-101127_meningioma.png,LOW,0.0317016557393043,P08,23,45,0.9655172413793104,0.03448275862068961
464_pid-101127_meningioma.png,LOW,0.0317016557393043,P08,23,56,1.0,0.0
464_pid-101127_meningioma.png,LOW,0.0317016557393043,P08,34,45,0.9655172413793104,0.03448275862068961
464_pid-101127_meningioma.png,LOW,0.0317016557393043,P08,34,56,1.0,0.0
464_pid-101127_meningioma.png,LOW,0.0317016557393043,P08,45,56,0.9655172413793104,0.03448275862068961
464_pid-101127_meningioma.png,LOW,0.0317016557393043,P09,12,23,1.0,0.0
464_pid-101127_meningioma.png,LOW,0.0317016557393043,P09,12,34,1.0,0.0
464_pid-101127_meningioma.png,LOW,0.0317016557393043,P09,12,45,1.0,0.0
464_pid-101127_meningioma.png,LOW,0.0317016557393043,P09,12,56,1.0,0.0
464_pid-101127_meningioma.png,LOW,0.0317016557393043,P09,23,34,1.0,0.0
464_pid-101127_meningioma.png,LOW,0.0317016557393043,P09,23,45,1.0,0.0
464_pid-101127_meningioma.png,LOW,0.0317016557393043,P09,23,56,1.0,0.0
464_pid-101127_meningioma.png,LOW,0.0317016557393043,P09,34,45,1.0,0.0
464_pid-101127_meningioma.png,LOW,0.0317016557393043,P09,34,56,1.0,0.0
464_pid-101127_meningioma.png,LOW,0.0317016557393043,P09,45,56,1.0,0.0
464_pid-101127_meningioma.png,LOW,0.0317016557393043,P10,12,23,1.0,0.0
464_pid-101127_meningioma.png,LOW,0.0317016557393043,P10,12,34,1.0,0.0
464_pid-101127_meningioma.png,LOW,0.0317016557393043,P10,12,45,1.0,0.0
464_pid-101127_meningioma.png,LOW,0.0317016557393043,P10,12,56,1.0,0.0
464_pid-101127_meningioma.png,LOW,0.0317016557393043,P10,23,34,1.0,0.0
464_pid-101127_meningioma.png,LOW,0.0317016557393043,P10,23,45,1.0,0.0
464_pid-101127_meningioma.png,LOW,0.0317016557393043,P10,23,56,1.0,0.0
464_pid-101127_meningioma.png,LOW,0.0317016557393043,P10,34,45,1.0,0.0
464_pid-101127_meningioma.png,LOW,0.0317016557393043,P10,34,56,1.0,0.0
464_pid-101127_meningioma.png,LOW,0.0317016557393043,P10,45,56,1.0,0.0
464_pid-101127_meningioma.png,LOW,0.0317016557393043,P11,12,23,1.0,0.0
464_pid-101127_meningioma.png,LOW,0.0317016557393043,P11,12,34,1.0,0.0
464_pid-101127_meningioma.png,LOW,0.0317016557393043,P11,12,45,0.9655172413793104,0.03448275862068961
464_pid-101127_meningioma.png,LOW,0.0317016557393043,P11,12,56,0.9655172413793104,0.03448275862068961
464_pid-101127_meningioma.png,LOW,0.0317016557393043,P11,23,34,1.0,0.0
464_pid-101127_meningioma.png,LOW,0.0317016557393043,P11,23,45,0.9655172413793104,0.03448275862068961
464_pid-101127_meningioma.png,LOW,0.0317016557393043,P11,23,56,0.9655172413793104,0.03448275862068961
464_pid-101127_meningioma.png,LOW,0.0317016557393043,P11,34,45,0.9655172413793104,0.03448275862068961
464_pid-101127_meningioma.png,LOW,0.0317016557393043,P11,34,56,0.9655172413793104,0.03448275862068961
464_pid-101127_meningioma.png,LOW,0.0317016557393043,P11,45,56,1.0,0.0
464_pid-101127_meningioma.png,LOW,0.0317016557393043,P12,12,23,0.9655172413793104,0.03448275862068961
464_pid-101127_meningioma.png,LOW,0.0317016557393043,P12,12,34,0.9655172413793104,0.03448275862068961
464_pid-101127_meningioma.png,LOW,0.0317016557393043,P12,12,45,0.9655172413793104,0.03448275862068961
464_pid-101127_meningioma.png,LOW,0.0317016557393043,P12,12,56,0.9655172413793104,0.03448275862068961
464_pid-101127_meningioma.png,LOW,0.0317016557393043,P12,23,34,1.0,0.0
464_pid-101127_meningioma.png,LOW,0.0317016557393043,P12,23,45,1.0,0.0
464_pid-101127_meningioma.png,LOW,0.0317016557393043,P12,23,56,1.0,0.0
464_pid-101127_meningioma.png,LOW,0.0317016557393043,P12,34,45,1.0,0.0
464_pid-101127_meningioma.png,LOW,0.0317016557393043,P12,34,56,1.0,0.0
464_pid-101127_meningioma.png,LOW,0.0317016557393043,P12,45,56,1.0,0.0
464_pid-101127_meningioma.png,LOW,0.0317016557393043,P13,12,23,0.9310344827586207,0.06896551724137934
464_pid-101127_meningioma.png,LOW,0.0317016557393043,P13,12,34,1.0,0.0
464_pid-101127_meningioma.png,LOW,0.0317016557393043,P13,12,45,0.9655172413793104,0.03448275862068961
464_pid-101127_meningioma.png,LOW,0.0317016557393043,P13,12,56,1.0,0.0
464_pid-101127_meningioma.png,LOW,0.0317016557393043,P13,23,34,0.9310344827586207,0.06896551724137934
464_pid-101127_meningioma.png,LOW,0.0317016557393043,P13,23,45,0.901072705601907,0.098927294398093
464_pid-101127_meningioma.png,LOW,0.0317016557393043,P13,23,56,0.9310344827586207,0.06896551724137934
464_pid-101127_meningioma.png,LOW,0.0317016557393043,P13,34,45,0.9655172413793104,0.03448275862068961
464_pid-101127_meningioma.png,LOW,0.0317016557393043,P13,34,56,1.0,0.0
464_pid-101127_meningioma.png,LOW,0.0317016557393043,P13,45,56,0.9655172413793104,0.03448275862068961
464_pid-101127_meningioma.png,LOW,0.0317016557393043,P14,12,23,1.0,0.0
464_pid-101127_meningioma.png,LOW,0.0317016557393043,P14,12,34,0.9310344827586207,0.06896551724137934
464_pid-101127_meningioma.png,LOW,0.0317016557393043,P14,12,45,0.9310344827586207,0.06896551724137934
464_pid-101127_meningioma.png,LOW,0.0317016557393043,P14,12,56,0.9310344827586207,0.06896551724137934
464_pid-101127_meningioma.png,LOW,0.0317016557393043,P14,23,34,0.9310344827586207,0.06896551724137934
464_pid-101127_meningioma.png,LOW,0.0317016557393043,P14,23,45,0.9310344827586207,0.06896551724137934
464_pid-101127_meningioma.png,LOW,0.0317016557393043,P14,23,56,0.9310344827586207,0.06896551724137934
464_pid-101127_meningioma.png,LOW,0.0317016557393043,P14,34,45,1.0,0.0
464_pid-101127_meningioma.png,LOW,0.0317016557393043,P14,34,56,1.0,0.0
464_pid-101127_meningioma.png,LOW,0.0317016557393043,P14,45,56,1.0,0.0
464_pid-101127_meningioma.png,LOW,0.0317016557393043,P15,12,23,1.0,0.0
464_pid-101127_meningioma.png,LOW,0.0317016557393043,P15,12,34,1.0,0.0
464_pid-101127_meningioma.png,LOW,0.0317016557393043,P15,12,45,1.0,0.0
464_pid-101127_meningioma.png,LOW,0.0317016557393043,P15,12,56,0.9666666666666667,0.033333333333333326
464_pid-101127_meningioma.png,LOW,0.0317016557393043,P15,23,34,1.0,0.0
464_pid-101127_meningioma.png,LOW,0.0317016557393043,P15,23,45,1.0,0.0
464_pid-101127_meningioma.png,LOW,0.0317016557393043,P15,23,56,0.9666666666666667,0.033333333333333326
464_pid-101127_meningioma.png,LOW,0.0317016557393043,P15,34,45,1.0,0.0
464_pid-101127_meningioma.png,LOW,0.0317016557393043,P15,34,56,0.9666666666666667,0.033333333333333326
464_pid-101127_meningioma.png,LOW,0.0317016557393043,P15,45,56,0.9666666666666667,0.033333333333333326
464_pid-101127_meningioma.png,LOW,0.0317016557393043,P16,12,23,1.0,0.0
464_pid-101127_meningioma.png,LOW,0.0317016557393043,P16,12,34,0.9310344827586207,0.06896551724137934
464_pid-101127_meningioma.png,LOW,0.0317016557393043,P16,12,45,0.9655172413793104,0.03448275862068961
464_pid-101127_meningioma.png,LOW,0.0317016557393043,P16,12,56,0.9655172413793104,0.03448275862068961
464_pid-101127_meningioma.png,LOW,0.0317016557393043,P16,23,34,0.9310344827586207,0.06896551724137934
464_pid-101127_meningioma.png,LOW,0.0317016557393043,P16,23,45,0.9655172413793104,0.03448275862068961
464_pid-101127_meningioma.png,LOW,0.0317016557393043,P16,23,56,0.9655172413793104,0.03448275862068961
464_pid-101127_meningioma.png,LOW,0.0317016557393043,P16,34,45,0.8989298454221165,0.10107015457788349
464_pid-101127_meningioma.png,LOW,0.0317016557393043,P16,34,56,0.8989298454221165,0.10107015457788349
464_pid-101127_meningioma.png,LOW,0.0317016557393043,P16,45,56,1.0,0.0
464_pid-101127_meningioma.png,LOW,0.0317016557393043,P17,12,23,0.9666666666666667,0.033333333333333326
464_pid-101127_meningioma.png,LOW,0.0317016557393043,P17,12,34,1.0,0.0
464_pid-101127_meningioma.png,LOW,0.0317016557393043,P17,12,45,0.9666666666666667,0.033333333333333326
464_pid-101127_meningioma.png,LOW,0.0317016557393043,P17,12,56,0.9666666666666667,0.033333333333333326
464_pid-101127_meningioma.png,LOW,0.0317016557393043,P17,23,34,0.9666666666666667,0.033333333333333326
464_pid-101127_meningioma.png,LOW,0.0317016557393043,P17,23,45,1.0,0.0
464_pid-101127_meningioma.png,LOW,0.0317016557393043,P17,23,56,1.0,0.0
464_pid-101127_meningioma.png,LOW,0.0317016557393043,P17,34,45,0.9666666666666667,0.033333333333333326
464_pid-101127_meningioma.png,LOW,0.0317016557393043,P17,34,56,0.9666666666666667,0.033333333333333326
464_pid-101127_meningioma.png,LOW,0.0317016557393043,P17,45,56,1.0,0.0
464_pid-101127_meningioma.png,LOW,0.0317016557393043,P18,12,23,1.0,0.0
464_pid-101127_meningioma.png,LOW,0.0317016557393043,P18,12,34,1.0,0.0
464_pid-101127_meningioma.png,LOW,0.0317016557393043,P18,12,45,0.9655172413793104,0.03448275862068961
464_pid-101127_meningioma.png,LOW,0.0317016557393043,P18,12,56,1.0,0.0
464_pid-101127_meningioma.png,LOW,0.0317016557393043,P18,23,34,1.0,0.0
464_pid-101127_meningioma.png,LOW,0.0317016557393043,P18,23,45,0.9655172413793104,0.03448275862068961
464_pid-101127_meningioma.png,LOW,0.0317016557393043,P18,23,56,1.0,0.0
464_pid-101127_meningioma.png,LOW,0.0317016557393043,P18,34,45,0.9655172413793104,0.03448275862068961
464_pid-101127_meningioma.png,LOW,0.0317016557393043,P18,34,56,1.0,0.0
464_pid-101127_meningioma.png,LOW,0.0317016557393043,P18,45,56,0.9655172413793104,0.03448275862068961
464_pid-101127_meningioma.png,LOW,0.0317016557393043,P19,12,23,0.9655172413793104,0.03448275862068961
464_pid-101127_meningioma.png,LOW,0.0317016557393043,P19,12,34,1.0,0.0
464_pid-101127_meningioma.png,LOW,0.0317016557393043,P19,12,45,0.9655172413793104,0.03448275862068961
464_pid-101127_meningioma.png,LOW,0.0317016557393043,P19,12,56,1.0,0.0
464_pid-101127_meningioma.png,LOW,0.0317016557393043,P19,23,34,0.9655172413793104,0.03448275862068961
464_pid-101127_meningioma.png,LOW,0.0317016557393043,P19,23,45,0.9333333333333333,0.06666666666666665
464_pid-101127_meningioma.png,LOW,0.0317016557393043,P19,23,56,0.9655172413793104,0.03448275862068961
464_pid-101127_meningioma.png,LOW,0.0317016557393043,P19,34,45,0.9655172413793104,0.03448275862068961
464_pid-101127_meningioma.png,LOW,0.0317016557393043,P19,34,56,1.0,0.0
464_pid-101127_meningioma.png,LOW,0.0317016557393043,P19,45,56,0.9655172413793104,0.03448275862068961
464_pid-101127_meningioma.png,LOW,0.0317016557393043,P20,12,23,0.9655172413793104,0.03448275862068961
464_pid-101127_meningioma.png,LOW,0.0317016557393043,P20,12,34,1.0,0.0
464_pid-101127_meningioma.png,LOW,0.0317016557393043,P20,12,45,0.9655172413793104,0.03448275862068961
464_pid-101127_meningioma.png,LOW,0.0317016557393043,P20,12,56,0.9655172413793104,0.03448275862068961
464_pid-101127_meningioma.png,LOW,0.0317016557393043,P20,23,34,0.9655172413793104,0.03448275862068961
464_pid-101127_meningioma.png,LOW,0.0317016557393043,P20,23,45,1.0,0.0
464_pid-101127_meningioma.png,LOW,0.0317016557393043,P20,23,56,1.0,0.0
464_pid-101127_meningioma.png,LOW,0.0317016557393043,P20,34,45,0.9655172413793104,0.03448275862068961
464_pid-101127_meningioma.png,LOW,0.0317016557393043,P20,34,56,0.9655172413793104,0.03448275862068961
464_pid-101127_meningioma.png,LOW,0.0317016557393043,P20,45,56,1.0,0.0
1418_pid-98472_pituitary.png,LOW,0.1279088894810576,P01,12,23,1.0,0.0
1418_pid-98472_pituitary.png,LOW,0.1279088894810576,P01,12,34,1.0,0.0
1418_pid-98472_pituitary.png,LOW,0.1279088894810576,P01,12,45,1.0,0.0
1418_pid-98472_pituitary.png,LOW,0.1279088894810576,P01,12,56,1.0,0.0
1418_pid-98472_pituitary.png,LOW,0.1279088894810576,P01,23,34,1.0,0.0
1418_pid-98472_pituitary.png,LOW,0.1279088894810576,P01,23,45,1.0,0.0
1418_pid-98472_pituitary.png,LOW,0.1279088894810576,P01,23,56,1.0,0.0
1418_pid-98472_pituitary.png,LOW,0.1279088894810576,P01,34,45,1.0,0.0
1418_pid-98472_pituitary.png,LOW,0.1279088894810576,P01,34,56,1.0,0.0
1418_pid-98472_pituitary.png,LOW,0.1279088894810576,P01,45,56,1.0,0.0
1418_pid-98472_pituitary.png,LOW,0.1279088894810576,P02,12,23,0.9512195121951219,0.04878048780487809
1418_pid-98472_pituitary.png,LOW,0.1279088894810576,P02,12,34,0.9512195121951219,0.04878048780487809
1418_pid-98472_pituitary.png,LOW,0.1279088894810576,P02,12,45,0.7804878048780488,0.2195121951219512
1418_pid-98472_pituitary.png,LOW,0.1279088894810576,P02,12,56,0.9024390243902439,0.09756097560975607
1418_pid-98472_pituitary.png,LOW,0.1279088894810576,P02,23,34,1.0,0.0
1418_pid-98472_pituitary.png,LOW,0.1279088894810576,P02,23,45,0.8205128205128205,0.17948717948717952
1418_pid-98472_pituitary.png,LOW,0.1279088894810576,P02,23,56,0.9487179487179487,0.05128205128205132
1418_pid-98472_pituitary.png,LOW,0.1279088894810576,P02,34,45,0.8205128205128205,0.17948717948717952
1418_pid-98472_pituitary.png,LOW,0.1279088894810576,P02,34,56,0.9487179487179487,0.05128205128205132
1418_pid-98472_pituitary.png,LOW,0.1279088894810576,P02,45,56,0.8648648648648649,0.1351351351351351
1418_pid-98472_pituitary.png,LOW,0.1279088894810576,P03,12,23,0.8333333333333334,0.16666666666666663
1418_pid-98472_pituitary.png,LOW,0.1279088894810576,P03,12,34,0.8095238095238095,0.19047619047619047
1418_pid-98472_pituitary.png,LOW,0.1279088894810576,P03,12,45,0.7857142857142857,0.2142857142857143
1418_pid-98472_pituitary.png,LOW,0.1279088894810576,P03,12,56,0.8333333333333334,0.16666666666666663
1418_pid-98472_pituitary.png,LOW,0.1279088894810576,P03,23,34,0.9714285714285714,0.02857142857142858
1418_pid-98472_pituitary.png,LOW,0.1279088894810576,P03,23,45,0.9428571428571428,0.05714285714285716
1418_pid-98472_pituitary.png,LOW,0.1279088894810576,P03,23,56,1.0,0.0
1418_pid-98472_pituitary.png,LOW,0.1279088894810576,P03,34,45,0.9705882352941176,0.02941176470588236
1418_pid-98472_pituitary.png,LOW,0.1279088894810576,P03,34,56,0.9714285714285714,0.02857142857142858
1418_pid-98472_pituitary.png,LOW,0.1279088894810576,P03,45,56,0.9428571428571428,0.05714285714285716
1418_pid-98472_pituitary.png,LOW,0.1279088894810576,P04,12,23,0.8984375,0.1015625
1418_pid-98472_pituitary.png,LOW,0.1279088894810576,P04,12,34,0.8800521512385919,0.11994784876140807
1418_pid-98472_pituitary.png,LOW,0.1279088894810576,P04,12,45,0.9473684210526315,0.052631578947368474
1418_pid-98472_pituitary.png,LOW,0.1279088894810576,P04,12,56,0.9375,0.0625
1418_pid-98472_pituitary.png,LOW,0.1279088894810576,P04,23,34,0.9791666666666666,0.02083333333333337
1418_pid-98472_pituitary.png,LOW,0.1279088894810576,P04,23,45,0.908203125,0.091796875
1418_pid-98472_pituitary.png,LOW,0.1279088894810576,P04,23,56,0.9583333333333334,0.04166666666666663
1418_pid-98472_pituitary.png,LOW,0.1279088894810576,P04,34,45,0.9275265957446809,0.07247340425531912
1418_pid-98472_pituitary.png,LOW,0.1279088894810576,P04,34,56,0.9375,0.0625
1418_pid-98472_pituitary.png,LOW,0.1279088894810576,P04,45,56,0.9476902173913043,0.052309782608695676
1418_pid-98472_pituitary.png,LOW,0.1279088894810576,P05,12,23,0.9375,0.0625
1418_pid-98472_pituitary.png,LOW,0.1279088894810576,P05,12,34,0.9375,0.0625
1418_pid-98472_pituitary.png,LOW,0.1279088894810576,P05,12,45,0.9375,0.0625
1418_pid-98472_pituitary.png,LOW,0.1279088894810576,P05,12,56,0.9375,0.0625
1418_pid-98472_pituitary.png,LOW,0.1279088894810576,P05,23,34,1.0,0.0
1418_pid-98472_pituitary.png,LOW,0.1279088894810576,P05,23,45,1.0,0.0
1418_pid-98472_pituitary.png,LOW,0.1279088894810576,P05,23,56,1.0,0.0
1418_pid-98472_pituitary.png,LOW,0.1279088894810576,P05,34,45,1.0,0.0
1418_pid-98472_pituitary.png,LOW,0.1279088894810576,P05,34,56,1.0,0.0
1418_pid-98472_pituitary.png,LOW,0.1279088894810576,P05,45,56,1.0,0.0
1418_pid-98472_pituitary.png,LOW,0.1279088894810576,P06,12,23,0.8333333333333334,0.16666666666666663
1418_pid-98472_pituitary.png,LOW,0.1279088894810576,P06,12,34,0.8536585365853658,0.14634146341463417
1418_pid-98472_pituitary.png,LOW,0.1279088894810576,P06,12,45,0.8048780487804879,0.19512195121951215
1418_pid-98472_pituitary.png,LOW,0.1279088894810576,P06,12,56,0.8333333333333334,0.16666666666666663
1418_pid-98472_pituitary.png,LOW,0.1279088894810576,P06,23,34,0.9722222222222222,0.02777777777777779
1418_pid-98472_pituitary.png,LOW,0.1279088894810576,P06,23,45,0.9166666666666666,0.08333333333333337
1418_pid-98472_pituitary.png,LOW,0.1279088894810576,P06,23,56,1.0,0.0
1418_pid-98472_pituitary.png,LOW,0.1279088894810576,P06,34,45,0.9428571428571428,0.05714285714285716
1418_pid-98472_pituitary.png,LOW,0.1279088894810576,P06,34,56,0.9722222222222222,0.02777777777777779
1418_pid-98472_pituitary.png,LOW,0.1279088894810576,P06,45,56,0.9166666666666666,0.08333333333333337
1418_pid-98472_pituitary.png,LOW,0.1279088894810576,P07,12,23,0.816917728852839,0.18308227114716102
1418_pid-98472_pituitary.png,LOW,0.1279088894810576,P07,12,34,0.8823529411764706,0.11764705882352944
1418_pid-98472_pituitary.png,LOW,0.1279088894810576,P07,12,45,0.7707509881422925,0.22924901185770752
1418_pid-98472_pituitary.png,LOW,0.1279088894810576,P07,12,56,0.8914728682170543,0.10852713178294571
1418_pid-98472_pituitary.png,LOW,0.1279088894810576,P07,23,34,0.8490566037735849,0.15094339622641506
1418_pid-98472_pituitary.png,LOW,0.1279088894810576,P07,23,45,0.7358490566037735,0.26415094339622647
1418_pid-98472_pituitary.png,LOW,0.1279088894810576,P07,23,56,0.8773584905660378,0.12264150943396224
1418_pid-98472_pituitary.png,LOW,0.1279088894810576,P07,34,45,0.8666666666666667,0.1333333333333333
1418_pid-98472_pituitary.png,LOW,0.1279088894810576,P07,34,56,0.8721227621483376,0.12787723785166238
1418_pid-98472_pituitary.png,LOW,0.1279088894810576,P07,45,56,0.7917485265225933,0.2082514734774067
1418_pid-98472_pituitary.png,LOW,0.1279088894810576,P08,12,23,1.0,0.0
1418_pid-98472_pituitary.png,LOW,0.1279088894810576,P08,12,34,1.0,0.0
1418_pid-98472_pituitary.png,LOW,0.1279088894810576,P08,12,45,0.9772727272727273,0.022727272727272707
1418_pid-98472_pituitary.png,LOW,0.1279088894810576,P08,12,56,1.0,0.0
1418_pid-98472_pituitary.png,LOW,0.1279088894810576,P08,23,34,1.0,0.0
1418_pid-98472_pituitary.png,LOW,0.1279088894810576,P08,23,45,0.9772727272727273,0.022727272727272707
1418_pid-98472_pituitary.png,LOW,0.1279088894810576,P08,23,56,1.0,0.0
1418_pid-98472_pituitary.png,LOW,0.1279088894810576,P08,34,45,0.9772727272727273,0.022727272727272707
1418_pid-98472_pituitary.png,LOW,0.1279088894810576,P08,34,56,1.0,0.0
1418_pid-98472_pituitary.png,LOW,0.1279088894810576,P08,45,56,0.9772727272727273,0.022727272727272707
1418_pid-98472_pituitary.png,LOW,0.1279088894810576,P09,12,23,0.9534883720930233,0.046511627906976716
1418_pid-98472_pituitary.png,LOW,0.1279088894810576,P09,12,34,0.9534883720930233,0.046511627906976716
1418_pid-98472_pituitary.png,LOW,0.1279088894810576,P09,12,45,0.813953488372093,0.18604651162790697
1418_pid-98472_pituitary.png,LOW,0.1279088894810576,P09,12,56,0.8837209302325582,0.11627906976744184
1418_pid-98472_pituitary.png,LOW,0.1279088894810576,P09,23,34,0.9523809523809523,0.04761904761904767
1418_pid-98472_pituitary.png,LOW,0.1279088894810576,P09,23,45,0.8536585365853658,0.14634146341463417
1418_pid-98472_pituitary.png,LOW,0.1279088894810576,P09,23,56,0.926829268292683,0.07317073170731703
1418_pid-98472_pituitary.png,LOW,0.1279088894810576,P09,34,45,0.8536585365853658,0.14634146341463417
1418_pid-98472_pituitary.png,LOW,0.1279088894810576,P09,34,56,0.8809523809523809,0.11904761904761907
1418_pid-98472_pituitary.png,LOW,0.1279088894810576,P09,45,56,0.9210526315789473,0.07894736842105265
1418_pid-98472_pituitary.png,LOW,0.1279088894810576,P10,12,23,0.9375,0.0625
1418_pid-98472_pituitary.png,LOW,0.1279088894810576,P10,12,34,0.8646616541353384,0.13533834586466165
1418_pid-98472_pituitary.png,LOW,0.1279088894810576,P10,12,45,0.9007832898172323,0.09921671018276768
1418_pid-98472_pituitary.png,LOW,0.1279088894810576,P10,12,56,0.9583333333333334,0.04166666666666663
1418_pid-98472_pituitary.png,LOW,0.1279088894810576,P10,23,34,0.92,0.07999999999999996
1418_pid-98472_pituitary.png,LOW,0.1279088894810576,P10,23,45,0.9583333333333334,0.04166666666666663
1418_pid-98472_pituitary.png,LOW,0.1279088894810576,P10,23,56,0.8984375,0.1015625
1418_pid-98472_pituitary.png,LOW,0.1279088894810576,P10,34,45,0.9583333333333334,0.04166666666666663
1418_pid-98472_pituitary.png,LOW,0.1279088894810576,P10,34,56,0.8984375,0.1015625
1418_pid-98472_pituitary.png,LOW,0.1279088894810576,P10,45,56,0.9375,0.0625
1418_pid-98472_pituitary.png,LOW,0.1279088894810576,P11,12,23,1.0,0.0
1418_pid-98472_pituitary.png,LOW,0.1279088894810576,P11,12,34,1.0,0.0
1418_pid-98472_pituitary.png,LOW,0.1279088894810576,P11,12,45,1.0,0.0
1418_pid-98472_pituitary.png,LOW,0.1279088894810576,P11,12,56,1.0,0.0
1418_pid-98472_pituitary.png,LOW,0.1279088894810576,P11,23,34,1.0,0.0
1418_pid-98472_pituitary.png,LOW,0.1279088894810576,P11,23,45,1.0,0.0
1418_pid-98472_pituitary.png,LOW,0.1279088894810576,P11,23,56,1.0,0.0
1418_pid-98472_pituitary.png,LOW,0.1279088894810576,P11,34,45,1.0,0.0
1418_pid-98472_pituitary.png,LOW,0.1279088894810576,P11,34,56,1.0,0.0
1418_pid-98472_pituitary.png,LOW,0.1279088894810576,P11,45,56,1.0,0.0
1418_pid-98472_pituitary.png,LOW,0.1279088894810576,P12,12,23,0.9411764705882353,0.05882352941176472
1418_pid-98472_pituitary.png,LOW,0.1279088894810576,P12,12,34,0.9696969696969697,0.030303030303030276
1418_pid-98472_pituitary.png,LOW,0.1279088894810576,P12,12,45,0.9696969696969697,0.030303030303030276
1418_pid-98472_pituitary.png,LOW,0.1279088894810576,P12,12,56,0.9411764705882353,0.05882352941176472
1418_pid-98472_pituitary.png,LOW,0.1279088894810576,P12,23,34,0.9696969696969697,0.030303030303030276
1418_pid-98472_pituitary.png,LOW,0.1279088894810576,P12,23,45,0.9696969696969697,0.030303030303030276
1418_pid-98472_pituitary.png,LOW,0.1279088894810576,P12,23,56,1.0,0.0
1418_pid-98472_pituitary.png,LOW,0.1279088894810576,P12,34,45,1.0,0.0
1418_pid-98472_pituitary.png,LOW,0.1279088894810576,P12,34,56,0.9696969696969697,0.030303030303030276
1418_pid-98472_pituitary.png,LOW,0.1279088894810576,P12,45,56,0.9696969696969697,0.030303030303030276
1418_pid-98472_pituitary.png,LOW,0.1279088894810576,P13,12,23,0.9772727272727273,0.022727272727272707
1418_pid-98472_pituitary.png,LOW,0.1279088894810576,P13,12,34,0.9545454545454546,0.045454545454545414
1418_pid-98472_pituitary.png,LOW,0.1279088894810576,P13,12,45,0.9318181818181818,0.06818181818181823
1418_pid-98472_pituitary.png,LOW,0.1279088894810576,P13,12,56,0.9772727272727273,0.022727272727272707
1418_pid-98472_pituitary.png,LOW,0.1279088894810576,P13,23,34,0.9767441860465116,0.023255813953488413
1418_pid-98472_pituitary.png,LOW,0.1279088894810576,P13,23,45,0.9534883720930233,0.046511627906976716
1418_pid-98472_pituitary.png,LOW,0.1279088894810576,P13,23,56,1.0,0.0
1418_pid-98472_pituitary.png,LOW,0.1279088894810576,P13,34,45,0.9761904761904762,0.023809523809523836
1418_pid-98472_pituitary.png,LOW,0.1279088894810576,P13,34,56,0.9767441860465116,0.023255813953488413
1418_pid-98472_pituitary.png,LOW,0.1279088894810576,P13,45,56,0.9534883720930233,0.046511627906976716
1418_pid-98472_pituitary.png,LOW,0.1279088894810576,P14,12,23,0.8888888888888888,0.11111111111111116
1418_pid-98472_pituitary.png,LOW,0.1279088894810576,P14,12,34,0.9444444444444444,0.05555555555555558
1418_pid-98472_pituitary.png,LOW,0.1279088894810576,P14,12,45,0.8611111111111112,0.13888888888888884
1418_pid-98472_pituitary.png,LOW,0.1279088894810576,P14,12,56,0.9444444444444444,0.05555555555555558
1418_pid-98472_pituitary.png,LOW,0.1279088894810576,P14,23,34,0.9411764705882353,0.05882352941176472
1418_pid-98472_pituitary.png,LOW,0.1279088894810576,P14,23,45,0.96875,0.03125
1418_pid-98472_pituitary.png,LOW,0.1279088894810576,P14,23,56,0.9411764705882353,0.05882352941176472
1418_pid-98472_pituitary.png,LOW,0.1279088894810576,P14,34,45,0.9117647058823529,0.08823529411764708
1418_pid-98472_pituitary.png,LOW,0.1279088894810576,P14,34,56,0.9428571428571428,0.05714285714285716
1418_pid-98472_pituitary.png,LOW,0.1279088894810576,P14,45,56,0.9117647058823529,0.08823529411764708
1418_pid-98472_pituitary.png,LOW,0.1279088894810576,P15,12,23,0.9782608695652174,0.021739130434782594
1418_pid-98472_pituitary.png,LOW,0.1279088894810576,P15,12,34,0.9347826086956522,0.06521739130434778
1418_pid-98472_pituitary.png,LOW,0.1279088894810576,P15,12,45,0.9347826086956522,0.06521739130434778
1418_pid-98472_pituitary.png,LOW,0.1279088894810576,P15,12,56,0.9782608695652174,0.021739130434782594
1418_pid-98472_pituitary.png,LOW,0.1279088894810576,P15,23,34,0.9555555555555556,0.0444444444444444
1418_pid-98472_pituitary.png,LOW,0.1279088894810576,P15,23,45,0.9555555555555556,0.0444444444444444
1418_pid-98472_pituitary.png,LOW,0.1279088894810576,P15,23,56,1.0,0.0
1418_pid-98472_pituitary.png,LOW,0.1279088894810576,P15,34,45,1.0,0.0
1418_pid-98472_pituitary.png,LOW,0.1279088894810576,P15,34,56,0.9555555555555556,0.0444444444444444
1418_pid-98472_pituitary.png,LOW,0.1279088894810576,P15,45,56,0.9555555555555556,0.0444444444444444
1418_pid-98472_pituitary.png,LOW,0.1279088894810576,P16,12,23,0.8970792767732962,0.10292072322670376
1418_pid-98472_pituitary.png,LOW,0.1279088894810576,P16,12,34,0.9166666666666666,0.08333333333333337
1418_pid-98472_pituitary.png,LOW,0.1279088894810576,P16,12,45,0.8863636363636364,0.11363636363636365
1418_pid-98472_pituitary.png,LOW,0.1279088894810576,P16,12,56,0.9333333333333333,0.06666666666666665
1418_pid-98472_pituitary.png,LOW,0.1279088894810576,P16,23,34,0.9777777777777777,0.022222222222222254
1418_pid-98472_pituitary.png,LOW,0.1279088894810576,P16,23,45,0.8309659090909091,0.16903409090909094
1418_pid-98472_pituitary.png,LOW,0.1279088894810576,P16,23,56,0.9161931818181818,0.08380681818181823
1418_pid-98472_pituitary.png,LOW,0.1279088894810576,P16,34,45,0.8125,0.1875
1418_pid-98472_pituitary.png,LOW,0.1279088894810576,P16,34,56,0.8958333333333334,0.10416666666666663
1418_pid-98472_pituitary.png,LOW,0.1279088894810576,P16,45,56,0.9069767441860465,0.09302325581395354
1418_pid-98472_pituitary.png,LOW,0.1279088894810576,P17,12,23,1.0,0.0
1418_pid-98472_pituitary.png,LOW,0.1279088894810576,P17,12,34,0.9565217391304348,0.04347826086956519
1418_pid-98472_pituitary.png,LOW,0.1279088894810576,P17,12,45,0.9565217391304348,0.04347826086956519
1418_pid-98472_pituitary.png,LOW,0.1279088894810576,P17,12,56,0.9782608695652174,0.021739130434782594
1418_pid-98472_pituitary.png,LOW,0.1279088894810576,P17,23,34,0.9565217391304348,0.04347826086956519
1418_pid-98472_pituitary.png,LOW,0.1279088894810576,P17,23,45,0.9565217391304348,0.04347826086956519
1418_pid-98472_pituitary.png,LOW,0.1279088894810576,P17,23,56,0.9782608695652174,0.021739130434782594
1418_pid-98472_pituitary.png,LOW,0.1279088894810576,P17,34,45,1.0,0.0
1418_pid-98472_pituitary.png,LOW,0.1279088894810576,P17,34,56,0.9777777777777777,0.022222222222222254
1418_pid-98472_pituitary.png,LOW,0.1279088894810576,P17,45,56,0.9777777777777777,0.022222222222222254
1418_pid-98472_pituitary.png,LOW,0.1279088894810576,P18,12,23,0.9767441860465116,0.023255813953488413
1418_pid-98472_pituitary.png,LOW,0.1279088894810576,P18,12,34,0.9767441860465116,0.023255813953488413
1418_pid-98472_pituitary.png,LOW,0.1279088894810576,P18,12,45,0.9534883720930233,0.046511627906976716
1418_pid-98472_pituitary.png,LOW,0.1279088894810576,P18,12,56,0.9767441860465116,0.023255813953488413
1418_pid-98472_pituitary.png,LOW,0.1279088894810576,P18,23,34,1.0,0.0
1418_pid-98472_pituitary.png,LOW,0.1279088894810576,P18,23,45,0.9761904761904762,0.023809523809523836
1418_pid-98472_pituitary.png,LOW,0.1279088894810576,P18,23,56,1.0,0.0
1418_pid-98472_pituitary.png,LOW,0.1279088894810576,P18,34,45,0.9761904761904762,0.023809523809523836
1418_pid-98472_pituitary.png,LOW,0.1279088894810576,P18,34,56,1.0,0.0
1418_pid-98472_pituitary.png,LOW,0.1279088894810576,P18,45,56,0.9761904761904762,0.023809523809523836
1418_pid-98472_pituitary.png,LOW,0.1279088894810576,P19,12,23,0.967741935483871,0.032258064516129004
1418_pid-98472_pituitary.png,LOW,0.1279088894810576,P19,12,34,0.8355978260869565,0.16440217391304346
1418_pid-98472_pituitary.png,LOW,0.1279088894810576,P19,12,45,0.8530805687203792,0.14691943127962082
1418_pid-98472_pituitary.png,LOW,0.1279088894810576,P19,12,56,0.8735795454545454,0.12642045454545459
1418_pid-98472_pituitary.png,LOW,0.1279088894810576,P19,23,34,0.8634510869565217,0.13654891304347827
1418_pid-98472_pituitary.png,LOW,0.1279088894810576,P19,23,45,0.8780487804878049,0.12195121951219512
1418_pid-98472_pituitary.png,LOW,0.1279088894810576,P19,23,56,0.9026988636363636,0.09730113636363635
1418_pid-98472_pituitary.png,LOW,0.1279088894810576,P19,34,45,0.7581521739130435,0.24184782608695654
1418_pid-98472_pituitary.png,LOW,0.1279088894810576,P19,34,56,0.9565217391304348,0.04347826086956519
1418_pid-98472_pituitary.png,LOW,0.1279088894810576,P19,45,56,0.7926136363636364,0.20738636363636365
1418_pid-98472_pituitary.png,LOW,0.1279088894810576,P20,12,23,1.0,0.0
1418_pid-98472_pituitary.png,LOW,0.1279088894810576,P20,12,34,0.9767441860465116,0.023255813953488413
1418_pid-98472_pituitary.png,LOW,0.1279088894810576,P20,12,45,0.9534883720930233,0.046511627906976716
1418_pid-98472_pituitary.png,LOW,0.1279088894810576,P20,12,56,0.9767441860465116,0.023255813953488413
1418_pid-98472_pituitary.png,LOW,0.1279088894810576,P20,23,34,0.9767441860465116,0.023255813953488413
1418_pid-98472_pituitary.png,LOW,0.1279088894810576,P20,23,45,0.9534883720930233,0.046511627906976716
1418_pid-98472_pituitary.png,LOW,0.1279088894810576,P20,23,56,0.9767441860465116,0.023255813953488413
1418_pid-98472_pituitary.png,LOW,0.1279088894810576,P20,34,45,0.9761904761904762,0.023809523809523836
1418_pid-98472_pituitary.png,LOW,0.1279088894810576,P20,34,56,0.9534883720930233,0.046511627906976716
1418_pid-98472_pituitary.png,LOW,0.1279088894810576,P20,45,56,0.9761904761904762,0.023809523809523836
2086_pid-MR047953C_glioma.png,LOW,0.1669843682562545,P01,12,23,0.9767441860465116,0.023255813953488413
2086_pid-MR047953C_glioma.png,LOW,0.1669843682562545,P01,12,34,0.9369544131910766,0.06304558680892336
2086_pid-MR047953C_glioma.png,LOW,0.1669843682562545,P01,12,45,0.9555106167846309,0.044489383215369105
2086_pid-MR047953C_glioma.png,LOW,0.1669843682562545,P01,12,56,1.0,0.0
2086_pid-MR047953C_glioma.png,LOW,0.1669843682562545,P01,23,34,0.9583333333333334,0.04166666666666663
2086_pid-MR047953C_glioma.png,LOW,0.1669843682562545,P01,23,45,0.9782608695652174,0.021739130434782594
2086_pid-MR047953C_glioma.png,LOW,0.1669843682562545,P01,23,56,0.9767441860465116,0.023255813953488413
2086_pid-MR047953C_glioma.png,LOW,0.1669843682562545,P01,34,45,0.9375,0.0625
2086_pid-MR047953C_glioma.png,LOW,0.1669843682562545,P01,34,56,0.9369544131910766,0.06304558680892336
2086_pid-MR047953C_glioma.png,LOW,0.1669843682562545,P01,45,56,0.9555106167846309,0.044489383215369105
2086_pid-MR047953C_glioma.png,LOW,0.1669843682562545,P02,12,23,0.975,0.025000000000000022
2086_pid-MR047953C_glioma.png,LOW,0.1669843682562545,P02,12,34,0.975,0.025000000000000022
2086_pid-MR047953C_glioma.png,LOW,0.1669843682562545,P02,12,45,0.88,0.12
2086_pid-MR047953C_glioma.png,LOW,0.1669843682562545,P02,12,56,0.9777777777777777,0.022222222222222254
2086_pid-MR047953C_glioma.png,LOW,0.1669843682562545,P02,23,34,1.0,0.0
2086_pid-MR047953C_glioma.png,LOW,0.1669843682562545,P02,23,45,0.9025641025641026,0.09743589743589742
2086_pid-MR047953C_glioma.png,LOW,0.1669843682562545,P02,23,56,0.9538632573652029,0.04613674263479706
2086_pid-MR047953C_glioma.png,LOW,0.1669843682562545,P02,34,45,0.9025641025641026,0.09743589743589742
2086_pid-MR047953C_glioma.png,LOW,0.1669843682562545,P02,34,56,0.9538632573652029,0.04613674263479706
2086_pid-MR047953C_glioma.png,LOW,0.1669843682562545,P02,45,56,0.8619153674832962,0.13808463251670378
2086_pid-MR047953C_glioma.png,LOW,0.1669843682562545,P03,12,23,0.9772727272727273,0.022727272727272707
2086_pid-MR047953C_glioma.png,LOW,0.1669843682562545,P03,12,34,0.9772727272727273,0.022727272727272707
2086_pid-MR047953C_glioma.png,LOW,0.1669843682562545,P03,12,45,0.9772727272727273,0.022727272727272707
2086_pid-MR047953C_glioma.png,LOW,0.1669843682562545,P03,12,56,0.9777777777777777,0.022222222222222254
2086_pid-MR047953C_glioma.png,LOW,0.1669843682562545,P03,23,34,1.0,0.0
2086_pid-MR047953C_glioma.png,LOW,0.1669843682562545,P03,23,45,1.0,0.0
2086_pid-MR047953C_glioma.png,LOW,0.1669843682562545,P03,23,56,0.9560384032339565,0.0439615967660435
2086_pid-MR047953C_glioma.png,LOW,0.1669843682562545,P03,34,45,1.0,0.0
2086_pid-MR047953C_glioma.png,LOW,0.1669843682562545,P03,34,56,0.9560384032339565,0.0439615967660435
2086_pid-MR047953C_glioma.png,LOW,0.1669843682562545,P03,45,56,0.9560384032339565,0.0439615967660435
2086_pid-MR047953C_glioma.png,LOW,0.1669843682562545,P04,12,23,0.9791666666666666,0.02083333333333337
2086_pid-MR047953C_glioma.png,LOW,0.1669843682562545,P04,12,34,0.9016326530612245,0.09836734693877547
2086_pid-MR047953C_glioma.png,LOW,0.1669843682562545,P04,12,45,0.9383318544809228,0.06166814551907718
2086_pid-MR047953C_glioma.png,LOW,0.1669843682562545,P04,12,56,0.9591836734693877,0.04081632653061229
2086_pid-MR047953C_glioma.png,LOW,0.1669843682562545,P04,23,34,0.9208163265306123,0.0791836734693877
2086_pid-MR047953C_glioma.png,LOW,0.1669843682562545,P04,23,45,0.9191655801825294,0.08083441981747064
2086_pid-MR047953C_glioma.png,LOW,0.1669843682562545,P04,23,56,0.9795918367346939,0.020408163265306145
2086_pid-MR047953C_glioma.png,LOW,0.1669843682562545,P04,34,45,0.8816326530612245,0.11836734693877549
2086_pid-MR047953C_glioma.png,LOW,0.1669843682562545,P04,34,56,0.9034841810172206,0.09651581898277939
2086_pid-MR047953C_glioma.png,LOW,0.1669843682562545,P04,45,56,0.9007666098807495,0.09923339011925048
2086_pid-MR047953C_glioma.png,LOW,0.1669843682562545,P05,12,23,1.0,0.0
2086_pid-MR047953C_glioma.png,LOW,0.1669843682562545,P05,12,34,0.9523809523809523,0.04761904761904767
2086_pid-MR047953C_glioma.png,LOW,0.1669843682562545,P05,12,45,1.0,0.0
2086_pid-MR047953C_glioma.png,LOW,0.1669843682562545,P05,12,56,0.9333333333333333,0.06666666666666665
2086_pid-MR047953C_glioma.png,LOW,0.1669843682562545,P05,23,34,0.9523809523809523,0.04761904761904767
2086_pid-MR047953C_glioma.png,LOW,0.1669843682562545,P05,23,45,1.0,0.0
2086_pid-MR047953C_glioma.png,LOW,0.1669843682562545,P05,23,56,0.9333333333333333,0.06666666666666665
2086_pid-MR047953C_glioma.png,LOW,0.1669843682562545,P05,34,45,0.9523809523809523,0.04761904761904767
2086_pid-MR047953C_glioma.png,LOW,0.1669843682562545,P05,34,56,0.8888888888888888,0.11111111111111116
2086_pid-MR047953C_glioma.png,LOW,0.1669843682562545,P05,45,56,0.9333333333333333,0.06666666666666665
2086_pid-MR047953C_glioma.png,LOW,0.1669843682562545,P06,12,23,0.96,0.040000000000000036
2086_pid-MR047953C_glioma.png,LOW,0.1669843682562545,P06,12,34,0.5624142661179699,0.43758573388203015
2086_pid-MR047953C_glioma.png,LOW,0.1669843682562545,P06,12,45,0.9365853658536586,0.06341463414634141
2086_pid-MR047953C_glioma.png,LOW,0.1669843682562545,P06,12,56,0.9380362249761678,0.06196377502383221
2086_pid-MR047953C_glioma.png,LOW,0.1669843682562545,P06,23,34,0.5399176954732511,0.4600823045267489
2086_pid-MR047953C_glioma.png,LOW,0.1669843682562545,P06,23,45,0.9362549800796812,0.06374501992031878
2086_pid-MR047953C_glioma.png,LOW,0.1669843682562545,P06,23,56,0.9368011667476908,0.06319883325230924
2086_pid-MR047953C_glioma.png,LOW,0.1669843682562545,P06,34,45,0.5267489711934157,0.4732510288065843
2086_pid-MR047953C_glioma.png,LOW,0.1669843682562545,P06,34,56,0.5530864197530864,0.44691358024691363
2086_pid-MR047953C_glioma.png,LOW,0.1669843682562545,P06,45,56,0.9523809523809523,0.04761904761904767
2086_pid-MR047953C_glioma.png,LOW,0.1669843682562545,P07,12,23,0.8804347826086957,0.11956521739130432
2086_pid-MR047953C_glioma.png,LOW,0.1669843682562545,P07,12,34,0.8472803347280334,0.15271966527196656
2086_pid-MR047953C_glioma.png,LOW,0.1669843682562545,P07,12,45,0.8699059561128527,0.1300940438871473
2086_pid-MR047953C_glioma.png,LOW,0.1669843682562545,P07,12,56,0.9549071618037135,0.04509283819628651
2086_pid-MR047953C_glioma.png,LOW,0.1669843682562545,P07,23,34,0.9067357512953368,0.09326424870466321
2086_pid-MR047953C_glioma.png,LOW,0.1669843682562545,P07,23,45,0.9315698677400805,0.06843013225991945
2086_pid-MR047953C_glioma.png,LOW,0.1669843682562545,P07,23,56,0.8780487804878049,0.12195121951219512
2086_pid-MR047953C_glioma.png,LOW,0.1669843682562545,P07,34,45,0.972972972972973,0.027027027027026973
2086_pid-MR047953C_glioma.png,LOW,0.1669843682562545,P07,34,56,0.8450704225352113,0.15492957746478875
2086_pid-MR047953C_glioma.png,LOW,0.1669843682562545,P07,45,56,0.8676393955184992,0.13236060448150078
2086_pid-MR047953C_glioma.png,LOW,0.1669843682562545,P08,12,23,0.9772727272727273,0.022727272727272707
2086_pid-MR047953C_glioma.png,LOW,0.1669843682562545,P08,12,34,0.9347826086956522,0.06521739130434778
2086_pid-MR047953C_glioma.png,LOW,0.1669843682562545,P08,12,45,0.9772727272727273,0.022727272727272707
2086_pid-MR047953C_glioma.png,LOW,0.1669843682562545,P08,12,56,1.0,0.0
2086_pid-MR047953C_glioma.png,LOW,0.1669843682562545,P08,23,34,0.9555555555555556,0.0444444444444444
2086_pid-MR047953C_glioma.png,LOW,0.1669843682562545,P08,23,45,1.0,0.0
2086_pid-MR047953C_glioma.png,LOW,0.1669843682562545,P08,23,56,0.9772727272727273,0.022727272727272707
2086_pid-MR047953C_glioma.png,LOW,0.1669843682562545,P08,34,45,0.9555555555555556,0.0444444444444444
2086_pid-MR047953C_glioma.png,LOW,0.1669843682562545,P08,34,56,0.9347826086956522,0.06521739130434778
2086_pid-MR047953C_glioma.png,LOW,0.1669843682562545,P08,45,56,0.9772727272727273,0.022727272727272707
2086_pid-MR047953C_glioma.png,LOW,0.1669843682562545,P09,12,23,0.9563953488372093,0.043604651162790664
2086_pid-MR047953C_glioma.png,LOW,0.1669843682562545,P09,12,34,0.9572649572649573,0.042735042735042694
2086_pid-MR047953C_glioma.png,LOW,0.1669843682562545,P09,12,45,0.9156976744186046,0.08430232558139539
2086_pid-MR047953C_glioma.png,LOW,0.1669843682562545,P09,12,56,0.9375,0.0625
2086_pid-MR047953C_glioma.png,LOW,0.1669843682562545,P09,23,34,0.9591836734693877,0.04081632653061229
2086_pid-MR047953C_glioma.png,LOW,0.1669843682562545,P09,23,45,0.9574468085106383,0.04255319148936165
2086_pid-MR047953C_glioma.png,LOW,0.1669843682562545,P09,23,56,0.9361069836552749,0.0638930163447251
2086_pid-MR047953C_glioma.png,LOW,0.1669843682562545,P09,34,45,0.9183673469387755,0.08163265306122447
2086_pid-MR047953C_glioma.png,LOW,0.1669843682562545,P09,34,56,0.8987161198288159,0.10128388017118406
2086_pid-MR047953C_glioma.png,LOW,0.1669843682562545,P09,45,56,0.9767441860465116,0.023255813953488413
2086_pid-MR047953C_glioma.png,LOW,0.1669843682562545,P10,12,23,1.0,0.0
2086_pid-MR047953C_glioma.png,LOW,0.1669843682562545,P10,12,34,0.9012875536480687,0.09871244635193133
2086_pid-MR047953C_glioma.png,LOW,0.1669843682562545,P10,12,45,0.9272076372315036,0.07279236276849643
2086_pid-MR047953C_glioma.png,LOW,0.1669843682562545,P10,12,56,0.9743589743589743,0.02564102564102566
2086_pid-MR047953C_glioma.png,LOW,0.1669843682562545,P10,23,34,0.9012875536480687,0.09871244635193133
2086_pid-MR047953C_glioma.png,LOW,0.1669843682562545,P10,23,45,0.9272076372315036,0.07279236276849643
2086_pid-MR047953C_glioma.png,LOW,0.1669843682562545,P10,23,56,0.9743589743589743,0.02564102564102566
2086_pid-MR047953C_glioma.png,LOW,0.1669843682562545,P10,34,45,0.9210526315789473,0.07894736842105265
2086_pid-MR047953C_glioma.png,LOW,0.1669843682562545,P10,34,56,0.8786610878661087,0.12133891213389125
2086_pid-MR047953C_glioma.png,LOW,0.1669843682562545,P10,45,56,0.9045401629802096,0.09545983701979044
2086_pid-MR047953C_glioma.png,LOW,0.1669843682562545,P11,12,23,0.9538043478260869,0.04619565217391308
2086_pid-MR047953C_glioma.png,LOW,0.1669843682562545,P11,12,34,0.925,0.07499999999999996
2086_pid-MR047953C_glioma.png,LOW,0.1669843682562545,P11,12,45,0.9538043478260869,0.04619565217391308
2086_pid-MR047953C_glioma.png,LOW,0.1669843682562545,P11,12,56,0.9341825902335457,0.06581740976645434
2086_pid-MR047953C_glioma.png,LOW,0.1669843682562545,P11,23,34,0.9291294642857143,0.0708705357142857
2086_pid-MR047953C_glioma.png,LOW,0.1669843682562545,P11,23,45,1.0,0.0
2086_pid-MR047953C_glioma.png,LOW,0.1669843682562545,P11,23,56,0.931090613130765,0.06890938686923498
2086_pid-MR047953C_glioma.png,LOW,0.1669843682562545,P11,34,45,0.9291294642857143,0.0708705357142857
2086_pid-MR047953C_glioma.png,LOW,0.1669843682562545,P11,34,56,0.8668796592119276,0.13312034078807244
2086_pid-MR047953C_glioma.png,LOW,0.1669843682562545,P11,45,56,0.931090613130765,0.06890938686923498
2086_pid-MR047953C_glioma.png,LOW,0.1669843682562545,P12,12,23,0.9151785714285714,0.0848214285714286
2086_pid-MR047953C_glioma.png,LOW,0.1669843682562545,P12,12,34,0.935515873015873,0.06448412698412698
2086_pid-MR047953C_glioma.png,LOW,0.1669843682562545,P12,12,45,0.935515873015873,0.06448412698412698
2086_pid-MR047953C_glioma.png,LOW,0.1669843682562545,P12,12,56,0.9170305676855895,0.08296943231441045
2086_pid-MR047953C_glioma.png,LOW,0.1669843682562545,P12,23,34,0.9782608695652174,0.021739130434782594
2086_pid-MR047953C_glioma.png,LOW,0.1669843682562545,P12,23,45,0.9782608695652174,0.021739130434782594
2086_pid-MR047953C_glioma.png,LOW,0.1669843682562545,P12,23,56,0.9534883720930233,0.046511627906976716
2086_pid-MR047953C_glioma.png,LOW,0.1669843682562545,P12,34,45,1.0,0.0
2086_pid-MR047953C_glioma.png,LOW,0.1669843682562545,P12,34,56,0.9337044534412956,0.0662955465587044
2086_pid-MR047953C_glioma.png,LOW,0.1669843682562545,P12,45,56,0.9337044534412956,0.0662955465587044
2086_pid-MR047953C_glioma.png,LOW,0.1669843682562545,P13,12,23,0.9534883720930233,0.046511627906976716
2086_pid-MR047953C_glioma.png,LOW,0.1669843682562545,P13,12,34,0.9534883720930233,0.046511627906976716
2086_pid-MR047953C_glioma.png,LOW,0.1669843682562545,P13,12,45,0.9782608695652174,0.021739130434782594
2086_pid-MR047953C_glioma.png,LOW,0.1669843682562545,P13,12,56,1.0,0.0
2086_pid-MR047953C_glioma.png,LOW,0.1669843682562545,P13,23,34,0.9523809523809523,0.04761904761904767
2086_pid-MR047953C_glioma.png,LOW,0.1669843682562545,P13,23,45,0.9337044534412956,0.0662955465587044
2086_pid-MR047953C_glioma.png,LOW,0.1669843682562545,P13,23,56,0.9534883720930233,0.046511627906976716
2086_pid-MR047953C_glioma.png,LOW,0.1669843682562545,P13,34,45,0.9337044534412956,0.0662955465587044
2086_pid-MR047953C_glioma.png,LOW,0.1669843682562545,P13,34,56,0.9534883720930233,0.046511627906976716
2086_pid-MR047953C_glioma.png,LOW,0.1669843682562545,P13,45,56,0.9782608695652174,0.021739130434782594
2086_pid-MR047953C_glioma.png,LOW,0.1669843682562545,P14,12,23,0.9498412698412698,0.05015873015873018
2086_pid-MR047953C_glioma.png,LOW,0.1669843682562545,P14,12,34,0.9428571428571428,0.05714285714285716
2086_pid-MR047953C_glioma.png,LOW,0.1669843682562545,P14,12,45,0.9498412698412698,0.05015873015873018
2086_pid-MR047953C_glioma.png,LOW,0.1669843682562545,P14,12,56,0.9512044471896233,0.04879555281037673
2086_pid-MR047953C_glioma.png,LOW,0.1669843682562545,P14,23,34,0.9496402877697842,0.05035971223021585
2086_pid-MR047953C_glioma.png,LOW,0.1669843682562545,P14,23,45,1.0,0.0
2086_pid-MR047953C_glioma.png,LOW,0.1669843682562545,P14,23,56,0.9444444444444444,0.05555555555555558
2086_pid-MR047953C_glioma.png,LOW,0.1669843682562545,P14,34,45,0.9496402877697842,0.05035971223021585
2086_pid-MR047953C_glioma.png,LOW,0.1669843682562545,P14,34,56,0.8979591836734694,0.10204081632653061
2086_pid-MR047953C_glioma.png,LOW,0.1669843682562545,P14,45,56,0.9444444444444444,0.05555555555555558
2086_pid-MR047953C_glioma.png,LOW,0.1669843682562545,P15,12,23,0.9795918367346939,0.020408163265306145
2086_pid-MR047953C_glioma.png,LOW,0.1669843682562545,P15,12,34,0.9490674318507891,0.05093256814921088
2086_pid-MR047953C_glioma.png,LOW,0.1669843682562545,P15,12,45,0.9878048780487805,0.012195121951219523
2086_pid-MR047953C_glioma.png,LOW,0.1669843682562545,P15,12,56,0.975609756097561,0.024390243902439046
2086_pid-MR047953C_glioma.png,LOW,0.1669843682562545,P15,23,34,0.9296987087517934,0.07030129124820661
2086_pid-MR047953C_glioma.png,LOW,0.1669843682562545,P15,23,45,0.9676455948232952,0.03235440517670485
2086_pid-MR047953C_glioma.png,LOW,0.1669843682562545,P15,23,56,0.9559372666168783,0.04406273338312172
2086_pid-MR047953C_glioma.png,LOW,0.1669843682562545,P15,34,45,0.9607843137254902,0.039215686274509776
2086_pid-MR047953C_glioma.png,LOW,0.1669843682562545,P15,34,56,0.9490674318507891,0.05093256814921088
2086_pid-MR047953C_glioma.png,LOW,0.1669843682562545,P15,45,56,0.9878048780487805,0.012195121951219523
2086_pid-MR047953C_glioma.png,LOW,0.1669843682562545,P16,12,23,0.9305408271474019,0.06945917285259806
2086_pid-MR047953C_glioma.png,LOW,0.1669843682562545,P16,12,34,0.9066808059384942,0.0933191940615058
2086_pid-MR047953C_glioma.png,LOW,0.1669843682562545,P16,12,45,0.9544008483563097,0.04559915164369033
2086_pid-MR047953C_glioma.png,LOW,0.1669843682562545,P16,12,56,0.9321595028482651,0.0678404971517349
2086_pid-MR047953C_glioma.png,LOW,0.1669843682562545,P16,23,34,0.925,0.07499999999999996
2086_pid-MR047953C_glioma.png,LOW,0.1669843682562545,P16,23,45,0.975,0.025000000000000022
2086_pid-MR047953C_glioma.png,LOW,0.1669843682562545,P16,23,56,0.910828025477707,0.08917197452229297
2086_pid-MR047953C_glioma.png,LOW,0.1669843682562545,P16,34,45,0.95,0.050000000000000044
2086_pid-MR047953C_glioma.png,LOW,0.1669843682562545,P16,34,56,0.8448365334717177,0.15516346652828228
2086_pid-MR047953C_glioma.png,LOW,0.1669843682562545,P16,45,56,0.8895800933125972,0.11041990668740276
2086_pid-MR047953C_glioma.png,LOW,0.1669843682562545,P17,12,23,0.9411764705882353,0.05882352941176472
2086_pid-MR047953C_glioma.png,LOW,0.1669843682562545,P17,12,34,0.8341518700415564,0.16584812995844356
2086_pid-MR047953C_glioma.png,LOW,0.1669843682562545,P17,12,45,0.9230769230769231,0.07692307692307687
2086_pid-MR047953C_glioma.png,LOW,0.1669843682562545,P17,12,56,0.9607843137254902,0.039215686274509776
2086_pid-MR047953C_glioma.png,LOW,0.1669843682562545,P17,23,34,0.8842752787389465,0.11572472126105349
2086_pid-MR047953C_glioma.png,LOW,0.1669843682562545,P17,23,45,0.9803921568627451,0.019607843137254943
2086_pid-MR047953C_glioma.png,LOW,0.1669843682562545,P17,23,56,0.9803921568627451,0.019607843137254943
2086_pid-MR047953C_glioma.png,LOW,0.1669843682562545,P17,34,45,0.9019607843137255,0.0980392156862745
2086_pid-MR047953C_glioma.png,LOW,0.1669843682562545,P17,34,56,0.8689081979599547,0.13109180204004534
2086_pid-MR047953C_glioma.png,LOW,0.1669843682562545,P17,45,56,0.9615384615384616,0.038461538461538436
2086_pid-MR047953C_glioma.png,LOW,0.1669843682562545,P18,12,23,0.9583333333333334,0.04166666666666663
2086_pid-MR047953C_glioma.png,LOW,0.1669843682562545,P18,12,34,0.9577726218097448,0.04222737819025524
2086_pid-MR047953C_glioma.png,LOW,0.1669843682562545,P18,12,45,0.9161931818181818,0.08380681818181823
2086_pid-MR047953C_glioma.png,LOW,0.1669843682562545,P18,12,56,0.9375,0.0625
2086_pid-MR047953C_glioma.png,LOW,0.1669843682562545,P18,23,34,0.9187180678123549,0.08128193218764512
2086_pid-MR047953C_glioma.png,LOW,0.1669843682562545,P18,23,45,0.9560276679841897,0.0439723320158103
2086_pid-MR047953C_glioma.png,LOW,0.1669843682562545,P18,23,56,0.9782608695652174,0.021739130434782594
2086_pid-MR047953C_glioma.png,LOW,0.1669843682562545,P18,34,45,0.9183673469387755,0.08163265306122447
2086_pid-MR047953C_glioma.png,LOW,0.1669843682562545,P18,34,56,0.8991635687732342,0.10083643122676578
2086_pid-MR047953C_glioma.png,LOW,0.1669843682562545,P18,45,56,0.935244686109738,0.06475531389026201
2086_pid-MR047953C_glioma.png,LOW,0.1669843682562545,P19,12,23,0.9791666666666666,0.02083333333333337
2086_pid-MR047953C_glioma.png,LOW,0.1669843682562545,P19,12,34,0.9583333333333334,0.04166666666666663
2086_pid-MR047953C_glioma.png,LOW,0.1669843682562545,P19,12,45,0.9375,0.0625
2086_pid-MR047953C_glioma.png,LOW,0.1669843682562545,P19,12,56,0.9399477806788512,0.06005221932114879
2086_pid-MR047953C_glioma.png,LOW,0.1669843682562545,P19,23,34,0.9383680555555556,0.06163194444444442
2086_pid-MR047953C_glioma.png,LOW,0.1669843682562545,P19,23,45,0.9574468085106383,0.04255319148936165
2086_pid-MR047953C_glioma.png,LOW,0.1669843682562545,P19,23,56,0.9207662168045276,0.07923378319547236
2086_pid-MR047953C_glioma.png,LOW,0.1669843682562545,P19,34,45,0.8984375,0.1015625
2086_pid-MR047953C_glioma.png,LOW,0.1669843682562545,P19,34,56,0.9022556390977443,0.09774436090225569
2086_pid-MR047953C_glioma.png,LOW,0.1669843682562545,P19,45,56,0.8823529411764706,0.11764705882352944
2086_pid-MR047953C_glioma.png,LOW,0.1669843682562545,P20,12,23,0.9337474120082816,0.0662525879917184
2086_pid-MR047953C_glioma.png,LOW,0.1669843682562545,P20,12,34,0.9534883720930233,0.046511627906976716
2086_pid-MR047953C_glioma.png,LOW,0.1669843682562545,P20,12,45,0.9549689440993789,0.045031055900621064
2086_pid-MR047953C_glioma.png,LOW,0.1669843682562545,P20,12,56,0.9565217391304348,0.04347826086956519
2086_pid-MR047953C_glioma.png,LOW,0.1669843682562545,P20,23,34,0.9337474120082816,0.0662525879917184
2086_pid-MR047953C_glioma.png,LOW,0.1669843682562545,P20,23,45,0.9777777777777777,0.022222222222222254
2086_pid-MR047953C_glioma.png,LOW,0.1669843682562545,P20,23,56,0.9761904761904762,0.023809523809523836
2086_pid-MR047953C_glioma.png,LOW,0.1669843682562545,P20,34,45,0.9549689440993789,0.045031055900621064
2086_pid-MR047953C_glioma.png,LOW,0.1669843682562545,P20,34,56,0.9129554655870445,0.08704453441295545
2086_pid-MR047953C_glioma.png,LOW,0.1669843682562545,P20,45,56,0.9550026469031233,0.04499735309687669
1865_pid-MR048944_glioma.png,LOW,0.2063659893690596,P01,12,23,0.9429892141756548,0.057010785824345156
1865_pid-MR048944_glioma.png,LOW,0.2063659893690596,P01,12,34,0.9795918367346939,0.020408163265306145
1865_pid-MR048944_glioma.png,LOW,0.2063659893690596,P01,12,45,0.9241650294695481,0.07583497053045185
1865_pid-MR048944_glioma.png,LOW,0.2063659893690596,P01,12,56,0.9423076923076923,0.05769230769230771
1865_pid-MR048944_glioma.png,LOW,0.2063659893690596,P01,23,34,0.9622641509433962,0.037735849056603765
1865_pid-MR048944_glioma.png,LOW,0.2063659893690596,P01,23,45,0.9423076923076923,0.05769230769230771
1865_pid-MR048944_glioma.png,LOW,0.2063659893690596,P01,23,56,0.9230769230769231,0.07692307692307687
1865_pid-MR048944_glioma.png,LOW,0.2063659893690596,P01,34,45,0.9423076923076923,0.05769230769230771
1865_pid-MR048944_glioma.png,LOW,0.2063659893690596,P01,34,56,0.9230769230769231,0.07692307692307687
1865_pid-MR048944_glioma.png,LOW,0.2063659893690596,P01,45,56,0.9795918367346939,0.020408163265306145
1865_pid-MR048944_glioma.png,LOW,0.2063659893690596,P02,12,23,0.9464285714285714,0.0535714285714286
1865_pid-MR048944_glioma.png,LOW,0.2063659893690596,P02,12,34,0.9304511278195489,0.06954887218045114
1865_pid-MR048944_glioma.png,LOW,0.2063659893690596,P02,12,45,0.9272727272727272,0.07272727272727275
1865_pid-MR048944_glioma.png,LOW,0.2063659893690596,P02,12,56,0.8609271523178808,0.13907284768211925
1865_pid-MR048944_glioma.png,LOW,0.2063659893690596,P02,23,34,0.8817005545286506,0.11829944547134941
1865_pid-MR048944_glioma.png,LOW,0.2063659893690596,P02,23,45,0.9444444444444444,0.05555555555555558
1865_pid-MR048944_glioma.png,LOW,0.2063659893690596,P02,23,56,0.9087791495198903,0.09122085048010975
1865_pid-MR048944_glioma.png,LOW,0.2063659893690596,P02,34,45,0.8627819548872181,0.1372180451127819
1865_pid-MR048944_glioma.png,LOW,0.2063659893690596,P02,34,56,0.8019740900678594,0.19802590993214064
1865_pid-MR048944_glioma.png,LOW,0.2063659893690596,P02,45,56,0.8934828311142257,0.10651716888577434
1865_pid-MR048944_glioma.png,LOW,0.2063659893690596,P03,12,23,1.0,0.0
1865_pid-MR048944_glioma.png,LOW,0.2063659893690596,P03,12,34,0.96,0.040000000000000036
1865_pid-MR048944_glioma.png,LOW,0.2063659893690596,P03,12,45,0.9583333333333334,0.04166666666666663
1865_pid-MR048944_glioma.png,LOW,0.2063659893690596,P03,12,56,1.0,0.0
1865_pid-MR048944_glioma.png,LOW,0.2063659893690596,P03,23,34,0.96,0.040000000000000036
1865_pid-MR048944_glioma.png,LOW,0.2063659893690596,P03,23,45,0.9583333333333334,0.04166666666666663
1865_pid-MR048944_glioma.png,LOW,0.2063659893690596,P03,23,56,1.0,0.0
1865_pid-MR048944_glioma.png,LOW,0.2063659893690596,P03,34,45,0.92,0.07999999999999996
1865_pid-MR048944_glioma.png,LOW,0.2063659893690596,P03,34,56,0.96,0.040000000000000036
1865_pid-MR048944_glioma.png,LOW,0.2063659893690596,P03,45,56,0.9583333333333334,0.04166666666666663
1865_pid-MR048944_glioma.png,LOW,0.2063659893690596,P04,12,23,0.9485783424077435,0.051421657592256476
1865_pid-MR048944_glioma.png,LOW,0.2063659893690596,P04,12,34,0.9661016949152542,0.03389830508474578
1865_pid-MR048944_glioma.png,LOW,0.2063659893690596,P04,12,45,0.9661016949152542,0.03389830508474578
1865_pid-MR048944_glioma.png,LOW,0.2063659893690596,P04,12,56,0.9316394434361767,0.06836055656382334
1865_pid-MR048944_glioma.png,LOW,0.2063659893690596,P04,23,34,0.9485783424077435,0.051421657592256476
1865_pid-MR048944_glioma.png,LOW,0.2063659893690596,P04,23,45,0.9485783424077435,0.051421657592256476
1865_pid-MR048944_glioma.png,LOW,0.2063659893690596,P04,23,56,0.94797869006581,0.05202130993418996
1865_pid-MR048944_glioma.png,LOW,0.2063659893690596,P04,34,45,0.9333333333333333,0.06666666666666665
1865_pid-MR048944_glioma.png,LOW,0.2063659893690596,P04,34,56,0.9316394434361767,0.06836055656382334
1865_pid-MR048944_glioma.png,LOW,0.2063659893690596,P04,45,56,0.9316394434361767,0.06836055656382334
1865_pid-MR048944_glioma.png,LOW,0.2063659893690596,P05,12,23,0.98,0.020000000000000018
1865_pid-MR048944_glioma.png,LOW,0.2063659893690596,P05,12,34,0.9215044971381848,0.07849550286181517
1865_pid-MR048944_glioma.png,LOW,0.2063659893690596,P05,12,45,0.96,0.040000000000000036
1865_pid-MR048944_glioma.png,LOW,0.2063659893690596,P05,12,56,0.92,0.07999999999999996
1865_pid-MR048944_glioma.png,LOW,0.2063659893690596,P05,23,34,0.9034369885433715,0.09656301145662849
1865_pid-MR048944_glioma.png,LOW,0.2063659893690596,P05,23,45,0.9795918367346939,0.020408163265306145
1865_pid-MR048944_glioma.png,LOW,0.2063659893690596,P05,23,56,0.9387755102040817,0.061224489795918324
1865_pid-MR048944_glioma.png,LOW,0.2063659893690596,P05,34,45,0.9215358931552587,0.07846410684474125
1865_pid-MR048944_glioma.png,LOW,0.2063659893690596,P05,34,56,0.9215686274509803,0.07843137254901966
1865_pid-MR048944_glioma.png,LOW,0.2063659893690596,P05,45,56,0.92,0.07999999999999996
1865_pid-MR048944_glioma.png,LOW,0.2063659893690596,P06,12,23,0.9399038461538461,0.060096153846153855
1865_pid-MR048944_glioma.png,LOW,0.2063659893690596,P06,12,34,0.9221698113207547,0.0778301886792453
1865_pid-MR048944_glioma.png,LOW,0.2063659893690596,P06,12,45,0.9215686274509803,0.07843137254901966
1865_pid-MR048944_glioma.png,LOW,0.2063659893690596,P06,12,56,0.9038461538461539,0.09615384615384615
1865_pid-MR048944_glioma.png,LOW,0.2063659893690596,P06,23,34,0.9811320754716981,0.018867924528301883
1865_pid-MR048944_glioma.png,LOW,0.2063659893690596,P06,23,45,0.8661858974358975,0.13381410256410253
1865_pid-MR048944_glioma.png,LOW,0.2063659893690596,P06,23,56,0.8505114083398898,0.1494885916601102
1865_pid-MR048944_glioma.png,LOW,0.2063659893690596,P06,34,45,0.8498427672955975,0.1501572327044025
1865_pid-MR048944_glioma.png,LOW,0.2063659893690596,P06,34,56,0.8347490347490347,0.16525096525096528
1865_pid-MR048944_glioma.png,LOW,0.2063659893690596,P06,45,56,0.9791666666666666,0.02083333333333337
1865_pid-MR048944_glioma.png,LOW,0.2063659893690596,P07,12,23,1.0,0.0
1865_pid-MR048944_glioma.png,LOW,0.2063659893690596,P07,12,34,0.9629629629629629,0.03703703703703709
1865_pid-MR048944_glioma.png,LOW,0.2063659893690596,P07,12,45,0.9230769230769231,0.07692307692307687
1865_pid-MR048944_glioma.png,LOW,0.2063659893690596,P07,12,56,0.9811320754716981,0.018867924528301883
1865_pid-MR048944_glioma.png,LOW,0.2063659893690596,P07,23,34,0.9629629629629629,0.03703703703703709
1865_pid-MR048944_glioma.png,LOW,0.2063659893690596,P07,23,45,0.9230769230769231,0.07692307692307687
1865_pid-MR048944_glioma.png,LOW,0.2063659893690596,P07,23,56,0.9811320754716981,0.018867924528301883
1865_pid-MR048944_glioma.png,LOW,0.2063659893690596,P07,34,45,0.8888888888888888,0.11111111111111116
1865_pid-MR048944_glioma.png,LOW,0.2063659893690596,P07,34,56,0.9814814814814815,0.01851851851851849
1865_pid-MR048944_glioma.png,LOW,0.2063659893690596,P07,45,56,0.9056603773584906,0.09433962264150941
1865_pid-MR048944_glioma.png,LOW,0.2063659893690596,P08,12,23,0.960691823899371,0.03930817610062898
1865_pid-MR048944_glioma.png,LOW,0.2063659893690596,P08,12,34,0.9429012345679012,0.0570987654320988
1865_pid-MR048944_glioma.png,LOW,0.2063659893690596,P08,12,45,0.941476826394344,0.058523173605655954
1865_pid-MR048944_glioma.png,LOW,0.2063659893690596,P08,12,56,0.9622641509433962,0.037735849056603765
1865_pid-MR048944_glioma.png,LOW,0.2063659893690596,P08,23,34,0.9078751857355126,0.09212481426448738
1865_pid-MR048944_glioma.png,LOW,0.2063659893690596,P08,23,45,0.9433526011560693,0.05664739884393066
1865_pid-MR048944_glioma.png,LOW,0.2063659893690596,P08,23,56,0.960691823899371,0.03930817610062898
1865_pid-MR048944_glioma.png,LOW,0.2063659893690596,P08,34,45,0.9262202043132803,0.07377979568671966
1865_pid-MR048944_glioma.png,LOW,0.2063659893690596,P08,34,56,0.9082985979537703,0.09170140204622967
1865_pid-MR048944_glioma.png,LOW,0.2063659893690596,P08,45,56,0.941476826394344,0.058523173605655954
1865_pid-MR048944_glioma.png,LOW,0.2063659893690596,P09,12,23,0.9411764705882353,0.05882352941176472
1865_pid-MR048944_glioma.png,LOW,0.2063659893690596,P09,12,34,0.9411764705882353,0.05882352941176472
1865_pid-MR048944_glioma.png,LOW,0.2063659893690596,P09,12,45,0.9411764705882353,0.05882352941176472
1865_pid-MR048944_glioma.png,LOW,0.2063659893690596,P09,12,56,0.9411764705882353,0.05882352941176472
1865_pid-MR048944_glioma.png,LOW,0.2063659893690596,P09,23,34,1.0,0.0
1865_pid-MR048944_glioma.png,LOW,0.2063659893690596,P09,23,45,1.0,0.0
1865_pid-MR048944_glioma.png,LOW,0.2063659893690596,P09,23,56,1.0,0.0
1865_pid-MR048944_glioma.png,LOW,0.2063659893690596,P09,34,45,1.0,0.0
1865_pid-MR048944_glioma.png,LOW,0.2063659893690596,P09,34,56,1.0,0.0
1865_pid-MR048944_glioma.png,LOW,0.2063659893690596,P09,45,56,1.0,0.0
1865_pid-MR048944_glioma.png,LOW,0.2063659893690596,P10,12,23,0.9411764705882353,0.05882352941176472
1865_pid-MR048944_glioma.png,LOW,0.2063659893690596,P10,12,34,0.9067524115755627,0.09324758842443726
1865_pid-MR048944_glioma.png,LOW,0.2063659893690596,P10,12,45,1.0,0.0
1865_pid-MR048944_glioma.png,LOW,0.2063659893690596,P10,12,56,0.9666666666666667,0.033333333333333326
1865_pid-MR048944_glioma.png,LOW,0.2063659893690596,P10,23,34,0.9646302250803859,0.03536977491961413
1865_pid-MR048944_glioma.png,LOW,0.2063659893690596,P10,23,45,0.9411764705882353,0.05882352941176472
1865_pid-MR048944_glioma.png,LOW,0.2063659893690596,P10,23,56,0.9098039215686274,0.09019607843137256
1865_pid-MR048944_glioma.png,LOW,0.2063659893690596,P10,34,45,0.9067524115755627,0.09324758842443726
1865_pid-MR048944_glioma.png,LOW,0.2063659893690596,P10,34,56,0.8770913770913771,0.12290862290862292
1865_pid-MR048944_glioma.png,LOW,0.2063659893690596,P10,45,56,0.9666666666666667,0.033333333333333326
1865_pid-MR048944_glioma.png,LOW,0.2063659893690596,P11,12,23,0.9795918367346939,0.020408163265306145
1865_pid-MR048944_glioma.png,LOW,0.2063659893690596,P11,12,34,0.9803921568627451,0.019607843137254943
1865_pid-MR048944_glioma.png,LOW,0.2063659893690596,P11,12,45,0.9411764705882353,0.05882352941176472
1865_pid-MR048944_glioma.png,LOW,0.2063659893690596,P11,12,56,0.9411764705882353,0.05882352941176472
1865_pid-MR048944_glioma.png,LOW,0.2063659893690596,P11,23,34,0.9607686148919136,0.039231385108086436
1865_pid-MR048944_glioma.png,LOW,0.2063659893690596,P11,23,45,0.96,0.040000000000000036
1865_pid-MR048944_glioma.png,LOW,0.2063659893690596,P11,23,56,0.922337870296237,0.07766212970376296
1865_pid-MR048944_glioma.png,LOW,0.2063659893690596,P11,34,45,0.9230769230769231,0.07692307692307687
1865_pid-MR048944_glioma.png,LOW,0.2063659893690596,P11,34,56,0.9230769230769231,0.07692307692307687
1865_pid-MR048944_glioma.png,LOW,0.2063659893690596,P11,45,56,0.96,0.040000000000000036
1865_pid-MR048944_glioma.png,LOW,0.2063659893690596,P12,12,23,0.9380075798592312,0.06199242014076878
1865_pid-MR048944_glioma.png,LOW,0.2063659893690596,P12,12,34,0.9380075798592312,0.06199242014076878
1865_pid-MR048944_glioma.png,LOW,0.2063659893690596,P12,12,45,0.9152915291529153,0.08470847084708466
1865_pid-MR048944_glioma.png,LOW,0.2063659893690596,P12,12,56,0.9214517876489707,0.07854821235102927
1865_pid-MR048944_glioma.png,LOW,0.2063659893690596,P12,23,34,1.0,0.0
1865_pid-MR048944_glioma.png,LOW,0.2063659893690596,P12,23,45,0.9175627240143369,0.08243727598566308
1865_pid-MR048944_glioma.png,LOW,0.2063659893690596,P12,23,56,0.8959058067968959,0.10409419320310409
1865_pid-MR048944_glioma.png,LOW,0.2063659893690596,P12,34,45,0.9175627240143369,0.08243727598566308
1865_pid-MR048944_glioma.png,LOW,0.2063659893690596,P12,34,56,0.8959058067968959,0.10409419320310409
1865_pid-MR048944_glioma.png,LOW,0.2063659893690596,P12,45,56,0.9064748201438849,0.09352517985611508
1865_pid-MR048944_glioma.png,LOW,0.2063659893690596,P13,12,23,0.9411764705882353,0.05882352941176472
1865_pid-MR048944_glioma.png,LOW,0.2063659893690596,P13,12,34,0.9411764705882353,0.05882352941176472
1865_pid-MR048944_glioma.png,LOW,0.2063659893690596,P13,12,45,0.9583333333333334,0.04166666666666663
1865_pid-MR048944_glioma.png,LOW,0.2063659893690596,P13,12,56,0.9795918367346939,0.020408163265306145
1865_pid-MR048944_glioma.png,LOW,0.2063659893690596,P13,23,34,0.9615384615384616,0.038461538461538436
1865_pid-MR048944_glioma.png,LOW,0.2063659893690596,P13,23,45,0.9019607843137255,0.0980392156862745
1865_pid-MR048944_glioma.png,LOW,0.2063659893690596,P13,23,56,0.9607843137254902,0.039215686274509776
1865_pid-MR048944_glioma.png,LOW,0.2063659893690596,P13,34,45,0.9019607843137255,0.0980392156862745
1865_pid-MR048944_glioma.png,LOW,0.2063659893690596,P13,34,56,0.9230769230769231,0.07692307692307687
1865_pid-MR048944_glioma.png,LOW,0.2063659893690596,P13,45,56,0.9387755102040817,0.061224489795918324
1865_pid-MR048944_glioma.png,LOW,0.2063659893690596,P14,12,23,0.9777777777777777,0.022222222222222254
1865_pid-MR048944_glioma.png,LOW,0.2063659893690596,P14,12,34,0.9347826086956522,0.06521739130434778
1865_pid-MR048944_glioma.png,LOW,0.2063659893690596,P14,12,45,1.0,0.0
1865_pid-MR048944_glioma.png,LOW,0.2063659893690596,P14,12,56,0.9777777777777777,0.022222222222222254
1865_pid-MR048944_glioma.png,LOW,0.2063659893690596,P14,23,34,0.9148936170212766,0.08510638297872342
1865_pid-MR048944_glioma.png,LOW,0.2063659893690596,P14,23,45,0.9777777777777777,0.022222222222222254
1865_pid-MR048944_glioma.png,LOW,0.2063659893690596,P14,23,56,1.0,0.0
1865_pid-MR048944_glioma.png,LOW,0.2063659893690596,P14,34,45,0.9347826086956522,0.06521739130434778
1865_pid-MR048944_glioma.png,LOW,0.2063659893690596,P14,34,56,0.9148936170212766,0.08510638297872342
1865_pid-MR048944_glioma.png,LOW,0.2063659893690596,P14,45,56,0.9777777777777777,0.022222222222222254
1865_pid-MR048944_glioma.png,LOW,0.2063659893690596,P15,12,23,0.8556759840273817,0.14432401597261835
1865_pid-MR048944_glioma.png,LOW,0.2063659893690596,P15,12,34,0.948849104859335,0.051150895140664954
1865_pid-MR048944_glioma.png,LOW,0.2063659893690596,P15,12,45,0.9019050326983225,0.09809496730167755
1865_pid-MR048944_glioma.png,LOW,0.2063659893690596,P15,12,56,0.8434559452523525,0.15654405474764754
1865_pid-MR048944_glioma.png,LOW,0.2063659893690596,P15,23,34,0.8690614136732329,0.13093858632676714
1865_pid-MR048944_glioma.png,LOW,0.2063659893690596,P15,23,45,0.9137983551629607,0.08620164483703929
1865_pid-MR048944_glioma.png,LOW,0.2063659893690596,P15,23,56,0.9488581537471856,0.05114184625281437
1865_pid-MR048944_glioma.png,LOW,0.2063659893690596,P15,34,45,0.8828036322360954,0.11719636776390463
1865_pid-MR048944_glioma.png,LOW,0.2063659893690596,P15,34,56,0.8566463944396178,0.14335360556038224
1865_pid-MR048944_glioma.png,LOW,0.2063659893690596,P15,45,56,0.9007308160779537,0.09926918392204631
1865_pid-MR048944_glioma.png,LOW,0.2063659893690596,P16,12,23,0.9811320754716981,0.018867924528301883
1865_pid-MR048944_glioma.png,LOW,0.2063659893690596,P16,12,34,0.9467416473701621,0.05325835262983791
1865_pid-MR048944_glioma.png,LOW,0.2063659893690596,P16,12,45,0.9454545454545454,0.054545454545454564
1865_pid-MR048944_glioma.png,LOW,0.2063659893690596,P16,12,56,0.9262435677530018,0.07375643224699824
1865_pid-MR048944_glioma.png,LOW,0.2063659893690596,P16,23,34,0.9291859695565851,0.07081403044341494
1865_pid-MR048944_glioma.png,LOW,0.2063659893690596,P16,23,45,0.9636363636363636,0.036363636363636376
1865_pid-MR048944_glioma.png,LOW,0.2063659893690596,P16,23,56,0.9440559440559441,0.05594405594405594
1865_pid-MR048944_glioma.png,LOW,0.2063659893690596,P16,34,45,0.927946127946128,0.07205387205387204
1865_pid-MR048944_glioma.png,LOW,0.2063659893690596,P16,34,56,0.8774834437086093,0.12251655629139069
1865_pid-MR048944_glioma.png,LOW,0.2063659893690596,P16,45,56,0.9444048467569494,0.05559515324305064
1865_pid-MR048944_glioma.png,LOW,0.2063659893690596,P17,12,23,0.9437311178247734,0.05626888217522663
1865_pid-MR048944_glioma.png,LOW,0.2063659893690596,P17,12,34,0.9622641509433962,0.037735849056603765
1865_pid-MR048944_glioma.png,LOW,0.2063659893690596,P17,12,45,0.9615384615384616,0.038461538461538436
1865_pid-MR048944_glioma.png,LOW,0.2063659893690596,P17,12,56,0.9622641509433962,0.037735849056603765
1865_pid-MR048944_glioma.png,LOW,0.2063659893690596,P17,23,34,0.9440533530937384,0.05594664690626161
1865_pid-MR048944_glioma.png,LOW,0.2063659893690596,P17,23,45,0.9437311178247734,0.05626888217522663
1865_pid-MR048944_glioma.png,LOW,0.2063659893690596,P17,23,56,0.9440533530937384,0.05594664690626161
1865_pid-MR048944_glioma.png,LOW,0.2063659893690596,P17,34,45,0.9259259259259259,0.07407407407407407
1865_pid-MR048944_glioma.png,LOW,0.2063659893690596,P17,34,56,0.9272727272727272,0.07272727272727275
1865_pid-MR048944_glioma.png,LOW,0.2063659893690596,P17,45,56,0.9622641509433962,0.037735849056603765
1865_pid-MR048944_glioma.png,LOW,0.2063659893690596,P18,12,23,0.937037037037037,0.062962962962963
1865_pid-MR048944_glioma.png,LOW,0.2063659893690596,P18,12,34,0.9777777777777777,0.022222222222222254
1865_pid-MR048944_glioma.png,LOW,0.2063659893690596,P18,12,45,1.0,0.0
1865_pid-MR048944_glioma.png,LOW,0.2063659893690596,P18,12,56,0.937037037037037,0.062962962962963
1865_pid-MR048944_glioma.png,LOW,0.2063659893690596,P18,23,34,0.9583333333333334,0.04166666666666663
1865_pid-MR048944_glioma.png,LOW,0.2063659893690596,P18,23,45,0.937037037037037,0.062962962962963
1865_pid-MR048944_glioma.png,LOW,0.2063659893690596,P18,23,56,0.9565217391304348,0.04347826086956519
1865_pid-MR048944_glioma.png,LOW,0.2063659893690596,P18,34,45,0.9777777777777777,0.022222222222222254
1865_pid-MR048944_glioma.png,LOW,0.2063659893690596,P18,34,56,0.9174977334542158,0.08250226654578419
1865_pid-MR048944_glioma.png,LOW,0.2063659893690596,P18,45,56,0.937037037037037,0.062962962962963
1865_pid-MR048944_glioma.png,LOW,0.2063659893690596,P19,12,23,0.9371967654986523,0.06280323450134773
1865_pid-MR048944_glioma.png,LOW,0.2063659893690596,P19,12,34,0.9674468657519505,0.03255313424804951
1865_pid-MR048944_glioma.png,LOW,0.2063659893690596,P19,12,45,0.9838709677419355,0.016129032258064502
1865_pid-MR048944_glioma.png,LOW,0.2063659893690596,P19,12,56,0.8589951377633711,0.1410048622366289
1865_pid-MR048944_glioma.png,LOW,0.2063659893690596,P19,23,34,0.9364069952305246,0.06359300476947538
1865_pid-MR048944_glioma.png,LOW,0.2063659893690596,P19,23,45,0.9520810514786419,0.04791894852135814
1865_pid-MR048944_glioma.png,LOW,0.2063659893690596,P19,23,56,0.9150654413812308,0.0849345586187692
1865_pid-MR048944_glioma.png,LOW,0.2063659893690596,P19,34,45,0.9518428840462739,0.04815711595372607
1865_pid-MR048944_glioma.png,LOW,0.2063659893690596,P19,34,56,0.8575596816976128,0.14244031830238724
1865_pid-MR048944_glioma.png,LOW,0.2063659893690596,P19,45,56,0.8726673984632273,0.12733260153677273
1865_pid-MR048944_glioma.png,LOW,0.2063659893690596,P20,12,23,1.0,0.0
1865_pid-MR048944_glioma.png,LOW,0.2063659893690596,P20,12,34,0.9795918367346939,0.020408163265306145
1865_pid-MR048944_glioma.png,LOW,0.2063659893690596,P20,12,45,0.9795918367346939,0.020408163265306145
1865_pid-MR048944_glioma.png,LOW,0.2063659893690596,P20,12,56,0.9795918367346939,0.020408163265306145
1865_pid-MR048944_glioma.png,LOW,0.2063659893690596,P20,23,34,0.9795918367346939,0.020408163265306145
1865_pid-MR048944_glioma.png,LOW,0.2063659893690596,P20,23,45,0.9795918367346939,0.020408163265306145
1865_pid-MR048944_glioma.png,LOW,0.2063659893690596,P20,23,56,0.9795918367346939,0.020408163265306145
1865_pid-MR048944_glioma.png,LOW,0.2063659893690596,P20,34,45,1.0,0.0
1865_pid-MR048944_glioma.png,LOW,0.2063659893690596,P20,34,56,0.9591836734693877,0.04081632653061229
1865_pid-MR048944_glioma.png,LOW,0.2063659893690596,P20,45,56,0.9591836734693877,0.04081632653061229
1125_pid-111785_pituitary.png,MIDDLE,0.2578958450429955,P01,12,23,0.9846153846153847,0.01538461538461533
1125_pid-111785_pituitary.png,MIDDLE,0.2578958450429955,P01,12,34,0.9696969696969697,0.030303030303030276
1125_pid-111785_pituitary.png,MIDDLE,0.2578958450429955,P01,12,45,0.9349542153457531,0.06504578465424693
1125_pid-111785_pituitary.png,MIDDLE,0.2578958450429955,P01,12,56,0.9846153846153847,0.01538461538461533
1125_pid-111785_pituitary.png,MIDDLE,0.2578958450429955,P01,23,34,0.9846153846153847,0.01538461538461533
1125_pid-111785_pituitary.png,MIDDLE,0.2578958450429955,P01,23,45,0.9493427380570696,0.05065726194293041
1125_pid-111785_pituitary.png,MIDDLE,0.2578958450429955,P01,23,56,1.0,0.0
1125_pid-111785_pituitary.png,MIDDLE,0.2578958450429955,P01,34,45,0.9641025641025641,0.03589743589743588
1125_pid-111785_pituitary.png,MIDDLE,0.2578958450429955,P01,34,56,0.9846153846153847,0.01538461538461533
1125_pid-111785_pituitary.png,MIDDLE,0.2578958450429955,P01,45,56,0.9493427380570696,0.05065726194293041
1125_pid-111785_pituitary.png,MIDDLE,0.2578958450429955,P02,12,23,1.0,0.0
1125_pid-111785_pituitary.png,MIDDLE,0.2578958450429955,P02,12,34,0.9791666666666666,0.02083333333333337
1125_pid-111785_pituitary.png,MIDDLE,0.2578958450429955,P02,12,45,0.9641810485183979,0.03581895148160208
1125_pid-111785_pituitary.png,MIDDLE,0.2578958450429955,P02,12,56,1.0,0.0
1125_pid-111785_pituitary.png,MIDDLE,0.2578958450429955,P02,23,34,0.9791666666666666,0.02083333333333337
1125_pid-111785_pituitary.png,MIDDLE,0.2578958450429955,P02,23,45,0.9641810485183979,0.03581895148160208
1125_pid-111785_pituitary.png,MIDDLE,0.2578958450429955,P02,23,56,1.0,0.0
1125_pid-111785_pituitary.png,MIDDLE,0.2578958450429955,P02,34,45,0.984375,0.015625
1125_pid-111785_pituitary.png,MIDDLE,0.2578958450429955,P02,34,56,0.9791666666666666,0.02083333333333337
1125_pid-111785_pituitary.png,MIDDLE,0.2578958450429955,P02,45,56,0.9641810485183979,0.03581895148160208
1125_pid-111785_pituitary.png,MIDDLE,0.2578958450429955,P03,12,23,1.0,0.0
1125_pid-111785_pituitary.png,MIDDLE,0.2578958450429955,P03,12,34,0.9641025641025641,0.03589743589743588
1125_pid-111785_pituitary.png,MIDDLE,0.2578958450429955,P03,12,45,0.9846153846153847,0.01538461538461533
1125_pid-111785_pituitary.png,MIDDLE,0.2578958450429955,P03,12,56,0.9791666666666666,0.02083333333333337
1125_pid-111785_pituitary.png,MIDDLE,0.2578958450429955,P03,23,34,0.9641025641025641,0.03589743589743588
1125_pid-111785_pituitary.png,MIDDLE,0.2578958450429955,P03,23,45,0.9846153846153847,0.01538461538461533
1125_pid-111785_pituitary.png,MIDDLE,0.2578958450429955,P03,23,56,0.9791666666666666,0.02083333333333337
1125_pid-111785_pituitary.png,MIDDLE,0.2578958450429955,P03,34,45,0.9791666666666666,0.02083333333333337
1125_pid-111785_pituitary.png,MIDDLE,0.2578958450429955,P03,34,56,0.9846153846153847,0.01538461538461533
1125_pid-111785_pituitary.png,MIDDLE,0.2578958450429955,P03,45,56,0.9644116704071818,0.03558832959281821
1125_pid-111785_pituitary.png,MIDDLE,0.2578958450429955,P04,12,23,1.0,0.0
1125_pid-111785_pituitary.png,MIDDLE,0.2578958450429955,P04,12,34,1.0,0.0
1125_pid-111785_pituitary.png,MIDDLE,0.2578958450429955,P04,12,45,1.0,0.0
1125_pid-111785_pituitary.png,MIDDLE,0.2578958450429955,P04,12,56,1.0,0.0
1125_pid-111785_pituitary.png,MIDDLE,0.2578958450429955,P04,23,34,1.0,0.0
1125_pid-111785_pituitary.png,MIDDLE,0.2578958450429955,P04,23,45,1.0,0.0
1125_pid-111785_pituitary.png,MIDDLE,0.2578958450429955,P04,23,56,1.0,0.0
1125_pid-111785_pituitary.png,MIDDLE,0.2578958450429955,P04,34,45,1.0,0.0
1125_pid-111785_pituitary.png,MIDDLE,0.2578958450429955,P04,34,56,1.0,0.0
1125_pid-111785_pituitary.png,MIDDLE,0.2578958450429955,P04,45,56,1.0,0.0
1125_pid-111785_pituitary.png,MIDDLE,0.2578958450429955,P05,12,23,0.984375,0.015625
1125_pid-111785_pituitary.png,MIDDLE,0.2578958450429955,P05,12,34,0.984375,0.015625
1125_pid-111785_pituitary.png,MIDDLE,0.2578958450429955,P05,12,45,0.9294419499679282,0.07055805003207183
1125_pid-111785_pituitary.png,MIDDLE,0.2578958450429955,P05,12,56,1.0,0.0
1125_pid-111785_pituitary.png,MIDDLE,0.2578958450429955,P05,23,34,1.0,0.0
1125_pid-111785_pituitary.png,MIDDLE,0.2578958450429955,P05,23,45,0.9436665581243895,0.05633344187561051
1125_pid-111785_pituitary.png,MIDDLE,0.2578958450429955,P05,23,56,0.984375,0.015625
1125_pid-111785_pituitary.png,MIDDLE,0.2578958450429955,P05,34,45,0.9436665581243895,0.05633344187561051
1125_pid-111785_pituitary.png,MIDDLE,0.2578958450429955,P05,34,56,0.984375,0.015625
1125_pid-111785_pituitary.png,MIDDLE,0.2578958450429955,P05,45,56,0.9294419499679282,0.07055805003207183
1125_pid-111785_pituitary.png,MIDDLE,0.2578958450429955,P06,12,23,1.0,0.0
1125_pid-111785_pituitary.png,MIDDLE,0.2578958450429955,P06,12,34,0.9791666666666666,0.02083333333333337
1125_pid-111785_pituitary.png,MIDDLE,0.2578958450429955,P06,12,45,0.9791666666666666,0.02083333333333337
1125_pid-111785_pituitary.png,MIDDLE,0.2578958450429955,P06,12,56,1.0,0.0
1125_pid-111785_pituitary.png,MIDDLE,0.2578958450429955,P06,23,34,0.9791666666666666,0.02083333333333337
1125_pid-111785_pituitary.png,MIDDLE,0.2578958450429955,P06,23,45,0.9791666666666666,0.02083333333333337
1125_pid-111785_pituitary.png,MIDDLE,0.2578958450429955,P06,23,56,1.0,0.0
1125_pid-111785_pituitary.png,MIDDLE,0.2578958450429955,P06,34,45,0.9591836734693877,0.04081632653061229
1125_pid-111785_pituitary.png,MIDDLE,0.2578958450429955,P06,34,56,0.9791666666666666,0.02083333333333337
1125_pid-111785_pituitary.png,MIDDLE,0.2578958450429955,P06,45,56,0.9791666666666666,0.02083333333333337
1125_pid-111785_pituitary.png,MIDDLE,0.2578958450429955,P07,12,23,0.9846153846153847,0.01538461538461533
1125_pid-111785_pituitary.png,MIDDLE,0.2578958450429955,P07,12,34,0.9692307692307692,0.03076923076923077
1125_pid-111785_pituitary.png,MIDDLE,0.2578958450429955,P07,12,45,0.8662175168431184,0.13378248315688157
1125_pid-111785_pituitary.png,MIDDLE,0.2578958450429955,P07,12,56,0.9846153846153847,0.01538461538461533
1125_pid-111785_pituitary.png,MIDDLE,0.2578958450429955,P07,23,34,0.9846153846153847,0.01538461538461533
1125_pid-111785_pituitary.png,MIDDLE,0.2578958450429955,P07,23,45,0.8798076923076923,0.12019230769230771
1125_pid-111785_pituitary.png,MIDDLE,0.2578958450429955,P07,23,56,1.0,0.0
1125_pid-111785_pituitary.png,MIDDLE,0.2578958450429955,P07,34,45,0.8935546875,0.1064453125
1125_pid-111785_pituitary.png,MIDDLE,0.2578958450429955,P07,34,56,0.9846153846153847,0.01538461538461533
1125_pid-111785_pituitary.png,MIDDLE,0.2578958450429955,P07,45,56,0.8798076923076923,0.12019230769230771
1125_pid-111785_pituitary.png,MIDDLE,0.2578958450429955,P08,12,23,1.0,0.0
1125_pid-111785_pituitary.png,MIDDLE,0.2578958450429955,P08,12,34,1.0,0.0
1125_pid-111785_pituitary.png,MIDDLE,0.2578958450429955,P08,12,45,0.9846153846153847,0.01538461538461533
1125_pid-111785_pituitary.png,MIDDLE,0.2578958450429955,P08,12,56,1.0,0.0
1125_pid-111785_pituitary.png,MIDDLE,0.2578958450429955,P08,23,34,1.0,0.0
1125_pid-111785_pituitary.png,MIDDLE,0.2578958450429955,P08,23,45,0.9846153846153847,0.01538461538461533
1125_pid-111785_pituitary.png,MIDDLE,0.2578958450429955,P08,23,56,1.0,0.0
1125_pid-111785_pituitary.png,MIDDLE,0.2578958450429955,P08,34,45,0.9846153846153847,0.01538461538461533
1125_pid-111785_pituitary.png,MIDDLE,0.2578958450429955,P08,34,56,1.0,0.0
1125_pid-111785_pituitary.png,MIDDLE,0.2578958450429955,P08,45,56,0.9846153846153847,0.01538461538461533
1125_pid-111785_pituitary.png,MIDDLE,0.2578958450429955,P09,12,23,0.9692307692307692,0.03076923076923077
1125_pid-111785_pituitary.png,MIDDLE,0.2578958450429955,P09,12,34,0.9538461538461539,0.0461538461538461
1125_pid-111785_pituitary.png,MIDDLE,0.2578958450429955,P09,12,45,0.8517805582290664,0.1482194417709336
1125_pid-111785_pituitary.png,MIDDLE,0.2578958450429955,P09,12,56,0.9645211930926216,0.03547880690737837
1125_pid-111785_pituitary.png,MIDDLE,0.2578958450429955,P09,23,34,0.984375,0.015625
1125_pid-111785_pituitary.png,MIDDLE,0.2578958450429955,P09,23,45,0.87890625,0.12109375
1125_pid-111785_pituitary.png,MIDDLE,0.2578958450429955,P09,23,56,0.9645211930926216,0.03547880690737837
1125_pid-111785_pituitary.png,MIDDLE,0.2578958450429955,P09,34,45,0.8928571428571429,0.1071428571428571
1125_pid-111785_pituitary.png,MIDDLE,0.2578958450429955,P09,34,56,0.9494505494505494,0.05054945054945059
1125_pid-111785_pituitary.png,MIDDLE,0.2578958450429955,P09,45,56,0.847723704866562,0.152276295133438
1125_pid-111785_pituitary.png,MIDDLE,0.2578958450429955,P10,12,23,0.984375,0.015625
1125_pid-111785_pituitary.png,MIDDLE,0.2578958450429955,P10,12,34,1.0,0.0
1125_pid-111785_pituitary.png,MIDDLE,0.2578958450429955,P10,12,45,0.9489194499017681,0.05108055009823187
1125_pid-111785_pituitary.png,MIDDLE,0.2578958450429955,P10,12,56,1.0,0.0
1125_pid-111785_pituitary.png,MIDDLE,0.2578958450429955,P10,23,34,0.984375,0.015625
1125_pid-111785_pituitary.png,MIDDLE,0.2578958450429955,P10,23,45,0.9634308510638298,0.03656914893617025
1125_pid-111785_pituitary.png,MIDDLE,0.2578958450429955,P10,23,56,0.984375,0.015625
1125_pid-111785_pituitary.png,MIDDLE,0.2578958450429955,P10,34,45,0.9489194499017681,0.05108055009823187
1125_pid-111785_pituitary.png,MIDDLE,0.2578958450429955,P10,34,56,1.0,0.0
1125_pid-111785_pituitary.png,MIDDLE,0.2578958450429955,P10,45,56,0.9489194499017681,0.05108055009823187
1125_pid-111785_pituitary.png,MIDDLE,0.2578958450429955,P11,12,23,1.0,0.0
1125_pid-111785_pituitary.png,MIDDLE,0.2578958450429955,P11,12,34,0.9846153846153847,0.01538461538461533
1125_pid-111785_pituitary.png,MIDDLE,0.2578958450429955,P11,12,45,0.9644116704071818,0.03558832959281821
1125_pid-111785_pituitary.png,MIDDLE,0.2578958450429955,P11,12,56,0.9791666666666666,0.02083333333333337
1125_pid-111785_pituitary.png,MIDDLE,0.2578958450429955,P11,23,34,0.9846153846153847,0.01538461538461533
1125_pid-111785_pituitary.png,MIDDLE,0.2578958450429955,P11,23,45,0.9644116704071818,0.03558832959281821
1125_pid-111785_pituitary.png,MIDDLE,0.2578958450429955,P11,23,56,0.9791666666666666,0.02083333333333337
1125_pid-111785_pituitary.png,MIDDLE,0.2578958450429955,P11,34,45,0.9791666666666666,0.02083333333333337
1125_pid-111785_pituitary.png,MIDDLE,0.2578958450429955,P11,34,56,0.9641025641025641,0.03589743589743588
1125_pid-111785_pituitary.png,MIDDLE,0.2578958450429955,P11,45,56,0.9447236180904522,0.055276381909547756
1125_pid-111785_pituitary.png,MIDDLE,0.2578958450429955,P12,12,23,0.9846153846153847,0.01538461538461533
1125_pid-111785_pituitary.png,MIDDLE,0.2578958450429955,P12,12,34,0.9645211930926216,0.03547880690737837
1125_pid-111785_pituitary.png,MIDDLE,0.2578958450429955,P12,12,45,0.9846153846153847,0.01538461538461533
1125_pid-111785_pituitary.png,MIDDLE,0.2578958450429955,P12,12,56,0.9645211930926216,0.03547880690737837
1125_pid-111785_pituitary.png,MIDDLE,0.2578958450429955,P12,23,34,0.9795918367346939,0.020408163265306145
1125_pid-111785_pituitary.png,MIDDLE,0.2578958450429955,P12,23,45,1.0,0.0
1125_pid-111785_pituitary.png,MIDDLE,0.2578958450429955,P12,23,56,0.9795918367346939,0.020408163265306145
1125_pid-111785_pituitary.png,MIDDLE,0.2578958450429955,P12,34,45,0.9795918367346939,0.020408163265306145
1125_pid-111785_pituitary.png,MIDDLE,0.2578958450429955,P12,34,56,1.0,0.0
1125_pid-111785_pituitary.png,MIDDLE,0.2578958450429955,P12,45,56,0.9795918367346939,0.020408163265306145
1125_pid-111785_pituitary.png,MIDDLE,0.2578958450429955,P13,12,23,1.0,0.0
1125_pid-111785_pituitary.png,MIDDLE,0.2578958450429955,P13,12,34,0.9591836734693877,0.04081632653061229
1125_pid-111785_pituitary.png,MIDDLE,0.2578958450429955,P13,12,45,0.9444270015698587,0.055572998430141296
1125_pid-111785_pituitary.png,MIDDLE,0.2578958450429955,P13,12,56,0.9791666666666666,0.02083333333333337
1125_pid-111785_pituitary.png,MIDDLE,0.2578958450429955,P13,23,34,0.9591836734693877,0.04081632653061229
1125_pid-111785_pituitary.png,MIDDLE,0.2578958450429955,P13,23,45,0.9444270015698587,0.055572998430141296
1125_pid-111785_pituitary.png,MIDDLE,0.2578958450429955,P13,23,56,0.9791666666666666,0.02083333333333337
1125_pid-111785_pituitary.png,MIDDLE,0.2578958450429955,P13,34,45,0.9846153846153847,0.01538461538461533
1125_pid-111785_pituitary.png,MIDDLE,0.2578958450429955,P13,34,56,0.9795918367346939,0.020408163265306145
1125_pid-111785_pituitary.png,MIDDLE,0.2578958450429955,P13,45,56,0.9645211930926216,0.03547880690737837
1125_pid-111785_pituitary.png,MIDDLE,0.2578958450429955,P14,12,23,0.9846153846153847,0.01538461538461533
1125_pid-111785_pituitary.png,MIDDLE,0.2578958450429955,P14,12,34,0.9846153846153847,0.01538461538461533
1125_pid-111785_pituitary.png,MIDDLE,0.2578958450429955,P14,12,45,0.9644116704071818,0.03558832959281821
1125_pid-111785_pituitary.png,MIDDLE,0.2578958450429955,P14,12,56,0.9846153846153847,0.01538461538461533
1125_pid-111785_pituitary.png,MIDDLE,0.2578958450429955,P14,23,34,1.0,0.0
1125_pid-111785_pituitary.png,MIDDLE,0.2578958450429955,P14,23,45,0.9791666666666666,0.02083333333333337
1125_pid-111785_pituitary.png,MIDDLE,0.2578958450429955,P14,23,56,1.0,0.0
1125_pid-111785_pituitary.png,MIDDLE,0.2578958450429955,P14,34,45,0.9791666666666666,0.02083333333333337
1125_pid-111785_pituitary.png,MIDDLE,0.2578958450429955,P14,34,56,1.0,0.0
1125_pid-111785_pituitary.png,MIDDLE,0.2578958450429955,P14,45,56,0.9791666666666666,0.02083333333333337
1125_pid-111785_pituitary.png,MIDDLE,0.2578958450429955,P15,12,23,0.0,1.0
1125_pid-111785_pituitary.png,MIDDLE,0.2578958450429955,P15,12,34,0.9555555555555556,0.0444444444444444
1125_pid-111785_pituitary.png,MIDDLE,0.2578958450429955,P15,12,45,0.8741721854304636,0.1258278145695364
1125_pid-111785_pituitary.png,MIDDLE,0.2578958450429955,P15,12,56,0.0,1.0
1125_pid-111785_pituitary.png,MIDDLE,0.2578958450429955,P15,23,34,0.0,1.0
1125_pid-111785_pituitary.png,MIDDLE,0.2578958450429955,P15,23,45,0.0,1.0
1125_pid-111785_pituitary.png,MIDDLE,0.2578958450429955,P15,23,56,0.32777290020485805,0.672227099795142
1125_pid-111785_pituitary.png,MIDDLE,0.2578958450429955,P15,34,45,0.913946587537092,0.08605341246290799
1125_pid-111785_pituitary.png,MIDDLE,0.2578958450429955,P15,34,56,0.0,1.0
1125_pid-111785_pituitary.png,MIDDLE,0.2578958450429955,P15,45,56,0.0,1.0
1125_pid-111785_pituitary.png,MIDDLE,0.2578958450429955,P16,12,23,1.0,0.0
1125_pid-111785_pituitary.png,MIDDLE,0.2578958450429955,P16,12,34,0.9635135135135136,0.03648648648648645
1125_pid-111785_pituitary.png,MIDDLE,0.2578958450429955,P16,12,45,0.8594270486342438,0.1405729513657562
1125_pid-111785_pituitary.png,MIDDLE,0.2578958450429955,P16,12,56,0.9787234042553191,0.021276595744680882
1125_pid-111785_pituitary.png,MIDDLE,0.2578958450429955,P16,23,34,0.9635135135135136,0.03648648648648645
1125_pid-111785_pituitary.png,MIDDLE,0.2578958450429955,P16,23,45,0.8594270486342438,0.1405729513657562
1125_pid-111785_pituitary.png,MIDDLE,0.2578958450429955,P16,23,56,0.9787234042553191,0.021276595744680882
1125_pid-111785_pituitary.png,MIDDLE,0.2578958450429955,P16,34,45,0.8924949290060852,0.10750507099391482
1125_pid-111785_pituitary.png,MIDDLE,0.2578958450429955,P16,34,56,0.9841269841269841,0.015873015873015928
1125_pid-111785_pituitary.png,MIDDLE,0.2578958450429955,P16,45,56,0.8785357737104825,0.12146422628951747
1125_pid-111785_pituitary.png,MIDDLE,0.2578958450429955,P17,12,23,1.0,0.0
1125_pid-111785_pituitary.png,MIDDLE,0.2578958450429955,P17,12,34,0.98,0.020000000000000018
1125_pid-111785_pituitary.png,MIDDLE,0.2578958450429955,P17,12,45,0.9846153846153847,0.01538461538461533
1125_pid-111785_pituitary.png,MIDDLE,0.2578958450429955,P17,12,56,0.96,0.040000000000000036
1125_pid-111785_pituitary.png,MIDDLE,0.2578958450429955,P17,23,34,0.98,0.020000000000000018
1125_pid-111785_pituitary.png,MIDDLE,0.2578958450429955,P17,23,45,0.9846153846153847,0.01538461538461533
1125_pid-111785_pituitary.png,MIDDLE,0.2578958450429955,P17,23,56,0.96,0.040000000000000036
1125_pid-111785_pituitary.png,MIDDLE,0.2578958450429955,P17,34,45,0.9649230769230769,0.03507692307692312
1125_pid-111785_pituitary.png,MIDDLE,0.2578958450429955,P17,34,56,0.98,0.020000000000000018
1125_pid-111785_pituitary.png,MIDDLE,0.2578958450429955,P17,45,56,0.9455216989843028,0.05447830101569717
1125_pid-111785_pituitary.png,MIDDLE,0.2578958450429955,P18,12,23,0.9218490189557699,0.07815098104423013
1125_pid-111785_pituitary.png,MIDDLE,0.2578958450429955,P18,12,34,0.963751247090123,0.03624875290987695
1125_pid-111785_pituitary.png,MIDDLE,0.2578958450429955,P18,12,45,0.9341631182443498,0.06583688175565017
1125_pid-111785_pituitary.png,MIDDLE,0.2578958450429955,P18,12,56,0.984375,0.015625
1125_pid-111785_pituitary.png,MIDDLE,0.2578958450429955,P18,23,34,0.9574468085106383,0.04255319148936165
1125_pid-111785_pituitary.png,MIDDLE,0.2578958450429955,P18,23,45,0.9281437125748503,0.07185628742514971
1125_pid-111785_pituitary.png,MIDDLE,0.2578958450429955,P18,23,56,0.9361702127659575,0.06382978723404253
1125_pid-111785_pituitary.png,MIDDLE,0.2578958450429955,P18,34,45,0.96875,0.03125
1125_pid-111785_pituitary.png,MIDDLE,0.2578958450429955,P18,34,56,0.9787234042553191,0.021276595744680882
1125_pid-111785_pituitary.png,MIDDLE,0.2578958450429955,P18,45,56,0.9484536082474226,0.05154639175257736
1125_pid-111785_pituitary.png,MIDDLE,0.2578958450429955,P19,12,23,0.3450834879406308,0.6549165120593692
1125_pid-111785_pituitary.png,MIDDLE,0.2578958450429955,P19,12,34,0.3450834879406308,0.6549165120593692
1125_pid-111785_pituitary.png,MIDDLE,0.2578958450429955,P19,12,45,0.3450834879406308,0.6549165120593692
1125_pid-111785_pituitary.png,MIDDLE,0.2578958450429955,P19,12,56,0.3399329881206214,0.6600670118793786
1125_pid-111785_pituitary.png,MIDDLE,0.2578958450429955,P19,23,34,1.0,0.0
1125_pid-111785_pituitary.png,MIDDLE,0.2578958450429955,P19,23,45,1.0,0.0
1125_pid-111785_pituitary.png,MIDDLE,0.2578958450429955,P19,23,56,0.9850746268656716,0.014925373134328401
1125_pid-111785_pituitary.png,MIDDLE,0.2578958450429955,P19,34,45,1.0,0.0
1125_pid-111785_pituitary.png,MIDDLE,0.2578958450429955,P19,34,56,0.9850746268656716,0.014925373134328401
1125_pid-111785_pituitary.png,MIDDLE,0.2578958450429955,P19,45,56,0.9850746268656716,0.014925373134328401
1125_pid-111785_pituitary.png,MIDDLE,0.2578958450429955,P20,12,23,0.9638671875,0.0361328125
1125_pid-111785_pituitary.png,MIDDLE,0.2578958450429955,P20,12,34,0.9485677083333334,0.05143229166666663
1125_pid-111785_pituitary.png,MIDDLE,0.2578958450429955,P20,12,45,0.908203125,0.091796875
1125_pid-111785_pituitary.png,MIDDLE,0.2578958450429955,P20,12,56,0.9638671875,0.0361328125
1125_pid-111785_pituitary.png,MIDDLE,0.2578958450429955,P20,23,34,0.9841269841269841,0.015873015873015928
1125_pid-111785_pituitary.png,MIDDLE,0.2578958450429955,P20,23,45,0.9422492401215805,0.05775075987841949
1125_pid-111785_pituitary.png,MIDDLE,0.2578958450429955,P20,23,56,1.0,0.0
1125_pid-111785_pituitary.png,MIDDLE,0.2578958450429955,P20,34,45,0.9574468085106383,0.04255319148936165
1125_pid-111785_pituitary.png,MIDDLE,0.2578958450429955,P20,34,56,0.9841269841269841,0.015873015873015928
1125_pid-111785_pituitary.png,MIDDLE,0.2578958450429955,P20,45,56,0.9422492401215805,0.05775075987841949
2935_pid-MR051644_glioma.png,MIDDLE,0.3026580718585535,P01,12,23,0.872992700729927,0.12700729927007304
2935_pid-MR051644_glioma.png,MIDDLE,0.3026580718585535,P01,12,34,0.941085868309588,0.05891413169041204
2935_pid-MR051644_glioma.png,MIDDLE,0.3026580718585535,P01,12,45,0.9791666666666666,0.02083333333333337
2935_pid-MR051644_glioma.png,MIDDLE,0.3026580718585535,P01,12,56,0.9068645640074211,0.0931354359925789
2935_pid-MR051644_glioma.png,MIDDLE,0.3026580718585535,P01,23,34,0.8915533285612026,0.10844667143879738
2935_pid-MR051644_glioma.png,MIDDLE,0.3026580718585535,P01,23,45,0.891970802919708,0.10802919708029202
2935_pid-MR051644_glioma.png,MIDDLE,0.3026580718585535,P01,23,56,0.962449872402479,0.037550127597520966
2935_pid-MR051644_glioma.png,MIDDLE,0.3026580718585535,P01,34,45,0.961108971890643,0.03889102810935696
2935_pid-MR051644_glioma.png,MIDDLE,0.3026580718585535,P01,34,56,0.8927038626609443,0.10729613733905574
2935_pid-MR051644_glioma.png,MIDDLE,0.3026580718585535,P01,45,56,0.9261595547309833,0.07384044526901667
2935_pid-MR051644_glioma.png,MIDDLE,0.3026580718585535,P02,12,23,0.9821428571428571,0.017857142857142905
2935_pid-MR051644_glioma.png,MIDDLE,0.3026580718585535,P02,12,34,0.9824561403508771,0.01754385964912286
2935_pid-MR051644_glioma.png,MIDDLE,0.3026580718585535,P02,12,45,1.0,0.0
2935_pid-MR051644_glioma.png,MIDDLE,0.3026580718585535,P02,12,56,1.0,0.0
2935_pid-MR051644_glioma.png,MIDDLE,0.3026580718585535,P02,23,34,0.9649122807017544,0.03508771929824561
2935_pid-MR051644_glioma.png,MIDDLE,0.3026580718585535,P02,23,45,0.9821428571428571,0.017857142857142905
2935_pid-MR051644_glioma.png,MIDDLE,0.3026580718585535,P02,23,56,0.9821428571428571,0.017857142857142905
2935_pid-MR051644_glioma.png,MIDDLE,0.3026580718585535,P02,34,45,0.9824561403508771,0.01754385964912286
2935_pid-MR051644_glioma.png,MIDDLE,0.3026580718585535,P02,34,56,0.9824561403508771,0.01754385964912286
2935_pid-MR051644_glioma.png,MIDDLE,0.3026580718585535,P02,45,56,1.0,0.0
2935_pid-MR051644_glioma.png,MIDDLE,0.3026580718585535,P03,12,23,1.0,0.0
2935_pid-MR051644_glioma.png,MIDDLE,0.3026580718585535,P03,12,34,0.9795918367346939,0.020408163265306145
2935_pid-MR051644_glioma.png,MIDDLE,0.3026580718585535,P03,12,45,0.9795918367346939,0.020408163265306145
2935_pid-MR051644_glioma.png,MIDDLE,0.3026580718585535,P03,12,56,1.0,0.0
2935_pid-MR051644_glioma.png,MIDDLE,0.3026580718585535,P03,23,34,0.9795918367346939,0.020408163265306145
2935_pid-MR051644_glioma.png,MIDDLE,0.3026580718585535,P03,23,45,0.9795918367346939,0.020408163265306145
2935_pid-MR051644_glioma.png,MIDDLE,0.3026580718585535,P03,23,56,1.0,0.0
2935_pid-MR051644_glioma.png,MIDDLE,0.3026580718585535,P03,34,45,0.96,0.040000000000000036
2935_pid-MR051644_glioma.png,MIDDLE,0.3026580718585535,P03,34,56,0.9795918367346939,0.020408163265306145
2935_pid-MR051644_glioma.png,MIDDLE,0.3026580718585535,P03,45,56,0.9795918367346939,0.020408163265306145
2935_pid-MR051644_glioma.png,MIDDLE,0.3026580718585535,P04,12,23,0.8694885361552028,0.13051146384479717
2935_pid-MR051644_glioma.png,MIDDLE,0.3026580718585535,P04,12,34,0.8560289612921191,0.14397103870788086
2935_pid-MR051644_glioma.png,MIDDLE,0.3026580718585535,P04,12,45,0.8945686900958466,0.10543130990415339
2935_pid-MR051644_glioma.png,MIDDLE,0.3026580718585535,P04,12,56,0.8403499179879715,0.15965008201202846
2935_pid-MR051644_glioma.png,MIDDLE,0.3026580718585535,P04,23,34,0.9150654413812308,0.0849345586187692
2935_pid-MR051644_glioma.png,MIDDLE,0.3026580718585535,P04,23,45,0.8691418137553256,0.13085818624467438
2935_pid-MR051644_glioma.png,MIDDLE,0.3026580718585535,P04,23,56,0.8983050847457628,0.10169491525423724
2935_pid-MR051644_glioma.png,MIDDLE,0.3026580718585535,P04,34,45,0.7953216374269005,0.20467836257309946
2935_pid-MR051644_glioma.png,MIDDLE,0.3026580718585535,P04,34,56,0.951278600269179,0.04872139973082101
2935_pid-MR051644_glioma.png,MIDDLE,0.3026580718585535,P04,45,56,0.7807545106615636,0.21924548933843635
2935_pid-MR051644_glioma.png,MIDDLE,0.3026580718585535,P05,12,23,0.7836700336700336,0.21632996632996637
2935_pid-MR051644_glioma.png,MIDDLE,0.3026580718585535,P05,12,34,0.9181459566074951,0.0818540433925049
2935_pid-MR051644_glioma.png,MIDDLE,0.3026580718585535,P05,12,45,0.869281045751634,0.130718954248366
2935_pid-MR051644_glioma.png,MIDDLE,0.3026580718585535,P05,12,56,0.8209876543209876,0.17901234567901236
2935_pid-MR051644_glioma.png,MIDDLE,0.3026580718585535,P05,23,34,0.8236024844720496,0.17639751552795035
2935_pid-MR051644_glioma.png,MIDDLE,0.3026580718585535,P05,23,45,0.9015151515151515,0.09848484848484851
2935_pid-MR051644_glioma.png,MIDDLE,0.3026580718585535,P05,23,56,0.9545454545454546,0.045454545454545414
2935_pid-MR051644_glioma.png,MIDDLE,0.3026580718585535,P05,34,45,0.8783783783783784,0.1216216216216216
2935_pid-MR051644_glioma.png,MIDDLE,0.3026580718585535,P05,34,56,0.8621586475942783,0.1378413524057217
2935_pid-MR051644_glioma.png,MIDDLE,0.3026580718585535,P05,45,56,0.9444444444444444,0.05555555555555558
2935_pid-MR051644_glioma.png,MIDDLE,0.3026580718585535,P06,12,23,0.9511904761904761,0.04880952380952386
2935_pid-MR051644_glioma.png,MIDDLE,0.3026580718585535,P06,12,34,0.9247685185185185,0.07523148148148151
2935_pid-MR051644_glioma.png,MIDDLE,0.3026580718585535,P06,12,45,0.9705882352941176,0.02941176470588236
2935_pid-MR051644_glioma.png,MIDDLE,0.3026580718585535,P06,12,56,0.9058956916099773,0.0941043083900227
2935_pid-MR051644_glioma.png,MIDDLE,0.3026580718585535,P06,23,34,0.9330686330119116,0.06693136698808844
2935_pid-MR051644_glioma.png,MIDDLE,0.3026580718585535,P06,23,45,0.9232142857142858,0.07678571428571423
2935_pid-MR051644_glioma.png,MIDDLE,0.3026580718585535,P06,23,56,0.9523809523809523,0.04761904761904767
2935_pid-MR051644_glioma.png,MIDDLE,0.3026580718585535,P06,34,45,0.8975694444444444,0.10243055555555558
2935_pid-MR051644_glioma.png,MIDDLE,0.3026580718585535,P06,34,56,0.9271523178807947,0.07284768211920534
2935_pid-MR051644_glioma.png,MIDDLE,0.3026580718585535,P06,45,56,0.8792517006802721,0.12074829931972786
2935_pid-MR051644_glioma.png,MIDDLE,0.3026580718585535,P07,12,23,0.9002976190476191,0.09970238095238093
2935_pid-MR051644_glioma.png,MIDDLE,0.3026580718585535,P07,12,34,0.4245614035087719,0.5754385964912281
2935_pid-MR051644_glioma.png,MIDDLE,0.3026580718585535,P07,12,45,0.9002976190476191,0.09970238095238093
2935_pid-MR051644_glioma.png,MIDDLE,0.3026580718585535,P07,12,56,0.8310439560439561,0.1689560439560439
2935_pid-MR051644_glioma.png,MIDDLE,0.3026580718585535,P07,23,34,0.47157894736842104,0.5284210526315789
2935_pid-MR051644_glioma.png,MIDDLE,0.3026580718585535,P07,23,45,0.9591836734693877,0.04081632653061229
2935_pid-MR051644_glioma.png,MIDDLE,0.3026580718585535,P07,23,56,0.9230769230769231,0.07692307692307687
2935_pid-MR051644_glioma.png,MIDDLE,0.3026580718585535,P07,34,45,0.47157894736842104,0.5284210526315789
2935_pid-MR051644_glioma.png,MIDDLE,0.3026580718585535,P07,34,56,0.5108771929824562,0.48912280701754385
2935_pid-MR051644_glioma.png,MIDDLE,0.3026580718585535,P07,45,56,0.9230769230769231,0.07692307692307687
2935_pid-MR051644_glioma.png,MIDDLE,0.3026580718585535,P08,12,23,0.850375234521576,0.14962476547842396
2935_pid-MR051644_glioma.png,MIDDLE,0.3026580718585535,P08,12,34,0.9065,0.09350000000000003
2935_pid-MR051644_glioma.png,MIDDLE,0.3026580718585535,P08,12,45,0.8633333333333333,0.13666666666666671
2935_pid-MR051644_glioma.png,MIDDLE,0.3026580718585535,P08,12,56,0.760167714884696,0.23983228511530397
2935_pid-MR051644_glioma.png,MIDDLE,0.3026580718585535,P08,23,34,0.9380863039399625,0.06191369606003749
2935_pid-MR051644_glioma.png,MIDDLE,0.3026580718585535,P08,23,45,0.9395050412465628,0.060494958753437245
2935_pid-MR051644_glioma.png,MIDDLE,0.3026580718585535,P08,23,56,0.8939203354297693,0.10607966457023066
2935_pid-MR051644_glioma.png,MIDDLE,0.3026580718585535,P08,34,45,0.9158878504672897,0.08411214953271029
2935_pid-MR051644_glioma.png,MIDDLE,0.3026580718585535,P08,34,56,0.8385744234800838,0.16142557651991618
2935_pid-MR051644_glioma.png,MIDDLE,0.3026580718585535,P08,45,56,0.8805031446540881,0.11949685534591192
2935_pid-MR051644_glioma.png,MIDDLE,0.3026580718585535,P09,12,23,0.9499072356215214,0.05009276437847865
2935_pid-MR051644_glioma.png,MIDDLE,0.3026580718585535,P09,12,34,0.9035294117647059,0.09647058823529409
2935_pid-MR051644_glioma.png,MIDDLE,0.3026580718585535,P09,12,45,0.9795918367346939,0.020408163265306145
2935_pid-MR051644_glioma.png,MIDDLE,0.3026580718585535,P09,12,56,0.9309090909090909,0.06909090909090909
2935_pid-MR051644_glioma.png,MIDDLE,0.3026580718585535,P09,23,34,0.9511764705882353,0.04882352941176471
2935_pid-MR051644_glioma.png,MIDDLE,0.3026580718585535,P09,23,45,0.9314736203759855,0.06852637962401453
2935_pid-MR051644_glioma.png,MIDDLE,0.3026580718585535,P09,23,56,0.98,0.020000000000000018
2935_pid-MR051644_glioma.png,MIDDLE,0.3026580718585535,P09,34,45,0.9223529411764706,0.0776470588235294
2935_pid-MR051644_glioma.png,MIDDLE,0.3026580718585535,P09,34,56,0.9705882352941176,0.02941176470588236
2935_pid-MR051644_glioma.png,MIDDLE,0.3026580718585535,P09,45,56,0.9503030303030303,0.049696969696969684
2935_pid-MR051644_glioma.png,MIDDLE,0.3026580718585535,P10,12,23,0.8780487804878049,0.12195121951219512
2935_pid-MR051644_glioma.png,MIDDLE,0.3026580718585535,P10,12,34,1.0,0.0
2935_pid-MR051644_glioma.png,MIDDLE,0.3026580718585535,P10,12,45,0.926829268292683,0.07317073170731703
2935_pid-MR051644_glioma.png,MIDDLE,0.3026580718585535,P10,12,56,0.975609756097561,0.024390243902439046
2935_pid-MR051644_glioma.png,MIDDLE,0.3026580718585535,P10,23,34,0.8780487804878049,0.12195121951219512
2935_pid-MR051644_glioma.png,MIDDLE,0.3026580718585535,P10,23,45,0.9473684210526315,0.052631578947368474
2935_pid-MR051644_glioma.png,MIDDLE,0.3026580718585535,P10,23,56,0.9,0.09999999999999998
2935_pid-MR051644_glioma.png,MIDDLE,0.3026580718585535,P10,34,45,0.926829268292683,0.07317073170731703
2935_pid-MR051644_glioma.png,MIDDLE,0.3026580718585535,P10,34,56,0.975609756097561,0.024390243902439046
2935_pid-MR051644_glioma.png,MIDDLE,0.3026580718585535,P10,45,56,0.95,0.050000000000000044
2935_pid-MR051644_glioma.png,MIDDLE,0.3026580718585535,P11,12,23,0.9266304347826086,0.07336956521739135
2935_pid-MR051644_glioma.png,MIDDLE,0.3026580718585535,P11,12,34,0.9266304347826086,0.07336956521739135
2935_pid-MR051644_glioma.png,MIDDLE,0.3026580718585535,P11,12,45,0.9393939393939394,0.06060606060606055
2935_pid-MR051644_glioma.png,MIDDLE,0.3026580718585535,P11,12,56,0.8472049689440994,0.15279503105590064
2935_pid-MR051644_glioma.png,MIDDLE,0.3026580718585535,P11,23,34,0.9574468085106383,0.04255319148936165
2935_pid-MR051644_glioma.png,MIDDLE,0.3026580718585535,P11,23,45,0.9287598944591029,0.0712401055408971
2935_pid-MR051644_glioma.png,MIDDLE,0.3026580718585535,P11,23,56,0.9142857142857143,0.08571428571428574
2935_pid-MR051644_glioma.png,MIDDLE,0.3026580718585535,P11,34,45,0.9287598944591029,0.0712401055408971
2935_pid-MR051644_glioma.png,MIDDLE,0.3026580718585535,P11,34,56,0.876979293544458,0.12302070645554197
2935_pid-MR051644_glioma.png,MIDDLE,0.3026580718585535,P11,45,56,0.901863354037267,0.09813664596273297
2935_pid-MR051644_glioma.png,MIDDLE,0.3026580718585535,P12,12,23,0.9457417582417582,0.05425824175824179
2935_pid-MR051644_glioma.png,MIDDLE,0.3026580718585535,P12,12,34,0.9457417582417582,0.05425824175824179
2935_pid-MR051644_glioma.png,MIDDLE,0.3026580718585535,P12,12,45,0.9629370629370629,0.03706293706293706
2935_pid-MR051644_glioma.png,MIDDLE,0.3026580718585535,P12,12,56,0.9291497975708503,0.07085020242914974
2935_pid-MR051644_glioma.png,MIDDLE,0.3026580718585535,P12,23,34,0.9622641509433962,0.037735849056603765
2935_pid-MR051644_glioma.png,MIDDLE,0.3026580718585535,P12,23,45,0.9821428571428571,0.017857142857142905
2935_pid-MR051644_glioma.png,MIDDLE,0.3026580718585535,P12,23,56,0.9824561403508771,0.01754385964912286
2935_pid-MR051644_glioma.png,MIDDLE,0.3026580718585535,P12,34,45,0.9453993933265925,0.05460060667340749
2935_pid-MR051644_glioma.png,MIDDLE,0.3026580718585535,P12,34,56,0.9456953642384106,0.05430463576158939
2935_pid-MR051644_glioma.png,MIDDLE,0.3026580718585535,P12,45,56,0.9649122807017544,0.03508771929824561
2935_pid-MR051644_glioma.png,MIDDLE,0.3026580718585535,P13,12,23,0.832408435072142,0.16759156492785798
2935_pid-MR051644_glioma.png,MIDDLE,0.3026580718585535,P13,12,34,0.8680555555555556,0.13194444444444442
2935_pid-MR051644_glioma.png,MIDDLE,0.3026580718585535,P13,12,45,0.8433734939759037,0.15662650602409633
2935_pid-MR051644_glioma.png,MIDDLE,0.3026580718585535,P13,12,56,0.8301886792452831,0.16981132075471694
2935_pid-MR051644_glioma.png,MIDDLE,0.3026580718585535,P13,23,34,0.8883737517831669,0.11162624821683309
2935_pid-MR051644_glioma.png,MIDDLE,0.3026580718585535,P13,23,45,0.8657047724750278,0.13429522752497225
2935_pid-MR051644_glioma.png,MIDDLE,0.3026580718585535,P13,23,56,0.9618941916389198,0.03810580836108024
2935_pid-MR051644_glioma.png,MIDDLE,0.3026580718585535,P13,34,45,0.8653555219364599,0.13464447806354007
2935_pid-MR051644_glioma.png,MIDDLE,0.3026580718585535,P13,34,56,0.8542857142857143,0.14571428571428569
2935_pid-MR051644_glioma.png,MIDDLE,0.3026580718585535,P13,45,56,0.9,0.09999999999999998
2935_pid-MR051644_glioma.png,MIDDLE,0.3026580718585535,P14,12,23,0.9375,0.0625
2935_pid-MR051644_glioma.png,MIDDLE,0.3026580718585535,P14,12,34,0.9175531914893617,0.08244680851063835
2935_pid-MR051644_glioma.png,MIDDLE,0.3026580718585535,P14,12,45,0.9183673469387755,0.08163265306122447
2935_pid-MR051644_glioma.png,MIDDLE,0.3026580718585535,P14,12,56,0.9375,0.0625
2935_pid-MR051644_glioma.png,MIDDLE,0.3026580718585535,P14,23,34,0.8646616541353384,0.13533834586466165
2935_pid-MR051644_glioma.png,MIDDLE,0.3026580718585535,P14,23,45,0.9782608695652174,0.021739130434782594
2935_pid-MR051644_glioma.png,MIDDLE,0.3026580718585535,P14,23,56,1.0,0.0
2935_pid-MR051644_glioma.png,MIDDLE,0.3026580718585535,P14,34,45,0.8469259723964868,0.15307402760351319
2935_pid-MR051644_glioma.png,MIDDLE,0.3026580718585535,P14,34,56,0.8646616541353384,0.13533834586466165
2935_pid-MR051644_glioma.png,MIDDLE,0.3026580718585535,P14,45,56,0.9782608695652174,0.021739130434782594
2935_pid-MR051644_glioma.png,MIDDLE,0.3026580718585535,P15,12,23,0.7825396825396825,0.21746031746031746
2935_pid-MR051644_glioma.png,MIDDLE,0.3026580718585535,P15,12,34,0.928436911487759,0.07156308851224102
2935_pid-MR051644_glioma.png,MIDDLE,0.3026580718585535,P15,12,45,0.9444444444444444,0.05555555555555558
2935_pid-MR051644_glioma.png,MIDDLE,0.3026580718585535,P15,12,56,0.7958030669895076,0.20419693301049235
2935_pid-MR051644_glioma.png,MIDDLE,0.3026580718585535,P15,23,34,0.8428571428571429,0.15714285714285714
2935_pid-MR051644_glioma.png,MIDDLE,0.3026580718585535,P15,23,45,0.8285714285714286,0.17142857142857137
2935_pid-MR051644_glioma.png,MIDDLE,0.3026580718585535,P15,23,56,0.8946171341925702,0.10538286580742984
2935_pid-MR051644_glioma.png,MIDDLE,0.3026580718585535,P15,34,45,0.9830508474576272,0.016949152542372836
2935_pid-MR051644_glioma.png,MIDDLE,0.3026580718585535,P15,34,56,0.8571428571428571,0.1428571428571429
2935_pid-MR051644_glioma.png,MIDDLE,0.3026580718585535,P15,45,56,0.8426150121065376,0.15738498789346245
2935_pid-MR051644_glioma.png,MIDDLE,0.3026580718585535,P16,12,23,0.8068669527896996,0.19313304721030045
2935_pid-MR051644_glioma.png,MIDDLE,0.3026580718585535,P16,12,34,0.8695,0.13049999999999995
2935_pid-MR051644_glioma.png,MIDDLE,0.3026580718585535,P16,12,45,0.8449951409135082,0.15500485908649175
2935_pid-MR051644_glioma.png,MIDDLE,0.3026580718585535,P16,12,56,0.8449951409135082,0.15500485908649175
2935_pid-MR051644_glioma.png,MIDDLE,0.3026580718585535,P16,23,34,0.8934081346423562,0.10659186535764376
2935_pid-MR051644_glioma.png,MIDDLE,0.3026580718585535,P16,23,45,0.957122439256789,0.04287756074321103
2935_pid-MR051644_glioma.png,MIDDLE,0.3026580718585535,P16,23,56,0.957122439256789,0.04287756074321103
2935_pid-MR051644_glioma.png,MIDDLE,0.3026580718585535,P16,34,45,0.9342230695900858,0.06577693040991417
2935_pid-MR051644_glioma.png,MIDDLE,0.3026580718585535,P16,34,56,0.9342230695900858,0.06577693040991417
2935_pid-MR051644_glioma.png,MIDDLE,0.3026580718585535,P16,45,56,1.0,0.0
2935_pid-MR051644_glioma.png,MIDDLE,0.3026580718585535,P17,12,23,1.0,0.0
2935_pid-MR051644_glioma.png,MIDDLE,0.3026580718585535,P17,12,34,0.9814814814814815,0.01851851851851849
2935_pid-MR051644_glioma.png,MIDDLE,0.3026580718585535,P17,12,45,0.98,0.020000000000000018
2935_pid-MR051644_glioma.png,MIDDLE,0.3026580718585535,P17,12,56,0.9264705882352942,0.07352941176470584
2935_pid-MR051644_glioma.png,MIDDLE,0.3026580718585535,P17,23,34,0.9814814814814815,0.01851851851851849
2935_pid-MR051644_glioma.png,MIDDLE,0.3026580718585535,P17,23,45,0.98,0.020000000000000018
2935_pid-MR051644_glioma.png,MIDDLE,0.3026580718585535,P17,23,56,0.9264705882352942,0.07352941176470584
2935_pid-MR051644_glioma.png,MIDDLE,0.3026580718585535,P17,34,45,0.9618518518518518,0.03814814814814815
2935_pid-MR051644_glioma.png,MIDDLE,0.3026580718585535,P17,34,56,0.9093137254901961,0.09068627450980393
2935_pid-MR051644_glioma.png,MIDDLE,0.3026580718585535,P17,45,56,0.9453781512605042,0.054621848739495826
2935_pid-MR051644_glioma.png,MIDDLE,0.3026580718585535,P18,12,23,1.0,0.0
2935_pid-MR051644_glioma.png,MIDDLE,0.3026580718585535,P18,12,34,1.0,0.0
2935_pid-MR051644_glioma.png,MIDDLE,0.3026580718585535,P18,12,45,1.0,0.0
2935_pid-MR051644_glioma.png,MIDDLE,0.3026580718585535,P18,12,56,1.0,0.0
2935_pid-MR051644_glioma.png,MIDDLE,0.3026580718585535,P18,23,34,1.0,0.0
2935_pid-MR051644_glioma.png,MIDDLE,0.3026580718585535,P18,23,45,1.0,0.0
2935_pid-MR051644_glioma.png,MIDDLE,0.3026580718585535,P18,23,56,1.0,0.0
2935_pid-MR051644_glioma.png,MIDDLE,0.3026580718585535,P18,34,45,1.0,0.0
2935_pid-MR051644_glioma.png,MIDDLE,0.3026580718585535,P18,34,56,1.0,0.0
2935_pid-MR051644_glioma.png,MIDDLE,0.3026580718585535,P18,45,56,1.0,0.0
2935_pid-MR051644_glioma.png,MIDDLE,0.3026580718585535,P19,12,23,0.8634920634920635,0.13650793650793647
2935_pid-MR051644_glioma.png,MIDDLE,0.3026580718585535,P19,12,34,0.8571428571428571,0.1428571428571429
2935_pid-MR051644_glioma.png,MIDDLE,0.3026580718585535,P19,12,45,0.951048951048951,0.04895104895104896
2935_pid-MR051644_glioma.png,MIDDLE,0.3026580718585535,P19,12,56,0.8553459119496856,0.14465408805031443
2935_pid-MR051644_glioma.png,MIDDLE,0.3026580718585535,P19,23,34,0.885685884691849,0.11431411530815105
2935_pid-MR051644_glioma.png,MIDDLE,0.3026580718585535,P19,23,45,0.9079365079365079,0.09206349206349207
2935_pid-MR051644_glioma.png,MIDDLE,0.3026580718585535,P19,23,56,0.9547092125579002,0.0452907874420998
2935_pid-MR051644_glioma.png,MIDDLE,0.3026580718585535,P19,34,45,0.9012605042016807,0.09873949579831931
2935_pid-MR051644_glioma.png,MIDDLE,0.3026580718585535,P19,34,56,0.8965174129353234,0.10348258706467661
2935_pid-MR051644_glioma.png,MIDDLE,0.3026580718585535,P19,45,56,0.89937106918239,0.10062893081761004
2935_pid-MR051644_glioma.png,MIDDLE,0.3026580718585535,P20,12,23,0.9262435677530018,0.07375643224699824
2935_pid-MR051644_glioma.png,MIDDLE,0.3026580718585535,P20,12,34,0.9097035040431267,0.09029649595687328
2935_pid-MR051644_glioma.png,MIDDLE,0.3026580718585535,P20,12,45,0.9440559440559441,0.05594405594405594
2935_pid-MR051644_glioma.png,MIDDLE,0.3026580718585535,P20,12,56,0.9097035040431267,0.09029649595687328
2935_pid-MR051644_glioma.png,MIDDLE,0.3026580718585535,P20,23,34,0.9821428571428571,0.017857142857142905
2935_pid-MR051644_glioma.png,MIDDLE,0.3026580718585535,P20,23,45,0.9811320754716981,0.018867924528301883
2935_pid-MR051644_glioma.png,MIDDLE,0.3026580718585535,P20,23,56,0.9821428571428571,0.017857142857142905
2935_pid-MR051644_glioma.png,MIDDLE,0.3026580718585535,P20,34,45,0.9636118598382749,0.03638814016172509
2935_pid-MR051644_glioma.png,MIDDLE,0.3026580718585535,P20,34,56,1.0,0.0
2935_pid-MR051644_glioma.png,MIDDLE,0.3026580718585535,P20,45,56,0.9636118598382749,0.03638814016172509
2338_pid-MR051461_glioma.png,MIDDLE,0.3387223861264504,P01,12,23,0.9661016949152542,0.03389830508474578
2338_pid-MR051461_glioma.png,MIDDLE,0.3387223861264504,P01,12,34,0.8925641025641026,0.10743589743589743
2338_pid-MR051461_glioma.png,MIDDLE,0.3387223861264504,P01,12,45,0.9510928961748634,0.04890710382513663
2338_pid-MR051461_glioma.png,MIDDLE,0.3387223861264504,P01,12,56,0.9510928961748634,0.04890710382513663
2338_pid-MR051461_glioma.png,MIDDLE,0.3387223861264504,P01,23,34,0.8623076923076923,0.13769230769230767
2338_pid-MR051461_glioma.png,MIDDLE,0.3387223861264504,P01,23,45,0.9188524590163935,0.08114754098360655
2338_pid-MR051461_glioma.png,MIDDLE,0.3387223861264504,P01,23,56,0.9188524590163935,0.08114754098360655
2338_pid-MR051461_glioma.png,MIDDLE,0.3387223861264504,P01,34,45,0.9086089371370866,0.09139106286291343
2338_pid-MR051461_glioma.png,MIDDLE,0.3387223861264504,P01,34,56,0.9090909090909091,0.09090909090909094
2338_pid-MR051461_glioma.png,MIDDLE,0.3387223861264504,P01,45,56,0.967741935483871,0.032258064516129004
2338_pid-MR051461_glioma.png,MIDDLE,0.3387223861264504,P02,12,23,0.9617486338797814,0.03825136612021862
2338_pid-MR051461_glioma.png,MIDDLE,0.3387223861264504,P02,12,34,0.9402332361516035,0.05976676384839652
2338_pid-MR051461_glioma.png,MIDDLE,0.3387223861264504,P02,12,45,0.9402332361516035,0.05976676384839652
2338_pid-MR051461_glioma.png,MIDDLE,0.3387223861264504,P02,12,56,0.9617486338797814,0.03825136612021862
2338_pid-MR051461_glioma.png,MIDDLE,0.3387223861264504,P02,23,34,0.9777777777777777,0.022222222222222254
2338_pid-MR051461_glioma.png,MIDDLE,0.3387223861264504,P02,23,45,0.9777777777777777,0.022222222222222254
2338_pid-MR051461_glioma.png,MIDDLE,0.3387223861264504,P02,23,56,1.0,0.0
2338_pid-MR051461_glioma.png,MIDDLE,0.3387223861264504,P02,34,45,1.0,0.0
2338_pid-MR051461_glioma.png,MIDDLE,0.3387223861264504,P02,34,56,0.9777777777777777,0.022222222222222254
2338_pid-MR051461_glioma.png,MIDDLE,0.3387223861264504,P02,45,56,0.9777777777777777,0.022222222222222254
2338_pid-MR051461_glioma.png,MIDDLE,0.3387223861264504,P03,12,23,0.9008379888268156,0.09916201117318435
2338_pid-MR051461_glioma.png,MIDDLE,0.3387223861264504,P03,12,34,0.0,1.0
2338_pid-MR051461_glioma.png,MIDDLE,0.3387223861264504,P03,12,45,0.9626787582839205,0.037321241716079534
2338_pid-MR051461_glioma.png,MIDDLE,0.3387223861264504,P03,12,56,0.9415121255349501,0.05848787446504988
2338_pid-MR051461_glioma.png,MIDDLE,0.3387223861264504,P03,23,34,0.0,1.0
2338_pid-MR051461_glioma.png,MIDDLE,0.3387223861264504,P03,23,45,0.9361702127659575,0.06382978723404253
2338_pid-MR051461_glioma.png,MIDDLE,0.3387223861264504,P03,23,56,0.9555555555555556,0.0444444444444444
2338_pid-MR051461_glioma.png,MIDDLE,0.3387223861264504,P03,34,45,0.0,1.0
2338_pid-MR051461_glioma.png,MIDDLE,0.3387223861264504,P03,34,56,0.0,1.0
2338_pid-MR051461_glioma.png,MIDDLE,0.3387223861264504,P03,45,56,0.9361702127659575,0.06382978723404253
2338_pid-MR051461_glioma.png,MIDDLE,0.3387223861264504,P04,12,23,0.008673026886383347,0.9913269731136166
2338_pid-MR051461_glioma.png,MIDDLE,0.3387223861264504,P04,12,34,0.9041095890410958,0.09589041095890416
2338_pid-MR051461_glioma.png,MIDDLE,0.3387223861264504,P04,12,45,0.9041095890410958,0.09589041095890416
2338_pid-MR051461_glioma.png,MIDDLE,0.3387223861264504,P04,12,56,0.0,1.0
2338_pid-MR051461_glioma.png,MIDDLE,0.3387223861264504,P04,23,34,0.0,1.0
2338_pid-MR051461_glioma.png,MIDDLE,0.3387223861264504,P04,23,45,0.0,1.0
2338_pid-MR051461_glioma.png,MIDDLE,0.3387223861264504,P04,23,56,0.9208428246013668,0.0791571753986332
2338_pid-MR051461_glioma.png,MIDDLE,0.3387223861264504,P04,34,45,1.0,0.0
2338_pid-MR051461_glioma.png,MIDDLE,0.3387223861264504,P04,34,56,0.0,1.0
2338_pid-MR051461_glioma.png,MIDDLE,0.3387223861264504,P04,45,56,0.0,1.0
2338_pid-MR051461_glioma.png,MIDDLE,0.3387223861264504,P05,12,23,0.7678571428571429,0.2321428571428571
2338_pid-MR051461_glioma.png,MIDDLE,0.3387223861264504,P05,12,34,0.9015544041450777,0.0984455958549223
2338_pid-MR051461_glioma.png,MIDDLE,0.3387223861264504,P05,12,45,0.9482758620689655,0.051724137931034475
2338_pid-MR051461_glioma.png,MIDDLE,0.3387223861264504,P05,12,56,0.7687878787878788,0.2312121212121212
2338_pid-MR051461_glioma.png,MIDDLE,0.3387223861264504,P05,23,34,0.694017094017094,0.305982905982906
2338_pid-MR051461_glioma.png,MIDDLE,0.3387223861264504,P05,23,45,0.7288135593220338,0.27118644067796616
2338_pid-MR051461_glioma.png,MIDDLE,0.3387223861264504,P05,23,56,0.9609848484848484,0.03901515151515156
2338_pid-MR051461_glioma.png,MIDDLE,0.3387223861264504,P05,34,45,0.95,0.050000000000000044
2338_pid-MR051461_glioma.png,MIDDLE,0.3387223861264504,P05,34,56,0.6941142360104378,0.30588576398956224
2338_pid-MR051461_glioma.png,MIDDLE,0.3387223861264504,P05,45,56,0.7290229885057471,0.2709770114942529
2338_pid-MR051461_glioma.png,MIDDLE,0.3387223861264504,P06,12,23,0.7213114754098361,0.2786885245901639
2338_pid-MR051461_glioma.png,MIDDLE,0.3387223861264504,P06,12,34,0.6655737704918033,0.33442622950819667
2338_pid-MR051461_glioma.png,MIDDLE,0.3387223861264504,P06,12,45,0.9349726775956284,0.06502732240437159
2338_pid-MR051461_glioma.png,MIDDLE,0.3387223861264504,P06,12,56,0.7049180327868853,0.29508196721311475
2338_pid-MR051461_glioma.png,MIDDLE,0.3387223861264504,P06,23,34,0.8813936249073387,0.11860637509266125
2338_pid-MR051461_glioma.png,MIDDLE,0.3387223861264504,P06,23,45,0.7270655270655271,0.2729344729344729
2338_pid-MR051461_glioma.png,MIDDLE,0.3387223861264504,P06,23,56,0.9772727272727273,0.022727272727272707
2338_pid-MR051461_glioma.png,MIDDLE,0.3387223861264504,P06,34,45,0.6833333333333333,0.31666666666666665
2338_pid-MR051461_glioma.png,MIDDLE,0.3387223861264504,P06,34,56,0.9014404852160728,0.09855951478392722
2338_pid-MR051461_glioma.png,MIDDLE,0.3387223861264504,P06,45,56,0.7109464082098061,0.28905359179019385
2338_pid-MR051461_glioma.png,MIDDLE,0.3387223861264504,P07,12,23,0.9896907216494846,0.010309278350515427
2338_pid-MR051461_glioma.png,MIDDLE,0.3387223861264504,P07,12,34,0.9791666666666666,0.02083333333333337
2338_pid-MR051461_glioma.png,MIDDLE,0.3387223861264504,P07,12,45,0.9183673469387755,0.08163265306122447
2338_pid-MR051461_glioma.png,MIDDLE,0.3387223861264504,P07,12,56,0.9479166666666666,0.05208333333333337
2338_pid-MR051461_glioma.png,MIDDLE,0.3387223861264504,P07,23,34,0.9690721649484536,0.030927835051546393
2338_pid-MR051461_glioma.png,MIDDLE,0.3387223861264504,P07,23,45,0.9090909090909091,0.09090909090909094
2338_pid-MR051461_glioma.png,MIDDLE,0.3387223861264504,P07,23,56,0.9381443298969072,0.061855670103092786
2338_pid-MR051461_glioma.png,MIDDLE,0.3387223861264504,P07,34,45,0.9375,0.0625
2338_pid-MR051461_glioma.png,MIDDLE,0.3387223861264504,P07,34,56,0.9680851063829787,0.03191489361702127
2338_pid-MR051461_glioma.png,MIDDLE,0.3387223861264504,P07,45,56,0.967741935483871,0.032258064516129004
2338_pid-MR051461_glioma.png,MIDDLE,0.3387223861264504,P08,12,23,0.9761904761904762,0.023809523809523836
2338_pid-MR051461_glioma.png,MIDDLE,0.3387223861264504,P08,12,34,0.8921568627450981,0.10784313725490191
2338_pid-MR051461_glioma.png,MIDDLE,0.3387223861264504,P08,12,45,0.9767441860465116,0.023255813953488413
2338_pid-MR051461_glioma.png,MIDDLE,0.3387223861264504,P08,12,56,0.9596083231334149,0.04039167686658507
2338_pid-MR051461_glioma.png,MIDDLE,0.3387223861264504,P08,23,34,0.9130434782608695,0.08695652173913049
2338_pid-MR051461_glioma.png,MIDDLE,0.3387223861264504,P08,23,45,0.9534883720930233,0.046511627906976716
2338_pid-MR051461_glioma.png,MIDDLE,0.3387223861264504,P08,23,56,0.9367605059159527,0.06323949408404728
2338_pid-MR051461_glioma.png,MIDDLE,0.3387223861264504,P08,34,45,0.8722044728434505,0.12779552715654952
2338_pid-MR051461_glioma.png,MIDDLE,0.3387223861264504,P08,34,56,0.8992372541148134,0.10076274588518663
2338_pid-MR051461_glioma.png,MIDDLE,0.3387223861264504,P08,45,56,0.9381731152772238,0.0618268847227762
2338_pid-MR051461_glioma.png,MIDDLE,0.3387223861264504,P09,12,23,0.9375,0.0625
2338_pid-MR051461_glioma.png,MIDDLE,0.3387223861264504,P09,12,34,0.96796875,0.032031249999999956
2338_pid-MR051461_glioma.png,MIDDLE,0.3387223861264504,P09,12,45,0.96796875,0.032031249999999956
2338_pid-MR051461_glioma.png,MIDDLE,0.3387223861264504,P09,12,56,0.9225957779515246,0.07740422204847541
2338_pid-MR051461_glioma.png,MIDDLE,0.3387223861264504,P09,23,34,0.9079251090023083,0.09207489099769173
2338_pid-MR051461_glioma.png,MIDDLE,0.3387223861264504,P09,23,45,0.9372395833333333,0.06276041666666665
2338_pid-MR051461_glioma.png,MIDDLE,0.3387223861264504,P09,23,56,0.9833333333333333,0.01666666666666672
2338_pid-MR051461_glioma.png,MIDDLE,0.3387223861264504,P09,34,45,0.9692307692307692,0.03076923076923077
2338_pid-MR051461_glioma.png,MIDDLE,0.3387223861264504,P09,34,56,0.9230769230769231,0.07692307692307687
2338_pid-MR051461_glioma.png,MIDDLE,0.3387223861264504,P09,45,56,0.953125,0.046875
2338_pid-MR051461_glioma.png,MIDDLE,0.3387223861264504,P10,12,23,0.0,1.0
2338_pid-MR051461_glioma.png,MIDDLE,0.3387223861264504,P10,12,34,0.0,1.0
2338_pid-MR051461_glioma.png,MIDDLE,0.3387223861264504,P10,12,45,0.8164948453608247,0.18350515463917527
2338_pid-MR051461_glioma.png,MIDDLE,0.3387223861264504,P10,12,56,0.0,1.0
2338_pid-MR051461_glioma.png,MIDDLE,0.3387223861264504,P10,23,34,0.9701492537313433,0.02985074626865669
2338_pid-MR051461_glioma.png,MIDDLE,0.3387223861264504,P10,23,45,0.0,1.0
2338_pid-MR051461_glioma.png,MIDDLE,0.3387223861264504,P10,23,56,0.967741935483871,0.032258064516129004
2338_pid-MR051461_glioma.png,MIDDLE,0.3387223861264504,P10,34,45,0.0,1.0
2338_pid-MR051461_glioma.png,MIDDLE,0.3387223861264504,P10,34,56,0.9397590361445783,0.06024096385542166
2338_pid-MR051461_glioma.png,MIDDLE,0.3387223861264504,P10,45,56,0.0,1.0
2338_pid-MR051461_glioma.png,MIDDLE,0.3387223861264504,P11,12,23,0.0,1.0
2338_pid-MR051461_glioma.png,MIDDLE,0.3387223861264504,P11,12,34,0.0,1.0
2338_pid-MR051461_glioma.png,MIDDLE,0.3387223861264504,P11,12,45,0.9859154929577465,0.014084507042253502
2338_pid-MR051461_glioma.png,MIDDLE,0.3387223861264504,P11,12,56,0.0,1.0
2338_pid-MR051461_glioma.png,MIDDLE,0.3387223861264504,P11,23,34,0.9354838709677419,0.06451612903225812
2338_pid-MR051461_glioma.png,MIDDLE,0.3387223861264504,P11,23,45,0.0,1.0
2338_pid-MR051461_glioma.png,MIDDLE,0.3387223861264504,P11,23,56,0.9666666666666667,0.033333333333333326
2338_pid-MR051461_glioma.png,MIDDLE,0.3387223861264504,P11,34,45,0.0,1.0
2338_pid-MR051461_glioma.png,MIDDLE,0.3387223861264504,P11,34,56,0.967741935483871,0.032258064516129004
2338_pid-MR051461_glioma.png,MIDDLE,0.3387223861264504,P11,45,56,0.0,1.0
2338_pid-MR051461_glioma.png,MIDDLE,0.3387223861264504,P12,12,23,0.7470288624787776,0.25297113752122236
2338_pid-MR051461_glioma.png,MIDDLE,0.3387223861264504,P12,12,34,0.7178834182229767,0.28211658177702326
2338_pid-MR051461_glioma.png,MIDDLE,0.3387223861264504,P12,12,45,0.9190718732314658,0.08092812676853423
2338_pid-MR051461_glioma.png,MIDDLE,0.3387223861264504,P12,12,56,0.7767402376910016,0.22325976230899836
2338_pid-MR051461_glioma.png,MIDDLE,0.3387223861264504,P12,23,34,0.8887267420649398,0.11127325793506015
2338_pid-MR051461_glioma.png,MIDDLE,0.3387223861264504,P12,23,45,0.7649880095923262,0.23501199040767384
2338_pid-MR051461_glioma.png,MIDDLE,0.3387223861264504,P12,23,56,0.9617486338797814,0.03825136612021862
2338_pid-MR051461_glioma.png,MIDDLE,0.3387223861264504,P12,34,45,0.7273813078530905,0.2726186921469095
2338_pid-MR051461_glioma.png,MIDDLE,0.3387223861264504,P12,34,56,0.9242258652094718,0.07577413479052819
2338_pid-MR051461_glioma.png,MIDDLE,0.3387223861264504,P12,45,56,0.7416448706771287,0.2583551293228713
2338_pid-MR051461_glioma.png,MIDDLE,0.3387223861264504,P13,12,23,0.8189732812969078,0.18102671870309217
2338_pid-MR051461_glioma.png,MIDDLE,0.3387223861264504,P13,12,34,0.8673661555017487,0.13263384449825133
2338_pid-MR051461_glioma.png,MIDDLE,0.3387223861264504,P13,12,45,0.9285714285714286,0.0714285714285714
2338_pid-MR051461_glioma.png,MIDDLE,0.3387223861264504,P13,12,56,0.8556855685568557,0.14431443144314426
2338_pid-MR051461_glioma.png,MIDDLE,0.3387223861264504,P13,23,34,0.7627118644067796,0.23728813559322037
2338_pid-MR051461_glioma.png,MIDDLE,0.3387223861264504,P13,23,45,0.7932897355700882,0.2067102644299118
2338_pid-MR051461_glioma.png,MIDDLE,0.3387223861264504,P13,23,56,0.9574468085106383,0.04255319148936165
2338_pid-MR051461_glioma.png,MIDDLE,0.3387223861264504,P13,34,45,0.9340866290018832,0.06591337099811678
2338_pid-MR051461_glioma.png,MIDDLE,0.3387223861264504,P13,34,56,0.7966101694915254,0.2033898305084746
2338_pid-MR051461_glioma.png,MIDDLE,0.3387223861264504,P13,45,56,0.8280761579994317,0.17192384200056832
2338_pid-MR051461_glioma.png,MIDDLE,0.3387223861264504,P14,12,23,0.7627118644067796,0.23728813559322037
2338_pid-MR051461_glioma.png,MIDDLE,0.3387223861264504,P14,12,34,0.9214029697900665,0.07859703020993347
2338_pid-MR051461_glioma.png,MIDDLE,0.3387223861264504,P14,12,45,0.9516129032258065,0.048387096774193505
2338_pid-MR051461_glioma.png,MIDDLE,0.3387223861264504,P14,12,56,0.7704918032786885,0.2295081967213115
2338_pid-MR051461_glioma.png,MIDDLE,0.3387223861264504,P14,23,34,0.7027649769585254,0.29723502304147464
2338_pid-MR051461_glioma.png,MIDDLE,0.3387223861264504,P14,23,45,0.7258064516129032,0.27419354838709675
2338_pid-MR051461_glioma.png,MIDDLE,0.3387223861264504,P14,23,56,0.927348934683898,0.07265106531610199
2338_pid-MR051461_glioma.png,MIDDLE,0.3387223861264504,P14,34,45,0.9682539682539683,0.031746031746031744
2338_pid-MR051461_glioma.png,MIDDLE,0.3387223861264504,P14,34,56,0.7099334357398873,0.2900665642601127
2338_pid-MR051461_glioma.png,MIDDLE,0.3387223861264504,P14,45,56,0.7332099418297198,0.26679005817028023
2338_pid-MR051461_glioma.png,MIDDLE,0.3387223861264504,P15,12,23,1.0,0.0
2338_pid-MR051461_glioma.png,MIDDLE,0.3387223861264504,P15,12,34,0.9523690773067331,0.04763092269326685
2338_pid-MR051461_glioma.png,MIDDLE,0.3387223861264504,P15,12,45,0.9683784467493043,0.03162155325069571
2338_pid-MR051461_glioma.png,MIDDLE,0.3387223861264504,P15,12,56,0.9380872079017104,0.06191279209828959
2338_pid-MR051461_glioma.png,MIDDLE,0.3387223861264504,P15,23,34,0.9523690773067331,0.04763092269326685
2338_pid-MR051461_glioma.png,MIDDLE,0.3387223861264504,P15,23,45,0.9683784467493043,0.03162155325069571
2338_pid-MR051461_glioma.png,MIDDLE,0.3387223861264504,P15,23,56,0.9380872079017104,0.06191279209828959
2338_pid-MR051461_glioma.png,MIDDLE,0.3387223861264504,P15,34,45,0.954337899543379,0.045662100456621
2338_pid-MR051461_glioma.png,MIDDLE,0.3387223861264504,P15,34,56,0.8944365192582026,0.10556348074179744
2338_pid-MR051461_glioma.png,MIDDLE,0.3387223861264504,P15,45,56,0.9354838709677419,0.06451612903225812
2338_pid-MR051461_glioma.png,MIDDLE,0.3387223861264504,P16,12,23,0.8181818181818182,0.18181818181818177
2338_pid-MR051461_glioma.png,MIDDLE,0.3387223861264504,P16,12,34,0.9310344827586207,0.06896551724137934
2338_pid-MR051461_glioma.png,MIDDLE,0.3387223861264504,P16,12,45,0.916256157635468,0.08374384236453203
2338_pid-MR051461_glioma.png,MIDDLE,0.3387223861264504,P16,12,56,0.8072916666666666,0.19270833333333337
2338_pid-MR051461_glioma.png,MIDDLE,0.3387223861264504,P16,23,34,0.7627118644067796,0.23728813559322037
2338_pid-MR051461_glioma.png,MIDDLE,0.3387223861264504,P16,23,45,0.7805145046524357,0.21948549534756434
2338_pid-MR051461_glioma.png,MIDDLE,0.3387223861264504,P16,23,56,0.9841269841269841,0.015873015873015928
2338_pid-MR051461_glioma.png,MIDDLE,0.3387223861264504,P16,34,45,0.9510226049515608,0.04897739504843923
2338_pid-MR051461_glioma.png,MIDDLE,0.3387223861264504,P16,34,56,0.7532397408207343,0.2467602591792657
2338_pid-MR051461_glioma.png,MIDDLE,0.3387223861264504,P16,45,56,0.7931034482758621,0.2068965517241379
2338_pid-MR051461_glioma.png,MIDDLE,0.3387223861264504,P17,12,23,0.8964426877470356,0.10355731225296438
2338_pid-MR051461_glioma.png,MIDDLE,0.3387223861264504,P17,12,34,0.8588932806324111,0.1411067193675889
2338_pid-MR051461_glioma.png,MIDDLE,0.3387223861264504,P17,12,45,0.8403998621165115,0.15960013788348848
2338_pid-MR051461_glioma.png,MIDDLE,0.3387223861264504,P17,12,56,0.9611650485436893,0.03883495145631066
2338_pid-MR051461_glioma.png,MIDDLE,0.3387223861264504,P17,23,34,0.9581128747795414,0.041887125220458565
2338_pid-MR051461_glioma.png,MIDDLE,0.3387223861264504,P17,23,45,0.7807786741494213,0.21922132585057874
2338_pid-MR051461_glioma.png,MIDDLE,0.3387223861264504,P17,23,56,0.9,0.09999999999999998
2338_pid-MR051461_glioma.png,MIDDLE,0.3387223861264504,P17,34,45,0.7735849056603774,0.2264150943396226
2338_pid-MR051461_glioma.png,MIDDLE,0.3387223861264504,P17,34,56,0.8623015873015873,0.13769841269841265
2338_pid-MR051461_glioma.png,MIDDLE,0.3387223861264504,P17,45,56,0.8101222826086957,0.18987771739130432
2338_pid-MR051461_glioma.png,MIDDLE,0.3387223861264504,P18,12,23,0.8881578947368421,0.11184210526315785
2338_pid-MR051461_glioma.png,MIDDLE,0.3387223861264504,P18,12,34,0.9137931034482759,0.08620689655172409
2338_pid-MR051461_glioma.png,MIDDLE,0.3387223861264504,P18,12,45,0.9167579408543264,0.08324205914567362
2338_pid-MR051461_glioma.png,MIDDLE,0.3387223861264504,P18,12,56,0.9020044543429844,0.09799554565701563
2338_pid-MR051461_glioma.png,MIDDLE,0.3387223861264504,P18,23,34,0.9359047078842881,0.06409529211571185
2338_pid-MR051461_glioma.png,MIDDLE,0.3387223861264504,P18,23,45,0.9375,0.0625
2338_pid-MR051461_glioma.png,MIDDLE,0.3387223861264504,P18,23,56,0.9836065573770492,0.016393442622950838
2338_pid-MR051461_glioma.png,MIDDLE,0.3387223861264504,P18,34,45,0.9665532879818595,0.033446712018140534
2338_pid-MR051461_glioma.png,MIDDLE,0.3387223861264504,P18,34,56,0.9510086455331412,0.04899135446685876
2338_pid-MR051461_glioma.png,MIDDLE,0.3387223861264504,P18,45,56,0.9523809523809523,0.04761904761904767
2338_pid-MR051461_glioma.png,MIDDLE,0.3387223861264504,P19,12,23,0.9655172413793104,0.03448275862068961
2338_pid-MR051461_glioma.png,MIDDLE,0.3387223861264504,P19,12,34,0.918974358974359,0.08102564102564103
2338_pid-MR051461_glioma.png,MIDDLE,0.3387223861264504,P19,12,45,0.9345501955671447,0.06544980443285531
2338_pid-MR051461_glioma.png,MIDDLE,0.3387223861264504,P19,12,56,0.9506631299734748,0.049336870026525204
2338_pid-MR051461_glioma.png,MIDDLE,0.3387223861264504,P19,23,34,0.9517948717948718,0.048205128205128234
2338_pid-MR051461_glioma.png,MIDDLE,0.3387223861264504,P19,23,45,0.9679269882659713,0.032073011734028656
2338_pid-MR051461_glioma.png,MIDDLE,0.3387223861264504,P19,23,56,0.9846153846153847,0.01538461538461533
2338_pid-MR051461_glioma.png,MIDDLE,0.3387223861264504,P19,34,45,0.9833333333333333,0.01666666666666672
2338_pid-MR051461_glioma.png,MIDDLE,0.3387223861264504,P19,34,56,0.9666666666666667,0.033333333333333326
2338_pid-MR051461_glioma.png,MIDDLE,0.3387223861264504,P19,45,56,0.9830508474576272,0.016949152542372836
2338_pid-MR051461_glioma.png,MIDDLE,0.3387223861264504,P20,12,23,0.9633736559139785,0.0366263440860215
2338_pid-MR051461_glioma.png,MIDDLE,0.3387223861264504,P20,12,34,0.8103448275862069,0.18965517241379315
2338_pid-MR051461_glioma.png,MIDDLE,0.3387223861264504,P20,12,45,0.8392857142857143,0.1607142857142857
2338_pid-MR051461_glioma.png,MIDDLE,0.3387223861264504,P20,12,56,0.9682539682539683,0.031746031746031744
2338_pid-MR051461_glioma.png,MIDDLE,0.3387223861264504,P20,23,34,0.7861255826706882,0.21387441732931178
2338_pid-MR051461_glioma.png,MIDDLE,0.3387223861264504,P20,23,45,0.8133333333333334,0.18666666666666665
2338_pid-MR051461_glioma.png,MIDDLE,0.3387223861264504,P20,23,56,0.9639431028779358,0.03605689712206417
2338_pid-MR051461_glioma.png,MIDDLE,0.3387223861264504,P20,34,45,0.9655172413793104,0.03448275862068961
2338_pid-MR051461_glioma.png,MIDDLE,0.3387223861264504,P20,34,56,0.7893722466960352,0.21062775330396477
2338_pid-MR051461_glioma.png,MIDDLE,0.3387223861264504,P20,45,56,0.8168091168091168,0.18319088319088317
252_pid-102935_meningioma.png,MIDDLE,0.3918672820694691,P01,12,23,0.9791666666666666,0.02083333333333337
252_pid-102935_meningioma.png,MIDDLE,0.3918672820694691,P01,12,34,0.9791666666666666,0.02083333333333337
252_pid-102935_meningioma.png,MIDDLE,0.3918672820694691,P01,12,45,1.0,0.0
252_pid-102935_meningioma.png,MIDDLE,0.3918672820694691,P01,12,56,0.9879518072289156,0.012048192771084376
252_pid-102935_meningioma.png,MIDDLE,0.3918672820694691,P01,23,34,1.0,0.0
252_pid-102935_meningioma.png,MIDDLE,0.3918672820694691,P01,23,45,0.9791666666666666,0.02083333333333337
252_pid-102935_meningioma.png,MIDDLE,0.3918672820694691,P01,23,56,0.9673694779116466,0.032630522088353375
252_pid-102935_meningioma.png,MIDDLE,0.3918672820694691,P01,34,45,0.9791666666666666,0.02083333333333337
252_pid-102935_meningioma.png,MIDDLE,0.3918672820694691,P01,34,56,0.9673694779116466,0.032630522088353375
252_pid-102935_meningioma.png,MIDDLE,0.3918672820694691,P01,45,56,0.9879518072289156,0.012048192771084376
252_pid-102935_meningioma.png,MIDDLE,0.3918672820694691,P02,12,23,0.9157894736842105,0.08421052631578951
252_pid-102935_meningioma.png,MIDDLE,0.3918672820694691,P02,12,34,0.9666666666666667,0.033333333333333326
252_pid-102935_meningioma.png,MIDDLE,0.3918672820694691,P02,12,45,0.9007765314926661,0.09922346850733388
252_pid-102935_meningioma.png,MIDDLE,0.3918672820694691,P02,12,56,0.0,1.0
252_pid-102935_meningioma.png,MIDDLE,0.3918672820694691,P02,23,34,0.9473684210526315,0.052631578947368474
252_pid-102935_meningioma.png,MIDDLE,0.3918672820694691,P02,23,45,0.9499575911789653,0.05004240882103472
252_pid-102935_meningioma.png,MIDDLE,0.3918672820694691,P02,23,56,0.0,1.0
252_pid-102935_meningioma.png,MIDDLE,0.3918672820694691,P02,34,45,0.9318377911993098,0.06816220880069024
252_pid-102935_meningioma.png,MIDDLE,0.3918672820694691,P02,34,56,0.0,1.0
252_pid-102935_meningioma.png,MIDDLE,0.3918672820694691,P02,45,56,0.0,1.0
252_pid-102935_meningioma.png,MIDDLE,0.3918672820694691,P03,12,23,0.35054347826086957,0.6494565217391304
252_pid-102935_meningioma.png,MIDDLE,0.3918672820694691,P03,12,34,0.9046283309957924,0.09537166900420757
252_pid-102935_meningioma.png,MIDDLE,0.3918672820694691,P03,12,45,0.3595317725752508,0.6404682274247492
252_pid-102935_meningioma.png,MIDDLE,0.3918672820694691,P03,12,56,0.31548055759354365,0.6845194424064563
252_pid-102935_meningioma.png,MIDDLE,0.3918672820694691,P03,23,34,0.3875,0.6125
252_pid-102935_meningioma.png,MIDDLE,0.3918672820694691,P03,23,45,0.975,0.025000000000000022
252_pid-102935_meningioma.png,MIDDLE,0.3918672820694691,P03,23,56,0.8788391777509069,0.12116082224909308
252_pid-102935_meningioma.png,MIDDLE,0.3918672820694691,P03,34,45,0.3974358974358974,0.6025641025641026
252_pid-102935_meningioma.png,MIDDLE,0.3918672820694691,P03,34,56,0.3487405233553436,0.6512594766446564
252_pid-102935_meningioma.png,MIDDLE,0.3918672820694691,P03,45,56,0.8774761555392516,0.12252384446074838
252_pid-102935_meningioma.png,MIDDLE,0.3918672820694691,P04,12,23,0.9873417721518988,0.012658227848101222
252_pid-102935_meningioma.png,MIDDLE,0.3918672820694691,P04,12,34,0.9873417721518988,0.012658227848101222
252_pid-102935_meningioma.png,MIDDLE,0.3918672820694691,P04,12,45,0.9873417721518988,0.012658227848101222
252_pid-102935_meningioma.png,MIDDLE,0.3918672820694691,P04,12,56,0.9314024390243902,0.06859756097560976
252_pid-102935_meningioma.png,MIDDLE,0.3918672820694691,P04,23,34,1.0,0.0
252_pid-102935_meningioma.png,MIDDLE,0.3918672820694691,P04,23,45,1.0,0.0
252_pid-102935_meningioma.png,MIDDLE,0.3918672820694691,P04,23,56,0.9433434959349594,0.056656504065040636
252_pid-102935_meningioma.png,MIDDLE,0.3918672820694691,P04,34,45,1.0,0.0
252_pid-102935_meningioma.png,MIDDLE,0.3918672820694691,P04,34,56,0.9433434959349594,0.056656504065040636
252_pid-102935_meningioma.png,MIDDLE,0.3918672820694691,P04,45,56,0.9433434959349594,0.056656504065040636
252_pid-102935_meningioma.png,MIDDLE,0.3918672820694691,P05,12,23,0.9433478595231992,0.05665214047680078
252_pid-102935_meningioma.png,MIDDLE,0.3918672820694691,P05,12,34,0.9236947791164659,0.07630522088353409
252_pid-102935_meningioma.png,MIDDLE,0.3918672820694691,P05,12,45,0.9666403992645127,0.03335960073548727
252_pid-102935_meningioma.png,MIDDLE,0.3918672820694691,P05,12,56,0.9433478595231992,0.05665214047680078
252_pid-102935_meningioma.png,MIDDLE,0.3918672820694691,P05,23,34,0.9791666666666666,0.02083333333333337
252_pid-102935_meningioma.png,MIDDLE,0.3918672820694691,P05,23,45,0.9759036144578314,0.02409638554216864
252_pid-102935_meningioma.png,MIDDLE,0.3918672820694691,P05,23,56,1.0,0.0
252_pid-102935_meningioma.png,MIDDLE,0.3918672820694691,P05,34,45,0.9555722891566265,0.04442771084337349
252_pid-102935_meningioma.png,MIDDLE,0.3918672820694691,P05,34,56,0.9791666666666666,0.02083333333333337
252_pid-102935_meningioma.png,MIDDLE,0.3918672820694691,P05,45,56,0.9759036144578314,0.02409638554216864
252_pid-102935_meningioma.png,MIDDLE,0.3918672820694691,P06,12,23,0.9280936454849499,0.07190635451505012
252_pid-102935_meningioma.png,MIDDLE,0.3918672820694691,P06,12,34,0.9401468097120271,0.05985319028797287
252_pid-102935_meningioma.png,MIDDLE,0.3918672820694691,P06,12,45,0.9525171624713958,0.04748283752860416
252_pid-102935_meningioma.png,MIDDLE,0.3918672820694691,P06,12,56,0.41505504314192204,0.584944956858078
252_pid-102935_meningioma.png,MIDDLE,0.3918672820694691,P06,23,34,0.9871794871794872,0.012820512820512775
252_pid-102935_meningioma.png,MIDDLE,0.3918672820694691,P06,23,45,0.9743589743589743,0.02564102564102566
252_pid-102935_meningioma.png,MIDDLE,0.3918672820694691,P06,23,56,0.3974358974358974,0.6025641025641026
252_pid-102935_meningioma.png,MIDDLE,0.3918672820694691,P06,34,45,0.987012987012987,0.012987012987012991
252_pid-102935_meningioma.png,MIDDLE,0.3918672820694691,P06,34,56,0.4025974025974026,0.5974025974025974
252_pid-102935_meningioma.png,MIDDLE,0.3918672820694691,P06,45,56,0.40789473684210525,0.5921052631578947
252_pid-102935_meningioma.png,MIDDLE,0.3918672820694691,P07,12,23,1.0,0.0
252_pid-102935_meningioma.png,MIDDLE,0.3918672820694691,P07,12,34,0.7567567567567568,0.2432432432432432
252_pid-102935_meningioma.png,MIDDLE,0.3918672820694691,P07,12,45,0.9761904761904762,0.023809523809523836
252_pid-102935_meningioma.png,MIDDLE,0.3918672820694691,P07,12,56,0.9761904761904762,0.023809523809523836
252_pid-102935_meningioma.png,MIDDLE,0.3918672820694691,P07,23,34,0.7567567567567568,0.2432432432432432
252_pid-102935_meningioma.png,MIDDLE,0.3918672820694691,P07,23,45,0.9761904761904762,0.023809523809523836
252_pid-102935_meningioma.png,MIDDLE,0.3918672820694691,P07,23,56,0.9761904761904762,0.023809523809523836
252_pid-102935_meningioma.png,MIDDLE,0.3918672820694691,P07,34,45,0.7387387387387387,0.26126126126126126
252_pid-102935_meningioma.png,MIDDLE,0.3918672820694691,P07,34,56,0.7387387387387387,0.26126126126126126
252_pid-102935_meningioma.png,MIDDLE,0.3918672820694691,P07,45,56,1.0,0.0
252_pid-102935_meningioma.png,MIDDLE,0.3918672820694691,P08,12,23,0.9670781893004116,0.03292181069958844
252_pid-102935_meningioma.png,MIDDLE,0.3918672820694691,P08,12,34,0.9552845528455285,0.04471544715447151
252_pid-102935_meningioma.png,MIDDLE,0.3918672820694691,P08,12,45,0.9670781893004116,0.03292181069958844
252_pid-102935_meningioma.png,MIDDLE,0.3918672820694691,P08,12,56,1.0,0.0
252_pid-102935_meningioma.png,MIDDLE,0.3918672820694691,P08,23,34,0.9878048780487805,0.012195121951219523
252_pid-102935_meningioma.png,MIDDLE,0.3918672820694691,P08,23,45,1.0,0.0
252_pid-102935_meningioma.png,MIDDLE,0.3918672820694691,P08,23,56,0.9670781893004116,0.03292181069958844
252_pid-102935_meningioma.png,MIDDLE,0.3918672820694691,P08,34,45,0.9878048780487805,0.012195121951219523
252_pid-102935_meningioma.png,MIDDLE,0.3918672820694691,P08,34,56,0.9552845528455285,0.04471544715447151
252_pid-102935_meningioma.png,MIDDLE,0.3918672820694691,P08,45,56,0.9670781893004116,0.03292181069958844
252_pid-102935_meningioma.png,MIDDLE,0.3918672820694691,P09,12,23,0.975609756097561,0.024390243902439046
252_pid-102935_meningioma.png,MIDDLE,0.3918672820694691,P09,12,34,1.0,0.0
252_pid-102935_meningioma.png,MIDDLE,0.3918672820694691,P09,12,45,0.9310344827586207,0.06896551724137934
252_pid-102935_meningioma.png,MIDDLE,0.3918672820694691,P09,12,56,0.9310344827586207,0.06896551724137934
252_pid-102935_meningioma.png,MIDDLE,0.3918672820694691,P09,23,34,0.975609756097561,0.024390243902439046
252_pid-102935_meningioma.png,MIDDLE,0.3918672820694691,P09,23,45,0.9544008483563097,0.04559915164369033
252_pid-102935_meningioma.png,MIDDLE,0.3918672820694691,P09,23,56,0.9544008483563097,0.04559915164369033
252_pid-102935_meningioma.png,MIDDLE,0.3918672820694691,P09,34,45,0.9310344827586207,0.06896551724137934
252_pid-102935_meningioma.png,MIDDLE,0.3918672820694691,P09,34,56,0.9310344827586207,0.06896551724137934
252_pid-102935_meningioma.png,MIDDLE,0.3918672820694691,P09,45,56,1.0,0.0
252_pid-102935_meningioma.png,MIDDLE,0.3918672820694691,P10,12,23,0.9876543209876543,0.012345679012345734
252_pid-102935_meningioma.png,MIDDLE,0.3918672820694691,P10,12,34,0.9666403992645127,0.03335960073548727
252_pid-102935_meningioma.png,MIDDLE,0.3918672820694691,P10,12,45,0.9666403992645127,0.03335960073548727
252_pid-102935_meningioma.png,MIDDLE,0.3918672820694691,P10,12,56,0.9666403992645127,0.03335960073548727
252_pid-102935_meningioma.png,MIDDLE,0.3918672820694691,P10,23,34,0.9787234042553191,0.021276595744680882
252_pid-102935_meningioma.png,MIDDLE,0.3918672820694691,P10,23,45,0.9787234042553191,0.021276595744680882
252_pid-102935_meningioma.png,MIDDLE,0.3918672820694691,P10,23,56,0.9787234042553191,0.021276595744680882
252_pid-102935_meningioma.png,MIDDLE,0.3918672820694691,P10,34,45,1.0,0.0
252_pid-102935_meningioma.png,MIDDLE,0.3918672820694691,P10,34,56,1.0,0.0
252_pid-102935_meningioma.png,MIDDLE,0.3918672820694691,P10,45,56,1.0,0.0
252_pid-102935_meningioma.png,MIDDLE,0.3918672820694691,P11,12,23,0.9753086419753086,0.024691358024691357
252_pid-102935_meningioma.png,MIDDLE,0.3918672820694691,P11,12,34,0.9549897119341564,0.04501028806584362
252_pid-102935_meningioma.png,MIDDLE,0.3918672820694691,P11,12,45,1.0,0.0
252_pid-102935_meningioma.png,MIDDLE,0.3918672820694691,P11,12,56,0.9875,0.012499999999999956
252_pid-102935_meningioma.png,MIDDLE,0.3918672820694691,P11,23,34,0.9555273189326556,0.044472681067344366
252_pid-102935_meningioma.png,MIDDLE,0.3918672820694691,P11,23,45,0.9753086419753086,0.024691358024691357
252_pid-102935_meningioma.png,MIDDLE,0.3918672820694691,P11,23,56,0.9876543209876543,0.012345679012345734
252_pid-102935_meningioma.png,MIDDLE,0.3918672820694691,P11,34,45,0.9549897119341564,0.04501028806584362
252_pid-102935_meningioma.png,MIDDLE,0.3918672820694691,P11,34,56,0.9670781893004116,0.03292181069958844
252_pid-102935_meningioma.png,MIDDLE,0.3918672820694691,P11,45,56,0.9875,0.012499999999999956
252_pid-102935_meningioma.png,MIDDLE,0.3918672820694691,P12,12,23,0.0,1.0
252_pid-102935_meningioma.png,MIDDLE,0.3918672820694691,P12,12,34,0.0,1.0
252_pid-102935_meningioma.png,MIDDLE,0.3918672820694691,P12,12,45,0.0,1.0
252_pid-102935_meningioma.png,MIDDLE,0.3918672820694691,P12,12,56,0.0,1.0
252_pid-102935_meningioma.png,MIDDLE,0.3918672820694691,P12,23,34,0.9473684210526315,0.052631578947368474
252_pid-102935_meningioma.png,MIDDLE,0.3918672820694691,P12,23,45,0.9473684210526315,0.052631578947368474
252_pid-102935_meningioma.png,MIDDLE,0.3918672820694691,P12,23,56,0.9645645645645645,0.03543543543543548
252_pid-102935_meningioma.png,MIDDLE,0.3918672820694691,P12,34,45,1.0,0.0
252_pid-102935_meningioma.png,MIDDLE,0.3918672820694691,P12,34,56,0.9389448725548311,0.061055127445168944
252_pid-102935_meningioma.png,MIDDLE,0.3918672820694691,P12,45,56,0.9389448725548311,0.061055127445168944
252_pid-102935_meningioma.png,MIDDLE,0.3918672820694691,P13,12,23,0.43045466774280333,0.5695453322571966
252_pid-102935_meningioma.png,MIDDLE,0.3918672820694691,P13,12,34,0.9545573942737063,0.04544260572629366
252_pid-102935_meningioma.png,MIDDLE,0.3918672820694691,P13,12,45,0.9787234042553191,0.021276595744680882
252_pid-102935_meningioma.png,MIDDLE,0.3918672820694691,P13,12,56,0.9664893617021276,0.033510638297872375
252_pid-102935_meningioma.png,MIDDLE,0.3918672820694691,P13,23,34,0.44208037825059104,0.5579196217494089
252_pid-102935_meningioma.png,MIDDLE,0.3918672820694691,P13,23,45,0.4404698344901228,0.5595301655098772
252_pid-102935_meningioma.png,MIDDLE,0.3918672820694691,P13,23,56,0.4476063829787234,0.5523936170212767
252_pid-102935_meningioma.png,MIDDLE,0.3918672820694691,P13,34,45,0.9753086419753086,0.024691358024691357
252_pid-102935_meningioma.png,MIDDLE,0.3918672820694691,P13,34,56,0.9876543209876543,0.012345679012345734
252_pid-102935_meningioma.png,MIDDLE,0.3918672820694691,P13,45,56,0.9875,0.012499999999999956
252_pid-102935_meningioma.png,MIDDLE,0.3918672820694691,P14,12,23,0.9791666666666666,0.02083333333333337
252_pid-102935_meningioma.png,MIDDLE,0.3918672820694691,P14,12,34,0.9672256097560976,0.032774390243902385
252_pid-102935_meningioma.png,MIDDLE,0.3918672820694691,P14,12,45,0.9672256097560976,0.032774390243902385
252_pid-102935_meningioma.png,MIDDLE,0.3918672820694691,P14,12,56,0.9791666666666666,0.02083333333333337
252_pid-102935_meningioma.png,MIDDLE,0.3918672820694691,P14,23,34,0.9878048780487805,0.012195121951219523
252_pid-102935_meningioma.png,MIDDLE,0.3918672820694691,P14,23,45,0.9878048780487805,0.012195121951219523
252_pid-102935_meningioma.png,MIDDLE,0.3918672820694691,P14,23,56,1.0,0.0
252_pid-102935_meningioma.png,MIDDLE,0.3918672820694691,P14,34,45,1.0,0.0
252_pid-102935_meningioma.png,MIDDLE,0.3918672820694691,P14,34,56,0.9878048780487805,0.012195121951219523
252_pid-102935_meningioma.png,MIDDLE,0.3918672820694691,P14,45,56,0.9878048780487805,0.012195121951219523
252_pid-102935_meningioma.png,MIDDLE,0.3918672820694691,P15,12,23,0.9861111111111112,0.01388888888888884
252_pid-102935_meningioma.png,MIDDLE,0.3918672820694691,P15,12,34,0.9722222222222222,0.02777777777777779
252_pid-102935_meningioma.png,MIDDLE,0.3918672820694691,P15,12,45,0.9863013698630136,0.013698630136986356
252_pid-102935_meningioma.png,MIDDLE,0.3918672820694691,P15,12,56,0.9153587443946188,0.08464125560538116
252_pid-102935_meningioma.png,MIDDLE,0.3918672820694691,P15,23,34,0.9583333333333334,0.04166666666666663
252_pid-102935_meningioma.png,MIDDLE,0.3918672820694691,P15,23,45,0.9726027397260274,0.0273972602739726
252_pid-102935_meningioma.png,MIDDLE,0.3918672820694691,P15,23,56,0.9275773927861403,0.07242260721385974
252_pid-102935_meningioma.png,MIDDLE,0.3918672820694691,P15,34,45,0.958904109589041,0.04109589041095896
252_pid-102935_meningioma.png,MIDDLE,0.3918672820694691,P15,34,56,0.8900729108244532,0.10992708917554683
252_pid-102935_meningioma.png,MIDDLE,0.3918672820694691,P15,45,56,0.927991033903054,0.07200896609694596
252_pid-102935_meningioma.png,MIDDLE,0.3918672820694691,P16,12,23,0.9672256097560976,0.032774390243902385
252_pid-102935_meningioma.png,MIDDLE,0.3918672820694691,P16,12,34,0.9672256097560976,0.032774390243902385
252_pid-102935_meningioma.png,MIDDLE,0.3918672820694691,P16,12,45,0.9672256097560976,0.032774390243902385
252_pid-102935_meningioma.png,MIDDLE,0.3918672820694691,P16,12,56,0.9791666666666666,0.02083333333333337
252_pid-102935_meningioma.png,MIDDLE,0.3918672820694691,P16,23,34,1.0,0.0
252_pid-102935_meningioma.png,MIDDLE,0.3918672820694691,P16,23,45,1.0,0.0
252_pid-102935_meningioma.png,MIDDLE,0.3918672820694691,P16,23,56,0.9878048780487805,0.012195121951219523
252_pid-102935_meningioma.png,MIDDLE,0.3918672820694691,P16,34,45,1.0,0.0
252_pid-102935_meningioma.png,MIDDLE,0.3918672820694691,P16,34,56,0.9878048780487805,0.012195121951219523
252_pid-102935_meningioma.png,MIDDLE,0.3918672820694691,P16,45,56,0.9878048780487805,0.012195121951219523
252_pid-102935_meningioma.png,MIDDLE,0.3918672820694691,P17,12,23,0.9407114624505929,0.059288537549407105
252_pid-102935_meningioma.png,MIDDLE,0.3918672820694691,P17,12,34,0.0,1.0
252_pid-102935_meningioma.png,MIDDLE,0.3918672820694691,P17,12,45,0.0,1.0
252_pid-102935_meningioma.png,MIDDLE,0.3918672820694691,P17,12,56,0.0,1.0
252_pid-102935_meningioma.png,MIDDLE,0.3918672820694691,P17,23,34,0.0,1.0
252_pid-102935_meningioma.png,MIDDLE,0.3918672820694691,P17,23,45,0.0,1.0
252_pid-102935_meningioma.png,MIDDLE,0.3918672820694691,P17,23,56,0.0,1.0
252_pid-102935_meningioma.png,MIDDLE,0.3918672820694691,P17,34,45,0.9663345004039859,0.03366549959601406
252_pid-102935_meningioma.png,MIDDLE,0.3918672820694691,P17,34,56,0.0,1.0
252_pid-102935_meningioma.png,MIDDLE,0.3918672820694691,P17,45,56,0.0,1.0
252_pid-102935_meningioma.png,MIDDLE,0.3918672820694691,P18,12,23,0.9565217391304348,0.04347826086956519
252_pid-102935_meningioma.png,MIDDLE,0.3918672820694691,P18,12,34,0.9565217391304348,0.04347826086956519
252_pid-102935_meningioma.png,MIDDLE,0.3918672820694691,P18,12,45,0.9565217391304348,0.04347826086956519
252_pid-102935_meningioma.png,MIDDLE,0.3918672820694691,P18,12,56,0.9117959617428267,0.08820403825717327
252_pid-102935_meningioma.png,MIDDLE,0.3918672820694691,P18,23,34,1.0,0.0
252_pid-102935_meningioma.png,MIDDLE,0.3918672820694691,P18,23,45,1.0,0.0
252_pid-102935_meningioma.png,MIDDLE,0.3918672820694691,P18,23,56,0.9512195121951219,0.04878048780487809
252_pid-102935_meningioma.png,MIDDLE,0.3918672820694691,P18,34,45,1.0,0.0
252_pid-102935_meningioma.png,MIDDLE,0.3918672820694691,P18,34,56,0.9512195121951219,0.04878048780487809
252_pid-102935_meningioma.png,MIDDLE,0.3918672820694691,P18,45,56,0.9512195121951219,0.04878048780487809
252_pid-102935_meningioma.png,MIDDLE,0.3918672820694691,P19,12,23,0.9726027397260274,0.0273972602739726
252_pid-102935_meningioma.png,MIDDLE,0.3918672820694691,P19,12,34,0.7634408602150538,0.23655913978494625
252_pid-102935_meningioma.png,MIDDLE,0.3918672820694691,P19,12,45,0.9726027397260274,0.0273972602739726
252_pid-102935_meningioma.png,MIDDLE,0.3918672820694691,P19,12,56,0.9594594594594594,0.04054054054054057
252_pid-102935_meningioma.png,MIDDLE,0.3918672820694691,P19,23,34,0.7849462365591398,0.21505376344086025
252_pid-102935_meningioma.png,MIDDLE,0.3918672820694691,P19,23,45,1.0,0.0
252_pid-102935_meningioma.png,MIDDLE,0.3918672820694691,P19,23,56,0.9864864864864865,0.013513513513513487
252_pid-102935_meningioma.png,MIDDLE,0.3918672820694691,P19,34,45,0.7849462365591398,0.21505376344086025
252_pid-102935_meningioma.png,MIDDLE,0.3918672820694691,P19,34,56,0.776595744680851,0.22340425531914898
252_pid-102935_meningioma.png,MIDDLE,0.3918672820694691,P19,45,56,0.9864864864864865,0.013513513513513487
252_pid-102935_meningioma.png,MIDDLE,0.3918672820694691,P20,12,23,0.9759036144578314,0.02409638554216864
252_pid-102935_meningioma.png,MIDDLE,0.3918672820694691,P20,12,34,0.0,1.0
252_pid-102935_meningioma.png,MIDDLE,0.3918672820694691,P20,12,45,1.0,0.0
252_pid-102935_meningioma.png,MIDDLE,0.3918672820694691,P20,12,56,0.0,1.0
252_pid-102935_meningioma.png,MIDDLE,0.3918672820694691,P20,23,34,0.0,1.0
252_pid-102935_meningioma.png,MIDDLE,0.3918672820694691,P20,23,45,0.9759036144578314,0.02409638554216864
252_pid-102935_meningioma.png,MIDDLE,0.3918672820694691,P20,23,56,0.0,1.0
252_pid-102935_meningioma.png,MIDDLE,0.3918672820694691,P20,34,45,0.0,1.0
252_pid-102935_meningioma.png,MIDDLE,0.3918672820694691,P20,34,56,0.4098360655737705,0.5901639344262295
252_pid-102935_meningioma.png,MIDDLE,0.3918672820694691,P20,45,56,0.0,1.0
2649_pid-MR053241C_glioma.png,HIGH,0.4652552491161483,P01,12,23,0.9371794871794872,0.06282051282051282
2649_pid-MR053241C_glioma.png,HIGH,0.4652552491161483,P01,12,34,0.9019691780821918,0.09803082191780821
2649_pid-MR053241C_glioma.png,HIGH,0.4652552491161483,P01,12,45,0.9444444444444444,0.05555555555555558
2649_pid-MR053241C_glioma.png,HIGH,0.4652552491161483,P01,12,56,0.9371794871794872,0.06282051282051282
2649_pid-MR053241C_glioma.png,HIGH,0.4652552491161483,P01,23,34,0.9615384615384616,0.038461538461538436
2649_pid-MR053241C_glioma.png,HIGH,0.4652552491161483,P01,23,45,0.921681780708986,0.07831821929101401
2649_pid-MR053241C_glioma.png,HIGH,0.4652552491161483,P01,23,56,1.0,0.0
2649_pid-MR053241C_glioma.png,HIGH,0.4652552491161483,P01,34,45,0.8876961189099918,0.11230388109000822
2649_pid-MR053241C_glioma.png,HIGH,0.4652552491161483,P01,34,56,0.9615384615384616,0.038461538461538436
2649_pid-MR053241C_glioma.png,HIGH,0.4652552491161483,P01,45,56,0.921681780708986,0.07831821929101401
2649_pid-MR053241C_glioma.png,HIGH,0.4652552491161483,P02,12,23,0.9777777777777777,0.022222222222222254
2649_pid-MR053241C_glioma.png,HIGH,0.4652552491161483,P02,12,34,0.9436060365369341,0.05639396346306591
2649_pid-MR053241C_glioma.png,HIGH,0.4652552491161483,P02,12,45,0.9385474860335196,0.06145251396648044
2649_pid-MR053241C_glioma.png,HIGH,0.4652552491161483,P02,12,56,0.9777777777777777,0.022222222222222254
2649_pid-MR053241C_glioma.png,HIGH,0.4652552491161483,P02,23,34,0.9642857142857143,0.0357142857142857
2649_pid-MR053241C_glioma.png,HIGH,0.4652552491161483,P02,23,45,0.9180327868852459,0.08196721311475408
2649_pid-MR053241C_glioma.png,HIGH,0.4652552491161483,P02,23,56,1.0,0.0
2649_pid-MR053241C_glioma.png,HIGH,0.4652552491161483,P02,34,45,0.8873239436619719,0.11267605633802813
2649_pid-MR053241C_glioma.png,HIGH,0.4652552491161483,P02,34,56,0.9642857142857143,0.0357142857142857
2649_pid-MR053241C_glioma.png,HIGH,0.4652552491161483,P02,45,56,0.9180327868852459,0.08196721311475408
2649_pid-MR053241C_glioma.png,HIGH,0.4652552491161483,P03,12,23,0.0,1.0
2649_pid-MR053241C_glioma.png,HIGH,0.4652552491161483,P03,12,34,0.0,1.0
2649_pid-MR053241C_glioma.png,HIGH,0.4652552491161483,P03,12,45,0.9883720930232558,0.011627906976744207
2649_pid-MR053241C_glioma.png,HIGH,0.4652552491161483,P03,12,56,0.0,1.0
2649_pid-MR053241C_glioma.png,HIGH,0.4652552491161483,P03,23,34,0.984375,0.015625
2649_pid-MR053241C_glioma.png,HIGH,0.4652552491161483,P03,23,45,0.0,1.0
2649_pid-MR053241C_glioma.png,HIGH,0.4652552491161483,P03,23,56,0.932845744680851,0.06715425531914898
2649_pid-MR053241C_glioma.png,HIGH,0.4652552491161483,P03,34,45,0.0,1.0
2649_pid-MR053241C_glioma.png,HIGH,0.4652552491161483,P03,34,56,0.9476528199932456,0.052347180006754424
2649_pid-MR053241C_glioma.png,HIGH,0.4652552491161483,P03,45,56,0.0,1.0
2649_pid-MR053241C_glioma.png,HIGH,0.4652552491161483,P04,12,23,0.9321428571428572,0.06785714285714284
2649_pid-MR053241C_glioma.png,HIGH,0.4652552491161483,P04,12,34,0.9157894736842105,0.08421052631578951
2649_pid-MR053241C_glioma.png,HIGH,0.4652552491161483,P04,12,45,0.9321428571428572,0.06785714285714284
2649_pid-MR053241C_glioma.png,HIGH,0.4652552491161483,P04,12,56,0.9490909090909091,0.050909090909090904
2649_pid-MR053241C_glioma.png,HIGH,0.4652552491161483,P04,23,34,0.9824561403508771,0.01754385964912286
2649_pid-MR053241C_glioma.png,HIGH,0.4652552491161483,P04,23,45,1.0,0.0
2649_pid-MR053241C_glioma.png,HIGH,0.4652552491161483,P04,23,56,0.9821428571428571,0.017857142857142905
2649_pid-MR053241C_glioma.png,HIGH,0.4652552491161483,P04,34,45,0.9824561403508771,0.01754385964912286
2649_pid-MR053241C_glioma.png,HIGH,0.4652552491161483,P04,34,56,0.9649122807017544,0.03508771929824561
2649_pid-MR053241C_glioma.png,HIGH,0.4652552491161483,P04,45,56,0.9821428571428571,0.017857142857142905
2649_pid-MR053241C_glioma.png,HIGH,0.4652552491161483,P05,12,23,0.944,0.05600000000000005
2649_pid-MR053241C_glioma.png,HIGH,0.4652552491161483,P05,12,34,0.8928987194412107,0.10710128055878931
2649_pid-MR053241C_glioma.png,HIGH,0.4652552491161483,P05,12,45,0.9090909090909091,0.09090909090909094
2649_pid-MR053241C_glioma.png,HIGH,0.4652552491161483,P05,12,56,0.5959302325581395,0.4040697674418605
2649_pid-MR053241C_glioma.png,HIGH,0.4652552491161483,P05,23,34,0.9443099273607748,0.05569007263922521
2649_pid-MR053241C_glioma.png,HIGH,0.4652552491161483,P05,23,45,0.8869179600886918,0.11308203991130816
2649_pid-MR053241C_glioma.png,HIGH,0.4652552491161483,P05,23,56,0.5813953488372093,0.41860465116279066
2649_pid-MR053241C_glioma.png,HIGH,0.4652552491161483,P05,34,45,0.893569844789357,0.10643015521064303
2649_pid-MR053241C_glioma.png,HIGH,0.4652552491161483,P05,34,56,0.5563480741797432,0.4436519258202568
2649_pid-MR053241C_glioma.png,HIGH,0.4652552491161483,P05,45,56,0.592264678471575,0.40773532152842495
2649_pid-MR053241C_glioma.png,HIGH,0.4652552491161483,P06,12,23,0.9256329113924051,0.07436708860759489
2649_pid-MR053241C_glioma.png,HIGH,0.4652552491161483,P06,12,34,0.9622641509433962,0.037735849056603765
2649_pid-MR053241C_glioma.png,HIGH,0.4652552491161483,P06,12,45,0.9094442285270112,0.09055577147298877
2649_pid-MR053241C_glioma.png,HIGH,0.4652552491161483,P06,12,56,0.9598031173092699,0.040196882690730074
2649_pid-MR053241C_glioma.png,HIGH,0.4652552491161483,P06,23,34,0.8907363420427553,0.10926365795724469
2649_pid-MR053241C_glioma.png,HIGH,0.4652552491161483,P06,23,45,0.9818181818181818,0.018181818181818188
2649_pid-MR053241C_glioma.png,HIGH,0.4652552491161483,P06,23,56,0.9629629629629629,0.03703703703703709
2649_pid-MR053241C_glioma.png,HIGH,0.4652552491161483,P06,34,45,0.8751458576429405,0.1248541423570595
2649_pid-MR053241C_glioma.png,HIGH,0.4652552491161483,P06,34,56,0.9236453201970444,0.07635467980295563
2649_pid-MR053241C_glioma.png,HIGH,0.4652552491161483,P06,45,56,0.9454545454545454,0.054545454545454564
2649_pid-MR053241C_glioma.png,HIGH,0.4652552491161483,P07,12,23,0.9836065573770492,0.016393442622950838
2649_pid-MR053241C_glioma.png,HIGH,0.4652552491161483,P07,12,34,0.9833333333333333,0.01666666666666672
2649_pid-MR053241C_glioma.png,HIGH,0.4652552491161483,P07,12,45,1.0,0.0
2649_pid-MR053241C_glioma.png,HIGH,0.4652552491161483,P07,12,56,1.0,0.0
2649_pid-MR053241C_glioma.png,HIGH,0.4652552491161483,P07,23,34,0.9672131147540983,0.032786885245901676
2649_pid-MR053241C_glioma.png,HIGH,0.4652552491161483,P07,23,45,0.9836065573770492,0.016393442622950838
2649_pid-MR053241C_glioma.png,HIGH,0.4652552491161483,P07,23,56,0.9836065573770492,0.016393442622950838
2649_pid-MR053241C_glioma.png,HIGH,0.4652552491161483,P07,34,45,0.9833333333333333,0.01666666666666672
2649_pid-MR053241C_glioma.png,HIGH,0.4652552491161483,P07,34,56,0.9833333333333333,0.01666666666666672
2649_pid-MR053241C_glioma.png,HIGH,0.4652552491161483,P07,45,56,1.0,0.0
2649_pid-MR053241C_glioma.png,HIGH,0.4652552491161483,P08,12,23,0.9607919254658385,0.03920807453416153
2649_pid-MR053241C_glioma.png,HIGH,0.4652552491161483,P08,12,34,0.8923017107309487,0.10769828926905134
2649_pid-MR053241C_glioma.png,HIGH,0.4652552491161483,P08,12,45,0.9821428571428571,0.017857142857142905
2649_pid-MR053241C_glioma.png,HIGH,0.4652552491161483,P08,12,56,0.9608540925266904,0.039145907473309594
2649_pid-MR053241C_glioma.png,HIGH,0.4652552491161483,P08,23,34,0.9285714285714286,0.0714285714285714
2649_pid-MR053241C_glioma.png,HIGH,0.4652552491161483,P08,23,45,0.9442960702022128,0.055703929797787155
2649_pid-MR053241C_glioma.png,HIGH,0.4652552491161483,P08,23,56,0.9642857142857143,0.0357142857142857
2649_pid-MR053241C_glioma.png,HIGH,0.4652552491161483,P08,34,45,0.876958349254872,0.12304165074512796
2649_pid-MR053241C_glioma.png,HIGH,0.4652552491161483,P08,34,56,0.9272727272727272,0.07272727272727275
2649_pid-MR053241C_glioma.png,HIGH,0.4652552491161483,P08,45,56,0.9440559440559441,0.05594405594405594
2649_pid-MR053241C_glioma.png,HIGH,0.4652552491161483,P09,12,23,0.9836065573770492,0.016393442622950838
2649_pid-MR053241C_glioma.png,HIGH,0.4652552491161483,P09,12,34,0.8159722222222222,0.1840277777777778
2649_pid-MR053241C_glioma.png,HIGH,0.4652552491161483,P09,12,45,0.8,0.19999999999999996
2649_pid-MR053241C_glioma.png,HIGH,0.4652552491161483,P09,12,56,0.0,1.0
2649_pid-MR053241C_glioma.png,HIGH,0.4652552491161483,P09,23,34,0.8050242649157865,0.1949757350842135
2649_pid-MR053241C_glioma.png,HIGH,0.4652552491161483,P09,23,45,0.8133333333333334,0.18666666666666665
2649_pid-MR053241C_glioma.png,HIGH,0.4652552491161483,P09,23,56,0.0,1.0
2649_pid-MR053241C_glioma.png,HIGH,0.4652552491161483,P09,34,45,0.9407839866555463,0.0592160133444537
2649_pid-MR053241C_glioma.png,HIGH,0.4652552491161483,P09,34,56,0.0,1.0
2649_pid-MR053241C_glioma.png,HIGH,0.4652552491161483,P09,45,56,0.0,1.0
2649_pid-MR053241C_glioma.png,HIGH,0.4652552491161483,P10,12,23,0.934916864608076,0.06508313539192401
2649_pid-MR053241C_glioma.png,HIGH,0.4652552491161483,P10,12,34,0.860276585598474,0.13972341440152602
2649_pid-MR053241C_glioma.png,HIGH,0.4652552491161483,P10,12,45,0.0,1.0
2649_pid-MR053241C_glioma.png,HIGH,0.4652552491161483,P10,12,56,0.0,1.0
2649_pid-MR053241C_glioma.png,HIGH,0.4652552491161483,P10,23,34,0.9166666666666666,0.08333333333333337
2649_pid-MR053241C_glioma.png,HIGH,0.4652552491161483,P10,23,45,0.0,1.0
2649_pid-MR053241C_glioma.png,HIGH,0.4652552491161483,P10,23,56,0.0,1.0
2649_pid-MR053241C_glioma.png,HIGH,0.4652552491161483,P10,34,45,0.0,1.0
2649_pid-MR053241C_glioma.png,HIGH,0.4652552491161483,P10,34,56,0.0,1.0
2649_pid-MR053241C_glioma.png,HIGH,0.4652552491161483,P10,45,56,0.8294797687861272,0.17052023121387283
2649_pid-MR053241C_glioma.png,HIGH,0.4652552491161483,P11,12,23,0.9830508474576272,0.016949152542372836
2649_pid-MR053241C_glioma.png,HIGH,0.4652552491161483,P11,12,34,0.9299638989169675,0.07003610108303249
2649_pid-MR053241C_glioma.png,HIGH,0.4652552491161483,P11,12,45,1.0,0.0
2649_pid-MR053241C_glioma.png,HIGH,0.4652552491161483,P11,12,56,0.9661016949152542,0.03389830508474578
2649_pid-MR053241C_glioma.png,HIGH,0.4652552491161483,P11,23,34,0.9456681350954479,0.05433186490455211
2649_pid-MR053241C_glioma.png,HIGH,0.4652552491161483,P11,23,45,0.9830508474576272,0.016949152542372836
2649_pid-MR053241C_glioma.png,HIGH,0.4652552491161483,P11,23,56,0.9827586206896551,0.017241379310344862
2649_pid-MR053241C_glioma.png,HIGH,0.4652552491161483,P11,34,45,0.9299638989169675,0.07003610108303249
2649_pid-MR053241C_glioma.png,HIGH,0.4652552491161483,P11,34,56,0.9287812041116006,0.07121879588839941
2649_pid-MR053241C_glioma.png,HIGH,0.4652552491161483,P11,45,56,0.9661016949152542,0.03389830508474578
2649_pid-MR053241C_glioma.png,HIGH,0.4652552491161483,P12,12,23,0.9272727272727272,0.07272727272727275
2649_pid-MR053241C_glioma.png,HIGH,0.4652552491161483,P12,12,34,0.9423076923076923,0.05769230769230771
2649_pid-MR053241C_glioma.png,HIGH,0.4652552491161483,P12,12,45,0.9272727272727272,0.07272727272727275
2649_pid-MR053241C_glioma.png,HIGH,0.4652552491161483,P12,12,56,0.9807692307692307,0.019230769230769273
2649_pid-MR053241C_glioma.png,HIGH,0.4652552491161483,P12,23,34,0.875,0.125
2649_pid-MR053241C_glioma.png,HIGH,0.4652552491161483,P12,23,45,1.0,0.0
2649_pid-MR053241C_glioma.png,HIGH,0.4652552491161483,P12,23,56,0.9454545454545454,0.054545454545454564
2649_pid-MR053241C_glioma.png,HIGH,0.4652552491161483,P12,34,45,0.875,0.125
2649_pid-MR053241C_glioma.png,HIGH,0.4652552491161483,P12,34,56,0.9245283018867925,0.07547169811320753
2649_pid-MR053241C_glioma.png,HIGH,0.4652552491161483,P12,45,56,0.9454545454545454,0.054545454545454564
2649_pid-MR053241C_glioma.png,HIGH,0.4652552491161483,P13,12,23,0.9238578680203046,0.07614213197969544
2649_pid-MR053241C_glioma.png,HIGH,0.4652552491161483,P13,12,34,0.8542372881355932,0.1457627118644068
2649_pid-MR053241C_glioma.png,HIGH,0.4652552491161483,P13,12,45,0.958656330749354,0.04134366925064603
2649_pid-MR053241C_glioma.png,HIGH,0.4652552491161483,P13,12,56,0.9811320754716981,0.018867924528301883
2649_pid-MR053241C_glioma.png,HIGH,0.4652552491161483,P13,23,34,0.9259259259259259,0.07407407407407407
2649_pid-MR053241C_glioma.png,HIGH,0.4652552491161483,P13,23,45,0.9636363636363636,0.036363636363636376
2649_pid-MR053241C_glioma.png,HIGH,0.4652552491161483,P13,23,56,0.9405684754521964,0.05943152454780365
2649_pid-MR053241C_glioma.png,HIGH,0.4652552491161483,P13,34,45,0.8909090909090909,0.10909090909090913
2649_pid-MR053241C_glioma.png,HIGH,0.4652552491161483,P13,34,56,0.8697152717860225,0.13028472821397752
2649_pid-MR053241C_glioma.png,HIGH,0.4652552491161483,P13,45,56,0.9405684754521964,0.05943152454780365
2649_pid-MR053241C_glioma.png,HIGH,0.4652552491161483,P14,12,23,0.9661016949152542,0.03389830508474578
2649_pid-MR053241C_glioma.png,HIGH,0.4652552491161483,P14,12,34,0.945344892574444,0.054655107425556015
2649_pid-MR053241C_glioma.png,HIGH,0.4652552491161483,P14,12,45,0.9614814814814815,0.03851851851851851
2649_pid-MR053241C_glioma.png,HIGH,0.4652552491161483,P14,12,56,0.945344892574444,0.054655107425556015
2649_pid-MR053241C_glioma.png,HIGH,0.4652552491161483,P14,23,34,0.9444231506324262,0.05557684936757379
2649_pid-MR053241C_glioma.png,HIGH,0.4652552491161483,P14,23,45,0.9288888888888889,0.07111111111111112
2649_pid-MR053241C_glioma.png,HIGH,0.4652552491161483,P14,23,56,0.9777777777777777,0.022222222222222254
2649_pid-MR053241C_glioma.png,HIGH,0.4652552491161483,P14,34,45,0.9096844396082698,0.09031556039173017
2649_pid-MR053241C_glioma.png,HIGH,0.4652552491161483,P14,34,56,0.9242310577644411,0.07576894223555886
2649_pid-MR053241C_glioma.png,HIGH,0.4652552491161483,P14,45,56,0.95,0.050000000000000044
2649_pid-MR053241C_glioma.png,HIGH,0.4652552491161483,P15,12,23,0.8571428571428571,0.1428571428571429
2649_pid-MR053241C_glioma.png,HIGH,0.4652552491161483,P15,12,34,0.8664108824555284,0.13358911754447156
2649_pid-MR053241C_glioma.png,HIGH,0.4652552491161483,P15,12,45,0.8307692307692308,0.16923076923076918
2649_pid-MR053241C_glioma.png,HIGH,0.4652552491161483,P15,12,56,0.80859375,0.19140625
2649_pid-MR053241C_glioma.png,HIGH,0.4652552491161483,P15,23,34,0.948293342345387,0.05170665765461302
2649_pid-MR053241C_glioma.png,HIGH,0.4652552491161483,P15,23,45,0.9692307692307692,0.03076923076923077
2649_pid-MR053241C_glioma.png,HIGH,0.4652552491161483,P15,23,56,0.943359375,0.056640625
2649_pid-MR053241C_glioma.png,HIGH,0.4652552491161483,P15,34,45,0.9196984595214683,0.08030154047853166
2649_pid-MR053241C_glioma.png,HIGH,0.4652552491161483,P15,34,56,0.9332682291666666,0.06673177083333337
2649_pid-MR053241C_glioma.png,HIGH,0.4652552491161483,P15,45,56,0.9441949967928159,0.05580500320718407
2649_pid-MR053241C_glioma.png,HIGH,0.4652552491161483,P16,12,23,0.9401709401709402,0.05982905982905984
2649_pid-MR053241C_glioma.png,HIGH,0.4652552491161483,P16,12,34,0.9022687609075044,0.09773123909249559
2649_pid-MR053241C_glioma.png,HIGH,0.4652552491161483,P16,12,45,0.9224318658280922,0.07756813417190778
2649_pid-MR053241C_glioma.png,HIGH,0.4652552491161483,P16,12,56,0.9224318658280922,0.07756813417190778
2649_pid-MR053241C_glioma.png,HIGH,0.4652552491161483,P16,23,34,0.8867924528301887,0.1132075471698113
2649_pid-MR053241C_glioma.png,HIGH,0.4652552491161483,P16,23,45,0.9811320754716981,0.018867924528301883
2649_pid-MR053241C_glioma.png,HIGH,0.4652552491161483,P16,23,56,0.9811320754716981,0.018867924528301883
2649_pid-MR053241C_glioma.png,HIGH,0.4652552491161483,P16,34,45,0.8703703703703703,0.12962962962962965
2649_pid-MR053241C_glioma.png,HIGH,0.4652552491161483,P16,34,56,0.8703703703703703,0.12962962962962965
2649_pid-MR053241C_glioma.png,HIGH,0.4652552491161483,P16,45,56,1.0,0.0
2649_pid-MR053241C_glioma.png,HIGH,0.4652552491161483,P17,12,23,0.921681780708986,0.07831821929101401
2649_pid-MR053241C_glioma.png,HIGH,0.4652552491161483,P17,12,34,0.8380024360535931,0.16199756394640685
2649_pid-MR053241C_glioma.png,HIGH,0.4652552491161483,P17,12,45,0.959504132231405,0.04049586776859504
2649_pid-MR053241C_glioma.png,HIGH,0.4652552491161483,P17,12,56,0.8982591876208897,0.10174081237911026
2649_pid-MR053241C_glioma.png,HIGH,0.4652552491161483,P17,23,34,0.9056603773584906,0.09433962264150941
2649_pid-MR053241C_glioma.png,HIGH,0.4652552491161483,P17,23,45,0.8858954041204438,0.11410459587955624
2649_pid-MR053241C_glioma.png,HIGH,0.4652552491161483,P17,23,56,0.9052224371373307,0.09477756286266925
2649_pid-MR053241C_glioma.png,HIGH,0.4652552491161483,P17,34,45,0.8059351815696993,0.19406481843030066
2649_pid-MR053241C_glioma.png,HIGH,0.4652552491161483,P17,34,56,0.8529980657640233,0.14700193423597674
2649_pid-MR053241C_glioma.png,HIGH,0.4652552491161483,P17,45,56,0.9037656903765691,0.09623430962343094
2649_pid-MR053241C_glioma.png,HIGH,0.4652552491161483,P18,12,23,0.7924528301886793,0.2075471698113207
2649_pid-MR053241C_glioma.png,HIGH,0.4652552491161483,P18,12,34,0.8191647233411067,0.18083527665889332
2649_pid-MR053241C_glioma.png,HIGH,0.4652552491161483,P18,12,45,0.7368421052631579,0.26315789473684215
2649_pid-MR053241C_glioma.png,HIGH,0.4652552491161483,P18,12,56,0.7714285714285715,0.22857142857142854
2649_pid-MR053241C_glioma.png,HIGH,0.4652552491161483,P18,23,34,0.967391304347826,0.03260869565217395
2649_pid-MR053241C_glioma.png,HIGH,0.4652552491161483,P18,23,45,0.9298245614035088,0.07017543859649122
2649_pid-MR053241C_glioma.png,HIGH,0.4652552491161483,P18,23,56,0.8567049808429119,0.1432950191570881
2649_pid-MR053241C_glioma.png,HIGH,0.4652552491161483,P18,34,45,0.8995041952707856,0.10049580472921438
2649_pid-MR053241C_glioma.png,HIGH,0.4652552491161483,P18,34,56,0.8456921587608907,0.15430784123910934
2649_pid-MR053241C_glioma.png,HIGH,0.4652552491161483,P18,45,56,0.9183829138062548,0.08161708619374519
2649_pid-MR053241C_glioma.png,HIGH,0.4652552491161483,P19,12,23,0.7682539682539683,0.2317460317460317
2649_pid-MR053241C_glioma.png,HIGH,0.4652552491161483,P19,12,34,0.7256371814092953,0.27436281859070466
2649_pid-MR053241C_glioma.png,HIGH,0.4652552491161483,P19,12,45,0.7133382461311717,0.2866617538688283
2649_pid-MR053241C_glioma.png,HIGH,0.4652552491161483,P19,12,56,0.9777777777777777,0.022222222222222254
2649_pid-MR053241C_glioma.png,HIGH,0.4652552491161483,P19,23,34,0.9445277361319341,0.05547226386806592
2649_pid-MR053241C_glioma.png,HIGH,0.4652552491161483,P19,23,45,0.9285187914517318,0.07148120854826823
2649_pid-MR053241C_glioma.png,HIGH,0.4652552491161483,P19,23,56,0.7857142857142857,0.2142857142857143
2649_pid-MR053241C_glioma.png,HIGH,0.4652552491161483,P19,34,45,0.9415584415584416,0.058441558441558406
2649_pid-MR053241C_glioma.png,HIGH,0.4652552491161483,P19,34,56,0.7421289355322339,0.2578710644677661
2649_pid-MR053241C_glioma.png,HIGH,0.4652552491161483,P19,45,56,0.7295504789977892,0.27044952100221076
2649_pid-MR053241C_glioma.png,HIGH,0.4652552491161483,P20,12,23,0.9016393442622951,0.09836065573770492
2649_pid-MR053241C_glioma.png,HIGH,0.4652552491161483,P20,12,34,0.8708920187793427,0.12910798122065725
2649_pid-MR053241C_glioma.png,HIGH,0.4652552491161483,P20,12,45,0.9767441860465116,0.023255813953488413
2649_pid-MR053241C_glioma.png,HIGH,0.4652552491161483,P20,12,56,0.9597008724553386,0.04029912754466136
2649_pid-MR053241C_glioma.png,HIGH,0.4652552491161483,P20,23,34,0.9642857142857143,0.0357142857142857
2649_pid-MR053241C_glioma.png,HIGH,0.4652552491161483,P20,23,45,0.9227467811158798,0.07725321888412018
2649_pid-MR053241C_glioma.png,HIGH,0.4652552491161483,P20,23,56,0.9384920634920635,0.06150793650793651
2649_pid-MR053241C_glioma.png,HIGH,0.4652552491161483,P20,34,45,0.8905822586948027,0.10941774130519732
2649_pid-MR053241C_glioma.png,HIGH,0.4652552491161483,P20,34,56,0.9058028616852146,0.09419713831478538
2649_pid-MR053241C_glioma.png,HIGH,0.4652552491161483,P20,45,56,0.9821428571428571,0.017857142857142905
2809_pid-MR033420_glioma.png,HIGH,0.5294381022038195,P01,12,23,0.9134751773049645,0.08652482269503547
2809_pid-MR033420_glioma.png,HIGH,0.5294381022038195,P01,12,34,0.8646616541353384,0.13533834586466165
2809_pid-MR033420_glioma.png,HIGH,0.5294381022038195,P01,12,45,0.9314015375517445,0.06859846244825551
2809_pid-MR033420_glioma.png,HIGH,0.5294381022038195,P01,12,56,0.9459459459459459,0.05405405405405406
2809_pid-MR033420_glioma.png,HIGH,0.5294381022038195,P01,23,34,0.94656283566058,0.05343716433942003
2809_pid-MR033420_glioma.png,HIGH,0.5294381022038195,P01,23,45,0.9395744680851064,0.06042553191489364
2809_pid-MR033420_glioma.png,HIGH,0.5294381022038195,P01,23,56,0.940352842341081,0.05964715765891904
2809_pid-MR033420_glioma.png,HIGH,0.5294381022038195,P01,34,45,0.8893662728249194,0.11063372717508058
2809_pid-MR033420_glioma.png,HIGH,0.5294381022038195,P01,34,56,0.9140708915145005,0.0859291084854995
2809_pid-MR033420_glioma.png,HIGH,0.5294381022038195,P01,45,56,0.9321058688147296,0.06789413118527043
2809_pid-MR033420_glioma.png,HIGH,0.5294381022038195,P02,12,23,0.9571428571428572,0.042857142857142816
2809_pid-MR033420_glioma.png,HIGH,0.5294381022038195,P02,12,34,0.8944444444444445,0.10555555555555551
2809_pid-MR033420_glioma.png,HIGH,0.5294381022038195,P02,12,45,0.9363354037267081,0.0636645962732919
2809_pid-MR033420_glioma.png,HIGH,0.5294381022038195,P02,12,56,0.915527950310559,0.084472049689441
2809_pid-MR033420_glioma.png,HIGH,0.5294381022038195,P02,23,34,0.8561111111111112,0.14388888888888884
2809_pid-MR033420_glioma.png,HIGH,0.5294381022038195,P02,23,45,0.9782608695652174,0.021739130434782594
2809_pid-MR033420_glioma.png,HIGH,0.5294381022038195,P02,23,56,0.9565217391304348,0.04347826086956519
2809_pid-MR033420_glioma.png,HIGH,0.5294381022038195,P02,34,45,0.8375,0.16249999999999998
2809_pid-MR033420_glioma.png,HIGH,0.5294381022038195,P02,34,56,0.8188888888888889,0.1811111111111111
2809_pid-MR033420_glioma.png,HIGH,0.5294381022038195,P02,45,56,0.9777777777777777,0.022222222222222254
2809_pid-MR033420_glioma.png,HIGH,0.5294381022038195,P03,12,23,0.9574468085106383,0.04255319148936165
2809_pid-MR033420_glioma.png,HIGH,0.5294381022038195,P03,12,34,1.0,0.0
2809_pid-MR033420_glioma.png,HIGH,0.5294381022038195,P03,12,45,0.9148936170212766,0.08510638297872342
2809_pid-MR033420_glioma.png,HIGH,0.5294381022038195,P03,12,56,0.9361702127659575,0.06382978723404253
2809_pid-MR033420_glioma.png,HIGH,0.5294381022038195,P03,23,34,0.9574468085106383,0.04255319148936165
2809_pid-MR033420_glioma.png,HIGH,0.5294381022038195,P03,23,45,0.9555555555555556,0.0444444444444444
2809_pid-MR033420_glioma.png,HIGH,0.5294381022038195,P03,23,56,0.9777777777777777,0.022222222222222254
2809_pid-MR033420_glioma.png,HIGH,0.5294381022038195,P03,34,45,0.9148936170212766,0.08510638297872342
2809_pid-MR033420_glioma.png,HIGH,0.5294381022038195,P03,34,56,0.9361702127659575,0.06382978723404253
2809_pid-MR033420_glioma.png,HIGH,0.5294381022038195,P03,45,56,0.9772727272727273,0.022727272727272707
2809_pid-MR033420_glioma.png,HIGH,0.5294381022038195,P04,12,23,0.8185662930852189,0.1814337069147811
2809_pid-MR033420_glioma.png,HIGH,0.5294381022038195,P04,12,34,0.8527633851468048,0.14723661485319517
2809_pid-MR033420_glioma.png,HIGH,0.5294381022038195,P04,12,45,0.8271367521367521,0.17286324786324792
2809_pid-MR033420_glioma.png,HIGH,0.5294381022038195,P04,12,56,0.8436565570269116,0.15634344297308844
2809_pid-MR033420_glioma.png,HIGH,0.5294381022038195,P04,23,34,0.956564177647633,0.04343582235236698
2809_pid-MR033420_glioma.png,HIGH,0.5294381022038195,P04,23,45,0.9878048780487805,0.012195121951219523
2809_pid-MR033420_glioma.png,HIGH,0.5294381022038195,P04,23,56,0.9301435406698565,0.0698564593301435
2809_pid-MR033420_glioma.png,HIGH,0.5294381022038195,P04,34,45,0.9446071254270376,0.05539287457296238
2809_pid-MR033420_glioma.png,HIGH,0.5294381022038195,P04,34,56,0.9491525423728814,0.05084745762711862
2809_pid-MR033420_glioma.png,HIGH,0.5294381022038195,P04,45,56,0.9188801148600143,0.08111988513998569
2809_pid-MR033420_glioma.png,HIGH,0.5294381022038195,P05,12,23,0.9263521288837745,0.0736478711162255
2809_pid-MR033420_glioma.png,HIGH,0.5294381022038195,P05,12,34,0.9208163265306123,0.0791836734693877
2809_pid-MR033420_glioma.png,HIGH,0.5294381022038195,P05,12,45,0.9515366430260047,0.048463356973995286
2809_pid-MR033420_glioma.png,HIGH,0.5294381022038195,P05,12,56,0.9787234042553191,0.021276595744680882
2809_pid-MR033420_glioma.png,HIGH,0.5294381022038195,P05,23,34,0.9012244897959184,0.0987755102040816
2809_pid-MR033420_glioma.png,HIGH,0.5294381022038195,P05,23,45,0.9722222222222222,0.02777777777777779
2809_pid-MR033420_glioma.png,HIGH,0.5294381022038195,P05,23,56,0.9067357512953368,0.09326424870466321
2809_pid-MR033420_glioma.png,HIGH,0.5294381022038195,P05,34,45,0.8761904761904762,0.12380952380952381
2809_pid-MR033420_glioma.png,HIGH,0.5294381022038195,P05,34,56,0.9012244897959184,0.0987755102040816
2809_pid-MR033420_glioma.png,HIGH,0.5294381022038195,P05,45,56,0.9314015375517445,0.06859846244825551
2809_pid-MR033420_glioma.png,HIGH,0.5294381022038195,P06,12,23,0.9484536082474226,0.05154639175257736
2809_pid-MR033420_glioma.png,HIGH,0.5294381022038195,P06,12,34,0.0,1.0
2809_pid-MR033420_glioma.png,HIGH,0.5294381022038195,P06,12,45,0.9538461538461539,0.0461538461538461
2809_pid-MR033420_glioma.png,HIGH,0.5294381022038195,P06,12,56,0.9574468085106383,0.04255319148936165
2809_pid-MR033420_glioma.png,HIGH,0.5294381022038195,P06,23,34,0.0,1.0
2809_pid-MR033420_glioma.png,HIGH,0.5294381022038195,P06,23,45,0.963751247090123,0.03624875290987695
2809_pid-MR033420_glioma.png,HIGH,0.5294381022038195,P06,23,56,0.9090909090909091,0.09090909090909094
2809_pid-MR033420_glioma.png,HIGH,0.5294381022038195,P06,34,45,0.0,1.0
2809_pid-MR033420_glioma.png,HIGH,0.5294381022038195,P06,34,56,0.0,1.0
2809_pid-MR033420_glioma.png,HIGH,0.5294381022038195,P06,45,56,0.9141546526867628,0.08584534731323723
2809_pid-MR033420_glioma.png,HIGH,0.5294381022038195,P07,12,23,0.9671474358974359,0.0328525641025641
2809_pid-MR033420_glioma.png,HIGH,0.5294381022038195,P07,12,34,0.9422632794457275,0.05773672055427248
2809_pid-MR033420_glioma.png,HIGH,0.5294381022038195,P07,12,45,0.91827173347215,0.08172826652785004
2809_pid-MR033420_glioma.png,HIGH,0.5294381022038195,P07,12,56,0.8661858974358975,0.13381410256410253
2809_pid-MR033420_glioma.png,HIGH,0.5294381022038195,P07,23,34,0.9466666666666667,0.053333333333333344
2809_pid-MR033420_glioma.png,HIGH,0.5294381022038195,P07,23,45,0.9233014861995754,0.07669851380042458
2809_pid-MR033420_glioma.png,HIGH,0.5294381022038195,P07,23,56,0.8956089478044739,0.10439105219552614
2809_pid-MR033420_glioma.png,HIGH,0.5294381022038195,P07,34,45,0.9479738562091503,0.05202614379084969
2809_pid-MR033420_glioma.png,HIGH,0.5294381022038195,P07,34,56,0.847843137254902,0.152156862745098
2809_pid-MR033420_glioma.png,HIGH,0.5294381022038195,P07,45,56,0.8943739658025373,0.10562603419746275
2809_pid-MR033420_glioma.png,HIGH,0.5294381022038195,P08,12,23,0.8969325153374234,0.10306748466257665
2809_pid-MR033420_glioma.png,HIGH,0.5294381022038195,P08,12,34,0.9116265413975337,0.08837345860246626
2809_pid-MR033420_glioma.png,HIGH,0.5294381022038195,P08,12,45,0.0,1.0
2809_pid-MR033420_glioma.png,HIGH,0.5294381022038195,P08,12,56,0.0,1.0
2809_pid-MR033420_glioma.png,HIGH,0.5294381022038195,P08,23,34,0.9020077914294277,0.09799220857057234
2809_pid-MR033420_glioma.png,HIGH,0.5294381022038195,P08,23,45,0.0,1.0
2809_pid-MR033420_glioma.png,HIGH,0.5294381022038195,P08,23,56,0.0,1.0
2809_pid-MR033420_glioma.png,HIGH,0.5294381022038195,P08,34,45,0.0,1.0
2809_pid-MR033420_glioma.png,HIGH,0.5294381022038195,P08,34,56,0.0,1.0
2809_pid-MR033420_glioma.png,HIGH,0.5294381022038195,P08,45,56,0.649602824360106,0.35039717563989403
2809_pid-MR033420_glioma.png,HIGH,0.5294381022038195,P09,12,23,0.9395744680851064,0.06042553191489364
2809_pid-MR033420_glioma.png,HIGH,0.5294381022038195,P09,12,34,0.9324324324324325,0.06756756756756754
2809_pid-MR033420_glioma.png,HIGH,0.5294381022038195,P09,12,45,0.9207836456558773,0.07921635434412266
2809_pid-MR033420_glioma.png,HIGH,0.5294381022038195,P09,12,56,0.9857142857142858,0.014285714285714235
2809_pid-MR033420_glioma.png,HIGH,0.5294381022038195,P09,23,34,0.9531163816878102,0.04688361831218979
2809_pid-MR033420_glioma.png,HIGH,0.5294381022038195,P09,23,45,0.9267605633802817,0.07323943661971832
2809_pid-MR033420_glioma.png,HIGH,0.5294381022038195,P09,23,56,0.952921157118548,0.04707884288145203
2809_pid-MR033420_glioma.png,HIGH,0.5294381022038195,P09,34,45,0.9332597904026475,0.0667402095973525
2809_pid-MR033420_glioma.png,HIGH,0.5294381022038195,P09,34,56,0.9459459459459459,0.05405405405405406
2809_pid-MR033420_glioma.png,HIGH,0.5294381022038195,P09,45,56,0.9335981838819524,0.06640181611804763
2809_pid-MR033420_glioma.png,HIGH,0.5294381022038195,P10,12,23,0.5769230769230769,0.42307692307692313
2809_pid-MR033420_glioma.png,HIGH,0.5294381022038195,P10,12,34,0.0,1.0
2809_pid-MR033420_glioma.png,HIGH,0.5294381022038195,P10,12,45,0.8958333333333334,0.10416666666666663
2809_pid-MR033420_glioma.png,HIGH,0.5294381022038195,P10,12,56,0.0,1.0
2809_pid-MR033420_glioma.png,HIGH,0.5294381022038195,P10,23,34,0.0,1.0
2809_pid-MR033420_glioma.png,HIGH,0.5294381022038195,P10,23,45,0.5733333333333334,0.42666666666666664
2809_pid-MR033420_glioma.png,HIGH,0.5294381022038195,P10,23,56,0.0,1.0
2809_pid-MR033420_glioma.png,HIGH,0.5294381022038195,P10,34,45,0.0,1.0
2809_pid-MR033420_glioma.png,HIGH,0.5294381022038195,P10,34,56,0.9272603670972128,0.07273963290278718
2809_pid-MR033420_glioma.png,HIGH,0.5294381022038195,P10,45,56,0.0,1.0
2809_pid-MR033420_glioma.png,HIGH,0.5294381022038195,P11,12,23,0.0,1.0
2809_pid-MR033420_glioma.png,HIGH,0.5294381022038195,P11,12,34,0.0,1.0
2809_pid-MR033420_glioma.png,HIGH,0.5294381022038195,P11,12,45,0.0,1.0
2809_pid-MR033420_glioma.png,HIGH,0.5294381022038195,P11,12,56,0.864,0.136
2809_pid-MR033420_glioma.png,HIGH,0.5294381022038195,P11,23,34,1.0,0.0
2809_pid-MR033420_glioma.png,HIGH,0.5294381022038195,P11,23,45,1.0,0.0
2809_pid-MR033420_glioma.png,HIGH,0.5294381022038195,P11,23,56,0.0,1.0
2809_pid-MR033420_glioma.png,HIGH,0.5294381022038195,P11,34,45,1.0,0.0
2809_pid-MR033420_glioma.png,HIGH,0.5294381022038195,P11,34,56,0.0,1.0
2809_pid-MR033420_glioma.png,HIGH,0.5294381022038195,P11,45,56,0.0,1.0
2809_pid-MR033420_glioma.png,HIGH,0.5294381022038195,P12,12,23,0.9411764705882353,0.05882352941176472
2809_pid-MR033420_glioma.png,HIGH,0.5294381022038195,P12,12,34,1.0,0.0
2809_pid-MR033420_glioma.png,HIGH,0.5294381022038195,P12,12,45,0.9286898839137645,0.0713101160862355
2809_pid-MR033420_glioma.png,HIGH,0.5294381022038195,P12,12,56,0.9411764705882353,0.05882352941176472
2809_pid-MR033420_glioma.png,HIGH,0.5294381022038195,P12,23,34,0.9411764705882353,0.05882352941176472
2809_pid-MR033420_glioma.png,HIGH,0.5294381022038195,P12,23,45,0.9859154929577465,0.014084507042253502
2809_pid-MR033420_glioma.png,HIGH,0.5294381022038195,P12,23,56,1.0,0.0
2809_pid-MR033420_glioma.png,HIGH,0.5294381022038195,P12,34,45,0.9286898839137645,0.0713101160862355
2809_pid-MR033420_glioma.png,HIGH,0.5294381022038195,P12,34,56,0.9411764705882353,0.05882352941176472
2809_pid-MR033420_glioma.png,HIGH,0.5294381022038195,P12,45,56,0.9859154929577465,0.014084507042253502
2809_pid-MR033420_glioma.png,HIGH,0.5294381022038195,P13,12,23,0.0,1.0
2809_pid-MR033420_glioma.png,HIGH,0.5294381022038195,P13,12,34,0.0,1.0
2809_pid-MR033420_glioma.png,HIGH,0.5294381022038195,P13,12,45,0.0,1.0
2809_pid-MR033420_glioma.png,HIGH,0.5294381022038195,P13,12,56,0.9447236180904522,0.055276381909547756
2809_pid-MR033420_glioma.png,HIGH,0.5294381022038195,P13,23,34,0.9574468085106383,0.04255319148936165
2809_pid-MR033420_glioma.png,HIGH,0.5294381022038195,P13,23,45,0.9116546762589928,0.08834532374100723
2809_pid-MR033420_glioma.png,HIGH,0.5294381022038195,P13,23,56,0.0,1.0
2809_pid-MR033420_glioma.png,HIGH,0.5294381022038195,P13,34,45,0.9525452976704055,0.04745470232959448
2809_pid-MR033420_glioma.png,HIGH,0.5294381022038195,P13,34,56,0.0,1.0
2809_pid-MR033420_glioma.png,HIGH,0.5294381022038195,P13,45,56,0.0,1.0
2809_pid-MR033420_glioma.png,HIGH,0.5294381022038195,P14,12,23,0.9243697478991597,0.07563025210084029
2809_pid-MR033420_glioma.png,HIGH,0.5294381022038195,P14,12,34,0.8823529411764706,0.11764705882352944
2809_pid-MR033420_glioma.png,HIGH,0.5294381022038195,P14,12,45,1.0,0.0
2809_pid-MR033420_glioma.png,HIGH,0.5294381022038195,P14,12,56,0.925,0.07499999999999996
2809_pid-MR033420_glioma.png,HIGH,0.5294381022038195,P14,23,34,0.9545454545454546,0.045454545454545414
2809_pid-MR033420_glioma.png,HIGH,0.5294381022038195,P14,23,45,0.9243697478991597,0.07563025210084029
2809_pid-MR033420_glioma.png,HIGH,0.5294381022038195,P14,23,56,0.8550420168067226,0.14495798319327735
2809_pid-MR033420_glioma.png,HIGH,0.5294381022038195,P14,34,45,0.8823529411764706,0.11764705882352944
2809_pid-MR033420_glioma.png,HIGH,0.5294381022038195,P14,34,56,0.8161764705882353,0.18382352941176472
2809_pid-MR033420_glioma.png,HIGH,0.5294381022038195,P14,45,56,0.925,0.07499999999999996
2809_pid-MR033420_glioma.png,HIGH,0.5294381022038195,P15,12,23,0.9151992585727525,0.08480074142724747
2809_pid-MR033420_glioma.png,HIGH,0.5294381022038195,P15,12,34,0.9694373697615188,0.03056263023848116
2809_pid-MR033420_glioma.png,HIGH,0.5294381022038195,P15,12,45,0.8944746376811594,0.10552536231884058
2809_pid-MR033420_glioma.png,HIGH,0.5294381022038195,P15,12,56,0.911744738628649,0.08825526137135098
2809_pid-MR033420_glioma.png,HIGH,0.5294381022038195,P15,23,34,0.9433962264150944,0.05660377358490565
2809_pid-MR033420_glioma.png,HIGH,0.5294381022038195,P15,23,45,0.975609756097561,0.024390243902439046
2809_pid-MR033420_glioma.png,HIGH,0.5294381022038195,P15,23,56,0.9564801530368244,0.04351984696317557
2809_pid-MR033420_glioma.png,HIGH,0.5294381022038195,P15,34,45,0.9216589861751152,0.07834101382488479
2809_pid-MR033420_glioma.png,HIGH,0.5294381022038195,P15,34,56,0.9396591432519577,0.06034085674804235
2809_pid-MR033420_glioma.png,HIGH,0.5294381022038195,P15,45,56,0.9803921568627451,0.019607843137254943
2809_pid-MR033420_glioma.png,HIGH,0.5294381022038195,P16,12,23,0.0,1.0
2809_pid-MR033420_glioma.png,HIGH,0.5294381022038195,P16,12,34,0.9151699364465322,0.08483006355346778
2809_pid-MR033420_glioma.png,HIGH,0.5294381022038195,P16,12,45,0.918918918918919,0.08108108108108103
2809_pid-MR033420_glioma.png,HIGH,0.5294381022038195,P16,12,56,0.0,1.0
2809_pid-MR033420_glioma.png,HIGH,0.5294381022038195,P16,23,34,0.0,1.0
2809_pid-MR033420_glioma.png,HIGH,0.5294381022038195,P16,23,45,0.0,1.0
2809_pid-MR033420_glioma.png,HIGH,0.5294381022038195,P16,23,56,0.0,1.0
2809_pid-MR033420_glioma.png,HIGH,0.5294381022038195,P16,34,45,0.8897485493230174,0.11025145067698261
2809_pid-MR033420_glioma.png,HIGH,0.5294381022038195,P16,34,56,0.0,1.0
2809_pid-MR033420_glioma.png,HIGH,0.5294381022038195,P16,45,56,0.0,1.0
2809_pid-MR033420_glioma.png,HIGH,0.5294381022038195,P17,12,23,0.7814207650273224,0.21857923497267762
2809_pid-MR033420_glioma.png,HIGH,0.5294381022038195,P17,12,34,0.816895275419116,0.183104724580884
2809_pid-MR033420_glioma.png,HIGH,0.5294381022038195,P17,12,45,0.796332678454486,0.20366732154551404
2809_pid-MR033420_glioma.png,HIGH,0.5294381022038195,P17,12,56,0.7734734077478661,0.2265265922521339
2809_pid-MR033420_glioma.png,HIGH,0.5294381022038195,P17,23,34,0.9569155987627044,0.04308440123729562
2809_pid-MR033420_glioma.png,HIGH,0.5294381022038195,P17,23,45,0.9550436144039365,0.04495638559606352
2809_pid-MR033420_glioma.png,HIGH,0.5294381022038195,P17,23,56,0.9285874188493396,0.0714125811506604
2809_pid-MR033420_glioma.png,HIGH,0.5294381022038195,P17,34,45,0.9442993907745866,0.05570060922541342
2809_pid-MR033420_glioma.png,HIGH,0.5294381022038195,P17,34,56,0.9177187636047018,0.08228123639529816
2809_pid-MR033420_glioma.png,HIGH,0.5294381022038195,P17,45,56,0.9714285714285714,0.02857142857142858
2809_pid-MR033420_glioma.png,HIGH,0.5294381022038195,P18,12,23,0.9574468085106383,0.04255319148936165
2809_pid-MR033420_glioma.png,HIGH,0.5294381022038195,P18,12,34,0.9436619718309859,0.05633802816901412
2809_pid-MR033420_glioma.png,HIGH,0.5294381022038195,P18,12,45,0.9436619718309859,0.05633802816901412
2809_pid-MR033420_glioma.png,HIGH,0.5294381022038195,P18,12,56,0.9641829229293253,0.03581707707067472
2809_pid-MR033420_glioma.png,HIGH,0.5294381022038195,P18,23,34,0.9852941176470589,0.014705882352941124
2809_pid-MR033420_glioma.png,HIGH,0.5294381022038195,P18,23,45,0.9852941176470589,0.014705882352941124
2809_pid-MR033420_glioma.png,HIGH,0.5294381022038195,P18,23,56,0.9641829229293253,0.03581707707067472
2809_pid-MR033420_glioma.png,HIGH,0.5294381022038195,P18,34,45,1.0,0.0
2809_pid-MR033420_glioma.png,HIGH,0.5294381022038195,P18,34,56,0.9782608695652174,0.021739130434782594
2809_pid-MR033420_glioma.png,HIGH,0.5294381022038195,P18,45,56,0.9782608695652174,0.021739130434782594
2809_pid-MR033420_glioma.png,HIGH,0.5294381022038195,P19,12,23,0.9038901601830663,0.09610983981693366
2809_pid-MR033420_glioma.png,HIGH,0.5294381022038195,P19,12,34,0.9169642857142857,0.08303571428571432
2809_pid-MR033420_glioma.png,HIGH,0.5294381022038195,P19,12,45,0.909753231492362,0.09024676850763802
2809_pid-MR033420_glioma.png,HIGH,0.5294381022038195,P19,12,56,0.9687424861745612,0.03125751382543884
2809_pid-MR033420_glioma.png,HIGH,0.5294381022038195,P19,23,34,0.8525149190110827,0.14748508098891733
2809_pid-MR033420_glioma.png,HIGH,0.5294381022038195,P19,23,45,0.9095127610208816,0.09048723897911837
2809_pid-MR033420_glioma.png,HIGH,0.5294381022038195,P19,23,56,0.9319664492078286,0.06803355079217144
2809_pid-MR033420_glioma.png,HIGH,0.5294381022038195,P19,34,45,0.8562691131498471,0.1437308868501529
2809_pid-MR033420_glioma.png,HIGH,0.5294381022038195,P19,34,56,0.9107142857142857,0.0892857142857143
2809_pid-MR033420_glioma.png,HIGH,0.5294381022038195,P19,45,56,0.9382479655337482,0.06175203446625177
2809_pid-MR033420_glioma.png,HIGH,0.5294381022038195,P20,12,23,0.9714285714285714,0.02857142857142858
2809_pid-MR033420_glioma.png,HIGH,0.5294381022038195,P20,12,34,0.9714285714285714,0.02857142857142858
2809_pid-MR033420_glioma.png,HIGH,0.5294381022038195,P20,12,45,0.9347826086956522,0.06521739130434778
2809_pid-MR033420_glioma.png,HIGH,0.5294381022038195,P20,12,56,0.9855072463768116,0.01449275362318836
2809_pid-MR033420_glioma.png,HIGH,0.5294381022038195,P20,23,34,1.0,0.0
2809_pid-MR033420_glioma.png,HIGH,0.5294381022038195,P20,23,45,0.9080745341614906,0.09192546583850936
2809_pid-MR033420_glioma.png,HIGH,0.5294381022038195,P20,23,56,0.9577464788732394,0.04225352112676062
2809_pid-MR033420_glioma.png,HIGH,0.5294381022038195,P20,34,45,0.9080745341614906,0.09192546583850936
2809_pid-MR033420_glioma.png,HIGH,0.5294381022038195,P20,34,56,0.9577464788732394,0.04225352112676062
2809_pid-MR033420_glioma.png,HIGH,0.5294381022038195,P20,45,56,0.9212350346565847,0.07876496534341526
2733_pid-MR029209E_glioma.png,HIGH,0.6234992034411586,P01,12,23,0.9382940108892922,0.06170598911070779
2733_pid-MR029209E_glioma.png,HIGH,0.6234992034411586,P01,12,34,0.9488414774030741,0.05115852259692588
2733_pid-MR029209E_glioma.png,HIGH,0.6234992034411586,P01,12,45,0.9572002837550249,0.04279971624497514
2733_pid-MR029209E_glioma.png,HIGH,0.6234992034411586,P01,12,56,0.947103274559194,0.052896725440806036
2733_pid-MR029209E_glioma.png,HIGH,0.6234992034411586,P01,23,34,0.9666666666666667,0.033333333333333326
2733_pid-MR029209E_glioma.png,HIGH,0.6234992034411586,P01,23,45,0.9387755102040817,0.061224489795918324
2733_pid-MR029209E_glioma.png,HIGH,0.6234992034411586,P01,23,56,0.9299688750555802,0.07003112494441976
2733_pid-MR029209E_glioma.png,HIGH,0.6234992034411586,P01,34,45,0.9087193460490464,0.09128065395095364
2733_pid-MR029209E_glioma.png,HIGH,0.6234992034411586,P01,34,56,0.900066035659256,0.09993396434074397
2733_pid-MR029209E_glioma.png,HIGH,0.6234992034411586,P01,45,56,0.9476851851851852,0.052314814814814814
2733_pid-MR029209E_glioma.png,HIGH,0.6234992034411586,P02,12,23,0.0,1.0
2733_pid-MR029209E_glioma.png,HIGH,0.6234992034411586,P02,12,34,0.0,1.0
2733_pid-MR029209E_glioma.png,HIGH,0.6234992034411586,P02,12,45,0.0,1.0
2733_pid-MR029209E_glioma.png,HIGH,0.6234992034411586,P02,12,56,0.7269565217391304,0.2730434782608696
2733_pid-MR029209E_glioma.png,HIGH,0.6234992034411586,P02,23,34,0.87890625,0.12109375
2733_pid-MR029209E_glioma.png,HIGH,0.6234992034411586,P02,23,45,0.87890625,0.12109375
2733_pid-MR029209E_glioma.png,HIGH,0.6234992034411586,P02,23,56,0.0,1.0
2733_pid-MR029209E_glioma.png,HIGH,0.6234992034411586,P02,34,45,1.0,0.0
2733_pid-MR029209E_glioma.png,HIGH,0.6234992034411586,P02,34,56,0.0,1.0
2733_pid-MR029209E_glioma.png,HIGH,0.6234992034411586,P02,45,56,0.0,1.0
2733_pid-MR029209E_glioma.png,HIGH,0.6234992034411586,P03,12,23,0.9868421052631579,0.013157894736842146
2733_pid-MR029209E_glioma.png,HIGH,0.6234992034411586,P03,12,34,0.9868421052631579,0.013157894736842146
2733_pid-MR029209E_glioma.png,HIGH,0.6234992034411586,P03,12,45,0.9868421052631579,0.013157894736842146
2733_pid-MR029209E_glioma.png,HIGH,0.6234992034411586,P03,12,56,0.9574468085106383,0.04255319148936165
2733_pid-MR029209E_glioma.png,HIGH,0.6234992034411586,P03,23,34,1.0,0.0
2733_pid-MR029209E_glioma.png,HIGH,0.6234992034411586,P03,23,45,1.0,0.0
2733_pid-MR029209E_glioma.png,HIGH,0.6234992034411586,P03,23,56,0.9448488241881299,0.05515117581187012
2733_pid-MR029209E_glioma.png,HIGH,0.6234992034411586,P03,34,45,1.0,0.0
2733_pid-MR029209E_glioma.png,HIGH,0.6234992034411586,P03,34,56,0.9448488241881299,0.05515117581187012
2733_pid-MR029209E_glioma.png,HIGH,0.6234992034411586,P03,45,56,0.9448488241881299,0.05515117581187012
2733_pid-MR029209E_glioma.png,HIGH,0.6234992034411586,P04,12,23,0.9069767441860465,0.09302325581395354
2733_pid-MR029209E_glioma.png,HIGH,0.6234992034411586,P04,12,34,0.8941176470588236,0.10588235294117643
2733_pid-MR029209E_glioma.png,HIGH,0.6234992034411586,P04,12,45,0.9186046511627907,0.08139534883720934
2733_pid-MR029209E_glioma.png,HIGH,0.6234992034411586,P04,12,56,0.8823529411764706,0.11764705882352944
2733_pid-MR029209E_glioma.png,HIGH,0.6234992034411586,P04,23,34,0.9620253164556962,0.03797468354430378
2733_pid-MR029209E_glioma.png,HIGH,0.6234992034411586,P04,23,45,0.9875,0.012499999999999956
2733_pid-MR029209E_glioma.png,HIGH,0.6234992034411586,P04,23,56,0.925,0.07499999999999996
2733_pid-MR029209E_glioma.png,HIGH,0.6234992034411586,P04,34,45,0.95,0.050000000000000044
2733_pid-MR029209E_glioma.png,HIGH,0.6234992034411586,P04,34,56,0.9358974358974359,0.0641025641025641
2733_pid-MR029209E_glioma.png,HIGH,0.6234992034411586,P04,45,56,0.9375,0.0625
2733_pid-MR029209E_glioma.png,HIGH,0.6234992034411586,P05,12,23,0.51025390625,0.48974609375
2733_pid-MR029209E_glioma.png,HIGH,0.6234992034411586,P05,12,34,0.9335759781619655,0.06642402183803453
2733_pid-MR029209E_glioma.png,HIGH,0.6234992034411586,P05,12,45,0.5775607958732498,0.4224392041267502
2733_pid-MR029209E_glioma.png,HIGH,0.6234992034411586,P05,12,56,0.538659793814433,0.46134020618556704
2733_pid-MR029209E_glioma.png,HIGH,0.6234992034411586,P05,23,34,0.52734375,0.47265625
2733_pid-MR029209E_glioma.png,HIGH,0.6234992034411586,P05,23,45,0.8834635416666666,0.11653645833333337
2733_pid-MR029209E_glioma.png,HIGH,0.6234992034411586,P05,23,56,0.9284332688588007,0.07156673114119927
2733_pid-MR029209E_glioma.png,HIGH,0.6234992034411586,P05,34,45,0.5506261180679786,0.44937388193202144
2733_pid-MR029209E_glioma.png,HIGH,0.6234992034411586,P05,34,56,0.5423901940755873,0.4576098059244127
2733_pid-MR029209E_glioma.png,HIGH,0.6234992034411586,P05,45,56,0.9025710419485792,0.09742895805142082
2733_pid-MR029209E_glioma.png,HIGH,0.6234992034411586,P06,12,23,0.9846153846153847,0.01538461538461533
2733_pid-MR029209E_glioma.png,HIGH,0.6234992034411586,P06,12,34,0.8923076923076924,0.10769230769230764
2733_pid-MR029209E_glioma.png,HIGH,0.6234992034411586,P06,12,45,0.8904109589041096,0.1095890410958904
2733_pid-MR029209E_glioma.png,HIGH,0.6234992034411586,P06,12,56,0.9384615384615385,0.06153846153846154
2733_pid-MR029209E_glioma.png,HIGH,0.6234992034411586,P06,23,34,0.90625,0.09375
2733_pid-MR029209E_glioma.png,HIGH,0.6234992034411586,P06,23,45,0.8767123287671232,0.12328767123287676
2733_pid-MR029209E_glioma.png,HIGH,0.6234992034411586,P06,23,56,0.953125,0.046875
2733_pid-MR029209E_glioma.png,HIGH,0.6234992034411586,P06,34,45,0.7945205479452054,0.20547945205479456
2733_pid-MR029209E_glioma.png,HIGH,0.6234992034411586,P06,34,56,0.9508196721311475,0.049180327868852514
2733_pid-MR029209E_glioma.png,HIGH,0.6234992034411586,P06,45,56,0.8356164383561644,0.1643835616438356
2733_pid-MR029209E_glioma.png,HIGH,0.6234992034411586,P07,12,23,0.8384679433805162,0.16153205661948378
2733_pid-MR029209E_glioma.png,HIGH,0.6234992034411586,P07,12,34,0.9444444444444444,0.05555555555555558
2733_pid-MR029209E_glioma.png,HIGH,0.6234992034411586,P07,12,45,0.8633776091081594,0.13662239089184058
2733_pid-MR029209E_glioma.png,HIGH,0.6234992034411586,P07,12,56,0.8983050847457628,0.10169491525423724
2733_pid-MR029209E_glioma.png,HIGH,0.6234992034411586,P07,23,34,0.8227848101265823,0.17721518987341767
2733_pid-MR029209E_glioma.png,HIGH,0.6234992034411586,P07,23,45,0.7950268817204301,0.20497311827956988
2733_pid-MR029209E_glioma.png,HIGH,0.6234992034411586,P07,23,56,0.9324571618699051,0.06754283813009487
2733_pid-MR029209E_glioma.png,HIGH,0.6234992034411586,P07,34,45,0.9130434782608695,0.08695652173913049
2733_pid-MR029209E_glioma.png,HIGH,0.6234992034411586,P07,34,56,0.8813559322033898,0.11864406779661019
2733_pid-MR029209E_glioma.png,HIGH,0.6234992034411586,P07,45,56,0.83545197740113,0.16454802259887003
2733_pid-MR029209E_glioma.png,HIGH,0.6234992034411586,P08,12,23,0.9001956947162426,0.09980430528375739
2733_pid-MR029209E_glioma.png,HIGH,0.6234992034411586,P08,12,34,0.9387755102040817,0.061224489795918324
2733_pid-MR029209E_glioma.png,HIGH,0.6234992034411586,P08,12,45,0.9126984126984127,0.08730158730158732
2733_pid-MR029209E_glioma.png,HIGH,0.6234992034411586,P08,12,56,0.8672798948751642,0.13272010512483579
2733_pid-MR029209E_glioma.png,HIGH,0.6234992034411586,P08,23,34,0.9151785714285714,0.0848214285714286
2733_pid-MR029209E_glioma.png,HIGH,0.6234992034411586,P08,23,45,0.9863013698630136,0.013698630136986356
2733_pid-MR029209E_glioma.png,HIGH,0.6234992034411586,P08,23,56,0.9112954690491385,0.0887045309508615
2733_pid-MR029209E_glioma.png,HIGH,0.6234992034411586,P08,34,45,0.9276018099547512,0.07239819004524883
2733_pid-MR029209E_glioma.png,HIGH,0.6234992034411586,P08,34,56,0.9226229508196722,0.07737704918032784
2733_pid-MR029209E_glioma.png,HIGH,0.6234992034411586,P08,45,56,0.9236739974126779,0.07632600258732214
2733_pid-MR029209E_glioma.png,HIGH,0.6234992034411586,P09,12,23,0.0,1.0
2733_pid-MR029209E_glioma.png,HIGH,0.6234992034411586,P09,12,34,0.0,1.0
2733_pid-MR029209E_glioma.png,HIGH,0.6234992034411586,P09,12,45,0.9659714599341384,0.034028540065861645
2733_pid-MR029209E_glioma.png,HIGH,0.6234992034411586,P09,12,56,0.0,1.0
2733_pid-MR029209E_glioma.png,HIGH,0.6234992034411586,P09,23,34,0.9019292604501608,0.09807073954983925
2733_pid-MR029209E_glioma.png,HIGH,0.6234992034411586,P09,23,45,0.0,1.0
2733_pid-MR029209E_glioma.png,HIGH,0.6234992034411586,P09,23,56,0.9393139841688655,0.06068601583113453
2733_pid-MR029209E_glioma.png,HIGH,0.6234992034411586,P09,34,45,0.0,1.0
2733_pid-MR029209E_glioma.png,HIGH,0.6234992034411586,P09,34,56,0.96,0.040000000000000036
2733_pid-MR029209E_glioma.png,HIGH,0.6234992034411586,P09,45,56,0.0,1.0
2733_pid-MR029209E_glioma.png,HIGH,0.6234992034411586,P10,12,23,0.9252835223482322,0.07471647765176781
2733_pid-MR029209E_glioma.png,HIGH,0.6234992034411586,P10,12,34,0.8724973656480506,0.12750263435194942
2733_pid-MR029209E_glioma.png,HIGH,0.6234992034411586,P10,12,45,1.0,0.0
2733_pid-MR029209E_glioma.png,HIGH,0.6234992034411586,P10,12,56,1.0,0.0
2733_pid-MR029209E_glioma.png,HIGH,0.6234992034411586,P10,23,34,0.8066132264529058,0.19338677354709422
2733_pid-MR029209E_glioma.png,HIGH,0.6234992034411586,P10,23,45,0.9252835223482322,0.07471647765176781
2733_pid-MR029209E_glioma.png,HIGH,0.6234992034411586,P10,23,56,0.9252835223482322,0.07471647765176781
2733_pid-MR029209E_glioma.png,HIGH,0.6234992034411586,P10,34,45,0.8724973656480506,0.12750263435194942
2733_pid-MR029209E_glioma.png,HIGH,0.6234992034411586,P10,34,56,0.8724973656480506,0.12750263435194942
2733_pid-MR029209E_glioma.png,HIGH,0.6234992034411586,P10,45,56,1.0,0.0
2733_pid-MR029209E_glioma.png,HIGH,0.6234992034411586,P11,12,23,0.0,1.0
2733_pid-MR029209E_glioma.png,HIGH,0.6234992034411586,P11,12,34,0.0,1.0
2733_pid-MR029209E_glioma.png,HIGH,0.6234992034411586,P11,12,45,0.0,1.0
2733_pid-MR029209E_glioma.png,HIGH,0.6234992034411586,P11,12,56,0.0,1.0
2733_pid-MR029209E_glioma.png,HIGH,0.6234992034411586,P11,23,34,0.8974358974358975,0.10256410256410253
2733_pid-MR029209E_glioma.png,HIGH,0.6234992034411586,P11,23,45,0.9230769230769231,0.07692307692307687
2733_pid-MR029209E_glioma.png,HIGH,0.6234992034411586,P11,23,56,0.2518996960486322,0.7481003039513678
2733_pid-MR029209E_glioma.png,HIGH,0.6234992034411586,P11,34,45,0.9722222222222222,0.02777777777777779
2733_pid-MR029209E_glioma.png,HIGH,0.6234992034411586,P11,34,56,0.22606382978723405,0.773936170212766
2733_pid-MR029209E_glioma.png,HIGH,0.6234992034411586,P11,45,56,0.23252279635258358,0.7674772036474165
2733_pid-MR029209E_glioma.png,HIGH,0.6234992034411586,P12,12,23,0.9661436829066887,0.03385631709331127
2733_pid-MR029209E_glioma.png,HIGH,0.6234992034411586,P12,12,34,0.9743589743589743,0.02564102564102566
2733_pid-MR029209E_glioma.png,HIGH,0.6234992034411586,P12,12,45,0.934375,0.06562500000000004
2733_pid-MR029209E_glioma.png,HIGH,0.6234992034411586,P12,12,56,0.9873417721518988,0.012658227848101222
2733_pid-MR029209E_glioma.png,HIGH,0.6234992034411586,P12,23,34,0.9418892866978794,0.05811071330212059
2733_pid-MR029209E_glioma.png,HIGH,0.6234992034411586,P12,23,45,0.92578125,0.07421875
2733_pid-MR029209E_glioma.png,HIGH,0.6234992034411586,P12,23,56,0.9782608695652174,0.021739130434782594
2733_pid-MR029209E_glioma.png,HIGH,0.6234992034411586,P12,34,45,0.9104166666666667,0.08958333333333335
2733_pid-MR029209E_glioma.png,HIGH,0.6234992034411586,P12,34,56,0.9620253164556962,0.03797468354430378
2733_pid-MR029209E_glioma.png,HIGH,0.6234992034411586,P12,45,56,0.9463541666666667,0.05364583333333328
2733_pid-MR029209E_glioma.png,HIGH,0.6234992034411586,P13,12,23,0.0,1.0
2733_pid-MR029209E_glioma.png,HIGH,0.6234992034411586,P13,12,34,0.0,1.0
2733_pid-MR029209E_glioma.png,HIGH,0.6234992034411586,P13,12,45,0.9093281148075668,0.09067188519243319
2733_pid-MR029209E_glioma.png,HIGH,0.6234992034411586,P13,12,56,0.0,1.0
2733_pid-MR029209E_glioma.png,HIGH,0.6234992034411586,P13,23,34,0.8523002421307506,0.14769975786924938
2733_pid-MR029209E_glioma.png,HIGH,0.6234992034411586,P13,23,45,0.0,1.0
2733_pid-MR029209E_glioma.png,HIGH,0.6234992034411586,P13,23,56,0.8163265306122449,0.18367346938775508
2733_pid-MR029209E_glioma.png,HIGH,0.6234992034411586,P13,34,45,0.0,1.0
2733_pid-MR029209E_glioma.png,HIGH,0.6234992034411586,P13,34,56,0.8431372549019608,0.1568627450980392
2733_pid-MR029209E_glioma.png,HIGH,0.6234992034411586,P13,45,56,0.0,1.0
2733_pid-MR029209E_glioma.png,HIGH,0.6234992034411586,P14,12,23,0.796812749003984,0.20318725099601598
2733_pid-MR029209E_glioma.png,HIGH,0.6234992034411586,P14,12,34,0.847457627118644,0.15254237288135597
2733_pid-MR029209E_glioma.png,HIGH,0.6234992034411586,P14,12,45,0.8596304193319119,0.14036958066808813
2733_pid-MR029209E_glioma.png,HIGH,0.6234992034411586,P14,12,56,0.7796610169491526,0.22033898305084743
2733_pid-MR029209E_glioma.png,HIGH,0.6234992034411586,P14,23,34,0.9341429238673518,0.06585707613264824
2733_pid-MR029209E_glioma.png,HIGH,0.6234992034411586,P14,23,45,0.7430703624733476,0.25692963752665243
2733_pid-MR029209E_glioma.png,HIGH,0.6234992034411586,P14,23,56,0.8610201216658867,0.1389798783341133
2733_pid-MR029209E_glioma.png,HIGH,0.6234992034411586,P14,34,45,0.728500355366027,0.271499644633973
2733_pid-MR029209E_glioma.png,HIGH,0.6234992034411586,P14,34,56,0.92,0.07999999999999996
2733_pid-MR029209E_glioma.png,HIGH,0.6234992034411586,P14,45,56,0.6702203269367448,0.3297796730632552
2733_pid-MR029209E_glioma.png,HIGH,0.6234992034411586,P15,12,23,0.9059955588452998,0.09400444115470019
2733_pid-MR029209E_glioma.png,HIGH,0.6234992034411586,P15,12,34,0.9706739172654885,0.029326082734511538
2733_pid-MR029209E_glioma.png,HIGH,0.6234992034411586,P15,12,45,0.9148084619782733,0.08519153802172674
2733_pid-MR029209E_glioma.png,HIGH,0.6234992034411586,P15,12,56,0.9515460030165912,0.0484539969834088
2733_pid-MR029209E_glioma.png,HIGH,0.6234992034411586,P15,23,34,0.9158031088082902,0.08419689119170981
2733_pid-MR029209E_glioma.png,HIGH,0.6234992034411586,P15,23,45,0.9518370454978108,0.048162954502189215
2733_pid-MR029209E_glioma.png,HIGH,0.6234992034411586,P15,23,56,0.9524690216386166,0.047530978361383425
2733_pid-MR029209E_glioma.png,HIGH,0.6234992034411586,P15,34,45,0.9423076923076923,0.05769230769230771
2733_pid-MR029209E_glioma.png,HIGH,0.6234992034411586,P15,34,56,0.9615384615384616,0.038461538461538436
2733_pid-MR029209E_glioma.png,HIGH,0.6234992034411586,P15,45,56,0.942684766214178,0.05731523378582204
2733_pid-MR029209E_glioma.png,HIGH,0.6234992034411586,P16,12,23,0.9156398104265403,0.0843601895734597
2733_pid-MR029209E_glioma.png,HIGH,0.6234992034411586,P16,12,34,0.9448476052249637,0.055152394775036306
2733_pid-MR029209E_glioma.png,HIGH,0.6234992034411586,P16,12,45,0.9534342258440046,0.04656577415599539
2733_pid-MR029209E_glioma.png,HIGH,0.6234992034411586,P16,12,56,0.9244019138755981,0.07559808612440189
2733_pid-MR029209E_glioma.png,HIGH,0.6234992034411586,P16,23,34,0.9479166666666666,0.05208333333333337
2733_pid-MR029209E_glioma.png,HIGH,0.6234992034411586,P16,23,45,0.938749194068343,0.06125080593165699
2733_pid-MR029209E_glioma.png,HIGH,0.6234992034411586,P16,23,56,0.9500947567909034,0.04990524320909662
2733_pid-MR029209E_glioma.png,HIGH,0.6234992034411586,P16,34,45,0.9287326668816511,0.07126733311834887
2733_pid-MR029209E_glioma.png,HIGH,0.6234992034411586,P16,34,56,0.90182719108083,0.09817280891917002
2733_pid-MR029209E_glioma.png,HIGH,0.6234992034411586,P16,45,56,0.9479166666666666,0.05208333333333337
2733_pid-MR029209E_glioma.png,HIGH,0.6234992034411586,P17,12,23,0.927400468384075,0.07259953161592503
2733_pid-MR029209E_glioma.png,HIGH,0.6234992034411586,P17,12,34,0.8947368421052632,0.10526315789473684
2733_pid-MR029209E_glioma.png,HIGH,0.6234992034411586,P17,12,45,0.9446327683615819,0.05536723163841806
2733_pid-MR029209E_glioma.png,HIGH,0.6234992034411586,P17,12,56,0.8596491228070176,0.14035087719298245
2733_pid-MR029209E_glioma.png,HIGH,0.6234992034411586,P17,23,34,0.9234567901234568,0.07654320987654317
2733_pid-MR029209E_glioma.png,HIGH,0.6234992034411586,P17,23,45,0.9152542372881356,0.0847457627118644
2733_pid-MR029209E_glioma.png,HIGH,0.6234992034411586,P17,23,56,0.8872427983539095,0.11275720164609049
2733_pid-MR029209E_glioma.png,HIGH,0.6234992034411586,P17,34,45,0.8451977401129943,0.1548022598870057
2733_pid-MR029209E_glioma.png,HIGH,0.6234992034411586,P17,34,56,0.9230769230769231,0.07692307692307687
2733_pid-MR029209E_glioma.png,HIGH,0.6234992034411586,P17,45,56,0.8120527306967985,0.1879472693032015
2733_pid-MR029209E_glioma.png,HIGH,0.6234992034411586,P18,12,23,0.0,1.0
2733_pid-MR029209E_glioma.png,HIGH,0.6234992034411586,P18,12,34,0.9,0.09999999999999998
2733_pid-MR029209E_glioma.png,HIGH,0.6234992034411586,P18,12,45,0.9148936170212766,0.08510638297872342
2733_pid-MR029209E_glioma.png,HIGH,0.6234992034411586,P18,12,56,0.0,1.0
2733_pid-MR029209E_glioma.png,HIGH,0.6234992034411586,P18,23,34,0.0,1.0
2733_pid-MR029209E_glioma.png,HIGH,0.6234992034411586,P18,23,45,0.0,1.0
2733_pid-MR029209E_glioma.png,HIGH,0.6234992034411586,P18,23,56,0.9615384615384616,0.038461538461538436
2733_pid-MR029209E_glioma.png,HIGH,0.6234992034411586,P18,34,45,0.8431372549019608,0.1568627450980392
2733_pid-MR029209E_glioma.png,HIGH,0.6234992034411586,P18,34,56,0.0,1.0
2733_pid-MR029209E_glioma.png,HIGH,0.6234992034411586,P18,45,56,0.0,1.0
2733_pid-MR029209E_glioma.png,HIGH,0.6234992034411586,P19,12,23,1.0,0.0
2733_pid-MR029209E_glioma.png,HIGH,0.6234992034411586,P19,12,34,0.9525171624713958,0.04748283752860416
2733_pid-MR029209E_glioma.png,HIGH,0.6234992034411586,P19,12,45,0.9743589743589743,0.02564102564102566
2733_pid-MR029209E_glioma.png,HIGH,0.6234992034411586,P19,12,56,0.9736842105263158,0.02631578947368418
2733_pid-MR029209E_glioma.png,HIGH,0.6234992034411586,P19,23,34,0.9525171624713958,0.04748283752860416
2733_pid-MR029209E_glioma.png,HIGH,0.6234992034411586,P19,23,45,0.9743589743589743,0.02564102564102566
2733_pid-MR029209E_glioma.png,HIGH,0.6234992034411586,P19,23,56,0.9736842105263158,0.02631578947368418
2733_pid-MR029209E_glioma.png,HIGH,0.6234992034411586,P19,34,45,0.9280936454849499,0.07190635451505012
2733_pid-MR029209E_glioma.png,HIGH,0.6234992034411586,P19,34,56,0.9273039496279336,0.07269605037206639
2733_pid-MR029209E_glioma.png,HIGH,0.6234992034411586,P19,45,56,0.9487179487179487,0.05128205128205132
2733_pid-MR029209E_glioma.png,HIGH,0.6234992034411586,P20,12,23,0.5522388059701493,0.4477611940298507
2733_pid-MR029209E_glioma.png,HIGH,0.6234992034411586,P20,12,34,0.9167446211412535,0.08325537885874645
2733_pid-MR029209E_glioma.png,HIGH,0.6234992034411586,P20,12,45,0.5668912415784408,0.43310875842155916
2733_pid-MR029209E_glioma.png,HIGH,0.6234992034411586,P20,12,56,0.8785529715762274,0.12144702842377264
2733_pid-MR029209E_glioma.png,HIGH,0.6234992034411586,P20,23,34,0.5753158406219631,0.42468415937803694
2733_pid-MR029209E_glioma.png,HIGH,0.6234992034411586,P20,23,45,0.9736842105263158,0.02631578947368418
2733_pid-MR029209E_glioma.png,HIGH,0.6234992034411586,P20,23,56,0.5099052540913006,0.4900947459086994
2733_pid-MR029209E_glioma.png,HIGH,0.6234992034411586,P20,34,45,0.5908649173955296,0.4091350826044704
2733_pid-MR029209E_glioma.png,HIGH,0.6234992034411586,P20,34,56,0.8863049095607235,0.1136950904392765
2733_pid-MR029209E_glioma.png,HIGH,0.6234992034411586,P20,45,56,0.5236864771748493,0.4763135228251507
1166_pid-105936_pituitary.png,HIGH,0.8305204911100221,P01,12,23,0.0,1.0
1166_pid-105936_pituitary.png,HIGH,0.8305204911100221,P01,12,34,0.6834532374100719,0.3165467625899281
1166_pid-105936_pituitary.png,HIGH,0.8305204911100221,P01,12,45,0.7855198693522046,0.21448013064779536
1166_pid-105936_pituitary.png,HIGH,0.8305204911100221,P01,12,56,0.7780320366132724,0.22196796338672764
1166_pid-105936_pituitary.png,HIGH,0.8305204911100221,P01,23,34,0.0,1.0
1166_pid-105936_pituitary.png,HIGH,0.8305204911100221,P01,23,45,0.0,1.0
1166_pid-105936_pituitary.png,HIGH,0.8305204911100221,P01,23,56,0.0,1.0
1166_pid-105936_pituitary.png,HIGH,0.8305204911100221,P01,34,45,0.5863470134091833,0.41365298659081673
1166_pid-105936_pituitary.png,HIGH,0.8305204911100221,P01,34,56,0.6247279059643013,0.3752720940356987
1166_pid-105936_pituitary.png,HIGH,0.8305204911100221,P01,45,56,0.7172884918549658,0.2827115081450342
1166_pid-105936_pituitary.png,HIGH,0.8305204911100221,P02,12,23,0.0,1.0
1166_pid-105936_pituitary.png,HIGH,0.8305204911100221,P02,12,34,0.9655172413793104,0.03448275862068961
1166_pid-105936_pituitary.png,HIGH,0.8305204911100221,P02,12,45,0.0,1.0
1166_pid-105936_pituitary.png,HIGH,0.8305204911100221,P02,12,56,0.0,1.0
1166_pid-105936_pituitary.png,HIGH,0.8305204911100221,P02,23,34,0.0,1.0
1166_pid-105936_pituitary.png,HIGH,0.8305204911100221,P02,23,45,0.0,1.0
1166_pid-105936_pituitary.png,HIGH,0.8305204911100221,P02,23,56,0.9666666666666667,0.033333333333333326
1166_pid-105936_pituitary.png,HIGH,0.8305204911100221,P02,34,45,0.0,1.0
1166_pid-105936_pituitary.png,HIGH,0.8305204911100221,P02,34,56,0.0,1.0
1166_pid-105936_pituitary.png,HIGH,0.8305204911100221,P02,45,56,0.0,1.0
1166_pid-105936_pituitary.png,HIGH,0.8305204911100221,P03,12,23,0.0,1.0
1166_pid-105936_pituitary.png,HIGH,0.8305204911100221,P03,12,34,0.0,1.0
1166_pid-105936_pituitary.png,HIGH,0.8305204911100221,P03,12,45,0.0,1.0
1166_pid-105936_pituitary.png,HIGH,0.8305204911100221,P03,12,56,0.0,1.0
1166_pid-105936_pituitary.png,HIGH,0.8305204911100221,P03,23,34,0.0,1.0
1166_pid-105936_pituitary.png,HIGH,0.8305204911100221,P03,23,45,0.0,1.0
1166_pid-105936_pituitary.png,HIGH,0.8305204911100221,P03,23,56,1.0,0.0
1166_pid-105936_pituitary.png,HIGH,0.8305204911100221,P03,34,45,0.8330308529945554,0.16696914700544463
1166_pid-105936_pituitary.png,HIGH,0.8305204911100221,P03,34,56,0.0,1.0
1166_pid-105936_pituitary.png,HIGH,0.8305204911100221,P03,45,56,0.0,1.0
1166_pid-105936_pituitary.png,HIGH,0.8305204911100221,P04,12,23,0.0,1.0
1166_pid-105936_pituitary.png,HIGH,0.8305204911100221,P04,12,34,0.0,1.0
1166_pid-105936_pituitary.png,HIGH,0.8305204911100221,P04,12,45,0.0,1.0
1166_pid-105936_pituitary.png,HIGH,0.8305204911100221,P04,12,56,0.0,1.0
1166_pid-105936_pituitary.png,HIGH,0.8305204911100221,P04,23,34,0.9666666666666667,0.033333333333333326
1166_pid-105936_pituitary.png,HIGH,0.8305204911100221,P04,23,45,0.9666666666666667,0.033333333333333326
1166_pid-105936_pituitary.png,HIGH,0.8305204911100221,P04,23,56,0.9655172413793104,0.03448275862068961
1166_pid-105936_pituitary.png,HIGH,0.8305204911100221,P04,34,45,1.0,0.0
1166_pid-105936_pituitary.png,HIGH,0.8305204911100221,P04,34,56,0.9333333333333333,0.06666666666666665
1166_pid-105936_pituitary.png,HIGH,0.8305204911100221,P04,45,56,0.9333333333333333,0.06666666666666665
1166_pid-105936_pituitary.png,HIGH,0.8305204911100221,P05,12,23,0.828262339418526,0.171737660581474
1166_pid-105936_pituitary.png,HIGH,0.8305204911100221,P05,12,34,0.8076923076923077,0.1923076923076923
1166_pid-105936_pituitary.png,HIGH,0.8305204911100221,P05,12,45,0.7682926829268293,0.23170731707317072
1166_pid-105936_pituitary.png,HIGH,0.8305204911100221,P05,12,56,0.8076923076923077,0.1923076923076923
1166_pid-105936_pituitary.png,HIGH,0.8305204911100221,P05,23,34,0.9256410256410257,0.07435897435897432
1166_pid-105936_pituitary.png,HIGH,0.8305204911100221,P05,23,45,0.8804878048780488,0.11951219512195121
1166_pid-105936_pituitary.png,HIGH,0.8305204911100221,P05,23,56,0.9256410256410257,0.07435897435897432
1166_pid-105936_pituitary.png,HIGH,0.8305204911100221,P05,34,45,0.9512195121951219,0.04878048780487809
1166_pid-105936_pituitary.png,HIGH,0.8305204911100221,P05,34,56,1.0,0.0
1166_pid-105936_pituitary.png,HIGH,0.8305204911100221,P05,45,56,0.9512195121951219,0.04878048780487809
1166_pid-105936_pituitary.png,HIGH,0.8305204911100221,P06,12,23,0.0,1.0
1166_pid-105936_pituitary.png,HIGH,0.8305204911100221,P06,12,34,0.0,1.0
1166_pid-105936_pituitary.png,HIGH,0.8305204911100221,P06,12,45,0.0,1.0
1166_pid-105936_pituitary.png,HIGH,0.8305204911100221,P06,12,56,0.0,1.0
1166_pid-105936_pituitary.png,HIGH,0.8305204911100221,P06,23,34,0.835423197492163,0.16457680250783702
1166_pid-105936_pituitary.png,HIGH,0.8305204911100221,P06,23,45,0.0,1.0
1166_pid-105936_pituitary.png,HIGH,0.8305204911100221,P06,23,56,0.9400352733686067,0.059964726631393295
1166_pid-105936_pituitary.png,HIGH,0.8305204911100221,P06,34,45,0.0,1.0
1166_pid-105936_pituitary.png,HIGH,0.8305204911100221,P06,34,56,0.8887147335423198,0.11128526645768022
1166_pid-105936_pituitary.png,HIGH,0.8305204911100221,P06,45,56,0.0,1.0
1166_pid-105936_pituitary.png,HIGH,0.8305204911100221,P07,12,23,0.0,1.0
1166_pid-105936_pituitary.png,HIGH,0.8305204911100221,P07,12,34,0.7615780445969125,0.23842195540308753
1166_pid-105936_pituitary.png,HIGH,0.8305204911100221,P07,12,45,0.7257799671592775,0.2742200328407225
1166_pid-105936_pituitary.png,HIGH,0.8305204911100221,P07,12,56,0.7449664429530202,0.25503355704697983
1166_pid-105936_pituitary.png,HIGH,0.8305204911100221,P07,23,34,0.0,1.0
1166_pid-105936_pituitary.png,HIGH,0.8305204911100221,P07,23,45,0.0,1.0
1166_pid-105936_pituitary.png,HIGH,0.8305204911100221,P07,23,56,0.0,1.0
1166_pid-105936_pituitary.png,HIGH,0.8305204911100221,P07,34,45,0.8212357528494301,0.17876424715056993
1166_pid-105936_pituitary.png,HIGH,0.8305204911100221,P07,34,56,0.9743589743589743,0.02564102564102566
1166_pid-105936_pituitary.png,HIGH,0.8305204911100221,P07,45,56,0.8024618991793669,0.19753810082063306
1166_pid-105936_pituitary.png,HIGH,0.8305204911100221,P08,12,23,0.0,1.0
1166_pid-105936_pituitary.png,HIGH,0.8305204911100221,P08,12,34,0.0,1.0
1166_pid-105936_pituitary.png,HIGH,0.8305204911100221,P08,12,45,0.0,1.0
1166_pid-105936_pituitary.png,HIGH,0.8305204911100221,P08,12,56,0.0,1.0
1166_pid-105936_pituitary.png,HIGH,0.8305204911100221,P08,23,34,0.0,1.0
1166_pid-105936_pituitary.png,HIGH,0.8305204911100221,P08,23,45,0.0,1.0
1166_pid-105936_pituitary.png,HIGH,0.8305204911100221,P08,23,56,0.0,1.0
1166_pid-105936_pituitary.png,HIGH,0.8305204911100221,P08,34,45,0.8944444444444445,0.10555555555555551
1166_pid-105936_pituitary.png,HIGH,0.8305204911100221,P08,34,56,1.0,0.0
1166_pid-105936_pituitary.png,HIGH,0.8305204911100221,P08,45,56,0.8944444444444445,0.10555555555555551
1166_pid-105936_pituitary.png,HIGH,0.8305204911100221,P09,12,23,0.8944444444444445,0.10555555555555551
1166_pid-105936_pituitary.png,HIGH,0.8305204911100221,P09,12,34,0.8944444444444445,0.10555555555555551
1166_pid-105936_pituitary.png,HIGH,0.8305204911100221,P09,12,45,0.0,1.0
1166_pid-105936_pituitary.png,HIGH,0.8305204911100221,P09,12,56,0.8944444444444445,0.10555555555555551
1166_pid-105936_pituitary.png,HIGH,0.8305204911100221,P09,23,34,1.0,0.0
1166_pid-105936_pituitary.png,HIGH,0.8305204911100221,P09,23,45,0.0,1.0
1166_pid-105936_pituitary.png,HIGH,0.8305204911100221,P09,23,56,1.0,0.0
1166_pid-105936_pituitary.png,HIGH,0.8305204911100221,P09,34,45,0.0,1.0
1166_pid-105936_pituitary.png,HIGH,0.8305204911100221,P09,34,56,1.0,0.0
1166_pid-105936_pituitary.png,HIGH,0.8305204911100221,P09,45,56,0.0,1.0
1166_pid-105936_pituitary.png,HIGH,0.8305204911100221,P10,12,23,0.0,1.0
1166_pid-105936_pituitary.png,HIGH,0.8305204911100221,P10,12,34,0.0,1.0
1166_pid-105936_pituitary.png,HIGH,0.8305204911100221,P10,12,45,0.0,1.0
1166_pid-105936_pituitary.png,HIGH,0.8305204911100221,P10,12,56,0.0,1.0
1166_pid-105936_pituitary.png,HIGH,0.8305204911100221,P10,23,34,0.8944444444444445,0.10555555555555551
1166_pid-105936_pituitary.png,HIGH,0.8305204911100221,P10,23,45,0.0,1.0
1166_pid-105936_pituitary.png,HIGH,0.8305204911100221,P10,23,56,0.9333333333333333,0.06666666666666665
1166_pid-105936_pituitary.png,HIGH,0.8305204911100221,P10,34,45,0.0,1.0
1166_pid-105936_pituitary.png,HIGH,0.8305204911100221,P10,34,56,0.9583333333333334,0.04166666666666663
1166_pid-105936_pituitary.png,HIGH,0.8305204911100221,P10,45,56,0.0,1.0
1166_pid-105936_pituitary.png,HIGH,0.8305204911100221,P11,12,23,0.7809626825310979,0.2190373174689021
1166_pid-105936_pituitary.png,HIGH,0.8305204911100221,P11,12,34,0.7203893996755003,0.2796106003244997
1166_pid-105936_pituitary.png,HIGH,0.8305204911100221,P11,12,45,0.8837209302325582,0.11627906976744184
1166_pid-105936_pituitary.png,HIGH,0.8305204911100221,P11,12,56,0.7203893996755003,0.2796106003244997
1166_pid-105936_pituitary.png,HIGH,0.8305204911100221,P11,23,34,0.8756756756756757,0.12432432432432428
1166_pid-105936_pituitary.png,HIGH,0.8305204911100221,P11,23,45,0.8837209302325582,0.11627906976744184
1166_pid-105936_pituitary.png,HIGH,0.8305204911100221,P11,23,56,0.8756756756756757,0.12432432432432428
1166_pid-105936_pituitary.png,HIGH,0.8305204911100221,P11,34,45,0.8151774785801713,0.1848225214198287
1166_pid-105936_pituitary.png,HIGH,0.8305204911100221,P11,34,56,1.0,0.0
1166_pid-105936_pituitary.png,HIGH,0.8305204911100221,P11,45,56,0.8151774785801713,0.1848225214198287
1166_pid-105936_pituitary.png,HIGH,0.8305204911100221,P12,12,23,0.0,1.0
1166_pid-105936_pituitary.png,HIGH,0.8305204911100221,P12,12,34,0.0,1.0
1166_pid-105936_pituitary.png,HIGH,0.8305204911100221,P12,12,45,0.0,1.0
1166_pid-105936_pituitary.png,HIGH,0.8305204911100221,P12,12,56,0.0,1.0
1166_pid-105936_pituitary.png,HIGH,0.8305204911100221,P12,23,34,1.0,0.0
1166_pid-105936_pituitary.png,HIGH,0.8305204911100221,P12,23,45,1.0,0.0
1166_pid-105936_pituitary.png,HIGH,0.8305204911100221,P12,23,56,0.9583333333333334,0.04166666666666663
1166_pid-105936_pituitary.png,HIGH,0.8305204911100221,P12,34,45,1.0,0.0
1166_pid-105936_pituitary.png,HIGH,0.8305204911100221,P12,34,56,0.9583333333333334,0.04166666666666663
1166_pid-105936_pituitary.png,HIGH,0.8305204911100221,P12,45,56,0.9583333333333334,0.04166666666666663
1166_pid-105936_pituitary.png,HIGH,0.8305204911100221,P13,12,23,0.0,1.0
1166_pid-105936_pituitary.png,HIGH,0.8305204911100221,P13,12,34,0.888,0.11199999999999999
1166_pid-105936_pituitary.png,HIGH,0.8305204911100221,P13,12,45,0.7942754919499105,0.20572450805008946
1166_pid-105936_pituitary.png,HIGH,0.8305204911100221,P13,12,56,0.8740157480314961,0.12598425196850394
1166_pid-105936_pituitary.png,HIGH,0.8305204911100221,P13,23,34,0.0,1.0
1166_pid-105936_pituitary.png,HIGH,0.8305204911100221,P13,23,45,0.0,1.0
1166_pid-105936_pituitary.png,HIGH,0.8305204911100221,P13,23,56,0.0,1.0
1166_pid-105936_pituitary.png,HIGH,0.8305204911100221,P13,34,45,0.8944543828264758,0.10554561717352418
1166_pid-105936_pituitary.png,HIGH,0.8305204911100221,P13,34,56,0.8543499511241447,0.1456500488758553
1166_pid-105936_pituitary.png,HIGH,0.8305204911100221,P13,45,56,0.8023255813953488,0.19767441860465118
1166_pid-105936_pituitary.png,HIGH,0.8305204911100221,P14,12,23,1.0,0.0
1166_pid-105936_pituitary.png,HIGH,0.8305204911100221,P14,12,34,0.9263888888888889,0.07361111111111107
1166_pid-105936_pituitary.png,HIGH,0.8305204911100221,P14,12,45,0.0,1.0
1166_pid-105936_pituitary.png,HIGH,0.8305204911100221,P14,12,56,0.9583333333333334,0.04166666666666663
1166_pid-105936_pituitary.png,HIGH,0.8305204911100221,P14,23,34,0.9263888888888889,0.07361111111111107
1166_pid-105936_pituitary.png,HIGH,0.8305204911100221,P14,23,45,0.0,1.0
1166_pid-105936_pituitary.png,HIGH,0.8305204911100221,P14,23,56,0.9583333333333334,0.04166666666666663
1166_pid-105936_pituitary.png,HIGH,0.8305204911100221,P14,34,45,0.0,1.0
1166_pid-105936_pituitary.png,HIGH,0.8305204911100221,P14,34,56,0.9666666666666667,0.033333333333333326
1166_pid-105936_pituitary.png,HIGH,0.8305204911100221,P14,45,56,0.0,1.0
1166_pid-105936_pituitary.png,HIGH,0.8305204911100221,P15,12,23,0.9259259259259259,0.07407407407407407
1166_pid-105936_pituitary.png,HIGH,0.8305204911100221,P15,12,34,0.8503401360544217,0.1496598639455783
1166_pid-105936_pituitary.png,HIGH,0.8305204911100221,P15,12,45,0.8210180623973727,0.17898193760262726
1166_pid-105936_pituitary.png,HIGH,0.8305204911100221,P15,12,56,0.8612873980054397,0.13871260199456026
1166_pid-105936_pituitary.png,HIGH,0.8305204911100221,P15,23,34,0.9183673469387755,0.08163265306122447
1166_pid-105936_pituitary.png,HIGH,0.8305204911100221,P15,23,45,0.8866995073891626,0.11330049261083741
1166_pid-105936_pituitary.png,HIGH,0.8305204911100221,P15,23,56,0.926829268292683,0.07317073170731703
1166_pid-105936_pituitary.png,HIGH,0.8305204911100221,P15,34,45,0.9213483146067416,0.0786516853932584
1166_pid-105936_pituitary.png,HIGH,0.8305204911100221,P15,34,56,0.8954081632653061,0.10459183673469385
1166_pid-105936_pituitary.png,HIGH,0.8305204911100221,P15,45,56,0.8645320197044335,0.1354679802955665
1166_pid-105936_pituitary.png,HIGH,0.8305204911100221,P16,12,23,0.0,1.0
1166_pid-105936_pituitary.png,HIGH,0.8305204911100221,P16,12,34,0.0,1.0
1166_pid-105936_pituitary.png,HIGH,0.8305204911100221,P16,12,45,0.0,1.0
1166_pid-105936_pituitary.png,HIGH,0.8305204911100221,P16,12,56,0.0,1.0
1166_pid-105936_pituitary.png,HIGH,0.8305204911100221,P16,23,34,0.0,1.0
1166_pid-105936_pituitary.png,HIGH,0.8305204911100221,P16,23,45,0.0,1.0
1166_pid-105936_pituitary.png,HIGH,0.8305204911100221,P16,23,56,0.0,1.0
1166_pid-105936_pituitary.png,HIGH,0.8305204911100221,P16,34,45,0.5465465465465466,0.45345345345345345
1166_pid-105936_pituitary.png,HIGH,0.8305204911100221,P16,34,56,0.896551724137931,0.10344827586206895
1166_pid-105936_pituitary.png,HIGH,0.8305204911100221,P16,45,56,0.6096096096096096,0.39039039039039036
1166_pid-105936_pituitary.png,HIGH,0.8305204911100221,P17,12,23,0.0,1.0
1166_pid-105936_pituitary.png,HIGH,0.8305204911100221,P17,12,34,0.0,1.0
1166_pid-105936_pituitary.png,HIGH,0.8305204911100221,P17,12,45,0.0,1.0
1166_pid-105936_pituitary.png,HIGH,0.8305204911100221,P17,12,56,0.0,1.0
1166_pid-105936_pituitary.png,HIGH,0.8305204911100221,P17,23,34,0.0,1.0
1166_pid-105936_pituitary.png,HIGH,0.8305204911100221,P17,23,45,0.0,1.0
1166_pid-105936_pituitary.png,HIGH,0.8305204911100221,P17,23,56,0.0,1.0
1166_pid-105936_pituitary.png,HIGH,0.8305204911100221,P17,34,45,0.8823529411764706,0.11764705882352944
1166_pid-105936_pituitary.png,HIGH,0.8305204911100221,P17,34,56,0.0,1.0
1166_pid-105936_pituitary.png,HIGH,0.8305204911100221,P17,45,56,0.0,1.0
1166_pid-105936_pituitary.png,HIGH,0.8305204911100221,P18,12,23,0.892278360343184,0.10772163965681603
1166_pid-105936_pituitary.png,HIGH,0.8305204911100221,P18,12,34,0.9534883720930233,0.046511627906976716
1166_pid-105936_pituitary.png,HIGH,0.8305204911100221,P18,12,45,0.0,1.0
1166_pid-105936_pituitary.png,HIGH,0.8305204911100221,P18,12,56,1.0,0.0
1166_pid-105936_pituitary.png,HIGH,0.8305204911100221,P18,23,34,0.8930232558139535,0.10697674418604652
1166_pid-105936_pituitary.png,HIGH,0.8305204911100221,P18,23,45,0.0,1.0
1166_pid-105936_pituitary.png,HIGH,0.8305204911100221,P18,23,56,0.892278360343184,0.10772163965681603
1166_pid-105936_pituitary.png,HIGH,0.8305204911100221,P18,34,45,0.0,1.0
1166_pid-105936_pituitary.png,HIGH,0.8305204911100221,P18,34,56,0.9534883720930233,0.046511627906976716
1166_pid-105936_pituitary.png,HIGH,0.8305204911100221,P18,45,56,0.0,1.0
1166_pid-105936_pituitary.png,HIGH,0.8305204911100221,P19,12,23,0.0,1.0
1166_pid-105936_pituitary.png,HIGH,0.8305204911100221,P19,12,34,0.0,1.0
1166_pid-105936_pituitary.png,HIGH,0.8305204911100221,P19,12,45,0.0,1.0
1166_pid-105936_pituitary.png,HIGH,0.8305204911100221,P19,12,56,0.0,1.0
1166_pid-105936_pituitary.png,HIGH,0.8305204911100221,P19,23,34,0.9655172413793104,0.03448275862068961
1166_pid-105936_pituitary.png,HIGH,0.8305204911100221,P19,23,45,0.0,1.0
1166_pid-105936_pituitary.png,HIGH,0.8305204911100221,P19,23,56,0.8944444444444445,0.10555555555555551
1166_pid-105936_pituitary.png,HIGH,0.8305204911100221,P19,34,45,0.0,1.0
1166_pid-105936_pituitary.png,HIGH,0.8305204911100221,P19,34,56,0.9263888888888889,0.07361111111111107
1166_pid-105936_pituitary.png,HIGH,0.8305204911100221,P19,45,56,0.0,1.0
1166_pid-105936_pituitary.png,HIGH,0.8305204911100221,P20,12,23,0.0,1.0
1166_pid-105936_pituitary.png,HIGH,0.8305204911100221,P20,12,34,0.0,1.0
1166_pid-105936_pituitary.png,HIGH,0.8305204911100221,P20,12,45,0.0,1.0
1166_pid-105936_pituitary.png,HIGH,0.8305204911100221,P20,12,56,0.0,1.0
1166_pid-105936_pituitary.png,HIGH,0.8305204911100221,P20,23,34,1.0,0.0
1166_pid-105936_pituitary.png,HIGH,0.8305204911100221,P20,23,45,0.0,1.0
1166_pid-105936_pituitary.png,HIGH,0.8305204911100221,P20,23,56,1.0,0.0
1166_pid-105936_pituitary.png,HIGH,0.8305204911100221,P20,34,45,0.0,1.0
1166_pid-105936_pituitary.png,HIGH,0.8305204911100221,P20,34,56,1.0,0.0
1166_pid-105936_pituitary.png,HIGH,0.8305204911100221,P20,45,56,0.0,1.0
